"key","trap_id","zone","zone2","year","week","trap_date","method","spp","trap_status","total"
"FC001|Pipiens|2020|26","FC-001","SW","FC",2020,26,2020-06-24,"L","Pipiens","culex",0
"FC001|Tarsalis|2020|26","FC-001","SW","FC",2020,26,2020-06-24,"L","Tarsalis","culex",7
"FC001|Pipiens|2020|28","FC-001","SW","FC",2020,28,2020-07-08,"L","Pipiens","culex",1
"FC001|Tarsalis|2020|28","FC-001","SW","FC",2020,28,2020-07-08,"L","Tarsalis","culex",1
"FC001|Pipiens|2020|29","FC-001","SW","FC",2020,29,2020-07-15,"L","Pipiens","culex",0
"FC001|Tarsalis|2020|29","FC-001","SW","FC",2020,29,2020-07-15,"L","Tarsalis","culex",2
"FC001|Pipiens|2020|30","FC-001","SW","FC",2020,30,2020-07-22,"L","Pipiens","culex",0
"FC001|Tarsalis|2020|30","FC-001","SW","FC",2020,30,2020-07-22,"L","Tarsalis","culex",4
"FC001|Pipiens|2020|31","FC-001","SW","FC",2020,31,2020-07-29,"L","Pipiens","culex",0
"FC001|Tarsalis|2020|31","FC-001","SW","FC",2020,31,2020-07-29,"L","Tarsalis","culex",9
"FC001|Pipiens|2020|32","FC-001","SW","FC",2020,32,2020-08-05,"L","Pipiens","culex",10
"FC001|Tarsalis|2020|32","FC-001","SW","FC",2020,32,2020-08-05,"L","Tarsalis","culex",0
"FC001|Pipiens|2020|33","FC-001","SW","FC",2020,33,2020-08-12,"L","Pipiens","culex",1
"FC001|Tarsalis|2020|33","FC-001","SW","FC",2020,33,2020-08-12,"L","Tarsalis","culex",2
"FC001|Pipiens|2020|34","FC-001","SW","FC",2020,34,2020-08-19,"L","Pipiens","culex",12
"FC001|Tarsalis|2020|34","FC-001","SW","FC",2020,34,2020-08-19,"L","Tarsalis","culex",4
"FC001|Pipiens|2020|35","FC-001","SW","FC",2020,35,2020-08-26,"L","Pipiens","culex",1
"FC001|Tarsalis|2020|35","FC-001","SW","FC",2020,35,2020-08-26,"L","Tarsalis","culex",0
"FC001|Pipiens|2021|26","FC-001","SW","FC",2021,26,2021-06-30,"L","Pipiens","culex",4
"FC001|Tarsalis|2021|26","FC-001","SW","FC",2021,26,2021-06-30,"L","Tarsalis","culex",8
"FC001|Pipiens|2021|27","FC-001","SW","FC",2021,27,2021-07-07,"L","Pipiens","culex",0
"FC001|Tarsalis|2021|27","FC-001","SW","FC",2021,27,2021-07-07,"L","Tarsalis","culex",1
"FC001|Pipiens|2021|28","FC-001","SW","FC",2021,28,2021-07-14,"L","Pipiens","culex",3
"FC001|Tarsalis|2021|28","FC-001","SW","FC",2021,28,2021-07-14,"L","Tarsalis","culex",24
"FC001|Pipiens|2021|29","FC-001","SW","FC",2021,29,2021-07-21,"L","Pipiens","culex",0
"FC001|Tarsalis|2021|29","FC-001","SW","FC",2021,29,2021-07-21,"L","Tarsalis","culex",1
"FC001|Pipiens|2021|30","FC-001","SW","FC",2021,30,2021-07-28,"L","Pipiens","culex",26
"FC001|Tarsalis|2021|30","FC-001","SW","FC",2021,30,2021-07-28,"L","Tarsalis","culex",105
"FC001|Pipiens|2021|31","FC-001","SW","FC",2021,31,2021-08-04,"L","Pipiens","culex",5
"FC001|Tarsalis|2021|31","FC-001","SW","FC",2021,31,2021-08-04,"L","Tarsalis","culex",7
"FC001|Pipiens|2021|32","FC-001","SW","FC",2021,32,2021-08-11,"L","Pipiens","culex",5
"FC001|Tarsalis|2021|32","FC-001","SW","FC",2021,32,2021-08-11,"L","Tarsalis","culex",10
"FC001|Pipiens|2021|33","FC-001","SW","FC",2021,33,2021-08-18,"L","Pipiens","culex",1
"FC001|Tarsalis|2021|33","FC-001","SW","FC",2021,33,2021-08-18,"L","Tarsalis","culex",6
"FC001|Pipiens|2021|34","FC-001","SW","FC",2021,34,2021-08-25,"L","Pipiens","culex",4
"FC001|Tarsalis|2021|34","FC-001","SW","FC",2021,34,2021-08-25,"L","Tarsalis","culex",4
"FC001|Pipiens|2021|35","FC-001","SW","FC",2021,35,2021-09-01,"L","Pipiens","culex",13
"FC001|Tarsalis|2021|35","FC-001","SW","FC",2021,35,2021-09-01,"L","Tarsalis","culex",4
"FC001|Pipiens|2021|36","FC-001","SW","FC",2021,36,2021-09-08,"L","Pipiens","culex",7
"FC001|Tarsalis|2021|36","FC-001","SW","FC",2021,36,2021-09-08,"L","Tarsalis","culex",1
"FC001|Pipiens|2022|24","FC-001","SW","FC",2022,24,2022-06-15,"L","Pipiens","culex",2
"FC001|Tarsalis|2022|24","FC-001","SW","FC",2022,24,2022-06-15,"L","Tarsalis","culex",3
"FC001|Pipiens|2022|25","FC-001","SW","FC",2022,25,2022-06-22,"L","Pipiens","culex",0
"FC001|Tarsalis|2022|25","FC-001","SW","FC",2022,25,2022-06-22,"L","Tarsalis","culex",1
"FC001|Pipiens|2022|26","FC-001","SW","FC",2022,26,2022-06-29,"L","Pipiens","culex",0
"FC001|Tarsalis|2022|26","FC-001","SW","FC",2022,26,2022-06-29,"L","Tarsalis","culex",6
"FC001|Pipiens|2022|27","FC-001","SW","FC",2022,27,2022-07-06,"L","Pipiens","culex",1
"FC001|Tarsalis|2022|27","FC-001","SW","FC",2022,27,2022-07-06,"L","Tarsalis","culex",16
"FC001|Pipiens|2022|28","FC-001","SW","FC",2022,28,2022-07-13,"L","Pipiens","culex",0
"FC001|Tarsalis|2022|28","FC-001","SW","FC",2022,28,2022-07-13,"L","Tarsalis","culex",34
"FC001|Pipiens|2022|29","FC-001","SW","FC",2022,29,2022-07-20,"L","Pipiens","culex",16
"FC001|Tarsalis|2022|29","FC-001","SW","FC",2022,29,2022-07-20,"L","Tarsalis","culex",56
"FC001|Pipiens|2022|31","FC-001","SW","FC",2022,31,2022-08-03,"L","Pipiens","culex",34
"FC001|Tarsalis|2022|31","FC-001","SW","FC",2022,31,2022-08-03,"L","Tarsalis","culex",43
"FC001|Pipiens|2022|32","FC-001","SW","FC",2022,32,2022-08-10,"L","Pipiens","culex",46
"FC001|Tarsalis|2022|32","FC-001","SW","FC",2022,32,2022-08-10,"L","Tarsalis","culex",73
"FC001|Pipiens|2022|33","FC-001","SW","FC",2022,33,2022-08-17,"L","Pipiens","culex",17
"FC001|Tarsalis|2022|33","FC-001","SW","FC",2022,33,2022-08-17,"L","Tarsalis","culex",12
"FC001|Pipiens|2022|34","FC-001","SW","FC",2022,34,2022-08-24,"L","Pipiens","culex",61
"FC001|Tarsalis|2022|34","FC-001","SW","FC",2022,34,2022-08-24,"L","Tarsalis","culex",41
"FC001|Pipiens|2022|36","FC-001","SW","FC",2022,36,2022-09-07,"L","Pipiens","culex",2
"FC001|Tarsalis|2022|36","FC-001","SW","FC",2022,36,2022-09-07,"L","Tarsalis","culex",2
"FC001|Pipiens|2022|37","FC-001","SW","FC",2022,37,2022-09-12,"L","Pipiens","culex",10
"FC001|Tarsalis|2022|37","FC-001","SW","FC",2022,37,2022-09-12,"L","Tarsalis","culex",2
"FC001|Pipiens|2023|23","FC-001","SW","FC",2023,23,2023-06-07,"L","Pipiens","culex",3
"FC001|Tarsalis|2023|23","FC-001","SW","FC",2023,23,2023-06-07,"L","Tarsalis","culex",5
"FC001|Pipiens|2023|25","FC-001","SW","FC",2023,25,2023-06-21,"L","Pipiens","culex",0
"FC001|Tarsalis|2023|25","FC-001","SW","FC",2023,25,2023-06-21,"L","Tarsalis","culex",6
"FC001|Pipiens|2023|26","FC-001","SW","FC",2023,26,2023-06-28,"L","Pipiens","culex",17
"FC001|Tarsalis|2023|26","FC-001","SW","FC",2023,26,2023-06-28,"L","Tarsalis","culex",149
"FC001|Pipiens|2023|28","FC-001","SW","FC",2023,28,2023-07-12,"L","Pipiens","culex",4
"FC001|Tarsalis|2023|28","FC-001","SW","FC",2023,28,2023-07-12,"L","Tarsalis","culex",283
"FC001|Pipiens|2023|29","FC-001","SW","FC",2023,29,2023-07-19,"L","Pipiens","culex",15
"FC001|Tarsalis|2023|29","FC-001","SW","FC",2023,29,2023-07-19,"L","Tarsalis","culex",221
"FC001|Pipiens|2023|30","FC-001","SW","FC",2023,30,2023-07-25,"L","Pipiens","culex",3
"FC001|Tarsalis|2023|30","FC-001","SW","FC",2023,30,2023-07-25,"L","Tarsalis","culex",120
"FC001|Pipiens|2023|31","FC-001","SW","FC",2023,31,2023-08-02,"L","Pipiens","culex",3
"FC001|Tarsalis|2023|31","FC-001","SW","FC",2023,31,2023-08-02,"L","Tarsalis","culex",32
"FC001|Pipiens|2023|32","FC-001","SW","FC",2023,32,2023-08-07,"L","Pipiens","culex",3
"FC001|Tarsalis|2023|32","FC-001","SW","FC",2023,32,2023-08-07,"L","Tarsalis","culex",8
"FC001|Pipiens|2023|33","FC-001","SW","FC",2023,33,2023-08-16,"L","Pipiens","culex",10
"FC001|Tarsalis|2023|33","FC-001","SW","FC",2023,33,2023-08-16,"L","Tarsalis","culex",18
"FC001|Pipiens|2023|34","FC-001","SW","FC",2023,34,2023-08-23,"L","Pipiens","culex",27
"FC001|Tarsalis|2023|34","FC-001","SW","FC",2023,34,2023-08-23,"L","Tarsalis","culex",39
"FC001|Pipiens|2023|35","FC-001","SW","FC",2023,35,2023-08-30,"L","Pipiens","culex",2
"FC001|Tarsalis|2023|35","FC-001","SW","FC",2023,35,2023-08-30,"L","Tarsalis","culex",10
"FC001|Pipiens|2023|36","FC-001","SW","FC",2023,36,2023-09-05,"L","Pipiens","culex",21
"FC001|Tarsalis|2023|36","FC-001","SW","FC",2023,36,2023-09-05,"L","Tarsalis","culex",2
"FC001|Pipiens|2024|25","FC-001","SW","FC",2024,25,2024-06-20,"L","Pipiens","culex",0
"FC001|Tarsalis|2024|25","FC-001","SW","FC",2024,25,2024-06-20,"L","Tarsalis","culex",3
"FC001|Pipiens|2024|26","FC-001","SW","FC",2024,26,2024-06-27,"L","Pipiens","culex",1
"FC001|Tarsalis|2024|26","FC-001","SW","FC",2024,26,2024-06-27,"L","Tarsalis","culex",3
"FC001|Pipiens|2024|28","FC-001","SW","FC",2024,28,2024-07-11,"L","Pipiens","culex",1
"FC001|Tarsalis|2024|28","FC-001","SW","FC",2024,28,2024-07-11,"L","Tarsalis","culex",9
"FC001|Pipiens|2024|29","FC-001","SW","FC",2024,29,2024-07-18,"L","Pipiens","culex",1
"FC001|Tarsalis|2024|29","FC-001","SW","FC",2024,29,2024-07-18,"L","Tarsalis","culex",2
"FC001|Pipiens|2024|30","FC-001","SW","FC",2024,30,2024-07-25,"L","Pipiens","culex",0
"FC001|Tarsalis|2024|30","FC-001","SW","FC",2024,30,2024-07-25,"L","Tarsalis","culex",4
"FC001|Pipiens|2024|31","FC-001","SW","FC",2024,31,2024-08-01,"L","Pipiens","culex",2
"FC001|Tarsalis|2024|31","FC-001","SW","FC",2024,31,2024-08-01,"L","Tarsalis","culex",9
"FC001|Pipiens|2024|32","FC-001","SW","FC",2024,32,2024-08-08,"L","Pipiens","culex",2
"FC001|Tarsalis|2024|32","FC-001","SW","FC",2024,32,2024-08-08,"L","Tarsalis","culex",7
"FC001|Pipiens|2024|33","FC-001","SW","FC",2024,33,2024-08-15,"L","Pipiens","culex",0
"FC001|Tarsalis|2024|33","FC-001","SW","FC",2024,33,2024-08-15,"L","Tarsalis","culex",8
"FC001|Pipiens|2024|34","FC-001","SW","FC",2024,34,2024-08-22,"L","Pipiens","culex",2
"FC001|Tarsalis|2024|34","FC-001","SW","FC",2024,34,2024-08-22,"L","Tarsalis","culex",13
"FC001|Pipiens|2024|35","FC-001","SW","FC",2024,35,2024-08-29,"L","Pipiens","culex",3
"FC001|Tarsalis|2024|35","FC-001","SW","FC",2024,35,2024-08-29,"L","Tarsalis","culex",7
"FC001|Pipiens|2024|36","FC-001","SW","FC",2024,36,2024-09-05,"L","Pipiens","culex",2
"FC001|Tarsalis|2024|36","FC-001","SW","FC",2024,36,2024-09-05,"L","Tarsalis","culex",0
"FC001|Pipiens|2024|37","FC-001","SW","FC",2024,37,2024-09-12,"L","Pipiens","culex",0
"FC001|Tarsalis|2024|37","FC-001","SW","FC",2024,37,2024-09-12,"L","Tarsalis","culex",2
"FC001|Pipiens|2025|25","FC-001","SW","FC",2025,25,2025-06-19,"L","Pipiens","culex",4
"FC001|Tarsalis|2025|25","FC-001","SW","FC",2025,25,2025-06-19,"L","Tarsalis","culex",5
"FC001|Pipiens|2025|26","FC-001","SW","FC",2025,26,2025-06-26,"L","Pipiens","culex",2
"FC001|Tarsalis|2025|26","FC-001","SW","FC",2025,26,2025-06-26,"L","Tarsalis","culex",8
"FC001|Pipiens|2025|27","FC-001","SW","FC",2025,27,2025-07-03,"L","Pipiens","culex",2
"FC001|Tarsalis|2025|27","FC-001","SW","FC",2025,27,2025-07-03,"L","Tarsalis","culex",5
"FC001|Pipiens|2025|28","FC-001","SW","FC",2025,28,2025-07-10,"L","Pipiens","culex",0
"FC001|Tarsalis|2025|28","FC-001","SW","FC",2025,28,2025-07-10,"L","Tarsalis","culex",10
"FC001|Pipiens|2025|29","FC-001","SW","FC",2025,29,2025-07-17,"L","Pipiens","culex",0
"FC001|Tarsalis|2025|29","FC-001","SW","FC",2025,29,2025-07-17,"L","Tarsalis","culex",23
"FC001|Pipiens|2025|30","FC-001","SW","FC",2025,30,2025-07-24,"L","Pipiens","culex",1
"FC001|Tarsalis|2025|30","FC-001","SW","FC",2025,30,2025-07-24,"L","Tarsalis","culex",11
"FC001|Pipiens|2025|32","FC-001","SW","FC",2025,32,2025-08-07,"L","Pipiens","culex",10
"FC001|Tarsalis|2025|32","FC-001","SW","FC",2025,32,2025-08-07,"L","Tarsalis","culex",13
"FC001|Pipiens|2025|33","FC-001","SW","FC",2025,33,2025-08-14,"L","Pipiens","culex",0
"FC001|Tarsalis|2025|33","FC-001","SW","FC",2025,33,2025-08-14,"L","Tarsalis","culex",3
"FC001|Pipiens|2025|34","FC-001","SW","FC",2025,34,2025-08-21,"L","Pipiens","culex",11
"FC001|Tarsalis|2025|34","FC-001","SW","FC",2025,34,2025-08-21,"L","Tarsalis","culex",11
"FC001|Pipiens|2025|35","FC-001","SW","FC",2025,35,2025-08-28,"L","Pipiens","culex",0
"FC001|Tarsalis|2025|35","FC-001","SW","FC",2025,35,2025-08-28,"L","Tarsalis","culex",3
"FC001|Pipiens|2025|36","FC-001","SW","FC",2025,36,2025-09-04,"L","Pipiens","culex",1
"FC001|Tarsalis|2025|36","FC-001","SW","FC",2025,36,2025-09-04,"L","Tarsalis","culex",14
"FC004|Pipiens|2020|22","FC-004","SE","FC",2020,22,2020-05-27,"L","Pipiens","culex",0
"FC004|Tarsalis|2020|22","FC-004","SE","FC",2020,22,2020-05-27,"L","Tarsalis","culex",2
"FC004|Pipiens|2020|25","FC-004","SE","FC",2020,25,2020-06-15,"L","Pipiens","culex",0
"FC004|Tarsalis|2020|25","FC-004","SE","FC",2020,25,2020-06-15,"L","Tarsalis","culex",4
"FC004|Pipiens|2020|26","FC-004","SE","FC",2020,26,2020-06-22,"L","Pipiens","culex",0
"FC004|Tarsalis|2020|26","FC-004","SE","FC",2020,26,2020-06-22,"L","Tarsalis","culex",2
"FC004|Pipiens|2020|27","FC-004","SE","FC",2020,27,2020-06-29,"L","Pipiens","culex",0
"FC004|Tarsalis|2020|27","FC-004","SE","FC",2020,27,2020-06-29,"L","Tarsalis","culex",12
"FC004|Pipiens|2020|28","FC-004","SE","FC",2020,28,2020-07-06,"L","Pipiens","culex",0
"FC004|Tarsalis|2020|28","FC-004","SE","FC",2020,28,2020-07-06,"L","Tarsalis","culex",7
"FC004|Pipiens|2020|29","FC-004","SE","FC",2020,29,2020-07-13,"L","Pipiens","culex",0
"FC004|Tarsalis|2020|29","FC-004","SE","FC",2020,29,2020-07-13,"L","Tarsalis","culex",3
"FC004|Pipiens|2020|30","FC-004","SE","FC",2020,30,2020-07-20,"L","Pipiens","culex",3
"FC004|Tarsalis|2020|30","FC-004","SE","FC",2020,30,2020-07-20,"L","Tarsalis","culex",18
"FC004|Pipiens|2020|31","FC-004","SE","FC",2020,31,2020-07-27,"L","Pipiens","culex",4
"FC004|Tarsalis|2020|31","FC-004","SE","FC",2020,31,2020-07-27,"L","Tarsalis","culex",25
"FC004|Pipiens|2020|32","FC-004","SE","FC",2020,32,2020-08-03,"L","Pipiens","culex",18
"FC004|Tarsalis|2020|32","FC-004","SE","FC",2020,32,2020-08-03,"L","Tarsalis","culex",27
"FC004|Pipiens|2020|33","FC-004","SE","FC",2020,33,2020-08-10,"L","Pipiens","culex",50
"FC004|Tarsalis|2020|33","FC-004","SE","FC",2020,33,2020-08-10,"L","Tarsalis","culex",46
"FC004|Pipiens|2020|34","FC-004","SE","FC",2020,34,2020-08-17,"L","Pipiens","culex",41
"FC004|Tarsalis|2020|34","FC-004","SE","FC",2020,34,2020-08-17,"L","Tarsalis","culex",43
"FC004|Pipiens|2020|35","FC-004","SE","FC",2020,35,2020-08-24,"L","Pipiens","culex",16
"FC004|Tarsalis|2020|35","FC-004","SE","FC",2020,35,2020-08-24,"L","Tarsalis","culex",24
"FC004|Pipiens|2020|36","FC-004","SE","FC",2020,36,2020-08-31,"L","Pipiens","culex",1
"FC004|Tarsalis|2020|36","FC-004","SE","FC",2020,36,2020-08-31,"L","Tarsalis","culex",0
"FC004|Pipiens|2021|26","FC-004","SE","FC",2021,26,2021-06-28,"L","Pipiens","culex",0
"FC004|Tarsalis|2021|26","FC-004","SE","FC",2021,26,2021-06-28,"L","Tarsalis","culex",13
"FC004|Pipiens|2021|27","FC-004","SE","FC",2021,27,2021-07-05,"L","Pipiens","culex",1
"FC004|Tarsalis|2021|27","FC-004","SE","FC",2021,27,2021-07-05,"L","Tarsalis","culex",4
"FC004|Pipiens|2021|28","FC-004","SE","FC",2021,28,2021-07-12,"L","Pipiens","culex",23
"FC004|Tarsalis|2021|28","FC-004","SE","FC",2021,28,2021-07-12,"L","Tarsalis","culex",161
"FC004|Pipiens|2021|29","FC-004","SE","FC",2021,29,2021-07-19,"L","Pipiens","culex",1
"FC004|Tarsalis|2021|29","FC-004","SE","FC",2021,29,2021-07-19,"L","Tarsalis","culex",56
"FC004|Pipiens|2021|30","FC-004","SE","FC",2021,30,2021-07-26,"L","Pipiens","culex",26
"FC004|Tarsalis|2021|30","FC-004","SE","FC",2021,30,2021-07-26,"L","Tarsalis","culex",147
"FC004|Pipiens|2021|31","FC-004","SE","FC",2021,31,2021-08-02,"L","Pipiens","culex",22
"FC004|Tarsalis|2021|31","FC-004","SE","FC",2021,31,2021-08-02,"L","Tarsalis","culex",66
"FC004|Pipiens|2021|32","FC-004","SE","FC",2021,32,2021-08-09,"L","Pipiens","culex",10
"FC004|Tarsalis|2021|32","FC-004","SE","FC",2021,32,2021-08-09,"L","Tarsalis","culex",34
"FC004|Pipiens|2021|33","FC-004","SE","FC",2021,33,2021-08-16,"L","Pipiens","culex",1
"FC004|Tarsalis|2021|33","FC-004","SE","FC",2021,33,2021-08-16,"L","Tarsalis","culex",0
"FC004|Pipiens|2021|34","FC-004","SE","FC",2021,34,2021-08-29,"L","Pipiens","culex",26
"FC004|Tarsalis|2021|34","FC-004","SE","FC",2021,34,2021-08-29,"L","Tarsalis","culex",3
"FC004|Pipiens|2021|36","FC-004","SE","FC",2021,36,2021-09-06,"L","Pipiens","culex",14
"FC004|Tarsalis|2021|36","FC-004","SE","FC",2021,36,2021-09-06,"L","Tarsalis","culex",0
"FC004|Pipiens|2022|23","FC-004","SE","FC",2022,23,2022-06-06,"L","Pipiens","culex",0
"FC004|Tarsalis|2022|23","FC-004","SE","FC",2022,23,2022-06-06,"L","Tarsalis","culex",7
"FC004|Pipiens|2022|24","FC-004","SE","FC",2022,24,2022-06-13,"L","Pipiens","culex",0
"FC004|Tarsalis|2022|24","FC-004","SE","FC",2022,24,2022-06-13,"L","Tarsalis","culex",14
"FC004|Pipiens|2022|25","FC-004","SE","FC",2022,25,2022-06-20,"L","Pipiens","culex",2
"FC004|Tarsalis|2022|25","FC-004","SE","FC",2022,25,2022-06-20,"L","Tarsalis","culex",7
"FC004|Pipiens|2022|26","FC-004","SE","FC",2022,26,2022-06-27,"L","Pipiens","culex",1
"FC004|Tarsalis|2022|26","FC-004","SE","FC",2022,26,2022-06-27,"L","Tarsalis","culex",22
"FC004|Pipiens|2022|27","FC-004","SE","FC",2022,27,2022-07-05,"L","Pipiens","culex",3
"FC004|Tarsalis|2022|27","FC-004","SE","FC",2022,27,2022-07-05,"L","Tarsalis","culex",76
"FC004|Pipiens|2022|28","FC-004","SE","FC",2022,28,2022-07-11,"L","Pipiens","culex",4
"FC004|Tarsalis|2022|28","FC-004","SE","FC",2022,28,2022-07-11,"L","Tarsalis","culex",123
"FC004|Pipiens|2022|29","FC-004","SE","FC",2022,29,2022-07-18,"L","Pipiens","culex",5
"FC004|Tarsalis|2022|29","FC-004","SE","FC",2022,29,2022-07-18,"L","Tarsalis","culex",121
"FC004|Pipiens|2022|30","FC-004","SE","FC",2022,30,2022-07-25,"L","Pipiens","culex",41
"FC004|Tarsalis|2022|30","FC-004","SE","FC",2022,30,2022-07-25,"L","Tarsalis","culex",95
"FC004|Pipiens|2022|31","FC-004","SE","FC",2022,31,2022-08-01,"L","Pipiens","culex",50
"FC004|Tarsalis|2022|31","FC-004","SE","FC",2022,31,2022-08-01,"L","Tarsalis","culex",22
"FC004|Pipiens|2022|32","FC-004","SE","FC",2022,32,2022-08-08,"L","Pipiens","culex",78
"FC004|Tarsalis|2022|32","FC-004","SE","FC",2022,32,2022-08-08,"L","Tarsalis","culex",72
"FC004|Pipiens|2022|33","FC-004","SE","FC",2022,33,2022-08-15,"L","Pipiens","culex",23
"FC004|Tarsalis|2022|33","FC-004","SE","FC",2022,33,2022-08-15,"L","Tarsalis","culex",20
"FC004|Pipiens|2022|34","FC-004","SE","FC",2022,34,2022-08-22,"L","Pipiens","culex",71
"FC004|Tarsalis|2022|34","FC-004","SE","FC",2022,34,2022-08-22,"L","Tarsalis","culex",69
"FC004|Pipiens|2022|35","FC-004","SE","FC",2022,35,2022-08-30,"L","Pipiens","culex",62
"FC004|Tarsalis|2022|35","FC-004","SE","FC",2022,35,2022-08-30,"L","Tarsalis","culex",20
"FC004|Pipiens|2022|36","FC-004","SE","FC",2022,36,2022-09-07,"L","Pipiens","culex",88
"FC004|Tarsalis|2022|36","FC-004","SE","FC",2022,36,2022-09-07,"L","Tarsalis","culex",2
"FC004|Pipiens|2022|37","FC-004","SE","FC",2022,37,2022-09-12,"L","Pipiens","culex",90
"FC004|Tarsalis|2022|37","FC-004","SE","FC",2022,37,2022-09-12,"L","Tarsalis","culex",4
"FC004|Pipiens|2023|23","FC-004","SE","FC",2023,23,2023-06-05,"L","Pipiens","culex",0
"FC004|Tarsalis|2023|23","FC-004","SE","FC",2023,23,2023-06-05,"L","Tarsalis","culex",6
"FC004|Pipiens|2023|24","FC-004","SE","FC",2023,24,2023-06-12,"L","Pipiens","culex",4
"FC004|Tarsalis|2023|24","FC-004","SE","FC",2023,24,2023-06-12,"L","Tarsalis","culex",0
"FC004|Pipiens|2023|25","FC-004","SE","FC",2023,25,2023-06-19,"L","Pipiens","culex",2
"FC004|Tarsalis|2023|25","FC-004","SE","FC",2023,25,2023-06-19,"L","Tarsalis","culex",23
"FC004|Pipiens|2023|26","FC-004","SE","FC",2023,26,2023-06-26,"L","Pipiens","culex",3
"FC004|Tarsalis|2023|26","FC-004","SE","FC",2023,26,2023-06-26,"L","Tarsalis","culex",212
"FC004|Pipiens|2023|27","FC-004","SE","FC",2023,27,2023-07-03,"L","Pipiens","culex",0
"FC004|Tarsalis|2023|27","FC-004","SE","FC",2023,27,2023-07-03,"L","Tarsalis","culex",309
"FC004|Pipiens|2023|28","FC-004","SE","FC",2023,28,2023-07-10,"L","Pipiens","culex",19
"FC004|Tarsalis|2023|28","FC-004","SE","FC",2023,28,2023-07-10,"L","Tarsalis","culex",393
"FC004|Pipiens|2023|29","FC-004","SE","FC",2023,29,2023-07-17,"L","Pipiens","culex",0
"FC004|Tarsalis|2023|29","FC-004","SE","FC",2023,29,2023-07-17,"L","Tarsalis","culex",490
"FC004|Pipiens|2023|30","FC-004","SE","FC",2023,30,2023-07-30,"L","Pipiens","culex",24
"FC004|Tarsalis|2023|30","FC-004","SE","FC",2023,30,2023-07-30,"L","Tarsalis","culex",271
"FC004|Pipiens|2023|32","FC-004","SE","FC",2023,32,2023-08-08,"L","Pipiens","culex",8
"FC004|Tarsalis|2023|32","FC-004","SE","FC",2023,32,2023-08-08,"L","Tarsalis","culex",47
"FC004|Pipiens|2023|33","FC-004","SE","FC",2023,33,2023-08-20,"L","Pipiens","culex",8
"FC004|Tarsalis|2023|33","FC-004","SE","FC",2023,33,2023-08-20,"L","Tarsalis","culex",69
"FC004|Pipiens|2023|35","FC-004","SE","FC",2023,35,2023-08-28,"L","Pipiens","culex",4
"FC004|Tarsalis|2023|35","FC-004","SE","FC",2023,35,2023-08-28,"L","Tarsalis","culex",6
"FC004|Pipiens|2023|36","FC-004","SE","FC",2023,36,2023-09-05,"L","Pipiens","culex",7
"FC004|Tarsalis|2023|36","FC-004","SE","FC",2023,36,2023-09-05,"L","Tarsalis","culex",2
"FC004|Pipiens|2023|37","FC-004","SE","FC",2023,37,2023-09-12,"L","Pipiens","culex",16
"FC004|Tarsalis|2023|37","FC-004","SE","FC",2023,37,2023-09-12,"L","Tarsalis","culex",1
"FC004|Pipiens|2024|23","FC-004","SE","FC",2024,23,2024-06-03,"L","Pipiens","culex",0
"FC004|Tarsalis|2024|23","FC-004","SE","FC",2024,23,2024-06-03,"L","Tarsalis","culex",1
"FC004|Pipiens|2024|24","FC-004","SE","FC",2024,24,2024-06-10,"L","Pipiens","culex",0
"FC004|Tarsalis|2024|24","FC-004","SE","FC",2024,24,2024-06-10,"L","Tarsalis","culex",2
"FC004|Pipiens|2024|25","FC-004","SE","FC",2024,25,2024-06-18,"L","Pipiens","culex",0
"FC004|Tarsalis|2024|25","FC-004","SE","FC",2024,25,2024-06-18,"L","Tarsalis","culex",7
"FC004|Pipiens|2024|26","FC-004","SE","FC",2024,26,2024-06-25,"L","Pipiens","culex",8
"FC004|Tarsalis|2024|26","FC-004","SE","FC",2024,26,2024-06-25,"L","Tarsalis","culex",41
"FC004|Pipiens|2024|27","FC-004","SE","FC",2024,27,2024-07-02,"L","Pipiens","culex",3
"FC004|Tarsalis|2024|27","FC-004","SE","FC",2024,27,2024-07-02,"L","Tarsalis","culex",14
"FC004|Pipiens|2024|28","FC-004","SE","FC",2024,28,2024-07-09,"L","Pipiens","culex",11
"FC004|Tarsalis|2024|28","FC-004","SE","FC",2024,28,2024-07-09,"L","Tarsalis","culex",33
"FC004|Pipiens|2024|29","FC-004","SE","FC",2024,29,2024-07-16,"L","Pipiens","culex",17
"FC004|Tarsalis|2024|29","FC-004","SE","FC",2024,29,2024-07-16,"L","Tarsalis","culex",35
"FC004|Pipiens|2024|30","FC-004","SE","FC",2024,30,2024-07-23,"L","Pipiens","culex",33
"FC004|Tarsalis|2024|30","FC-004","SE","FC",2024,30,2024-07-23,"L","Tarsalis","culex",44
"FC004|Pipiens|2024|31","FC-004","SE","FC",2024,31,2024-07-30,"L","Pipiens","culex",13
"FC004|Tarsalis|2024|31","FC-004","SE","FC",2024,31,2024-07-30,"L","Tarsalis","culex",43
"FC004|Pipiens|2024|32","FC-004","SE","FC",2024,32,2024-08-06,"L","Pipiens","culex",11
"FC004|Tarsalis|2024|32","FC-004","SE","FC",2024,32,2024-08-06,"L","Tarsalis","culex",6
"FC004|Pipiens|2024|33","FC-004","SE","FC",2024,33,2024-08-13,"L","Pipiens","culex",8
"FC004|Tarsalis|2024|33","FC-004","SE","FC",2024,33,2024-08-13,"L","Tarsalis","culex",18
"FC004|Pipiens|2024|34","FC-004","SE","FC",2024,34,2024-08-20,"L","Pipiens","culex",19
"FC004|Tarsalis|2024|34","FC-004","SE","FC",2024,34,2024-08-20,"L","Tarsalis","culex",10
"FC004|Pipiens|2024|35","FC-004","SE","FC",2024,35,2024-08-27,"L","Pipiens","culex",26
"FC004|Tarsalis|2024|35","FC-004","SE","FC",2024,35,2024-08-27,"L","Tarsalis","culex",8
"FC004|Pipiens|2024|36","FC-004","SE","FC",2024,36,2024-09-05,"L","Pipiens","culex",6
"FC004|Tarsalis|2024|36","FC-004","SE","FC",2024,36,2024-09-05,"L","Tarsalis","culex",3
"FC004|Pipiens|2024|37","FC-004","SE","FC",2024,37,2024-09-10,"L","Pipiens","culex",1
"FC004|Tarsalis|2024|37","FC-004","SE","FC",2024,37,2024-09-10,"L","Tarsalis","culex",4
"FC004|Pipiens|2025|25","FC-004","SE","FC",2025,25,2025-06-17,"L","Pipiens","culex",0
"FC004|Tarsalis|2025|25","FC-004","SE","FC",2025,25,2025-06-17,"L","Tarsalis","culex",35
"FC004|Pipiens|2025|26","FC-004","SE","FC",2025,26,2025-06-24,"L","Pipiens","culex",2
"FC004|Tarsalis|2025|26","FC-004","SE","FC",2025,26,2025-06-24,"L","Tarsalis","culex",6
"FC004|Pipiens|2025|27","FC-004","SE","FC",2025,27,2025-07-01,"L","Pipiens","culex",6
"FC004|Tarsalis|2025|27","FC-004","SE","FC",2025,27,2025-07-01,"L","Tarsalis","culex",70
"FC004|Pipiens|2025|28","FC-004","SE","FC",2025,28,2025-07-08,"L","Pipiens","culex",3
"FC004|Tarsalis|2025|28","FC-004","SE","FC",2025,28,2025-07-08,"L","Tarsalis","culex",55
"FC004|Pipiens|2025|29","FC-004","SE","FC",2025,29,2025-07-15,"L","Pipiens","culex",20
"FC004|Tarsalis|2025|29","FC-004","SE","FC",2025,29,2025-07-15,"L","Tarsalis","culex",65
"FC004|Pipiens|2025|30","FC-004","SE","FC",2025,30,2025-07-22,"L","Pipiens","culex",5
"FC004|Tarsalis|2025|30","FC-004","SE","FC",2025,30,2025-07-22,"L","Tarsalis","culex",28
"FC004|Pipiens|2025|31","FC-004","SE","FC",2025,31,2025-07-29,"L","Pipiens","culex",6
"FC004|Tarsalis|2025|31","FC-004","SE","FC",2025,31,2025-07-29,"L","Tarsalis","culex",16
"FC004|Pipiens|2025|32","FC-004","SE","FC",2025,32,2025-08-05,"L","Pipiens","culex",11
"FC004|Tarsalis|2025|32","FC-004","SE","FC",2025,32,2025-08-05,"L","Tarsalis","culex",35
"FC004|Pipiens|2025|33","FC-004","SE","FC",2025,33,2025-08-12,"L","Pipiens","culex",15
"FC004|Tarsalis|2025|33","FC-004","SE","FC",2025,33,2025-08-12,"L","Tarsalis","culex",17
"FC004|Pipiens|2025|34","FC-004","SE","FC",2025,34,2025-08-19,"L","Pipiens","culex",9
"FC004|Tarsalis|2025|34","FC-004","SE","FC",2025,34,2025-08-19,"L","Tarsalis","culex",29
"FC004|Pipiens|2025|35","FC-004","SE","FC",2025,35,2025-08-26,"L","Pipiens","culex",3
"FC004|Tarsalis|2025|35","FC-004","SE","FC",2025,35,2025-08-26,"L","Tarsalis","culex",5
"FC004|Pipiens|2025|36","FC-004","SE","FC",2025,36,2025-09-04,"L","Pipiens","culex",5
"FC004|Tarsalis|2025|36","FC-004","SE","FC",2025,36,2025-09-04,"L","Tarsalis","culex",20
"FC006|Pipiens|2020|22","FC-006","NE","FC",2020,22,2020-05-31,"L","Pipiens","culex",0
"FC006|Tarsalis|2020|22","FC-006","NE","FC",2020,22,2020-05-31,"L","Tarsalis","culex",1
"FC006|Pipiens|2020|24","FC-006","NE","FC",2020,24,2020-06-14,"L","Pipiens","culex",0
"FC006|Tarsalis|2020|24","FC-006","NE","FC",2020,24,2020-06-14,"L","Tarsalis","culex",1
"FC006|Pipiens|2020|25","FC-006","NE","FC",2020,25,2020-06-21,"L","Pipiens","culex",0
"FC006|Tarsalis|2020|25","FC-006","NE","FC",2020,25,2020-06-21,"L","Tarsalis","culex",1
"FC006|Pipiens|2020|26","FC-006","NE","FC",2020,26,2020-06-28,"L","Pipiens","culex",3
"FC006|Tarsalis|2020|26","FC-006","NE","FC",2020,26,2020-06-28,"L","Tarsalis","culex",2
"FC006|Pipiens|2020|27","FC-006","NE","FC",2020,27,2020-07-05,"L","Pipiens","culex",10
"FC006|Tarsalis|2020|27","FC-006","NE","FC",2020,27,2020-07-05,"L","Tarsalis","culex",8
"FC006|Pipiens|2020|28","FC-006","NE","FC",2020,28,2020-07-12,"L","Pipiens","culex",0
"FC006|Tarsalis|2020|28","FC-006","NE","FC",2020,28,2020-07-12,"L","Tarsalis","culex",11
"FC006|Pipiens|2020|29","FC-006","NE","FC",2020,29,2020-07-19,"L","Pipiens","culex",5
"FC006|Tarsalis|2020|29","FC-006","NE","FC",2020,29,2020-07-19,"L","Tarsalis","culex",27
"FC006|Pipiens|2020|30","FC-006","NE","FC",2020,30,2020-07-26,"L","Pipiens","culex",21
"FC006|Tarsalis|2020|30","FC-006","NE","FC",2020,30,2020-07-26,"L","Tarsalis","culex",18
"FC006|Pipiens|2020|31","FC-006","NE","FC",2020,31,2020-08-02,"L","Pipiens","culex",25
"FC006|Tarsalis|2020|31","FC-006","NE","FC",2020,31,2020-08-02,"L","Tarsalis","culex",27
"FC006|Pipiens|2020|32","FC-006","NE","FC",2020,32,2020-08-09,"L","Pipiens","culex",9
"FC006|Tarsalis|2020|32","FC-006","NE","FC",2020,32,2020-08-09,"L","Tarsalis","culex",16
"FC006|Pipiens|2020|33","FC-006","NE","FC",2020,33,2020-08-16,"L","Pipiens","culex",50
"FC006|Tarsalis|2020|33","FC-006","NE","FC",2020,33,2020-08-16,"L","Tarsalis","culex",22
"FC006|Pipiens|2020|34","FC-006","NE","FC",2020,34,2020-08-23,"L","Pipiens","culex",29
"FC006|Tarsalis|2020|34","FC-006","NE","FC",2020,34,2020-08-23,"L","Tarsalis","culex",7
"FC006|Pipiens|2020|35","FC-006","NE","FC",2020,35,2020-08-30,"L","Pipiens","culex",2
"FC006|Tarsalis|2020|35","FC-006","NE","FC",2020,35,2020-08-30,"L","Tarsalis","culex",0
"FC006|Pipiens|2021|24","FC-006","NE","FC",2021,24,2021-06-20,"L","Pipiens","culex",9
"FC006|Tarsalis|2021|24","FC-006","NE","FC",2021,24,2021-06-20,"L","Tarsalis","culex",5
"FC006|Pipiens|2021|25","FC-006","NE","FC",2021,25,2021-06-27,"L","Pipiens","culex",5
"FC006|Tarsalis|2021|25","FC-006","NE","FC",2021,25,2021-06-27,"L","Tarsalis","culex",26
"FC006|Pipiens|2021|26","FC-006","NE","FC",2021,26,2021-07-04,"L","Pipiens","culex",4
"FC006|Tarsalis|2021|26","FC-006","NE","FC",2021,26,2021-07-04,"L","Tarsalis","culex",38
"FC006|Pipiens|2021|27","FC-006","NE","FC",2021,27,2021-07-11,"L","Pipiens","culex",2
"FC006|Tarsalis|2021|27","FC-006","NE","FC",2021,27,2021-07-11,"L","Tarsalis","culex",40
"FC006|Pipiens|2021|28","FC-006","NE","FC",2021,28,2021-07-18,"L","Pipiens","culex",3
"FC006|Tarsalis|2021|28","FC-006","NE","FC",2021,28,2021-07-18,"L","Tarsalis","culex",32
"FC006|Pipiens|2021|30","FC-006","NE","FC",2021,30,2021-07-26,"L","Pipiens","culex",10
"FC006|Tarsalis|2021|30","FC-006","NE","FC",2021,30,2021-07-26,"L","Tarsalis","culex",62
"FC006|Pipiens|2021|31","FC-006","NE","FC",2021,31,2021-08-08,"L","Pipiens","culex",27
"FC006|Tarsalis|2021|31","FC-006","NE","FC",2021,31,2021-08-08,"L","Tarsalis","culex",15
"FC006|Pipiens|2021|32","FC-006","NE","FC",2021,32,2021-08-15,"L","Pipiens","culex",15
"FC006|Tarsalis|2021|32","FC-006","NE","FC",2021,32,2021-08-15,"L","Tarsalis","culex",19
"FC006|Pipiens|2021|33","FC-006","NE","FC",2021,33,2021-08-22,"L","Pipiens","culex",21
"FC006|Tarsalis|2021|33","FC-006","NE","FC",2021,33,2021-08-22,"L","Tarsalis","culex",4
"FC006|Pipiens|2022|22","FC-006","NE","FC",2022,22,2022-06-05,"L","Pipiens","culex",0
"FC006|Tarsalis|2022|22","FC-006","NE","FC",2022,22,2022-06-05,"L","Tarsalis","culex",1
"FC006|Pipiens|2022|23","FC-006","NE","FC",2022,23,2022-06-12,"L","Pipiens","culex",0
"FC006|Tarsalis|2022|23","FC-006","NE","FC",2022,23,2022-06-12,"L","Tarsalis","culex",3
"FC006|Pipiens|2022|25","FC-006","NE","FC",2022,25,2022-06-26,"L","Pipiens","culex",1
"FC006|Tarsalis|2022|25","FC-006","NE","FC",2022,25,2022-06-26,"L","Tarsalis","culex",2
"FC006|Pipiens|2022|26","FC-006","NE","FC",2022,26,2022-07-03,"L","Pipiens","culex",0
"FC006|Tarsalis|2022|26","FC-006","NE","FC",2022,26,2022-07-03,"L","Tarsalis","culex",19
"FC006|Pipiens|2022|27","FC-006","NE","FC",2022,27,2022-07-10,"L","Pipiens","culex",5
"FC006|Tarsalis|2022|27","FC-006","NE","FC",2022,27,2022-07-10,"L","Tarsalis","culex",40
"FC006|Pipiens|2022|28","FC-006","NE","FC",2022,28,2022-07-17,"L","Pipiens","culex",0
"FC006|Tarsalis|2022|28","FC-006","NE","FC",2022,28,2022-07-17,"L","Tarsalis","culex",57
"FC006|Pipiens|2022|29","FC-006","NE","FC",2022,29,2022-07-24,"L","Pipiens","culex",0
"FC006|Tarsalis|2022|29","FC-006","NE","FC",2022,29,2022-07-24,"L","Tarsalis","culex",8
"FC006|Pipiens|2022|30","FC-006","NE","FC",2022,30,2022-07-31,"L","Pipiens","culex",12
"FC006|Tarsalis|2022|30","FC-006","NE","FC",2022,30,2022-07-31,"L","Tarsalis","culex",45
"FC006|Pipiens|2022|31","FC-006","NE","FC",2022,31,2022-08-07,"L","Pipiens","culex",5
"FC006|Tarsalis|2022|31","FC-006","NE","FC",2022,31,2022-08-07,"L","Tarsalis","culex",21
"FC006|Pipiens|2022|32","FC-006","NE","FC",2022,32,2022-08-14,"L","Pipiens","culex",6
"FC006|Tarsalis|2022|32","FC-006","NE","FC",2022,32,2022-08-14,"L","Tarsalis","culex",29
"FC006|Pipiens|2022|33","FC-006","NE","FC",2022,33,2022-08-21,"L","Pipiens","culex",8
"FC006|Tarsalis|2022|33","FC-006","NE","FC",2022,33,2022-08-21,"L","Tarsalis","culex",28
"FC006|Pipiens|2022|35","FC-006","NE","FC",2022,35,2022-08-29,"L","Pipiens","culex",3
"FC006|Tarsalis|2022|35","FC-006","NE","FC",2022,35,2022-08-29,"L","Tarsalis","culex",5
"FC006|Pipiens|2022|36","FC-006","NE","FC",2022,36,2022-09-06,"L","Pipiens","culex",6
"FC006|Tarsalis|2022|36","FC-006","NE","FC",2022,36,2022-09-06,"L","Tarsalis","culex",6
"FC006|Pipiens|2022|37","FC-006","NE","FC",2022,37,2022-09-13,"L","Pipiens","culex",8
"FC006|Tarsalis|2022|37","FC-006","NE","FC",2022,37,2022-09-13,"L","Tarsalis","culex",1
"FC006|Pipiens|2023|23","FC-006","NE","FC",2023,23,2023-06-11,"L","Pipiens","culex",3
"FC006|Tarsalis|2023|23","FC-006","NE","FC",2023,23,2023-06-11,"L","Tarsalis","culex",0
"FC006|Pipiens|2023|24","FC-006","NE","FC",2023,24,2023-06-18,"L","Pipiens","culex",3
"FC006|Tarsalis|2023|24","FC-006","NE","FC",2023,24,2023-06-18,"L","Tarsalis","culex",11
"FC006|Pipiens|2023|25","FC-006","NE","FC",2023,25,2023-06-25,"L","Pipiens","culex",23
"FC006|Tarsalis|2023|25","FC-006","NE","FC",2023,25,2023-06-25,"L","Tarsalis","culex",118
"FC006|Pipiens|2023|26","FC-006","NE","FC",2023,26,2023-07-02,"L","Pipiens","culex",4
"FC006|Tarsalis|2023|26","FC-006","NE","FC",2023,26,2023-07-02,"L","Tarsalis","culex",31
"FC006|Pipiens|2023|27","FC-006","NE","FC",2023,27,2023-07-09,"L","Pipiens","culex",7
"FC006|Tarsalis|2023|27","FC-006","NE","FC",2023,27,2023-07-09,"L","Tarsalis","culex",29
"FC006|Pipiens|2023|28","FC-006","NE","FC",2023,28,2023-07-16,"L","Pipiens","culex",6
"FC006|Tarsalis|2023|28","FC-006","NE","FC",2023,28,2023-07-16,"L","Tarsalis","culex",207
"FC006|Pipiens|2023|29","FC-006","NE","FC",2023,29,2023-07-23,"L","Pipiens","culex",12
"FC006|Tarsalis|2023|29","FC-006","NE","FC",2023,29,2023-07-23,"L","Tarsalis","culex",129
"FC006|Pipiens|2023|31","FC-006","NE","FC",2023,31,2023-08-06,"L","Pipiens","culex",3
"FC006|Tarsalis|2023|31","FC-006","NE","FC",2023,31,2023-08-06,"L","Tarsalis","culex",10
"FC006|Pipiens|2023|32","FC-006","NE","FC",2023,32,2023-08-13,"L","Pipiens","culex",2
"FC006|Tarsalis|2023|32","FC-006","NE","FC",2023,32,2023-08-13,"L","Tarsalis","culex",0
"FC006|Pipiens|2023|34","FC-006","NE","FC",2023,34,2023-08-21,"L","Pipiens","culex",1
"FC006|Tarsalis|2023|34","FC-006","NE","FC",2023,34,2023-08-21,"L","Tarsalis","culex",2
"FC006|Pipiens|2023|37","FC-006","NE","FC",2023,37,2023-09-11,"L","Pipiens","culex",3
"FC006|Tarsalis|2023|37","FC-006","NE","FC",2023,37,2023-09-11,"L","Tarsalis","culex",0
"FC006|Pipiens|2024|23","FC-006","NE","FC",2024,23,2024-06-09,"L","Pipiens","culex",0
"FC006|Tarsalis|2024|23","FC-006","NE","FC",2024,23,2024-06-09,"L","Tarsalis","culex",1
"FC006|Pipiens|2024|25","FC-006","NE","FC",2024,25,2024-06-17,"L","Pipiens","culex",2
"FC006|Tarsalis|2024|25","FC-006","NE","FC",2024,25,2024-06-17,"L","Tarsalis","culex",0
"FC006|Pipiens|2024|26","FC-006","NE","FC",2024,26,2024-06-24,"L","Pipiens","culex",1
"FC006|Tarsalis|2024|26","FC-006","NE","FC",2024,26,2024-06-24,"L","Tarsalis","culex",5
"FC006|Pipiens|2024|27","FC-006","NE","FC",2024,27,2024-07-01,"L","Pipiens","culex",1
"FC006|Tarsalis|2024|27","FC-006","NE","FC",2024,27,2024-07-01,"L","Tarsalis","culex",0
"FC006|Pipiens|2024|28","FC-006","NE","FC",2024,28,2024-07-08,"L","Pipiens","culex",0
"FC006|Tarsalis|2024|28","FC-006","NE","FC",2024,28,2024-07-08,"L","Tarsalis","culex",1
"FC006|Pipiens|2024|29","FC-006","NE","FC",2024,29,2024-07-15,"L","Pipiens","culex",7
"FC006|Tarsalis|2024|29","FC-006","NE","FC",2024,29,2024-07-15,"L","Tarsalis","culex",12
"FC006|Pipiens|2024|30","FC-006","NE","FC",2024,30,2024-07-22,"L","Pipiens","culex",1
"FC006|Tarsalis|2024|30","FC-006","NE","FC",2024,30,2024-07-22,"L","Tarsalis","culex",2
"FC006|Pipiens|2024|31","FC-006","NE","FC",2024,31,2024-07-29,"L","Pipiens","culex",0
"FC006|Tarsalis|2024|31","FC-006","NE","FC",2024,31,2024-07-29,"L","Tarsalis","culex",1
"FC006|Pipiens|2024|32","FC-006","NE","FC",2024,32,2024-08-05,"L","Pipiens","culex",1
"FC006|Tarsalis|2024|32","FC-006","NE","FC",2024,32,2024-08-05,"L","Tarsalis","culex",3
"FC006|Pipiens|2024|34","FC-006","NE","FC",2024,34,2024-08-19,"L","Pipiens","culex",2
"FC006|Tarsalis|2024|34","FC-006","NE","FC",2024,34,2024-08-19,"L","Tarsalis","culex",7
"FC006|Pipiens|2024|35","FC-006","NE","FC",2024,35,2024-08-26,"L","Pipiens","culex",1
"FC006|Tarsalis|2024|35","FC-006","NE","FC",2024,35,2024-08-26,"L","Tarsalis","culex",3
"FC006|Pipiens|2025|25","FC-006","NE","FC",2025,25,2025-06-16,"L","Pipiens","culex",0
"FC006|Tarsalis|2025|25","FC-006","NE","FC",2025,25,2025-06-16,"L","Tarsalis","culex",6
"FC006|Pipiens|2025|26","FC-006","NE","FC",2025,26,2025-06-23,"L","Pipiens","culex",0
"FC006|Tarsalis|2025|26","FC-006","NE","FC",2025,26,2025-06-23,"L","Tarsalis","culex",3
"FC006|Pipiens|2025|27","FC-006","NE","FC",2025,27,2025-06-30,"L","Pipiens","culex",4
"FC006|Tarsalis|2025|27","FC-006","NE","FC",2025,27,2025-06-30,"L","Tarsalis","culex",28
"FC006|Pipiens|2025|28","FC-006","NE","FC",2025,28,2025-07-07,"L","Pipiens","culex",5
"FC006|Tarsalis|2025|28","FC-006","NE","FC",2025,28,2025-07-07,"L","Tarsalis","culex",15
"FC006|Pipiens|2025|29","FC-006","NE","FC",2025,29,2025-07-14,"L","Pipiens","culex",1
"FC006|Tarsalis|2025|29","FC-006","NE","FC",2025,29,2025-07-14,"L","Tarsalis","culex",7
"FC006|Pipiens|2025|30","FC-006","NE","FC",2025,30,2025-07-21,"L","Pipiens","culex",4
"FC006|Tarsalis|2025|30","FC-006","NE","FC",2025,30,2025-07-21,"L","Tarsalis","culex",10
"FC006|Pipiens|2025|31","FC-006","NE","FC",2025,31,2025-07-28,"L","Pipiens","culex",4
"FC006|Tarsalis|2025|31","FC-006","NE","FC",2025,31,2025-07-28,"L","Tarsalis","culex",18
"FC006|Pipiens|2025|32","FC-006","NE","FC",2025,32,2025-08-04,"L","Pipiens","culex",7
"FC006|Tarsalis|2025|32","FC-006","NE","FC",2025,32,2025-08-04,"L","Tarsalis","culex",0
"FC006|Pipiens|2025|33","FC-006","NE","FC",2025,33,2025-08-11,"L","Pipiens","culex",6
"FC006|Tarsalis|2025|33","FC-006","NE","FC",2025,33,2025-08-11,"L","Tarsalis","culex",1
"FC006|Pipiens|2025|34","FC-006","NE","FC",2025,34,2025-08-18,"L","Pipiens","culex",14
"FC006|Tarsalis|2025|34","FC-006","NE","FC",2025,34,2025-08-18,"L","Tarsalis","culex",16
"FC006|Pipiens|2025|35","FC-006","NE","FC",2025,35,2025-08-25,"L","Pipiens","culex",2
"FC006|Tarsalis|2025|35","FC-006","NE","FC",2025,35,2025-08-25,"L","Tarsalis","culex",3
"FC006|Pipiens|2025|36","FC-006","NE","FC",2025,36,2025-09-03,"L","Pipiens","culex",5
"FC006|Tarsalis|2025|36","FC-006","NE","FC",2025,36,2025-09-03,"L","Tarsalis","culex",1
"FC011|Pipiens|2020|24","FC-011","NW","FC",2020,24,2020-06-09,"L","Pipiens","culex",1
"FC011|Tarsalis|2020|24","FC-011","NW","FC",2020,24,2020-06-09,"L","Tarsalis","culex",1
"FC011|Pipiens|2020|25","FC-011","NW","FC",2020,25,2020-06-16,"L","Pipiens","culex",0
"FC011|Tarsalis|2020|25","FC-011","NW","FC",2020,25,2020-06-16,"L","Tarsalis","culex",2
"FC011|Pipiens|2020|26","FC-011","NW","FC",2020,26,2020-06-23,"L","Pipiens","culex",1
"FC011|Tarsalis|2020|26","FC-011","NW","FC",2020,26,2020-06-23,"L","Tarsalis","culex",1
"FC011|Pipiens|2020|27","FC-011","NW","FC",2020,27,2020-06-30,"L","Pipiens","culex",2
"FC011|Tarsalis|2020|27","FC-011","NW","FC",2020,27,2020-06-30,"L","Tarsalis","culex",2
"FC011|Pipiens|2020|28","FC-011","NW","FC",2020,28,2020-07-07,"L","Pipiens","culex",0
"FC011|Tarsalis|2020|28","FC-011","NW","FC",2020,28,2020-07-07,"L","Tarsalis","culex",2
"FC011|Pipiens|2020|30","FC-011","NW","FC",2020,30,2020-07-21,"L","Pipiens","culex",2
"FC011|Tarsalis|2020|30","FC-011","NW","FC",2020,30,2020-07-21,"L","Tarsalis","culex",0
"FC011|Pipiens|2020|31","FC-011","NW","FC",2020,31,2020-07-28,"L","Pipiens","culex",1
"FC011|Tarsalis|2020|31","FC-011","NW","FC",2020,31,2020-07-28,"L","Tarsalis","culex",2
"FC011|Pipiens|2020|32","FC-011","NW","FC",2020,32,2020-08-04,"L","Pipiens","culex",7
"FC011|Tarsalis|2020|32","FC-011","NW","FC",2020,32,2020-08-04,"L","Tarsalis","culex",1
"FC011|Pipiens|2020|33","FC-011","NW","FC",2020,33,2020-08-11,"L","Pipiens","culex",4
"FC011|Tarsalis|2020|33","FC-011","NW","FC",2020,33,2020-08-11,"L","Tarsalis","culex",5
"FC011|Pipiens|2020|34","FC-011","NW","FC",2020,34,2020-08-18,"L","Pipiens","culex",12
"FC011|Tarsalis|2020|34","FC-011","NW","FC",2020,34,2020-08-18,"L","Tarsalis","culex",9
"FC011|Pipiens|2020|35","FC-011","NW","FC",2020,35,2020-08-25,"L","Pipiens","culex",30
"FC011|Tarsalis|2020|35","FC-011","NW","FC",2020,35,2020-08-25,"L","Tarsalis","culex",3
"FC011|Pipiens|2020|36","FC-011","NW","FC",2020,36,2020-09-01,"L","Pipiens","culex",20
"FC011|Tarsalis|2020|36","FC-011","NW","FC",2020,36,2020-09-01,"L","Tarsalis","culex",0
"FC011|Pipiens|2021|26","FC-011","NW","FC",2021,26,2021-06-29,"L","Pipiens","culex",2
"FC011|Tarsalis|2021|26","FC-011","NW","FC",2021,26,2021-06-29,"L","Tarsalis","culex",8
"FC011|Pipiens|2021|27","FC-011","NW","FC",2021,27,2021-07-06,"L","Pipiens","culex",6
"FC011|Tarsalis|2021|27","FC-011","NW","FC",2021,27,2021-07-06,"L","Tarsalis","culex",14
"FC011|Pipiens|2021|28","FC-011","NW","FC",2021,28,2021-07-13,"L","Pipiens","culex",0
"FC011|Tarsalis|2021|28","FC-011","NW","FC",2021,28,2021-07-13,"L","Tarsalis","culex",19
"FC011|Pipiens|2021|29","FC-011","NW","FC",2021,29,2021-07-20,"L","Pipiens","culex",5
"FC011|Tarsalis|2021|29","FC-011","NW","FC",2021,29,2021-07-20,"L","Tarsalis","culex",18
"FC011|Pipiens|2021|30","FC-011","NW","FC",2021,30,2021-07-27,"L","Pipiens","culex",24
"FC011|Tarsalis|2021|30","FC-011","NW","FC",2021,30,2021-07-27,"L","Tarsalis","culex",25
"FC011|Pipiens|2021|31","FC-011","NW","FC",2021,31,2021-08-03,"L","Pipiens","culex",23
"FC011|Tarsalis|2021|31","FC-011","NW","FC",2021,31,2021-08-03,"L","Tarsalis","culex",5
"FC011|Pipiens|2021|32","FC-011","NW","FC",2021,32,2021-08-10,"L","Pipiens","culex",9
"FC011|Tarsalis|2021|32","FC-011","NW","FC",2021,32,2021-08-10,"L","Tarsalis","culex",3
"FC011|Pipiens|2021|33","FC-011","NW","FC",2021,33,2021-08-17,"L","Pipiens","culex",5
"FC011|Tarsalis|2021|33","FC-011","NW","FC",2021,33,2021-08-17,"L","Tarsalis","culex",9
"FC011|Pipiens|2021|34","FC-011","NW","FC",2021,34,2021-08-24,"L","Pipiens","culex",8
"FC011|Tarsalis|2021|34","FC-011","NW","FC",2021,34,2021-08-24,"L","Tarsalis","culex",1
"FC011|Pipiens|2021|35","FC-011","NW","FC",2021,35,2021-08-31,"L","Pipiens","culex",3
"FC011|Tarsalis|2021|35","FC-011","NW","FC",2021,35,2021-08-31,"L","Tarsalis","culex",0
"FC011|Pipiens|2021|36","FC-011","NW","FC",2021,36,2021-09-07,"L","Pipiens","culex",1
"FC011|Tarsalis|2021|36","FC-011","NW","FC",2021,36,2021-09-07,"L","Tarsalis","culex",0
"FC011|Pipiens|2022|25","FC-011","NW","FC",2022,25,2022-06-21,"L","Pipiens","culex",1
"FC011|Tarsalis|2022|25","FC-011","NW","FC",2022,25,2022-06-21,"L","Tarsalis","culex",0
"FC011|Pipiens|2022|26","FC-011","NW","FC",2022,26,2022-06-28,"L","Pipiens","culex",2
"FC011|Tarsalis|2022|26","FC-011","NW","FC",2022,26,2022-06-28,"L","Tarsalis","culex",3
"FC011|Pipiens|2022|27","FC-011","NW","FC",2022,27,2022-07-06,"L","Pipiens","culex",6
"FC011|Tarsalis|2022|27","FC-011","NW","FC",2022,27,2022-07-06,"L","Tarsalis","culex",2
"FC011|Pipiens|2022|28","FC-011","NW","FC",2022,28,2022-07-12,"L","Pipiens","culex",4
"FC011|Tarsalis|2022|28","FC-011","NW","FC",2022,28,2022-07-12,"L","Tarsalis","culex",7
"FC011|Pipiens|2022|29","FC-011","NW","FC",2022,29,2022-07-19,"L","Pipiens","culex",15
"FC011|Tarsalis|2022|29","FC-011","NW","FC",2022,29,2022-07-19,"L","Tarsalis","culex",13
"FC011|Pipiens|2022|30","FC-011","NW","FC",2022,30,2022-07-26,"L","Pipiens","culex",23
"FC011|Tarsalis|2022|30","FC-011","NW","FC",2022,30,2022-07-26,"L","Tarsalis","culex",17
"FC011|Pipiens|2022|31","FC-011","NW","FC",2022,31,2022-08-02,"L","Pipiens","culex",17
"FC011|Tarsalis|2022|31","FC-011","NW","FC",2022,31,2022-08-02,"L","Tarsalis","culex",15
"FC011|Pipiens|2022|32","FC-011","NW","FC",2022,32,2022-08-09,"L","Pipiens","culex",19
"FC011|Tarsalis|2022|32","FC-011","NW","FC",2022,32,2022-08-09,"L","Tarsalis","culex",1
"FC011|Pipiens|2022|33","FC-011","NW","FC",2022,33,2022-08-16,"L","Pipiens","culex",5
"FC011|Tarsalis|2022|33","FC-011","NW","FC",2022,33,2022-08-16,"L","Tarsalis","culex",1
"FC011|Pipiens|2022|34","FC-011","NW","FC",2022,34,2022-08-23,"L","Pipiens","culex",6
"FC011|Tarsalis|2022|34","FC-011","NW","FC",2022,34,2022-08-23,"L","Tarsalis","culex",7
"FC011|Pipiens|2022|35","FC-011","NW","FC",2022,35,2022-08-31,"L","Pipiens","culex",11
"FC011|Tarsalis|2022|35","FC-011","NW","FC",2022,35,2022-08-31,"L","Tarsalis","culex",1
"FC011|Pipiens|2022|36","FC-011","NW","FC",2022,36,2022-09-06,"L","Pipiens","culex",12
"FC011|Tarsalis|2022|36","FC-011","NW","FC",2022,36,2022-09-06,"L","Tarsalis","culex",2
"FC011|Pipiens|2022|37","FC-011","NW","FC",2022,37,2022-09-13,"L","Pipiens","culex",11
"FC011|Tarsalis|2022|37","FC-011","NW","FC",2022,37,2022-09-13,"L","Tarsalis","culex",1
"FC011|Pipiens|2023|23","FC-011","NW","FC",2023,23,2023-06-06,"L","Pipiens","culex",4
"FC011|Tarsalis|2023|23","FC-011","NW","FC",2023,23,2023-06-06,"L","Tarsalis","culex",5
"FC011|Pipiens|2023|24","FC-011","NW","FC",2023,24,2023-06-13,"L","Pipiens","culex",2
"FC011|Tarsalis|2023|24","FC-011","NW","FC",2023,24,2023-06-13,"L","Tarsalis","culex",0
"FC011|Pipiens|2023|25","FC-011","NW","FC",2023,25,2023-06-20,"L","Pipiens","culex",11
"FC011|Tarsalis|2023|25","FC-011","NW","FC",2023,25,2023-06-20,"L","Tarsalis","culex",1
"FC011|Pipiens|2023|26","FC-011","NW","FC",2023,26,2023-06-27,"L","Pipiens","culex",1
"FC011|Tarsalis|2023|26","FC-011","NW","FC",2023,26,2023-06-27,"L","Tarsalis","culex",10
"FC011|Pipiens|2023|27","FC-011","NW","FC",2023,27,2023-07-05,"L","Pipiens","culex",13
"FC011|Tarsalis|2023|27","FC-011","NW","FC",2023,27,2023-07-05,"L","Tarsalis","culex",45
"FC011|Pipiens|2023|28","FC-011","NW","FC",2023,28,2023-07-11,"L","Pipiens","culex",9
"FC011|Tarsalis|2023|28","FC-011","NW","FC",2023,28,2023-07-11,"L","Tarsalis","culex",73
"FC011|Pipiens|2023|29","FC-011","NW","FC",2023,29,2023-07-18,"L","Pipiens","culex",66
"FC011|Tarsalis|2023|29","FC-011","NW","FC",2023,29,2023-07-18,"L","Tarsalis","culex",217
"FC011|Pipiens|2023|30","FC-011","NW","FC",2023,30,2023-07-26,"L","Pipiens","culex",9
"FC011|Tarsalis|2023|30","FC-011","NW","FC",2023,30,2023-07-26,"L","Tarsalis","culex",37
"FC011|Pipiens|2023|31","FC-011","NW","FC",2023,31,2023-08-01,"L","Pipiens","culex",2
"FC011|Tarsalis|2023|31","FC-011","NW","FC",2023,31,2023-08-01,"L","Tarsalis","culex",11
"FC011|Pipiens|2023|32","FC-011","NW","FC",2023,32,2023-08-09,"L","Pipiens","culex",3
"FC011|Tarsalis|2023|32","FC-011","NW","FC",2023,32,2023-08-09,"L","Tarsalis","culex",3
"FC011|Pipiens|2023|33","FC-011","NW","FC",2023,33,2023-08-15,"L","Pipiens","culex",11
"FC011|Tarsalis|2023|33","FC-011","NW","FC",2023,33,2023-08-15,"L","Tarsalis","culex",3
"FC011|Pipiens|2023|34","FC-011","NW","FC",2023,34,2023-08-22,"L","Pipiens","culex",2
"FC011|Tarsalis|2023|34","FC-011","NW","FC",2023,34,2023-08-22,"L","Tarsalis","culex",1
"FC011|Pipiens|2024|25","FC-011","NW","FC",2024,25,2024-06-19,"L","Pipiens","culex",0
"FC011|Tarsalis|2024|25","FC-011","NW","FC",2024,25,2024-06-19,"L","Tarsalis","culex",2
"FC011|Pipiens|2024|26","FC-011","NW","FC",2024,26,2024-06-26,"L","Pipiens","culex",8
"FC011|Tarsalis|2024|26","FC-011","NW","FC",2024,26,2024-06-26,"L","Tarsalis","culex",0
"FC011|Pipiens|2024|27","FC-011","NW","FC",2024,27,2024-07-02,"L","Pipiens","culex",4
"FC011|Tarsalis|2024|27","FC-011","NW","FC",2024,27,2024-07-02,"L","Tarsalis","culex",2
"FC011|Pipiens|2024|28","FC-011","NW","FC",2024,28,2024-07-10,"L","Pipiens","culex",9
"FC011|Tarsalis|2024|28","FC-011","NW","FC",2024,28,2024-07-10,"L","Tarsalis","culex",2
"FC011|Pipiens|2024|29","FC-011","NW","FC",2024,29,2024-07-17,"L","Pipiens","culex",3
"FC011|Tarsalis|2024|29","FC-011","NW","FC",2024,29,2024-07-17,"L","Tarsalis","culex",11
"FC011|Pipiens|2024|30","FC-011","NW","FC",2024,30,2024-07-24,"L","Pipiens","culex",2
"FC011|Tarsalis|2024|30","FC-011","NW","FC",2024,30,2024-07-24,"L","Tarsalis","culex",1
"FC011|Pipiens|2024|31","FC-011","NW","FC",2024,31,2024-07-31,"L","Pipiens","culex",3
"FC011|Tarsalis|2024|31","FC-011","NW","FC",2024,31,2024-07-31,"L","Tarsalis","culex",10
"FC011|Pipiens|2024|32","FC-011","NW","FC",2024,32,2024-08-07,"L","Pipiens","culex",11
"FC011|Tarsalis|2024|32","FC-011","NW","FC",2024,32,2024-08-07,"L","Tarsalis","culex",7
"FC011|Pipiens|2024|33","FC-011","NW","FC",2024,33,2024-08-14,"L","Pipiens","culex",4
"FC011|Tarsalis|2024|33","FC-011","NW","FC",2024,33,2024-08-14,"L","Tarsalis","culex",3
"FC011|Pipiens|2024|34","FC-011","NW","FC",2024,34,2024-08-21,"L","Pipiens","culex",1
"FC011|Tarsalis|2024|34","FC-011","NW","FC",2024,34,2024-08-21,"L","Tarsalis","culex",1
"FC011|Pipiens|2024|35","FC-011","NW","FC",2024,35,2024-08-28,"L","Pipiens","culex",4
"FC011|Tarsalis|2024|35","FC-011","NW","FC",2024,35,2024-08-28,"L","Tarsalis","culex",0
"FC011|Pipiens|2024|36","FC-011","NW","FC",2024,36,2024-09-04,"L","Pipiens","culex",2
"FC011|Tarsalis|2024|36","FC-011","NW","FC",2024,36,2024-09-04,"L","Tarsalis","culex",0
"FC011|Pipiens|2024|37","FC-011","NW","FC",2024,37,2024-09-11,"L","Pipiens","culex",5
"FC011|Tarsalis|2024|37","FC-011","NW","FC",2024,37,2024-09-11,"L","Tarsalis","culex",0
"FC011|Pipiens|2025|25","FC-011","NW","FC",2025,25,2025-06-18,"L","Pipiens","culex",2
"FC011|Tarsalis|2025|25","FC-011","NW","FC",2025,25,2025-06-18,"L","Tarsalis","culex",2
"FC011|Pipiens|2025|26","FC-011","NW","FC",2025,26,2025-06-25,"L","Pipiens","culex",1
"FC011|Tarsalis|2025|26","FC-011","NW","FC",2025,26,2025-06-25,"L","Tarsalis","culex",4
"FC011|Pipiens|2025|27","FC-011","NW","FC",2025,27,2025-07-02,"L","Pipiens","culex",0
"FC011|Tarsalis|2025|27","FC-011","NW","FC",2025,27,2025-07-02,"L","Tarsalis","culex",1
"FC011|Pipiens|2025|28","FC-011","NW","FC",2025,28,2025-07-09,"L","Pipiens","culex",1
"FC011|Tarsalis|2025|28","FC-011","NW","FC",2025,28,2025-07-09,"L","Tarsalis","culex",5
"FC011|Pipiens|2025|29","FC-011","NW","FC",2025,29,2025-07-16,"L","Pipiens","culex",0
"FC011|Tarsalis|2025|29","FC-011","NW","FC",2025,29,2025-07-16,"L","Tarsalis","culex",10
"FC011|Pipiens|2025|30","FC-011","NW","FC",2025,30,2025-07-23,"L","Pipiens","culex",1
"FC011|Tarsalis|2025|30","FC-011","NW","FC",2025,30,2025-07-23,"L","Tarsalis","culex",2
"FC011|Pipiens|2025|31","FC-011","NW","FC",2025,31,2025-07-30,"L","Pipiens","culex",2
"FC011|Tarsalis|2025|31","FC-011","NW","FC",2025,31,2025-07-30,"L","Tarsalis","culex",4
"FC011|Pipiens|2025|32","FC-011","NW","FC",2025,32,2025-08-06,"L","Pipiens","culex",3
"FC011|Tarsalis|2025|32","FC-011","NW","FC",2025,32,2025-08-06,"L","Tarsalis","culex",13
"FC011|Pipiens|2025|34","FC-011","NW","FC",2025,34,2025-08-20,"L","Pipiens","culex",3
"FC011|Tarsalis|2025|34","FC-011","NW","FC",2025,34,2025-08-20,"L","Tarsalis","culex",4
"FC011|Pipiens|2025|35","FC-011","NW","FC",2025,35,2025-08-27,"L","Pipiens","culex",2
"FC011|Tarsalis|2025|35","FC-011","NW","FC",2025,35,2025-08-27,"L","Tarsalis","culex",1
"FC011|Pipiens|2025|36","FC-011","NW","FC",2025,36,2025-09-03,"L","Pipiens","culex",0
"FC011|Tarsalis|2025|36","FC-011","NW","FC",2025,36,2025-09-03,"L","Tarsalis","culex",1
"FC014|Pipiens|2020|22","FC-014","NE","FC",2020,22,2020-05-31,"L","Pipiens","culex",0
"FC014|Tarsalis|2020|22","FC-014","NE","FC",2020,22,2020-05-31,"L","Tarsalis","culex",4
"FC014|Pipiens|2020|23","FC-014","NE","FC",2020,23,2020-06-07,"L","Pipiens","culex",0
"FC014|Tarsalis|2020|23","FC-014","NE","FC",2020,23,2020-06-07,"L","Tarsalis","culex",1
"FC014|Pipiens|2020|24","FC-014","NE","FC",2020,24,2020-06-14,"L","Pipiens","culex",0
"FC014|Tarsalis|2020|24","FC-014","NE","FC",2020,24,2020-06-14,"L","Tarsalis","culex",5
"FC014|Pipiens|2020|25","FC-014","NE","FC",2020,25,2020-06-21,"L","Pipiens","culex",1
"FC014|Tarsalis|2020|25","FC-014","NE","FC",2020,25,2020-06-21,"L","Tarsalis","culex",20
"FC014|Pipiens|2020|26","FC-014","NE","FC",2020,26,2020-06-28,"L","Pipiens","culex",0
"FC014|Tarsalis|2020|26","FC-014","NE","FC",2020,26,2020-06-28,"L","Tarsalis","culex",10
"FC014|Pipiens|2020|27","FC-014","NE","FC",2020,27,2020-07-05,"L","Pipiens","culex",0
"FC014|Tarsalis|2020|27","FC-014","NE","FC",2020,27,2020-07-05,"L","Tarsalis","culex",23
"FC014|Pipiens|2020|28","FC-014","NE","FC",2020,28,2020-07-12,"L","Pipiens","culex",1
"FC014|Tarsalis|2020|28","FC-014","NE","FC",2020,28,2020-07-12,"L","Tarsalis","culex",31
"FC014|Pipiens|2020|29","FC-014","NE","FC",2020,29,2020-07-19,"L","Pipiens","culex",6
"FC014|Tarsalis|2020|29","FC-014","NE","FC",2020,29,2020-07-19,"L","Tarsalis","culex",17
"FC014|Pipiens|2020|30","FC-014","NE","FC",2020,30,2020-07-26,"L","Pipiens","culex",0
"FC014|Tarsalis|2020|30","FC-014","NE","FC",2020,30,2020-07-26,"L","Tarsalis","culex",14
"FC014|Pipiens|2020|31","FC-014","NE","FC",2020,31,2020-08-02,"L","Pipiens","culex",24
"FC014|Tarsalis|2020|31","FC-014","NE","FC",2020,31,2020-08-02,"L","Tarsalis","culex",34
"FC014|Pipiens|2020|32","FC-014","NE","FC",2020,32,2020-08-09,"L","Pipiens","culex",33
"FC014|Tarsalis|2020|32","FC-014","NE","FC",2020,32,2020-08-09,"L","Tarsalis","culex",87
"FC014|Pipiens|2020|33","FC-014","NE","FC",2020,33,2020-08-16,"L","Pipiens","culex",46
"FC014|Tarsalis|2020|33","FC-014","NE","FC",2020,33,2020-08-16,"L","Tarsalis","culex",79
"FC014|Pipiens|2020|34","FC-014","NE","FC",2020,34,2020-08-23,"L","Pipiens","culex",50
"FC014|Tarsalis|2020|34","FC-014","NE","FC",2020,34,2020-08-23,"L","Tarsalis","culex",18
"FC014|Pipiens|2021|24","FC-014","NE","FC",2021,24,2021-06-20,"L","Pipiens","culex",0
"FC014|Tarsalis|2021|24","FC-014","NE","FC",2021,24,2021-06-20,"L","Tarsalis","culex",10
"FC014|Pipiens|2021|25","FC-014","NE","FC",2021,25,2021-06-27,"L","Pipiens","culex",3
"FC014|Tarsalis|2021|25","FC-014","NE","FC",2021,25,2021-06-27,"L","Tarsalis","culex",14
"FC014|Pipiens|2021|26","FC-014","NE","FC",2021,26,2021-07-04,"L","Pipiens","culex",0
"FC014|Tarsalis|2021|26","FC-014","NE","FC",2021,26,2021-07-04,"L","Tarsalis","culex",39
"FC014|Pipiens|2021|28","FC-014","NE","FC",2021,28,2021-07-12,"L","Pipiens","culex",50
"FC014|Tarsalis|2021|28","FC-014","NE","FC",2021,28,2021-07-12,"L","Tarsalis","culex",319
"FC014|Pipiens|2021|29","FC-014","NE","FC",2021,29,2021-07-25,"L","Pipiens","culex",12
"FC014|Tarsalis|2021|29","FC-014","NE","FC",2021,29,2021-07-25,"L","Tarsalis","culex",44
"FC014|Pipiens|2021|30","FC-014","NE","FC",2021,30,2021-08-01,"L","Pipiens","culex",282
"FC014|Tarsalis|2021|30","FC-014","NE","FC",2021,30,2021-08-01,"L","Tarsalis","culex",161
"FC014|Pipiens|2021|31","FC-014","NE","FC",2021,31,2021-08-08,"L","Pipiens","culex",341
"FC014|Tarsalis|2021|31","FC-014","NE","FC",2021,31,2021-08-08,"L","Tarsalis","culex",78
"FC014|Pipiens|2021|33","FC-014","NE","FC",2021,33,2021-08-22,"L","Pipiens","culex",291
"FC014|Tarsalis|2021|33","FC-014","NE","FC",2021,33,2021-08-22,"L","Tarsalis","culex",8
"FC014|Pipiens|2021|35","FC-014","NE","FC",2021,35,2021-08-30,"L","Pipiens","culex",9
"FC014|Tarsalis|2021|35","FC-014","NE","FC",2021,35,2021-08-30,"L","Tarsalis","culex",0
"FC014|Pipiens|2021|36","FC-014","NE","FC",2021,36,2021-09-06,"L","Pipiens","culex",81
"FC014|Tarsalis|2021|36","FC-014","NE","FC",2021,36,2021-09-06,"L","Tarsalis","culex",4
"FC014|Pipiens|2022|23","FC-014","NE","FC",2022,23,2022-06-12,"L","Pipiens","culex",0
"FC014|Tarsalis|2022|23","FC-014","NE","FC",2022,23,2022-06-12,"L","Tarsalis","culex",9
"FC014|Pipiens|2022|24","FC-014","NE","FC",2022,24,2022-06-19,"L","Pipiens","culex",0
"FC014|Tarsalis|2022|24","FC-014","NE","FC",2022,24,2022-06-19,"L","Tarsalis","culex",8
"FC014|Pipiens|2022|25","FC-014","NE","FC",2022,25,2022-06-26,"L","Pipiens","culex",0
"FC014|Tarsalis|2022|25","FC-014","NE","FC",2022,25,2022-06-26,"L","Tarsalis","culex",5
"FC014|Pipiens|2022|26","FC-014","NE","FC",2022,26,2022-07-03,"L","Pipiens","culex",71
"FC014|Tarsalis|2022|26","FC-014","NE","FC",2022,26,2022-07-03,"L","Tarsalis","culex",24
"FC014|Pipiens|2022|27","FC-014","NE","FC",2022,27,2022-07-10,"L","Pipiens","culex",71
"FC014|Tarsalis|2022|27","FC-014","NE","FC",2022,27,2022-07-10,"L","Tarsalis","culex",84
"FC014|Pipiens|2022|28","FC-014","NE","FC",2022,28,2022-07-17,"L","Pipiens","culex",130
"FC014|Tarsalis|2022|28","FC-014","NE","FC",2022,28,2022-07-17,"L","Tarsalis","culex",150
"FC014|Pipiens|2022|29","FC-014","NE","FC",2022,29,2022-07-24,"L","Pipiens","culex",443
"FC014|Tarsalis|2022|29","FC-014","NE","FC",2022,29,2022-07-24,"L","Tarsalis","culex",24
"FC014|Pipiens|2022|30","FC-014","NE","FC",2022,30,2022-07-31,"L","Pipiens","culex",192
"FC014|Tarsalis|2022|30","FC-014","NE","FC",2022,30,2022-07-31,"L","Tarsalis","culex",69
"FC014|Pipiens|2022|31","FC-014","NE","FC",2022,31,2022-08-07,"L","Pipiens","culex",294
"FC014|Tarsalis|2022|31","FC-014","NE","FC",2022,31,2022-08-07,"L","Tarsalis","culex",32
"FC014|Pipiens|2022|32","FC-014","NE","FC",2022,32,2022-08-14,"L","Pipiens","culex",466
"FC014|Tarsalis|2022|32","FC-014","NE","FC",2022,32,2022-08-14,"L","Tarsalis","culex",115
"FC014|Pipiens|2022|33","FC-014","NE","FC",2022,33,2022-08-21,"L","Pipiens","culex",443
"FC014|Tarsalis|2022|33","FC-014","NE","FC",2022,33,2022-08-21,"L","Tarsalis","culex",58
"FC014|Pipiens|2022|35","FC-014","NE","FC",2022,35,2022-08-29,"L","Pipiens","culex",138
"FC014|Tarsalis|2022|35","FC-014","NE","FC",2022,35,2022-08-29,"L","Tarsalis","culex",17
"FC014|Pipiens|2022|37","FC-014","NE","FC",2022,37,2022-09-13,"L","Pipiens","culex",496
"FC014|Tarsalis|2022|37","FC-014","NE","FC",2022,37,2022-09-13,"L","Tarsalis","culex",9
"FC014|Pipiens|2023|22","FC-014","NE","FC",2023,22,2023-06-04,"L","Pipiens","culex",0
"FC014|Tarsalis|2023|22","FC-014","NE","FC",2023,22,2023-06-04,"L","Tarsalis","culex",3
"FC014|Pipiens|2023|23","FC-014","NE","FC",2023,23,2023-06-11,"L","Pipiens","culex",1
"FC014|Tarsalis|2023|23","FC-014","NE","FC",2023,23,2023-06-11,"L","Tarsalis","culex",0
"FC014|Pipiens|2023|24","FC-014","NE","FC",2023,24,2023-06-18,"L","Pipiens","culex",0
"FC014|Tarsalis|2023|24","FC-014","NE","FC",2023,24,2023-06-18,"L","Tarsalis","culex",7
"FC014|Pipiens|2023|25","FC-014","NE","FC",2023,25,2023-06-25,"L","Pipiens","culex",11
"FC014|Tarsalis|2023|25","FC-014","NE","FC",2023,25,2023-06-25,"L","Tarsalis","culex",161
"FC014|Pipiens|2023|26","FC-014","NE","FC",2023,26,2023-07-02,"L","Pipiens","culex",13
"FC014|Tarsalis|2023|26","FC-014","NE","FC",2023,26,2023-07-02,"L","Tarsalis","culex",157
"FC014|Pipiens|2023|27","FC-014","NE","FC",2023,27,2023-07-09,"L","Pipiens","culex",18
"FC014|Tarsalis|2023|27","FC-014","NE","FC",2023,27,2023-07-09,"L","Tarsalis","culex",225
"FC014|Pipiens|2023|28","FC-014","NE","FC",2023,28,2023-07-16,"L","Pipiens","culex",68
"FC014|Tarsalis|2023|28","FC-014","NE","FC",2023,28,2023-07-16,"L","Tarsalis","culex",1024
"FC014|Pipiens|2023|29","FC-014","NE","FC",2023,29,2023-07-23,"L","Pipiens","culex",151
"FC014|Tarsalis|2023|29","FC-014","NE","FC",2023,29,2023-07-23,"L","Tarsalis","culex",439
"FC014|Pipiens|2023|31","FC-014","NE","FC",2023,31,2023-08-06,"L","Pipiens","culex",55
"FC014|Tarsalis|2023|31","FC-014","NE","FC",2023,31,2023-08-06,"L","Tarsalis","culex",25
"FC014|Pipiens|2023|32","FC-014","NE","FC",2023,32,2023-08-13,"L","Pipiens","culex",23
"FC014|Tarsalis|2023|32","FC-014","NE","FC",2023,32,2023-08-13,"L","Tarsalis","culex",21
"FC014|Pipiens|2023|34","FC-014","NE","FC",2023,34,2023-08-21,"L","Pipiens","culex",50
"FC014|Tarsalis|2023|34","FC-014","NE","FC",2023,34,2023-08-21,"L","Tarsalis","culex",64
"FC014|Pipiens|2023|36","FC-014","NE","FC",2023,36,2023-09-04,"L","Pipiens","culex",1
"FC014|Tarsalis|2023|36","FC-014","NE","FC",2023,36,2023-09-04,"L","Tarsalis","culex",0
"FC014|Pipiens|2023|37","FC-014","NE","FC",2023,37,2023-09-11,"L","Pipiens","culex",224
"FC014|Tarsalis|2023|37","FC-014","NE","FC",2023,37,2023-09-11,"L","Tarsalis","culex",5
"FC014|Pipiens|2024|25","FC-014","NE","FC",2024,25,2024-06-17,"L","Pipiens","culex",0
"FC014|Tarsalis|2024|25","FC-014","NE","FC",2024,25,2024-06-17,"L","Tarsalis","culex",8
"FC014|Pipiens|2024|26","FC-014","NE","FC",2024,26,2024-06-24,"L","Pipiens","culex",0
"FC014|Tarsalis|2024|26","FC-014","NE","FC",2024,26,2024-06-24,"L","Tarsalis","culex",19
"FC014|Pipiens|2024|27","FC-014","NE","FC",2024,27,2024-07-01,"L","Pipiens","culex",0
"FC014|Tarsalis|2024|27","FC-014","NE","FC",2024,27,2024-07-01,"L","Tarsalis","culex",11
"FC014|Pipiens|2024|28","FC-014","NE","FC",2024,28,2024-07-08,"L","Pipiens","culex",5
"FC014|Tarsalis|2024|28","FC-014","NE","FC",2024,28,2024-07-08,"L","Tarsalis","culex",30
"FC014|Pipiens|2024|29","FC-014","NE","FC",2024,29,2024-07-15,"L","Pipiens","culex",6
"FC014|Tarsalis|2024|29","FC-014","NE","FC",2024,29,2024-07-15,"L","Tarsalis","culex",52
"FC014|Pipiens|2024|30","FC-014","NE","FC",2024,30,2024-07-22,"L","Pipiens","culex",0
"FC014|Tarsalis|2024|30","FC-014","NE","FC",2024,30,2024-07-22,"L","Tarsalis","culex",4
"FC014|Pipiens|2024|31","FC-014","NE","FC",2024,31,2024-07-29,"L","Pipiens","culex",13
"FC014|Tarsalis|2024|31","FC-014","NE","FC",2024,31,2024-07-29,"L","Tarsalis","culex",42
"FC014|Pipiens|2024|32","FC-014","NE","FC",2024,32,2024-08-05,"L","Pipiens","culex",7
"FC014|Tarsalis|2024|32","FC-014","NE","FC",2024,32,2024-08-05,"L","Tarsalis","culex",38
"FC014|Pipiens|2024|33","FC-014","NE","FC",2024,33,2024-08-12,"L","Pipiens","culex",4
"FC014|Tarsalis|2024|33","FC-014","NE","FC",2024,33,2024-08-12,"L","Tarsalis","culex",41
"FC014|Pipiens|2024|34","FC-014","NE","FC",2024,34,2024-08-19,"L","Pipiens","culex",22
"FC014|Tarsalis|2024|34","FC-014","NE","FC",2024,34,2024-08-19,"L","Tarsalis","culex",43
"FC014|Pipiens|2024|35","FC-014","NE","FC",2024,35,2024-08-26,"L","Pipiens","culex",21
"FC014|Tarsalis|2024|35","FC-014","NE","FC",2024,35,2024-08-26,"L","Tarsalis","culex",2
"FC014|Pipiens|2024|36","FC-014","NE","FC",2024,36,2024-09-04,"L","Pipiens","culex",7
"FC014|Tarsalis|2024|36","FC-014","NE","FC",2024,36,2024-09-04,"L","Tarsalis","culex",4
"FC014|Pipiens|2024|37","FC-014","NE","FC",2024,37,2024-09-09,"L","Pipiens","culex",14
"FC014|Tarsalis|2024|37","FC-014","NE","FC",2024,37,2024-09-09,"L","Tarsalis","culex",3
"FC014|Pipiens|2025|25","FC-014","NE","FC",2025,25,2025-06-16,"L","Pipiens","culex",0
"FC014|Tarsalis|2025|25","FC-014","NE","FC",2025,25,2025-06-16,"L","Tarsalis","culex",6
"FC014|Pipiens|2025|26","FC-014","NE","FC",2025,26,2025-06-23,"L","Pipiens","culex",2
"FC014|Tarsalis|2025|26","FC-014","NE","FC",2025,26,2025-06-23,"L","Tarsalis","culex",31
"FC014|Pipiens|2025|27","FC-014","NE","FC",2025,27,2025-06-30,"L","Pipiens","culex",1
"FC014|Tarsalis|2025|27","FC-014","NE","FC",2025,27,2025-06-30,"L","Tarsalis","culex",13
"FC014|Pipiens|2025|28","FC-014","NE","FC",2025,28,2025-07-07,"L","Pipiens","culex",16
"FC014|Tarsalis|2025|28","FC-014","NE","FC",2025,28,2025-07-07,"L","Tarsalis","culex",85
"FC014|Pipiens|2025|29","FC-014","NE","FC",2025,29,2025-07-14,"L","Pipiens","culex",87
"FC014|Tarsalis|2025|29","FC-014","NE","FC",2025,29,2025-07-14,"L","Tarsalis","culex",144
"FC014|Pipiens|2025|30","FC-014","NE","FC",2025,30,2025-07-21,"L","Pipiens","culex",171
"FC014|Tarsalis|2025|30","FC-014","NE","FC",2025,30,2025-07-21,"L","Tarsalis","culex",103
"FC014|Pipiens|2025|31","FC-014","NE","FC",2025,31,2025-07-28,"L","Pipiens","culex",4
"FC014|Tarsalis|2025|31","FC-014","NE","FC",2025,31,2025-07-28,"L","Tarsalis","culex",16
"FC014|Pipiens|2025|32","FC-014","NE","FC",2025,32,2025-08-04,"L","Pipiens","culex",96
"FC014|Tarsalis|2025|32","FC-014","NE","FC",2025,32,2025-08-04,"L","Tarsalis","culex",29
"FC014|Pipiens|2025|33","FC-014","NE","FC",2025,33,2025-08-11,"L","Pipiens","culex",15
"FC014|Tarsalis|2025|33","FC-014","NE","FC",2025,33,2025-08-11,"L","Tarsalis","culex",14
"FC014|Pipiens|2025|34","FC-014","NE","FC",2025,34,2025-08-18,"L","Pipiens","culex",44
"FC014|Tarsalis|2025|34","FC-014","NE","FC",2025,34,2025-08-18,"L","Tarsalis","culex",15
"FC014|Pipiens|2025|35","FC-014","NE","FC",2025,35,2025-08-25,"L","Pipiens","culex",31
"FC014|Tarsalis|2025|35","FC-014","NE","FC",2025,35,2025-08-25,"L","Tarsalis","culex",4
"FC014|Pipiens|2025|36","FC-014","NE","FC",2025,36,2025-09-03,"L","Pipiens","culex",67
"FC014|Tarsalis|2025|36","FC-014","NE","FC",2025,36,2025-09-03,"L","Tarsalis","culex",6
"FC015|Pipiens|2020|25","FC-015","NW","FC",2020,25,2020-06-16,"L","Pipiens","culex",1
"FC015|Tarsalis|2020|25","FC-015","NW","FC",2020,25,2020-06-16,"L","Tarsalis","culex",0
"FC015|Pipiens|2020|27","FC-015","NW","FC",2020,27,2020-06-30,"L","Pipiens","culex",2
"FC015|Tarsalis|2020|27","FC-015","NW","FC",2020,27,2020-06-30,"L","Tarsalis","culex",0
"FC015|Pipiens|2020|28","FC-015","NW","FC",2020,28,2020-07-07,"L","Pipiens","culex",0
"FC015|Tarsalis|2020|28","FC-015","NW","FC",2020,28,2020-07-07,"L","Tarsalis","culex",1
"FC015|Pipiens|2020|30","FC-015","NW","FC",2020,30,2020-07-21,"L","Pipiens","culex",6
"FC015|Tarsalis|2020|30","FC-015","NW","FC",2020,30,2020-07-21,"L","Tarsalis","culex",2
"FC015|Pipiens|2020|31","FC-015","NW","FC",2020,31,2020-07-28,"L","Pipiens","culex",2
"FC015|Tarsalis|2020|31","FC-015","NW","FC",2020,31,2020-07-28,"L","Tarsalis","culex",1
"FC015|Pipiens|2020|32","FC-015","NW","FC",2020,32,2020-08-04,"L","Pipiens","culex",3
"FC015|Tarsalis|2020|32","FC-015","NW","FC",2020,32,2020-08-04,"L","Tarsalis","culex",4
"FC015|Pipiens|2020|33","FC-015","NW","FC",2020,33,2020-08-11,"L","Pipiens","culex",7
"FC015|Tarsalis|2020|33","FC-015","NW","FC",2020,33,2020-08-11,"L","Tarsalis","culex",0
"FC015|Pipiens|2020|34","FC-015","NW","FC",2020,34,2020-08-18,"L","Pipiens","culex",9
"FC015|Tarsalis|2020|34","FC-015","NW","FC",2020,34,2020-08-18,"L","Tarsalis","culex",2
"FC015|Pipiens|2021|25","FC-015","NW","FC",2021,25,2021-06-22,"L","Pipiens","culex",0
"FC015|Tarsalis|2021|25","FC-015","NW","FC",2021,25,2021-06-22,"L","Tarsalis","culex",3
"FC015|Pipiens|2021|26","FC-015","NW","FC",2021,26,2021-06-29,"L","Pipiens","culex",2
"FC015|Tarsalis|2021|26","FC-015","NW","FC",2021,26,2021-06-29,"L","Tarsalis","culex",6
"FC015|Pipiens|2021|27","FC-015","NW","FC",2021,27,2021-07-06,"L","Pipiens","culex",1
"FC015|Tarsalis|2021|27","FC-015","NW","FC",2021,27,2021-07-06,"L","Tarsalis","culex",9
"FC015|Pipiens|2021|28","FC-015","NW","FC",2021,28,2021-07-13,"L","Pipiens","culex",0
"FC015|Tarsalis|2021|28","FC-015","NW","FC",2021,28,2021-07-13,"L","Tarsalis","culex",8
"FC015|Pipiens|2021|29","FC-015","NW","FC",2021,29,2021-07-20,"L","Pipiens","culex",0
"FC015|Tarsalis|2021|29","FC-015","NW","FC",2021,29,2021-07-20,"L","Tarsalis","culex",5
"FC015|Pipiens|2021|30","FC-015","NW","FC",2021,30,2021-07-27,"L","Pipiens","culex",2
"FC015|Tarsalis|2021|30","FC-015","NW","FC",2021,30,2021-07-27,"L","Tarsalis","culex",22
"FC015|Pipiens|2021|31","FC-015","NW","FC",2021,31,2021-08-03,"L","Pipiens","culex",2
"FC015|Tarsalis|2021|31","FC-015","NW","FC",2021,31,2021-08-03,"L","Tarsalis","culex",5
"FC015|Pipiens|2021|32","FC-015","NW","FC",2021,32,2021-08-10,"L","Pipiens","culex",0
"FC015|Tarsalis|2021|32","FC-015","NW","FC",2021,32,2021-08-10,"L","Tarsalis","culex",4
"FC015|Pipiens|2021|33","FC-015","NW","FC",2021,33,2021-08-17,"L","Pipiens","culex",0
"FC015|Tarsalis|2021|33","FC-015","NW","FC",2021,33,2021-08-17,"L","Tarsalis","culex",3
"FC015|Pipiens|2021|34","FC-015","NW","FC",2021,34,2021-08-24,"L","Pipiens","culex",0
"FC015|Tarsalis|2021|34","FC-015","NW","FC",2021,34,2021-08-24,"L","Tarsalis","culex",1
"FC015|Pipiens|2021|36","FC-015","NW","FC",2021,36,2021-09-07,"L","Pipiens","culex",2
"FC015|Tarsalis|2021|36","FC-015","NW","FC",2021,36,2021-09-07,"L","Tarsalis","culex",0
"FC015|Pipiens|2022|24","FC-015","NW","FC",2022,24,2022-06-14,"L","Pipiens","culex",0
"FC015|Tarsalis|2022|24","FC-015","NW","FC",2022,24,2022-06-14,"L","Tarsalis","culex",2
"FC015|Pipiens|2022|26","FC-015","NW","FC",2022,26,2022-06-28,"L","Pipiens","culex",0
"FC015|Tarsalis|2022|26","FC-015","NW","FC",2022,26,2022-06-28,"L","Tarsalis","culex",2
"FC015|Pipiens|2022|27","FC-015","NW","FC",2022,27,2022-07-06,"L","Pipiens","culex",0
"FC015|Tarsalis|2022|27","FC-015","NW","FC",2022,27,2022-07-06,"L","Tarsalis","culex",2
"FC015|Pipiens|2022|28","FC-015","NW","FC",2022,28,2022-07-12,"L","Pipiens","culex",0
"FC015|Tarsalis|2022|28","FC-015","NW","FC",2022,28,2022-07-12,"L","Tarsalis","culex",14
"FC015|Pipiens|2022|29","FC-015","NW","FC",2022,29,2022-07-19,"L","Pipiens","culex",3
"FC015|Tarsalis|2022|29","FC-015","NW","FC",2022,29,2022-07-19,"L","Tarsalis","culex",7
"FC015|Pipiens|2022|30","FC-015","NW","FC",2022,30,2022-07-26,"L","Pipiens","culex",1
"FC015|Tarsalis|2022|30","FC-015","NW","FC",2022,30,2022-07-26,"L","Tarsalis","culex",10
"FC015|Pipiens|2022|31","FC-015","NW","FC",2022,31,2022-08-02,"L","Pipiens","culex",1
"FC015|Tarsalis|2022|31","FC-015","NW","FC",2022,31,2022-08-02,"L","Tarsalis","culex",6
"FC015|Pipiens|2022|32","FC-015","NW","FC",2022,32,2022-08-09,"L","Pipiens","culex",7
"FC015|Tarsalis|2022|32","FC-015","NW","FC",2022,32,2022-08-09,"L","Tarsalis","culex",24
"FC015|Pipiens|2022|33","FC-015","NW","FC",2022,33,2022-08-16,"L","Pipiens","culex",7
"FC015|Tarsalis|2022|33","FC-015","NW","FC",2022,33,2022-08-16,"L","Tarsalis","culex",9
"FC015|Pipiens|2022|34","FC-015","NW","FC",2022,34,2022-08-23,"L","Pipiens","culex",8
"FC015|Tarsalis|2022|34","FC-015","NW","FC",2022,34,2022-08-23,"L","Tarsalis","culex",11
"FC015|Pipiens|2022|35","FC-015","NW","FC",2022,35,2022-08-31,"L","Pipiens","culex",2
"FC015|Tarsalis|2022|35","FC-015","NW","FC",2022,35,2022-08-31,"L","Tarsalis","culex",3
"FC015|Pipiens|2022|36","FC-015","NW","FC",2022,36,2022-09-06,"L","Pipiens","culex",1
"FC015|Tarsalis|2022|36","FC-015","NW","FC",2022,36,2022-09-06,"L","Tarsalis","culex",1
"FC015|Pipiens|2022|37","FC-015","NW","FC",2022,37,2022-09-13,"L","Pipiens","culex",1
"FC015|Tarsalis|2022|37","FC-015","NW","FC",2022,37,2022-09-13,"L","Tarsalis","culex",5
"FC015|Pipiens|2023|23","FC-015","NW","FC",2023,23,2023-06-06,"L","Pipiens","culex",0
"FC015|Tarsalis|2023|23","FC-015","NW","FC",2023,23,2023-06-06,"L","Tarsalis","culex",1
"FC015|Pipiens|2023|24","FC-015","NW","FC",2023,24,2023-06-13,"L","Pipiens","culex",1
"FC015|Tarsalis|2023|24","FC-015","NW","FC",2023,24,2023-06-13,"L","Tarsalis","culex",0
"FC015|Pipiens|2023|25","FC-015","NW","FC",2023,25,2023-06-20,"L","Pipiens","culex",1
"FC015|Tarsalis|2023|25","FC-015","NW","FC",2023,25,2023-06-20,"L","Tarsalis","culex",0
"FC015|Pipiens|2023|26","FC-015","NW","FC",2023,26,2023-06-27,"L","Pipiens","culex",0
"FC015|Tarsalis|2023|26","FC-015","NW","FC",2023,26,2023-06-27,"L","Tarsalis","culex",27
"FC015|Pipiens|2023|27","FC-015","NW","FC",2023,27,2023-07-05,"L","Pipiens","culex",6
"FC015|Tarsalis|2023|27","FC-015","NW","FC",2023,27,2023-07-05,"L","Tarsalis","culex",12
"FC015|Pipiens|2023|28","FC-015","NW","FC",2023,28,2023-07-11,"L","Pipiens","culex",8
"FC015|Tarsalis|2023|28","FC-015","NW","FC",2023,28,2023-07-11,"L","Tarsalis","culex",152
"FC015|Pipiens|2023|29","FC-015","NW","FC",2023,29,2023-07-18,"L","Pipiens","culex",2
"FC015|Tarsalis|2023|29","FC-015","NW","FC",2023,29,2023-07-18,"L","Tarsalis","culex",274
"FC015|Pipiens|2023|30","FC-015","NW","FC",2023,30,2023-07-26,"L","Pipiens","culex",3
"FC015|Tarsalis|2023|30","FC-015","NW","FC",2023,30,2023-07-26,"L","Tarsalis","culex",41
"FC015|Pipiens|2023|31","FC-015","NW","FC",2023,31,2023-08-01,"L","Pipiens","culex",2
"FC015|Tarsalis|2023|31","FC-015","NW","FC",2023,31,2023-08-01,"L","Tarsalis","culex",29
"FC015|Pipiens|2023|32","FC-015","NW","FC",2023,32,2023-08-09,"L","Pipiens","culex",6
"FC015|Tarsalis|2023|32","FC-015","NW","FC",2023,32,2023-08-09,"L","Tarsalis","culex",8
"FC015|Pipiens|2023|33","FC-015","NW","FC",2023,33,2023-08-15,"L","Pipiens","culex",6
"FC015|Tarsalis|2023|33","FC-015","NW","FC",2023,33,2023-08-15,"L","Tarsalis","culex",8
"FC015|Pipiens|2023|34","FC-015","NW","FC",2023,34,2023-08-22,"L","Pipiens","culex",0
"FC015|Tarsalis|2023|34","FC-015","NW","FC",2023,34,2023-08-22,"L","Tarsalis","culex",4
"FC015|Pipiens|2023|35","FC-015","NW","FC",2023,35,2023-08-29,"L","Pipiens","culex",3
"FC015|Tarsalis|2023|35","FC-015","NW","FC",2023,35,2023-08-29,"L","Tarsalis","culex",3
"FC015|Pipiens|2023|37","FC-015","NW","FC",2023,37,2023-09-11,"L","Pipiens","culex",1
"FC015|Tarsalis|2023|37","FC-015","NW","FC",2023,37,2023-09-11,"L","Tarsalis","culex",0
"FC015|Pipiens|2024|26","FC-015","NW","FC",2024,26,2024-06-26,"L","Pipiens","culex",3
"FC015|Tarsalis|2024|26","FC-015","NW","FC",2024,26,2024-06-26,"L","Tarsalis","culex",1
"FC015|Pipiens|2024|27","FC-015","NW","FC",2024,27,2024-07-02,"L","Pipiens","culex",1
"FC015|Tarsalis|2024|27","FC-015","NW","FC",2024,27,2024-07-02,"L","Tarsalis","culex",1
"FC015|Pipiens|2024|28","FC-015","NW","FC",2024,28,2024-07-10,"L","Pipiens","culex",2
"FC015|Tarsalis|2024|28","FC-015","NW","FC",2024,28,2024-07-10,"L","Tarsalis","culex",0
"FC015|Pipiens|2024|30","FC-015","NW","FC",2024,30,2024-07-24,"L","Pipiens","culex",2
"FC015|Tarsalis|2024|30","FC-015","NW","FC",2024,30,2024-07-24,"L","Tarsalis","culex",3
"FC015|Pipiens|2024|31","FC-015","NW","FC",2024,31,2024-07-31,"L","Pipiens","culex",2
"FC015|Tarsalis|2024|31","FC-015","NW","FC",2024,31,2024-07-31,"L","Tarsalis","culex",8
"FC015|Pipiens|2024|32","FC-015","NW","FC",2024,32,2024-08-07,"L","Pipiens","culex",0
"FC015|Tarsalis|2024|32","FC-015","NW","FC",2024,32,2024-08-07,"L","Tarsalis","culex",4
"FC015|Pipiens|2024|33","FC-015","NW","FC",2024,33,2024-08-14,"L","Pipiens","culex",1
"FC015|Tarsalis|2024|33","FC-015","NW","FC",2024,33,2024-08-14,"L","Tarsalis","culex",1
"FC015|Pipiens|2024|34","FC-015","NW","FC",2024,34,2024-08-21,"L","Pipiens","culex",2
"FC015|Tarsalis|2024|34","FC-015","NW","FC",2024,34,2024-08-21,"L","Tarsalis","culex",2
"FC015|Pipiens|2024|35","FC-015","NW","FC",2024,35,2024-08-28,"L","Pipiens","culex",0
"FC015|Tarsalis|2024|35","FC-015","NW","FC",2024,35,2024-08-28,"L","Tarsalis","culex",2
"FC015|Pipiens|2024|36","FC-015","NW","FC",2024,36,2024-09-04,"L","Pipiens","culex",4
"FC015|Tarsalis|2024|36","FC-015","NW","FC",2024,36,2024-09-04,"L","Tarsalis","culex",0
"FC015|Pipiens|2024|37","FC-015","NW","FC",2024,37,2024-09-11,"L","Pipiens","culex",4
"FC015|Tarsalis|2024|37","FC-015","NW","FC",2024,37,2024-09-11,"L","Tarsalis","culex",2
"FC015|Pipiens|2025|27","FC-015","NW","FC",2025,27,2025-07-02,"L","Pipiens","culex",3
"FC015|Tarsalis|2025|27","FC-015","NW","FC",2025,27,2025-07-02,"L","Tarsalis","culex",8
"FC015|Pipiens|2025|28","FC-015","NW","FC",2025,28,2025-07-09,"L","Pipiens","culex",2
"FC015|Tarsalis|2025|28","FC-015","NW","FC",2025,28,2025-07-09,"L","Tarsalis","culex",25
"FC015|Pipiens|2025|29","FC-015","NW","FC",2025,29,2025-07-16,"L","Pipiens","culex",1
"FC015|Tarsalis|2025|29","FC-015","NW","FC",2025,29,2025-07-16,"L","Tarsalis","culex",10
"FC015|Pipiens|2025|31","FC-015","NW","FC",2025,31,2025-07-30,"L","Pipiens","culex",0
"FC015|Tarsalis|2025|31","FC-015","NW","FC",2025,31,2025-07-30,"L","Tarsalis","culex",6
"FC015|Pipiens|2025|32","FC-015","NW","FC",2025,32,2025-08-06,"L","Pipiens","culex",5
"FC015|Tarsalis|2025|32","FC-015","NW","FC",2025,32,2025-08-06,"L","Tarsalis","culex",20
"FC015|Pipiens|2025|33","FC-015","NW","FC",2025,33,2025-08-13,"L","Pipiens","culex",6
"FC015|Tarsalis|2025|33","FC-015","NW","FC",2025,33,2025-08-13,"L","Tarsalis","culex",11
"FC015|Pipiens|2025|34","FC-015","NW","FC",2025,34,2025-08-20,"L","Pipiens","culex",7
"FC015|Tarsalis|2025|34","FC-015","NW","FC",2025,34,2025-08-20,"L","Tarsalis","culex",2
"FC015|Pipiens|2025|35","FC-015","NW","FC",2025,35,2025-08-27,"L","Pipiens","culex",3
"FC015|Tarsalis|2025|35","FC-015","NW","FC",2025,35,2025-08-27,"L","Tarsalis","culex",0
"FC015|Pipiens|2025|36","FC-015","NW","FC",2025,36,2025-09-03,"L","Pipiens","culex",10
"FC015|Tarsalis|2025|36","FC-015","NW","FC",2025,36,2025-09-03,"L","Tarsalis","culex",13
"FC019|Pipiens|2020|23","FC-019","NE","FC",2020,23,2020-06-07,"L","Pipiens","culex",2
"FC019|Tarsalis|2020|23","FC-019","NE","FC",2020,23,2020-06-07,"L","Tarsalis","culex",2
"FC019|Pipiens|2020|24","FC-019","NE","FC",2020,24,2020-06-14,"L","Pipiens","culex",7
"FC019|Tarsalis|2020|24","FC-019","NE","FC",2020,24,2020-06-14,"L","Tarsalis","culex",1
"FC019|Pipiens|2020|25","FC-019","NE","FC",2020,25,2020-06-21,"L","Pipiens","culex",3
"FC019|Tarsalis|2020|25","FC-019","NE","FC",2020,25,2020-06-21,"L","Tarsalis","culex",1
"FC019|Pipiens|2020|26","FC-019","NE","FC",2020,26,2020-06-28,"L","Pipiens","culex",6
"FC019|Tarsalis|2020|26","FC-019","NE","FC",2020,26,2020-06-28,"L","Tarsalis","culex",19
"FC019|Pipiens|2020|27","FC-019","NE","FC",2020,27,2020-07-05,"L","Pipiens","culex",5
"FC019|Tarsalis|2020|27","FC-019","NE","FC",2020,27,2020-07-05,"L","Tarsalis","culex",49
"FC019|Pipiens|2020|28","FC-019","NE","FC",2020,28,2020-07-12,"L","Pipiens","culex",5
"FC019|Tarsalis|2020|28","FC-019","NE","FC",2020,28,2020-07-12,"L","Tarsalis","culex",38
"FC019|Pipiens|2020|29","FC-019","NE","FC",2020,29,2020-07-19,"L","Pipiens","culex",0
"FC019|Tarsalis|2020|29","FC-019","NE","FC",2020,29,2020-07-19,"L","Tarsalis","culex",20
"FC019|Pipiens|2020|30","FC-019","NE","FC",2020,30,2020-07-26,"L","Pipiens","culex",4
"FC019|Tarsalis|2020|30","FC-019","NE","FC",2020,30,2020-07-26,"L","Tarsalis","culex",28
"FC019|Pipiens|2020|31","FC-019","NE","FC",2020,31,2020-08-02,"L","Pipiens","culex",50
"FC019|Tarsalis|2020|31","FC-019","NE","FC",2020,31,2020-08-02,"L","Tarsalis","culex",82
"FC019|Pipiens|2020|32","FC-019","NE","FC",2020,32,2020-08-09,"L","Pipiens","culex",14
"FC019|Tarsalis|2020|32","FC-019","NE","FC",2020,32,2020-08-09,"L","Tarsalis","culex",104
"FC019|Pipiens|2020|33","FC-019","NE","FC",2020,33,2020-08-16,"L","Pipiens","culex",18
"FC019|Tarsalis|2020|33","FC-019","NE","FC",2020,33,2020-08-16,"L","Tarsalis","culex",42
"FC019|Pipiens|2020|34","FC-019","NE","FC",2020,34,2020-08-23,"L","Pipiens","culex",18
"FC019|Tarsalis|2020|34","FC-019","NE","FC",2020,34,2020-08-23,"L","Tarsalis","culex",11
"FC019|Pipiens|2020|35","FC-019","NE","FC",2020,35,2020-08-30,"L","Pipiens","culex",2
"FC019|Tarsalis|2020|35","FC-019","NE","FC",2020,35,2020-08-30,"L","Tarsalis","culex",1
"FC019|Pipiens|2021|24","FC-019","NE","FC",2021,24,2021-06-20,"L","Pipiens","culex",2
"FC019|Tarsalis|2021|24","FC-019","NE","FC",2021,24,2021-06-20,"L","Tarsalis","culex",36
"FC019|Pipiens|2021|26","FC-019","NE","FC",2021,26,2021-07-04,"L","Pipiens","culex",11
"FC019|Tarsalis|2021|26","FC-019","NE","FC",2021,26,2021-07-04,"L","Tarsalis","culex",35
"FC019|Pipiens|2021|27","FC-019","NE","FC",2021,27,2021-07-11,"L","Pipiens","culex",3
"FC019|Tarsalis|2021|27","FC-019","NE","FC",2021,27,2021-07-11,"L","Tarsalis","culex",74
"FC019|Pipiens|2021|28","FC-019","NE","FC",2021,28,2021-07-18,"L","Pipiens","culex",19
"FC019|Tarsalis|2021|28","FC-019","NE","FC",2021,28,2021-07-18,"L","Tarsalis","culex",47
"FC019|Pipiens|2021|29","FC-019","NE","FC",2021,29,2021-07-25,"L","Pipiens","culex",23
"FC019|Tarsalis|2021|29","FC-019","NE","FC",2021,29,2021-07-25,"L","Tarsalis","culex",205
"FC019|Pipiens|2021|30","FC-019","NE","FC",2021,30,2021-08-01,"L","Pipiens","culex",31
"FC019|Tarsalis|2021|30","FC-019","NE","FC",2021,30,2021-08-01,"L","Tarsalis","culex",29
"FC019|Pipiens|2021|31","FC-019","NE","FC",2021,31,2021-08-08,"L","Pipiens","culex",27
"FC019|Tarsalis|2021|31","FC-019","NE","FC",2021,31,2021-08-08,"L","Tarsalis","culex",7
"FC019|Pipiens|2021|33","FC-019","NE","FC",2021,33,2021-08-22,"L","Pipiens","culex",9
"FC019|Tarsalis|2021|33","FC-019","NE","FC",2021,33,2021-08-22,"L","Tarsalis","culex",2
"FC019|Pipiens|2021|35","FC-019","NE","FC",2021,35,2021-08-30,"L","Pipiens","culex",6
"FC019|Tarsalis|2021|35","FC-019","NE","FC",2021,35,2021-08-30,"L","Tarsalis","culex",2
"FC019|Pipiens|2021|36","FC-019","NE","FC",2021,36,2021-09-06,"L","Pipiens","culex",2
"FC019|Tarsalis|2021|36","FC-019","NE","FC",2021,36,2021-09-06,"L","Tarsalis","culex",1
"FC019|Pipiens|2022|22","FC-019","NE","FC",2022,22,2022-06-05,"L","Pipiens","culex",0
"FC019|Tarsalis|2022|22","FC-019","NE","FC",2022,22,2022-06-05,"L","Tarsalis","culex",5
"FC019|Pipiens|2022|23","FC-019","NE","FC",2022,23,2022-06-12,"L","Pipiens","culex",2
"FC019|Tarsalis|2022|23","FC-019","NE","FC",2022,23,2022-06-12,"L","Tarsalis","culex",15
"FC019|Pipiens|2022|24","FC-019","NE","FC",2022,24,2022-06-19,"L","Pipiens","culex",0
"FC019|Tarsalis|2022|24","FC-019","NE","FC",2022,24,2022-06-19,"L","Tarsalis","culex",19
"FC019|Pipiens|2022|25","FC-019","NE","FC",2022,25,2022-06-26,"L","Pipiens","culex",3
"FC019|Tarsalis|2022|25","FC-019","NE","FC",2022,25,2022-06-26,"L","Tarsalis","culex",7
"FC019|Pipiens|2022|26","FC-019","NE","FC",2022,26,2022-07-03,"L","Pipiens","culex",14
"FC019|Tarsalis|2022|26","FC-019","NE","FC",2022,26,2022-07-03,"L","Tarsalis","culex",41
"FC019|Pipiens|2022|27","FC-019","NE","FC",2022,27,2022-07-10,"L","Pipiens","culex",11
"FC019|Tarsalis|2022|27","FC-019","NE","FC",2022,27,2022-07-10,"L","Tarsalis","culex",289
"FC019|Pipiens|2022|28","FC-019","NE","FC",2022,28,2022-07-17,"L","Pipiens","culex",8
"FC019|Tarsalis|2022|28","FC-019","NE","FC",2022,28,2022-07-17,"L","Tarsalis","culex",115
"FC019|Pipiens|2022|29","FC-019","NE","FC",2022,29,2022-07-24,"L","Pipiens","culex",21
"FC019|Tarsalis|2022|29","FC-019","NE","FC",2022,29,2022-07-24,"L","Tarsalis","culex",60
"FC019|Pipiens|2022|30","FC-019","NE","FC",2022,30,2022-07-31,"L","Pipiens","culex",16
"FC019|Tarsalis|2022|30","FC-019","NE","FC",2022,30,2022-07-31,"L","Tarsalis","culex",44
"FC019|Pipiens|2022|31","FC-019","NE","FC",2022,31,2022-08-07,"L","Pipiens","culex",21
"FC019|Tarsalis|2022|31","FC-019","NE","FC",2022,31,2022-08-07,"L","Tarsalis","culex",39
"FC019|Pipiens|2022|32","FC-019","NE","FC",2022,32,2022-08-14,"L","Pipiens","culex",33
"FC019|Tarsalis|2022|32","FC-019","NE","FC",2022,32,2022-08-14,"L","Tarsalis","culex",99
"FC019|Pipiens|2022|33","FC-019","NE","FC",2022,33,2022-08-21,"L","Pipiens","culex",51
"FC019|Tarsalis|2022|33","FC-019","NE","FC",2022,33,2022-08-21,"L","Tarsalis","culex",29
"FC019|Pipiens|2022|35","FC-019","NE","FC",2022,35,2022-08-29,"L","Pipiens","culex",8
"FC019|Tarsalis|2022|35","FC-019","NE","FC",2022,35,2022-08-29,"L","Tarsalis","culex",3
"FC019|Pipiens|2022|36","FC-019","NE","FC",2022,36,2022-09-06,"L","Pipiens","culex",22
"FC019|Tarsalis|2022|36","FC-019","NE","FC",2022,36,2022-09-06,"L","Tarsalis","culex",8
"FC019|Pipiens|2022|37","FC-019","NE","FC",2022,37,2022-09-13,"L","Pipiens","culex",43
"FC019|Tarsalis|2022|37","FC-019","NE","FC",2022,37,2022-09-13,"L","Tarsalis","culex",3
"FC019|Pipiens|2023|22","FC-019","NE","FC",2023,22,2023-06-04,"L","Pipiens","culex",1
"FC019|Tarsalis|2023|22","FC-019","NE","FC",2023,22,2023-06-04,"L","Tarsalis","culex",0
"FC019|Pipiens|2023|23","FC-019","NE","FC",2023,23,2023-06-11,"L","Pipiens","culex",1
"FC019|Tarsalis|2023|23","FC-019","NE","FC",2023,23,2023-06-11,"L","Tarsalis","culex",1
"FC019|Pipiens|2023|24","FC-019","NE","FC",2023,24,2023-06-18,"L","Pipiens","culex",5
"FC019|Tarsalis|2023|24","FC-019","NE","FC",2023,24,2023-06-18,"L","Tarsalis","culex",10
"FC019|Pipiens|2023|25","FC-019","NE","FC",2023,25,2023-06-25,"L","Pipiens","culex",4
"FC019|Tarsalis|2023|25","FC-019","NE","FC",2023,25,2023-06-25,"L","Tarsalis","culex",76
"FC019|Pipiens|2023|26","FC-019","NE","FC",2023,26,2023-07-02,"L","Pipiens","culex",21
"FC019|Tarsalis|2023|26","FC-019","NE","FC",2023,26,2023-07-02,"L","Tarsalis","culex",192
"FC019|Pipiens|2023|27","FC-019","NE","FC",2023,27,2023-07-09,"L","Pipiens","culex",88
"FC019|Tarsalis|2023|27","FC-019","NE","FC",2023,27,2023-07-09,"L","Tarsalis","culex",134
"FC019|Pipiens|2023|28","FC-019","NE","FC",2023,28,2023-07-16,"L","Pipiens","culex",56
"FC019|Tarsalis|2023|28","FC-019","NE","FC",2023,28,2023-07-16,"L","Tarsalis","culex",611
"FC019|Pipiens|2023|29","FC-019","NE","FC",2023,29,2023-07-23,"L","Pipiens","culex",58
"FC019|Tarsalis|2023|29","FC-019","NE","FC",2023,29,2023-07-23,"L","Tarsalis","culex",282
"FC019|Pipiens|2023|31","FC-019","NE","FC",2023,31,2023-08-06,"L","Pipiens","culex",17
"FC019|Tarsalis|2023|31","FC-019","NE","FC",2023,31,2023-08-06,"L","Tarsalis","culex",20
"FC019|Pipiens|2023|32","FC-019","NE","FC",2023,32,2023-08-13,"L","Pipiens","culex",44
"FC019|Tarsalis|2023|32","FC-019","NE","FC",2023,32,2023-08-13,"L","Tarsalis","culex",37
"FC019|Pipiens|2023|34","FC-019","NE","FC",2023,34,2023-08-27,"L","Pipiens","culex",26
"FC019|Tarsalis|2023|34","FC-019","NE","FC",2023,34,2023-08-27,"L","Tarsalis","culex",7
"FC019|Pipiens|2023|36","FC-019","NE","FC",2023,36,2023-09-04,"L","Pipiens","culex",9
"FC019|Tarsalis|2023|36","FC-019","NE","FC",2023,36,2023-09-04,"L","Tarsalis","culex",6
"FC019|Pipiens|2024|22","FC-019","NE","FC",2024,22,2024-06-02,"L","Pipiens","culex",2
"FC019|Tarsalis|2024|22","FC-019","NE","FC",2024,22,2024-06-02,"L","Tarsalis","culex",2
"FC019|Pipiens|2024|23","FC-019","NE","FC",2024,23,2024-06-09,"L","Pipiens","culex",0
"FC019|Tarsalis|2024|23","FC-019","NE","FC",2024,23,2024-06-09,"L","Tarsalis","culex",4
"FC019|Pipiens|2024|26","FC-019","NE","FC",2024,26,2024-06-24,"L","Pipiens","culex",0
"FC019|Tarsalis|2024|26","FC-019","NE","FC",2024,26,2024-06-24,"L","Tarsalis","culex",6
"FC019|Pipiens|2024|27","FC-019","NE","FC",2024,27,2024-07-01,"L","Pipiens","culex",5
"FC019|Tarsalis|2024|27","FC-019","NE","FC",2024,27,2024-07-01,"L","Tarsalis","culex",5
"FC019|Pipiens|2024|28","FC-019","NE","FC",2024,28,2024-07-08,"L","Pipiens","culex",21
"FC019|Tarsalis|2024|28","FC-019","NE","FC",2024,28,2024-07-08,"L","Tarsalis","culex",22
"FC019|Pipiens|2024|29","FC-019","NE","FC",2024,29,2024-07-15,"L","Pipiens","culex",9
"FC019|Tarsalis|2024|29","FC-019","NE","FC",2024,29,2024-07-15,"L","Tarsalis","culex",29
"FC019|Pipiens|2024|30","FC-019","NE","FC",2024,30,2024-07-22,"L","Pipiens","culex",5
"FC019|Tarsalis|2024|30","FC-019","NE","FC",2024,30,2024-07-22,"L","Tarsalis","culex",6
"FC019|Pipiens|2024|31","FC-019","NE","FC",2024,31,2024-07-29,"L","Pipiens","culex",12
"FC019|Tarsalis|2024|31","FC-019","NE","FC",2024,31,2024-07-29,"L","Tarsalis","culex",26
"FC019|Pipiens|2024|32","FC-019","NE","FC",2024,32,2024-08-05,"L","Pipiens","culex",8
"FC019|Tarsalis|2024|32","FC-019","NE","FC",2024,32,2024-08-05,"L","Tarsalis","culex",30
"FC019|Pipiens|2024|33","FC-019","NE","FC",2024,33,2024-08-12,"L","Pipiens","culex",12
"FC019|Tarsalis|2024|33","FC-019","NE","FC",2024,33,2024-08-12,"L","Tarsalis","culex",18
"FC019|Pipiens|2024|34","FC-019","NE","FC",2024,34,2024-08-19,"L","Pipiens","culex",22
"FC019|Tarsalis|2024|34","FC-019","NE","FC",2024,34,2024-08-19,"L","Tarsalis","culex",22
"FC019|Pipiens|2024|35","FC-019","NE","FC",2024,35,2024-08-26,"L","Pipiens","culex",7
"FC019|Tarsalis|2024|35","FC-019","NE","FC",2024,35,2024-08-26,"L","Tarsalis","culex",3
"FC019|Pipiens|2024|36","FC-019","NE","FC",2024,36,2024-09-04,"L","Pipiens","culex",9
"FC019|Tarsalis|2024|36","FC-019","NE","FC",2024,36,2024-09-04,"L","Tarsalis","culex",2
"FC019|Pipiens|2024|37","FC-019","NE","FC",2024,37,2024-09-09,"L","Pipiens","culex",3
"FC019|Tarsalis|2024|37","FC-019","NE","FC",2024,37,2024-09-09,"L","Tarsalis","culex",0
"FC019|Pipiens|2025|25","FC-019","NE","FC",2025,25,2025-06-16,"L","Pipiens","culex",0
"FC019|Tarsalis|2025|25","FC-019","NE","FC",2025,25,2025-06-16,"L","Tarsalis","culex",16
"FC019|Pipiens|2025|26","FC-019","NE","FC",2025,26,2025-06-23,"L","Pipiens","culex",3
"FC019|Tarsalis|2025|26","FC-019","NE","FC",2025,26,2025-06-23,"L","Tarsalis","culex",21
"FC019|Pipiens|2025|27","FC-019","NE","FC",2025,27,2025-06-30,"L","Pipiens","culex",14
"FC019|Tarsalis|2025|27","FC-019","NE","FC",2025,27,2025-06-30,"L","Tarsalis","culex",41
"FC019|Pipiens|2025|28","FC-019","NE","FC",2025,28,2025-07-07,"L","Pipiens","culex",8
"FC019|Tarsalis|2025|28","FC-019","NE","FC",2025,28,2025-07-07,"L","Tarsalis","culex",49
"FC019|Pipiens|2025|29","FC-019","NE","FC",2025,29,2025-07-14,"L","Pipiens","culex",10
"FC019|Tarsalis|2025|29","FC-019","NE","FC",2025,29,2025-07-14,"L","Tarsalis","culex",51
"FC019|Pipiens|2025|30","FC-019","NE","FC",2025,30,2025-07-21,"L","Pipiens","culex",4
"FC019|Tarsalis|2025|30","FC-019","NE","FC",2025,30,2025-07-21,"L","Tarsalis","culex",18
"FC019|Pipiens|2025|31","FC-019","NE","FC",2025,31,2025-07-28,"L","Pipiens","culex",10
"FC019|Tarsalis|2025|31","FC-019","NE","FC",2025,31,2025-07-28,"L","Tarsalis","culex",21
"FC019|Pipiens|2025|32","FC-019","NE","FC",2025,32,2025-08-04,"L","Pipiens","culex",8
"FC019|Tarsalis|2025|32","FC-019","NE","FC",2025,32,2025-08-04,"L","Tarsalis","culex",19
"FC019|Pipiens|2025|33","FC-019","NE","FC",2025,33,2025-08-11,"L","Pipiens","culex",3
"FC019|Tarsalis|2025|33","FC-019","NE","FC",2025,33,2025-08-11,"L","Tarsalis","culex",15
"FC019|Pipiens|2025|34","FC-019","NE","FC",2025,34,2025-08-18,"L","Pipiens","culex",4
"FC019|Tarsalis|2025|34","FC-019","NE","FC",2025,34,2025-08-18,"L","Tarsalis","culex",7
"FC019|Pipiens|2025|36","FC-019","NE","FC",2025,36,2025-09-03,"L","Pipiens","culex",0
"FC019|Tarsalis|2025|36","FC-019","NE","FC",2025,36,2025-09-03,"L","Tarsalis","culex",1
"FC023|Pipiens|2020|23","FC-023","SE","FC",2020,23,2020-06-01,"L","Pipiens","culex",0
"FC023|Tarsalis|2020|23","FC-023","SE","FC",2020,23,2020-06-01,"L","Tarsalis","culex",2
"FC023|Pipiens|2020|25","FC-023","SE","FC",2020,25,2020-06-15,"L","Pipiens","culex",2
"FC023|Tarsalis|2020|25","FC-023","SE","FC",2020,25,2020-06-15,"L","Tarsalis","culex",2
"FC023|Pipiens|2020|26","FC-023","SE","FC",2020,26,2020-06-22,"L","Pipiens","culex",0
"FC023|Tarsalis|2020|26","FC-023","SE","FC",2020,26,2020-06-22,"L","Tarsalis","culex",3
"FC023|Pipiens|2020|27","FC-023","SE","FC",2020,27,2020-06-29,"L","Pipiens","culex",5
"FC023|Tarsalis|2020|27","FC-023","SE","FC",2020,27,2020-06-29,"L","Tarsalis","culex",4
"FC023|Pipiens|2020|28","FC-023","SE","FC",2020,28,2020-07-06,"L","Pipiens","culex",0
"FC023|Tarsalis|2020|28","FC-023","SE","FC",2020,28,2020-07-06,"L","Tarsalis","culex",6
"FC023|Pipiens|2020|29","FC-023","SE","FC",2020,29,2020-07-13,"L","Pipiens","culex",1
"FC023|Tarsalis|2020|29","FC-023","SE","FC",2020,29,2020-07-13,"L","Tarsalis","culex",0
"FC023|Pipiens|2020|30","FC-023","SE","FC",2020,30,2020-07-20,"L","Pipiens","culex",3
"FC023|Tarsalis|2020|30","FC-023","SE","FC",2020,30,2020-07-20,"L","Tarsalis","culex",2
"FC023|Pipiens|2020|31","FC-023","SE","FC",2020,31,2020-07-27,"L","Pipiens","culex",2
"FC023|Tarsalis|2020|31","FC-023","SE","FC",2020,31,2020-07-27,"L","Tarsalis","culex",19
"FC023|Pipiens|2020|32","FC-023","SE","FC",2020,32,2020-08-03,"L","Pipiens","culex",8
"FC023|Tarsalis|2020|32","FC-023","SE","FC",2020,32,2020-08-03,"L","Tarsalis","culex",9
"FC023|Pipiens|2020|33","FC-023","SE","FC",2020,33,2020-08-10,"L","Pipiens","culex",5
"FC023|Tarsalis|2020|33","FC-023","SE","FC",2020,33,2020-08-10,"L","Tarsalis","culex",0
"FC023|Pipiens|2020|34","FC-023","SE","FC",2020,34,2020-08-17,"L","Pipiens","culex",5
"FC023|Tarsalis|2020|34","FC-023","SE","FC",2020,34,2020-08-17,"L","Tarsalis","culex",4
"FC023|Pipiens|2020|35","FC-023","SE","FC",2020,35,2020-08-24,"L","Pipiens","culex",8
"FC023|Tarsalis|2020|35","FC-023","SE","FC",2020,35,2020-08-24,"L","Tarsalis","culex",8
"FC023|Pipiens|2020|36","FC-023","SE","FC",2020,36,2020-08-31,"L","Pipiens","culex",10
"FC023|Tarsalis|2020|36","FC-023","SE","FC",2020,36,2020-08-31,"L","Tarsalis","culex",8
"FC023|Pipiens|2021|25","FC-023","SE","FC",2021,25,2021-06-21,"L","Pipiens","culex",2
"FC023|Tarsalis|2021|25","FC-023","SE","FC",2021,25,2021-06-21,"L","Tarsalis","culex",5
"FC023|Pipiens|2021|26","FC-023","SE","FC",2021,26,2021-06-28,"L","Pipiens","culex",3
"FC023|Tarsalis|2021|26","FC-023","SE","FC",2021,26,2021-06-28,"L","Tarsalis","culex",8
"FC023|Pipiens|2021|27","FC-023","SE","FC",2021,27,2021-07-05,"L","Pipiens","culex",8
"FC023|Tarsalis|2021|27","FC-023","SE","FC",2021,27,2021-07-05,"L","Tarsalis","culex",124
"FC023|Pipiens|2021|28","FC-023","SE","FC",2021,28,2021-07-12,"L","Pipiens","culex",9
"FC023|Tarsalis|2021|28","FC-023","SE","FC",2021,28,2021-07-12,"L","Tarsalis","culex",84
"FC023|Pipiens|2021|29","FC-023","SE","FC",2021,29,2021-07-19,"L","Pipiens","culex",20
"FC023|Tarsalis|2021|29","FC-023","SE","FC",2021,29,2021-07-19,"L","Tarsalis","culex",46
"FC023|Pipiens|2021|30","FC-023","SE","FC",2021,30,2021-07-26,"L","Pipiens","culex",30
"FC023|Tarsalis|2021|30","FC-023","SE","FC",2021,30,2021-07-26,"L","Tarsalis","culex",61
"FC023|Pipiens|2021|31","FC-023","SE","FC",2021,31,2021-08-02,"L","Pipiens","culex",8
"FC023|Tarsalis|2021|31","FC-023","SE","FC",2021,31,2021-08-02,"L","Tarsalis","culex",39
"FC023|Pipiens|2021|32","FC-023","SE","FC",2021,32,2021-08-09,"L","Pipiens","culex",1
"FC023|Tarsalis|2021|32","FC-023","SE","FC",2021,32,2021-08-09,"L","Tarsalis","culex",3
"FC023|Pipiens|2021|34","FC-023","SE","FC",2021,34,2021-08-29,"L","Pipiens","culex",3
"FC023|Tarsalis|2021|34","FC-023","SE","FC",2021,34,2021-08-29,"L","Tarsalis","culex",2
"FC023|Pipiens|2022|24","FC-023","SE","FC",2022,24,2022-06-13,"L","Pipiens","culex",0
"FC023|Tarsalis|2022|24","FC-023","SE","FC",2022,24,2022-06-13,"L","Tarsalis","culex",1
"FC023|Pipiens|2022|25","FC-023","SE","FC",2022,25,2022-06-20,"L","Pipiens","culex",0
"FC023|Tarsalis|2022|25","FC-023","SE","FC",2022,25,2022-06-20,"L","Tarsalis","culex",3
"FC023|Pipiens|2022|26","FC-023","SE","FC",2022,26,2022-06-27,"L","Pipiens","culex",0
"FC023|Tarsalis|2022|26","FC-023","SE","FC",2022,26,2022-06-27,"L","Tarsalis","culex",5
"FC023|Pipiens|2022|27","FC-023","SE","FC",2022,27,2022-07-05,"L","Pipiens","culex",3
"FC023|Tarsalis|2022|27","FC-023","SE","FC",2022,27,2022-07-05,"L","Tarsalis","culex",7
"FC023|Pipiens|2022|28","FC-023","SE","FC",2022,28,2022-07-11,"L","Pipiens","culex",2
"FC023|Tarsalis|2022|28","FC-023","SE","FC",2022,28,2022-07-11,"L","Tarsalis","culex",40
"FC023|Pipiens|2022|29","FC-023","SE","FC",2022,29,2022-07-18,"L","Pipiens","culex",0
"FC023|Tarsalis|2022|29","FC-023","SE","FC",2022,29,2022-07-18,"L","Tarsalis","culex",37
"FC023|Pipiens|2022|30","FC-023","SE","FC",2022,30,2022-07-25,"L","Pipiens","culex",1
"FC023|Tarsalis|2022|30","FC-023","SE","FC",2022,30,2022-07-25,"L","Tarsalis","culex",8
"FC023|Pipiens|2022|31","FC-023","SE","FC",2022,31,2022-08-01,"L","Pipiens","culex",30
"FC023|Tarsalis|2022|31","FC-023","SE","FC",2022,31,2022-08-01,"L","Tarsalis","culex",56
"FC023|Pipiens|2022|32","FC-023","SE","FC",2022,32,2022-08-08,"L","Pipiens","culex",10
"FC023|Tarsalis|2022|32","FC-023","SE","FC",2022,32,2022-08-08,"L","Tarsalis","culex",15
"FC023|Pipiens|2022|33","FC-023","SE","FC",2022,33,2022-08-15,"L","Pipiens","culex",33
"FC023|Tarsalis|2022|33","FC-023","SE","FC",2022,33,2022-08-15,"L","Tarsalis","culex",43
"FC023|Pipiens|2022|34","FC-023","SE","FC",2022,34,2022-08-22,"L","Pipiens","culex",14
"FC023|Tarsalis|2022|34","FC-023","SE","FC",2022,34,2022-08-22,"L","Tarsalis","culex",38
"FC023|Pipiens|2022|35","FC-023","SE","FC",2022,35,2022-08-30,"L","Pipiens","culex",8
"FC023|Tarsalis|2022|35","FC-023","SE","FC",2022,35,2022-08-30,"L","Tarsalis","culex",9
"FC023|Pipiens|2022|36","FC-023","SE","FC",2022,36,2022-09-07,"L","Pipiens","culex",1
"FC023|Tarsalis|2022|36","FC-023","SE","FC",2022,36,2022-09-07,"L","Tarsalis","culex",1
"FC023|Pipiens|2022|37","FC-023","SE","FC",2022,37,2022-09-12,"L","Pipiens","culex",11
"FC023|Tarsalis|2022|37","FC-023","SE","FC",2022,37,2022-09-12,"L","Tarsalis","culex",2
"FC023|Pipiens|2023|23","FC-023","SE","FC",2023,23,2023-06-05,"L","Pipiens","culex",0
"FC023|Tarsalis|2023|23","FC-023","SE","FC",2023,23,2023-06-05,"L","Tarsalis","culex",1
"FC023|Pipiens|2023|24","FC-023","SE","FC",2023,24,2023-06-12,"L","Pipiens","culex",1
"FC023|Tarsalis|2023|24","FC-023","SE","FC",2023,24,2023-06-12,"L","Tarsalis","culex",1
"FC023|Pipiens|2023|25","FC-023","SE","FC",2023,25,2023-06-19,"L","Pipiens","culex",2
"FC023|Tarsalis|2023|25","FC-023","SE","FC",2023,25,2023-06-19,"L","Tarsalis","culex",11
"FC023|Pipiens|2023|26","FC-023","SE","FC",2023,26,2023-06-26,"L","Pipiens","culex",0
"FC023|Tarsalis|2023|26","FC-023","SE","FC",2023,26,2023-06-26,"L","Tarsalis","culex",93
"FC023|Pipiens|2023|27","FC-023","SE","FC",2023,27,2023-07-03,"L","Pipiens","culex",5
"FC023|Tarsalis|2023|27","FC-023","SE","FC",2023,27,2023-07-03,"L","Tarsalis","culex",186
"FC023|Pipiens|2023|28","FC-023","SE","FC",2023,28,2023-07-10,"L","Pipiens","culex",27
"FC023|Tarsalis|2023|28","FC-023","SE","FC",2023,28,2023-07-10,"L","Tarsalis","culex",459
"FC023|Pipiens|2023|29","FC-023","SE","FC",2023,29,2023-07-17,"L","Pipiens","culex",0
"FC023|Tarsalis|2023|29","FC-023","SE","FC",2023,29,2023-07-17,"L","Tarsalis","culex",404
"FC023|Pipiens|2023|30","FC-023","SE","FC",2023,30,2023-07-30,"L","Pipiens","culex",8
"FC023|Tarsalis|2023|30","FC-023","SE","FC",2023,30,2023-07-30,"L","Tarsalis","culex",79
"FC023|Pipiens|2023|32","FC-023","SE","FC",2023,32,2023-08-08,"L","Pipiens","culex",1
"FC023|Tarsalis|2023|32","FC-023","SE","FC",2023,32,2023-08-08,"L","Tarsalis","culex",27
"FC023|Pipiens|2023|33","FC-023","SE","FC",2023,33,2023-08-20,"L","Pipiens","culex",1
"FC023|Tarsalis|2023|33","FC-023","SE","FC",2023,33,2023-08-20,"L","Tarsalis","culex",13
"FC023|Pipiens|2023|35","FC-023","SE","FC",2023,35,2023-08-28,"L","Pipiens","culex",7
"FC023|Tarsalis|2023|35","FC-023","SE","FC",2023,35,2023-08-28,"L","Tarsalis","culex",8
"FC023|Pipiens|2023|36","FC-023","SE","FC",2023,36,2023-09-05,"L","Pipiens","culex",2
"FC023|Tarsalis|2023|36","FC-023","SE","FC",2023,36,2023-09-05,"L","Tarsalis","culex",3
"FC023|Pipiens|2023|37","FC-023","SE","FC",2023,37,2023-09-12,"L","Pipiens","culex",0
"FC023|Tarsalis|2023|37","FC-023","SE","FC",2023,37,2023-09-12,"L","Tarsalis","culex",1
"FC023|Pipiens|2024|23","FC-023","SE","FC",2024,23,2024-06-03,"L","Pipiens","culex",0
"FC023|Tarsalis|2024|23","FC-023","SE","FC",2024,23,2024-06-03,"L","Tarsalis","culex",1
"FC023|Pipiens|2024|24","FC-023","SE","FC",2024,24,2024-06-10,"L","Pipiens","culex",1
"FC023|Tarsalis|2024|24","FC-023","SE","FC",2024,24,2024-06-10,"L","Tarsalis","culex",2
"FC023|Pipiens|2024|25","FC-023","SE","FC",2024,25,2024-06-18,"L","Pipiens","culex",0
"FC023|Tarsalis|2024|25","FC-023","SE","FC",2024,25,2024-06-18,"L","Tarsalis","culex",1
"FC023|Pipiens|2024|26","FC-023","SE","FC",2024,26,2024-06-25,"L","Pipiens","culex",1
"FC023|Tarsalis|2024|26","FC-023","SE","FC",2024,26,2024-06-25,"L","Tarsalis","culex",2
"FC023|Pipiens|2024|27","FC-023","SE","FC",2024,27,2024-07-02,"L","Pipiens","culex",3
"FC023|Tarsalis|2024|27","FC-023","SE","FC",2024,27,2024-07-02,"L","Tarsalis","culex",5
"FC023|Pipiens|2024|28","FC-023","SE","FC",2024,28,2024-07-09,"L","Pipiens","culex",1
"FC023|Tarsalis|2024|28","FC-023","SE","FC",2024,28,2024-07-09,"L","Tarsalis","culex",7
"FC023|Pipiens|2024|29","FC-023","SE","FC",2024,29,2024-07-16,"L","Pipiens","culex",3
"FC023|Tarsalis|2024|29","FC-023","SE","FC",2024,29,2024-07-16,"L","Tarsalis","culex",10
"FC023|Pipiens|2024|30","FC-023","SE","FC",2024,30,2024-07-23,"L","Pipiens","culex",15
"FC023|Tarsalis|2024|30","FC-023","SE","FC",2024,30,2024-07-23,"L","Tarsalis","culex",7
"FC023|Pipiens|2024|31","FC-023","SE","FC",2024,31,2024-07-30,"L","Pipiens","culex",5
"FC023|Tarsalis|2024|31","FC-023","SE","FC",2024,31,2024-07-30,"L","Tarsalis","culex",16
"FC023|Pipiens|2024|32","FC-023","SE","FC",2024,32,2024-08-06,"L","Pipiens","culex",9
"FC023|Tarsalis|2024|32","FC-023","SE","FC",2024,32,2024-08-06,"L","Tarsalis","culex",4
"FC023|Pipiens|2024|34","FC-023","SE","FC",2024,34,2024-08-20,"L","Pipiens","culex",8
"FC023|Tarsalis|2024|34","FC-023","SE","FC",2024,34,2024-08-20,"L","Tarsalis","culex",14
"FC023|Pipiens|2024|35","FC-023","SE","FC",2024,35,2024-08-27,"L","Pipiens","culex",4
"FC023|Tarsalis|2024|35","FC-023","SE","FC",2024,35,2024-08-27,"L","Tarsalis","culex",6
"FC023|Pipiens|2024|36","FC-023","SE","FC",2024,36,2024-09-05,"L","Pipiens","culex",3
"FC023|Tarsalis|2024|36","FC-023","SE","FC",2024,36,2024-09-05,"L","Tarsalis","culex",0
"FC023|Pipiens|2024|37","FC-023","SE","FC",2024,37,2024-09-10,"L","Pipiens","culex",1
"FC023|Tarsalis|2024|37","FC-023","SE","FC",2024,37,2024-09-10,"L","Tarsalis","culex",0
"FC023|Pipiens|2025|25","FC-023","SE","FC",2025,25,2025-06-17,"L","Pipiens","culex",0
"FC023|Tarsalis|2025|25","FC-023","SE","FC",2025,25,2025-06-17,"L","Tarsalis","culex",5
"FC023|Pipiens|2025|26","FC-023","SE","FC",2025,26,2025-06-24,"L","Pipiens","culex",1
"FC023|Tarsalis|2025|26","FC-023","SE","FC",2025,26,2025-06-24,"L","Tarsalis","culex",17
"FC023|Pipiens|2025|27","FC-023","SE","FC",2025,27,2025-07-01,"L","Pipiens","culex",0
"FC023|Tarsalis|2025|27","FC-023","SE","FC",2025,27,2025-07-01,"L","Tarsalis","culex",36
"FC023|Pipiens|2025|28","FC-023","SE","FC",2025,28,2025-07-08,"L","Pipiens","culex",1
"FC023|Tarsalis|2025|28","FC-023","SE","FC",2025,28,2025-07-08,"L","Tarsalis","culex",27
"FC023|Pipiens|2025|29","FC-023","SE","FC",2025,29,2025-07-15,"L","Pipiens","culex",8
"FC023|Tarsalis|2025|29","FC-023","SE","FC",2025,29,2025-07-15,"L","Tarsalis","culex",85
"FC023|Pipiens|2025|30","FC-023","SE","FC",2025,30,2025-07-22,"L","Pipiens","culex",0
"FC023|Tarsalis|2025|30","FC-023","SE","FC",2025,30,2025-07-22,"L","Tarsalis","culex",56
"FC023|Pipiens|2025|32","FC-023","SE","FC",2025,32,2025-08-05,"L","Pipiens","culex",3
"FC023|Tarsalis|2025|32","FC-023","SE","FC",2025,32,2025-08-05,"L","Tarsalis","culex",34
"FC023|Pipiens|2025|33","FC-023","SE","FC",2025,33,2025-08-12,"L","Pipiens","culex",4
"FC023|Tarsalis|2025|33","FC-023","SE","FC",2025,33,2025-08-12,"L","Tarsalis","culex",38
"FC023|Pipiens|2025|35","FC-023","SE","FC",2025,35,2025-08-26,"L","Pipiens","culex",0
"FC023|Tarsalis|2025|35","FC-023","SE","FC",2025,35,2025-08-26,"L","Tarsalis","culex",10
"FC023|Pipiens|2025|36","FC-023","SE","FC",2025,36,2025-09-04,"L","Pipiens","culex",1
"FC023|Tarsalis|2025|36","FC-023","SE","FC",2025,36,2025-09-04,"L","Tarsalis","culex",23
"FC027|Pipiens|2020|23","FC-027","SE","FC",2020,23,2020-06-01,"L","Pipiens","culex",0
"FC027|Tarsalis|2020|23","FC-027","SE","FC",2020,23,2020-06-01,"L","Tarsalis","culex",5
"FC027|Pipiens|2020|25","FC-027","SE","FC",2020,25,2020-06-15,"L","Pipiens","culex",1
"FC027|Tarsalis|2020|25","FC-027","SE","FC",2020,25,2020-06-15,"L","Tarsalis","culex",10
"FC027|Pipiens|2020|26","FC-027","SE","FC",2020,26,2020-06-22,"L","Pipiens","culex",1
"FC027|Tarsalis|2020|26","FC-027","SE","FC",2020,26,2020-06-22,"L","Tarsalis","culex",18
"FC027|Pipiens|2020|27","FC-027","SE","FC",2020,27,2020-06-29,"L","Pipiens","culex",3
"FC027|Tarsalis|2020|27","FC-027","SE","FC",2020,27,2020-06-29,"L","Tarsalis","culex",24
"FC027|Pipiens|2020|28","FC-027","SE","FC",2020,28,2020-07-06,"L","Pipiens","culex",1
"FC027|Tarsalis|2020|28","FC-027","SE","FC",2020,28,2020-07-06,"L","Tarsalis","culex",44
"FC027|Pipiens|2020|29","FC-027","SE","FC",2020,29,2020-07-13,"L","Pipiens","culex",0
"FC027|Tarsalis|2020|29","FC-027","SE","FC",2020,29,2020-07-13,"L","Tarsalis","culex",30
"FC027|Pipiens|2020|30","FC-027","SE","FC",2020,30,2020-07-20,"L","Pipiens","culex",0
"FC027|Tarsalis|2020|30","FC-027","SE","FC",2020,30,2020-07-20,"L","Tarsalis","culex",6
"FC027|Pipiens|2020|31","FC-027","SE","FC",2020,31,2020-07-28,"L","Pipiens","culex",85
"FC027|Tarsalis|2020|31","FC-027","SE","FC",2020,31,2020-07-28,"L","Tarsalis","culex",66
"FC027|Pipiens|2020|32","FC-027","SE","FC",2020,32,2020-08-03,"L","Pipiens","culex",12
"FC027|Tarsalis|2020|32","FC-027","SE","FC",2020,32,2020-08-03,"L","Tarsalis","culex",70
"FC027|Pipiens|2020|33","FC-027","SE","FC",2020,33,2020-08-10,"L","Pipiens","culex",97
"FC027|Tarsalis|2020|33","FC-027","SE","FC",2020,33,2020-08-10,"L","Tarsalis","culex",128
"FC027|Pipiens|2020|34","FC-027","SE","FC",2020,34,2020-08-17,"L","Pipiens","culex",71
"FC027|Tarsalis|2020|34","FC-027","SE","FC",2020,34,2020-08-17,"L","Tarsalis","culex",137
"FC027|Pipiens|2020|35","FC-027","SE","FC",2020,35,2020-08-24,"L","Pipiens","culex",0
"FC027|Tarsalis|2020|35","FC-027","SE","FC",2020,35,2020-08-24,"L","Tarsalis","culex",34
"FC027|Pipiens|2021|25","FC-027","SE","FC",2021,25,2021-06-21,"L","Pipiens","culex",5
"FC027|Tarsalis|2021|25","FC-027","SE","FC",2021,25,2021-06-21,"L","Tarsalis","culex",49
"FC027|Pipiens|2021|26","FC-027","SE","FC",2021,26,2021-06-28,"L","Pipiens","culex",14
"FC027|Tarsalis|2021|26","FC-027","SE","FC",2021,26,2021-06-28,"L","Tarsalis","culex",35
"FC027|Pipiens|2021|27","FC-027","SE","FC",2021,27,2021-07-05,"L","Pipiens","culex",7
"FC027|Tarsalis|2021|27","FC-027","SE","FC",2021,27,2021-07-05,"L","Tarsalis","culex",88
"FC027|Pipiens|2021|28","FC-027","SE","FC",2021,28,2021-07-12,"L","Pipiens","culex",66
"FC027|Tarsalis|2021|28","FC-027","SE","FC",2021,28,2021-07-12,"L","Tarsalis","culex",460
"FC027|Pipiens|2021|29","FC-027","SE","FC",2021,29,2021-07-19,"L","Pipiens","culex",136
"FC027|Tarsalis|2021|29","FC-027","SE","FC",2021,29,2021-07-19,"L","Tarsalis","culex",261
"FC027|Pipiens|2021|30","FC-027","SE","FC",2021,30,2021-07-26,"L","Pipiens","culex",158
"FC027|Tarsalis|2021|30","FC-027","SE","FC",2021,30,2021-07-26,"L","Tarsalis","culex",416
"FC027|Pipiens|2021|31","FC-027","SE","FC",2021,31,2021-08-02,"L","Pipiens","culex",84
"FC027|Tarsalis|2021|31","FC-027","SE","FC",2021,31,2021-08-02,"L","Tarsalis","culex",189
"FC027|Pipiens|2021|32","FC-027","SE","FC",2021,32,2021-08-09,"L","Pipiens","culex",107
"FC027|Tarsalis|2021|32","FC-027","SE","FC",2021,32,2021-08-09,"L","Tarsalis","culex",97
"FC027|Pipiens|2021|33","FC-027","SE","FC",2021,33,2021-08-16,"L","Pipiens","culex",7
"FC027|Tarsalis|2021|33","FC-027","SE","FC",2021,33,2021-08-16,"L","Tarsalis","culex",0
"FC027|Pipiens|2021|34","FC-027","SE","FC",2021,34,2021-08-23,"L","Pipiens","culex",5
"FC027|Tarsalis|2021|34","FC-027","SE","FC",2021,34,2021-08-23,"L","Tarsalis","culex",2
"FC027|Pipiens|2022|23","FC-027","SE","FC",2022,23,2022-06-06,"L","Pipiens","culex",2
"FC027|Tarsalis|2022|23","FC-027","SE","FC",2022,23,2022-06-06,"L","Tarsalis","culex",17
"FC027|Pipiens|2022|24","FC-027","SE","FC",2022,24,2022-06-13,"L","Pipiens","culex",0
"FC027|Tarsalis|2022|24","FC-027","SE","FC",2022,24,2022-06-13,"L","Tarsalis","culex",5
"FC027|Pipiens|2022|25","FC-027","SE","FC",2022,25,2022-06-20,"L","Pipiens","culex",1
"FC027|Tarsalis|2022|25","FC-027","SE","FC",2022,25,2022-06-20,"L","Tarsalis","culex",15
"FC027|Pipiens|2022|26","FC-027","SE","FC",2022,26,2022-06-27,"L","Pipiens","culex",1
"FC027|Tarsalis|2022|26","FC-027","SE","FC",2022,26,2022-06-27,"L","Tarsalis","culex",22
"FC027|Pipiens|2022|27","FC-027","SE","FC",2022,27,2022-07-05,"L","Pipiens","culex",6
"FC027|Tarsalis|2022|27","FC-027","SE","FC",2022,27,2022-07-05,"L","Tarsalis","culex",66
"FC027|Pipiens|2022|28","FC-027","SE","FC",2022,28,2022-07-11,"L","Pipiens","culex",0
"FC027|Tarsalis|2022|28","FC-027","SE","FC",2022,28,2022-07-11,"L","Tarsalis","culex",74
"FC027|Pipiens|2022|29","FC-027","SE","FC",2022,29,2022-07-18,"L","Pipiens","culex",11
"FC027|Tarsalis|2022|29","FC-027","SE","FC",2022,29,2022-07-18,"L","Tarsalis","culex",100
"FC027|Pipiens|2022|30","FC-027","SE","FC",2022,30,2022-07-25,"L","Pipiens","culex",33
"FC027|Tarsalis|2022|30","FC-027","SE","FC",2022,30,2022-07-25,"L","Tarsalis","culex",74
"FC027|Pipiens|2022|31","FC-027","SE","FC",2022,31,2022-08-01,"L","Pipiens","culex",28
"FC027|Tarsalis|2022|31","FC-027","SE","FC",2022,31,2022-08-01,"L","Tarsalis","culex",28
"FC027|Pipiens|2022|32","FC-027","SE","FC",2022,32,2022-08-08,"L","Pipiens","culex",25
"FC027|Tarsalis|2022|32","FC-027","SE","FC",2022,32,2022-08-08,"L","Tarsalis","culex",48
"FC027|Pipiens|2022|33","FC-027","SE","FC",2022,33,2022-08-15,"L","Pipiens","culex",202
"FC027|Tarsalis|2022|33","FC-027","SE","FC",2022,33,2022-08-15,"L","Tarsalis","culex",75
"FC027|Pipiens|2022|34","FC-027","SE","FC",2022,34,2022-08-22,"L","Pipiens","culex",132
"FC027|Tarsalis|2022|34","FC-027","SE","FC",2022,34,2022-08-22,"L","Tarsalis","culex",6
"FC027|Pipiens|2022|35","FC-027","SE","FC",2022,35,2022-08-30,"L","Pipiens","culex",95
"FC027|Tarsalis|2022|35","FC-027","SE","FC",2022,35,2022-08-30,"L","Tarsalis","culex",9
"FC027|Pipiens|2022|36","FC-027","SE","FC",2022,36,2022-09-07,"L","Pipiens","culex",60
"FC027|Tarsalis|2022|36","FC-027","SE","FC",2022,36,2022-09-07,"L","Tarsalis","culex",4
"FC027|Pipiens|2022|37","FC-027","SE","FC",2022,37,2022-09-12,"L","Pipiens","culex",73
"FC027|Tarsalis|2022|37","FC-027","SE","FC",2022,37,2022-09-12,"L","Tarsalis","culex",3
"FC027|Pipiens|2023|23","FC-027","SE","FC",2023,23,2023-06-05,"L","Pipiens","culex",0
"FC027|Tarsalis|2023|23","FC-027","SE","FC",2023,23,2023-06-05,"L","Tarsalis","culex",2
"FC027|Pipiens|2023|24","FC-027","SE","FC",2023,24,2023-06-12,"L","Pipiens","culex",1
"FC027|Tarsalis|2023|24","FC-027","SE","FC",2023,24,2023-06-12,"L","Tarsalis","culex",3
"FC027|Pipiens|2023|25","FC-027","SE","FC",2023,25,2023-06-19,"L","Pipiens","culex",0
"FC027|Tarsalis|2023|25","FC-027","SE","FC",2023,25,2023-06-19,"L","Tarsalis","culex",3
"FC027|Pipiens|2023|26","FC-027","SE","FC",2023,26,2023-06-26,"L","Pipiens","culex",14
"FC027|Tarsalis|2023|26","FC-027","SE","FC",2023,26,2023-06-26,"L","Tarsalis","culex",246
"FC027|Pipiens|2023|27","FC-027","SE","FC",2023,27,2023-07-03,"L","Pipiens","culex",0
"FC027|Tarsalis|2023|27","FC-027","SE","FC",2023,27,2023-07-03,"L","Tarsalis","culex",63
"FC027|Pipiens|2023|28","FC-027","SE","FC",2023,28,2023-07-10,"L","Pipiens","culex",0
"FC027|Tarsalis|2023|28","FC-027","SE","FC",2023,28,2023-07-10,"L","Tarsalis","culex",15
"FC027|Pipiens|2023|29","FC-027","SE","FC",2023,29,2023-07-17,"L","Pipiens","culex",0
"FC027|Tarsalis|2023|29","FC-027","SE","FC",2023,29,2023-07-17,"L","Tarsalis","culex",95
"FC027|Pipiens|2023|30","FC-027","SE","FC",2023,30,2023-07-24,"L","Pipiens","culex",6
"FC027|Tarsalis|2023|30","FC-027","SE","FC",2023,30,2023-07-24,"L","Tarsalis","culex",48
"FC027|Pipiens|2023|32","FC-027","SE","FC",2023,32,2023-08-08,"L","Pipiens","culex",12
"FC027|Tarsalis|2023|32","FC-027","SE","FC",2023,32,2023-08-08,"L","Tarsalis","culex",11
"FC027|Pipiens|2023|33","FC-027","SE","FC",2023,33,2023-08-20,"L","Pipiens","culex",14
"FC027|Tarsalis|2023|33","FC-027","SE","FC",2023,33,2023-08-20,"L","Tarsalis","culex",8
"FC027|Pipiens|2023|35","FC-027","SE","FC",2023,35,2023-08-28,"L","Pipiens","culex",8
"FC027|Tarsalis|2023|35","FC-027","SE","FC",2023,35,2023-08-28,"L","Tarsalis","culex",0
"FC027|Pipiens|2023|37","FC-027","SE","FC",2023,37,2023-09-12,"L","Pipiens","culex",17
"FC027|Tarsalis|2023|37","FC-027","SE","FC",2023,37,2023-09-12,"L","Tarsalis","culex",0
"FC027|Pipiens|2024|23","FC-027","SE","FC",2024,23,2024-06-03,"L","Pipiens","culex",0
"FC027|Tarsalis|2024|23","FC-027","SE","FC",2024,23,2024-06-03,"L","Tarsalis","culex",3
"FC027|Pipiens|2024|24","FC-027","SE","FC",2024,24,2024-06-10,"L","Pipiens","culex",3
"FC027|Tarsalis|2024|24","FC-027","SE","FC",2024,24,2024-06-10,"L","Tarsalis","culex",10
"FC027|Pipiens|2024|25","FC-027","SE","FC",2024,25,2024-06-18,"L","Pipiens","culex",1
"FC027|Tarsalis|2024|25","FC-027","SE","FC",2024,25,2024-06-18,"L","Tarsalis","culex",1
"FC027|Pipiens|2024|26","FC-027","SE","FC",2024,26,2024-06-25,"L","Pipiens","culex",2
"FC027|Tarsalis|2024|26","FC-027","SE","FC",2024,26,2024-06-25,"L","Tarsalis","culex",3
"FC027|Pipiens|2024|27","FC-027","SE","FC",2024,27,2024-07-02,"L","Pipiens","culex",1
"FC027|Tarsalis|2024|27","FC-027","SE","FC",2024,27,2024-07-02,"L","Tarsalis","culex",12
"FC027|Pipiens|2024|28","FC-027","SE","FC",2024,28,2024-07-09,"L","Pipiens","culex",19
"FC027|Tarsalis|2024|28","FC-027","SE","FC",2024,28,2024-07-09,"L","Tarsalis","culex",6
"FC027|Pipiens|2024|29","FC-027","SE","FC",2024,29,2024-07-16,"L","Pipiens","culex",7
"FC027|Tarsalis|2024|29","FC-027","SE","FC",2024,29,2024-07-16,"L","Tarsalis","culex",16
"FC027|Pipiens|2024|30","FC-027","SE","FC",2024,30,2024-07-23,"L","Pipiens","culex",26
"FC027|Tarsalis|2024|30","FC-027","SE","FC",2024,30,2024-07-23,"L","Tarsalis","culex",5
"FC027|Pipiens|2024|31","FC-027","SE","FC",2024,31,2024-07-30,"L","Pipiens","culex",6
"FC027|Tarsalis|2024|31","FC-027","SE","FC",2024,31,2024-07-30,"L","Tarsalis","culex",3
"FC027|Pipiens|2024|32","FC-027","SE","FC",2024,32,2024-08-06,"L","Pipiens","culex",6
"FC027|Tarsalis|2024|32","FC-027","SE","FC",2024,32,2024-08-06,"L","Tarsalis","culex",2
"FC027|Pipiens|2024|33","FC-027","SE","FC",2024,33,2024-08-13,"L","Pipiens","culex",10
"FC027|Tarsalis|2024|33","FC-027","SE","FC",2024,33,2024-08-13,"L","Tarsalis","culex",14
"FC027|Pipiens|2024|34","FC-027","SE","FC",2024,34,2024-08-20,"L","Pipiens","culex",12
"FC027|Tarsalis|2024|34","FC-027","SE","FC",2024,34,2024-08-20,"L","Tarsalis","culex",2
"FC027|Pipiens|2024|35","FC-027","SE","FC",2024,35,2024-08-27,"L","Pipiens","culex",19
"FC027|Tarsalis|2024|35","FC-027","SE","FC",2024,35,2024-08-27,"L","Tarsalis","culex",7
"FC027|Pipiens|2024|36","FC-027","SE","FC",2024,36,2024-09-05,"L","Pipiens","culex",16
"FC027|Tarsalis|2024|36","FC-027","SE","FC",2024,36,2024-09-05,"L","Tarsalis","culex",2
"FC027|Pipiens|2024|37","FC-027","SE","FC",2024,37,2024-09-10,"L","Pipiens","culex",6
"FC027|Tarsalis|2024|37","FC-027","SE","FC",2024,37,2024-09-10,"L","Tarsalis","culex",3
"FC027|Pipiens|2025|25","FC-027","SE","FC",2025,25,2025-06-17,"L","Pipiens","culex",0
"FC027|Tarsalis|2025|25","FC-027","SE","FC",2025,25,2025-06-17,"L","Tarsalis","culex",58
"FC027|Pipiens|2025|26","FC-027","SE","FC",2025,26,2025-06-24,"L","Pipiens","culex",2
"FC027|Tarsalis|2025|26","FC-027","SE","FC",2025,26,2025-06-24,"L","Tarsalis","culex",11
"FC027|Pipiens|2025|27","FC-027","SE","FC",2025,27,2025-07-01,"L","Pipiens","culex",11
"FC027|Tarsalis|2025|27","FC-027","SE","FC",2025,27,2025-07-01,"L","Tarsalis","culex",22
"FC027|Pipiens|2025|28","FC-027","SE","FC",2025,28,2025-07-08,"L","Pipiens","culex",19
"FC027|Tarsalis|2025|28","FC-027","SE","FC",2025,28,2025-07-08,"L","Tarsalis","culex",48
"FC027|Pipiens|2025|29","FC-027","SE","FC",2025,29,2025-07-15,"L","Pipiens","culex",12
"FC027|Tarsalis|2025|29","FC-027","SE","FC",2025,29,2025-07-15,"L","Tarsalis","culex",18
"FC027|Pipiens|2025|31","FC-027","SE","FC",2025,31,2025-07-29,"L","Pipiens","culex",22
"FC027|Tarsalis|2025|31","FC-027","SE","FC",2025,31,2025-07-29,"L","Tarsalis","culex",81
"FC027|Pipiens|2025|32","FC-027","SE","FC",2025,32,2025-08-05,"L","Pipiens","culex",0
"FC027|Tarsalis|2025|32","FC-027","SE","FC",2025,32,2025-08-05,"L","Tarsalis","culex",2
"FC027|Pipiens|2025|33","FC-027","SE","FC",2025,33,2025-08-12,"L","Pipiens","culex",49
"FC027|Tarsalis|2025|33","FC-027","SE","FC",2025,33,2025-08-12,"L","Tarsalis","culex",12
"FC027|Pipiens|2025|34","FC-027","SE","FC",2025,34,2025-08-19,"L","Pipiens","culex",42
"FC027|Tarsalis|2025|34","FC-027","SE","FC",2025,34,2025-08-19,"L","Tarsalis","culex",25
"FC027|Pipiens|2025|35","FC-027","SE","FC",2025,35,2025-08-26,"L","Pipiens","culex",44
"FC027|Tarsalis|2025|35","FC-027","SE","FC",2025,35,2025-08-26,"L","Tarsalis","culex",10
"FC027|Pipiens|2025|36","FC-027","SE","FC",2025,36,2025-09-04,"L","Pipiens","culex",41
"FC027|Tarsalis|2025|36","FC-027","SE","FC",2025,36,2025-09-04,"L","Tarsalis","culex",18
"FC029|Pipiens|2020|24","FC-029","SE","FC",2020,24,2020-06-10,"L","Pipiens","culex",2
"FC029|Tarsalis|2020|24","FC-029","SE","FC",2020,24,2020-06-10,"L","Tarsalis","culex",1
"FC029|Pipiens|2020|25","FC-029","SE","FC",2020,25,2020-06-17,"L","Pipiens","culex",1
"FC029|Tarsalis|2020|25","FC-029","SE","FC",2020,25,2020-06-17,"L","Tarsalis","culex",0
"FC029|Pipiens|2020|26","FC-029","SE","FC",2020,26,2020-06-24,"L","Pipiens","culex",0
"FC029|Tarsalis|2020|26","FC-029","SE","FC",2020,26,2020-06-24,"L","Tarsalis","culex",4
"FC029|Pipiens|2020|27","FC-029","SE","FC",2020,27,2020-07-01,"L","Pipiens","culex",0
"FC029|Tarsalis|2020|27","FC-029","SE","FC",2020,27,2020-07-01,"L","Tarsalis","culex",16
"FC029|Pipiens|2020|28","FC-029","SE","FC",2020,28,2020-07-08,"L","Pipiens","culex",0
"FC029|Tarsalis|2020|28","FC-029","SE","FC",2020,28,2020-07-08,"L","Tarsalis","culex",6
"FC029|Pipiens|2020|29","FC-029","SE","FC",2020,29,2020-07-15,"L","Pipiens","culex",0
"FC029|Tarsalis|2020|29","FC-029","SE","FC",2020,29,2020-07-15,"L","Tarsalis","culex",1
"FC029|Pipiens|2020|30","FC-029","SE","FC",2020,30,2020-07-22,"L","Pipiens","culex",8
"FC029|Tarsalis|2020|30","FC-029","SE","FC",2020,30,2020-07-22,"L","Tarsalis","culex",49
"FC029|Pipiens|2020|31","FC-029","SE","FC",2020,31,2020-07-29,"L","Pipiens","culex",8
"FC029|Tarsalis|2020|31","FC-029","SE","FC",2020,31,2020-07-29,"L","Tarsalis","culex",58
"FC029|Pipiens|2020|32","FC-029","SE","FC",2020,32,2020-08-05,"L","Pipiens","culex",6
"FC029|Tarsalis|2020|32","FC-029","SE","FC",2020,32,2020-08-05,"L","Tarsalis","culex",7
"FC029|Pipiens|2020|33","FC-029","SE","FC",2020,33,2020-08-12,"L","Pipiens","culex",10
"FC029|Tarsalis|2020|33","FC-029","SE","FC",2020,33,2020-08-12,"L","Tarsalis","culex",12
"FC029|Pipiens|2020|34","FC-029","SE","FC",2020,34,2020-08-19,"L","Pipiens","culex",3
"FC029|Tarsalis|2020|34","FC-029","SE","FC",2020,34,2020-08-19,"L","Tarsalis","culex",5
"FC029|Pipiens|2021|25","FC-029","SE","FC",2021,25,2021-06-23,"L","Pipiens","culex",1
"FC029|Tarsalis|2021|25","FC-029","SE","FC",2021,25,2021-06-23,"L","Tarsalis","culex",18
"FC029|Pipiens|2021|26","FC-029","SE","FC",2021,26,2021-06-30,"L","Pipiens","culex",0
"FC029|Tarsalis|2021|26","FC-029","SE","FC",2021,26,2021-06-30,"L","Tarsalis","culex",5
"FC029|Pipiens|2021|27","FC-029","SE","FC",2021,27,2021-07-07,"L","Pipiens","culex",0
"FC029|Tarsalis|2021|27","FC-029","SE","FC",2021,27,2021-07-07,"L","Tarsalis","culex",3
"FC029|Pipiens|2021|28","FC-029","SE","FC",2021,28,2021-07-14,"L","Pipiens","culex",12
"FC029|Tarsalis|2021|28","FC-029","SE","FC",2021,28,2021-07-14,"L","Tarsalis","culex",62
"FC029|Pipiens|2021|29","FC-029","SE","FC",2021,29,2021-07-21,"L","Pipiens","culex",6
"FC029|Tarsalis|2021|29","FC-029","SE","FC",2021,29,2021-07-21,"L","Tarsalis","culex",98
"FC029|Pipiens|2021|30","FC-029","SE","FC",2021,30,2021-07-28,"L","Pipiens","culex",9
"FC029|Tarsalis|2021|30","FC-029","SE","FC",2021,30,2021-07-28,"L","Tarsalis","culex",84
"FC029|Pipiens|2021|31","FC-029","SE","FC",2021,31,2021-08-04,"L","Pipiens","culex",14
"FC029|Tarsalis|2021|31","FC-029","SE","FC",2021,31,2021-08-04,"L","Tarsalis","culex",32
"FC029|Pipiens|2021|32","FC-029","SE","FC",2021,32,2021-08-11,"L","Pipiens","culex",12
"FC029|Tarsalis|2021|32","FC-029","SE","FC",2021,32,2021-08-11,"L","Tarsalis","culex",15
"FC029|Pipiens|2021|33","FC-029","SE","FC",2021,33,2021-08-18,"L","Pipiens","culex",2
"FC029|Tarsalis|2021|33","FC-029","SE","FC",2021,33,2021-08-18,"L","Tarsalis","culex",24
"FC029|Pipiens|2021|34","FC-029","SE","FC",2021,34,2021-08-25,"L","Pipiens","culex",3
"FC029|Tarsalis|2021|34","FC-029","SE","FC",2021,34,2021-08-25,"L","Tarsalis","culex",2
"FC029|Pipiens|2021|35","FC-029","SE","FC",2021,35,2021-09-01,"L","Pipiens","culex",2
"FC029|Tarsalis|2021|35","FC-029","SE","FC",2021,35,2021-09-01,"L","Tarsalis","culex",3
"FC029|Pipiens|2022|24","FC-029","SE","FC",2022,24,2022-06-15,"L","Pipiens","culex",0
"FC029|Tarsalis|2022|24","FC-029","SE","FC",2022,24,2022-06-15,"L","Tarsalis","culex",2
"FC029|Pipiens|2022|25","FC-029","SE","FC",2022,25,2022-06-22,"L","Pipiens","culex",0
"FC029|Tarsalis|2022|25","FC-029","SE","FC",2022,25,2022-06-22,"L","Tarsalis","culex",5
"FC029|Pipiens|2022|26","FC-029","SE","FC",2022,26,2022-06-29,"L","Pipiens","culex",1
"FC029|Tarsalis|2022|26","FC-029","SE","FC",2022,26,2022-06-29,"L","Tarsalis","culex",14
"FC029|Pipiens|2022|27","FC-029","SE","FC",2022,27,2022-07-06,"L","Pipiens","culex",0
"FC029|Tarsalis|2022|27","FC-029","SE","FC",2022,27,2022-07-06,"L","Tarsalis","culex",2
"FC029|Pipiens|2022|28","FC-029","SE","FC",2022,28,2022-07-13,"L","Pipiens","culex",4
"FC029|Tarsalis|2022|28","FC-029","SE","FC",2022,28,2022-07-13,"L","Tarsalis","culex",274
"FC029|Pipiens|2022|29","FC-029","SE","FC",2022,29,2022-07-20,"L","Pipiens","culex",4
"FC029|Tarsalis|2022|29","FC-029","SE","FC",2022,29,2022-07-20,"L","Tarsalis","culex",109
"FC029|Pipiens|2022|30","FC-029","SE","FC",2022,30,2022-07-27,"L","Pipiens","culex",2
"FC029|Tarsalis|2022|30","FC-029","SE","FC",2022,30,2022-07-27,"L","Tarsalis","culex",48
"FC029|Pipiens|2022|31","FC-029","SE","FC",2022,31,2022-08-01,"L","Pipiens","culex",12
"FC029|Tarsalis|2022|31","FC-029","SE","FC",2022,31,2022-08-01,"L","Tarsalis","culex",21
"FC029|Pipiens|2022|32","FC-029","SE","FC",2022,32,2022-08-10,"L","Pipiens","culex",15
"FC029|Tarsalis|2022|32","FC-029","SE","FC",2022,32,2022-08-10,"L","Tarsalis","culex",28
"FC029|Pipiens|2022|33","FC-029","SE","FC",2022,33,2022-08-17,"L","Pipiens","culex",24
"FC029|Tarsalis|2022|33","FC-029","SE","FC",2022,33,2022-08-17,"L","Tarsalis","culex",22
"FC029|Pipiens|2022|34","FC-029","SE","FC",2022,34,2022-08-24,"L","Pipiens","culex",20
"FC029|Tarsalis|2022|34","FC-029","SE","FC",2022,34,2022-08-24,"L","Tarsalis","culex",33
"FC029|Pipiens|2022|36","FC-029","SE","FC",2022,36,2022-09-07,"L","Pipiens","culex",12
"FC029|Tarsalis|2022|36","FC-029","SE","FC",2022,36,2022-09-07,"L","Tarsalis","culex",6
"FC029|Pipiens|2022|37","FC-029","SE","FC",2022,37,2022-09-12,"L","Pipiens","culex",3
"FC029|Tarsalis|2022|37","FC-029","SE","FC",2022,37,2022-09-12,"L","Tarsalis","culex",3
"FC029|Pipiens|2023|23","FC-029","SE","FC",2023,23,2023-06-07,"L","Pipiens","culex",2
"FC029|Tarsalis|2023|23","FC-029","SE","FC",2023,23,2023-06-07,"L","Tarsalis","culex",1
"FC029|Pipiens|2023|24","FC-029","SE","FC",2023,24,2023-06-14,"L","Pipiens","culex",1
"FC029|Tarsalis|2023|24","FC-029","SE","FC",2023,24,2023-06-14,"L","Tarsalis","culex",3
"FC029|Pipiens|2023|25","FC-029","SE","FC",2023,25,2023-06-21,"L","Pipiens","culex",1
"FC029|Tarsalis|2023|25","FC-029","SE","FC",2023,25,2023-06-21,"L","Tarsalis","culex",13
"FC029|Pipiens|2023|26","FC-029","SE","FC",2023,26,2023-06-28,"L","Pipiens","culex",0
"FC029|Tarsalis|2023|26","FC-029","SE","FC",2023,26,2023-06-28,"L","Tarsalis","culex",10
"FC029|Pipiens|2023|27","FC-029","SE","FC",2023,27,2023-07-05,"L","Pipiens","culex",2
"FC029|Tarsalis|2023|27","FC-029","SE","FC",2023,27,2023-07-05,"L","Tarsalis","culex",44
"FC029|Pipiens|2023|28","FC-029","SE","FC",2023,28,2023-07-12,"L","Pipiens","culex",11
"FC029|Tarsalis|2023|28","FC-029","SE","FC",2023,28,2023-07-12,"L","Tarsalis","culex",382
"FC029|Pipiens|2023|29","FC-029","SE","FC",2023,29,2023-07-19,"L","Pipiens","culex",14
"FC029|Tarsalis|2023|29","FC-029","SE","FC",2023,29,2023-07-19,"L","Tarsalis","culex",284
"FC029|Pipiens|2023|30","FC-029","SE","FC",2023,30,2023-07-25,"L","Pipiens","culex",0
"FC029|Tarsalis|2023|30","FC-029","SE","FC",2023,30,2023-07-25,"L","Tarsalis","culex",72
"FC029|Pipiens|2023|31","FC-029","SE","FC",2023,31,2023-08-02,"L","Pipiens","culex",8
"FC029|Tarsalis|2023|31","FC-029","SE","FC",2023,31,2023-08-02,"L","Tarsalis","culex",83
"FC029|Pipiens|2023|32","FC-029","SE","FC",2023,32,2023-08-09,"L","Pipiens","culex",1
"FC029|Tarsalis|2023|32","FC-029","SE","FC",2023,32,2023-08-09,"L","Tarsalis","culex",8
"FC029|Pipiens|2023|33","FC-029","SE","FC",2023,33,2023-08-16,"L","Pipiens","culex",0
"FC029|Tarsalis|2023|33","FC-029","SE","FC",2023,33,2023-08-16,"L","Tarsalis","culex",17
"FC029|Pipiens|2023|34","FC-029","SE","FC",2023,34,2023-08-23,"L","Pipiens","culex",3
"FC029|Tarsalis|2023|34","FC-029","SE","FC",2023,34,2023-08-23,"L","Tarsalis","culex",60
"FC029|Pipiens|2023|35","FC-029","SE","FC",2023,35,2023-08-30,"L","Pipiens","culex",0
"FC029|Tarsalis|2023|35","FC-029","SE","FC",2023,35,2023-08-30,"L","Tarsalis","culex",1
"FC029|Pipiens|2023|36","FC-029","SE","FC",2023,36,2023-09-05,"L","Pipiens","culex",2
"FC029|Tarsalis|2023|36","FC-029","SE","FC",2023,36,2023-09-05,"L","Tarsalis","culex",2
"FC029|Pipiens|2023|37","FC-029","SE","FC",2023,37,2023-09-12,"L","Pipiens","culex",1
"FC029|Tarsalis|2023|37","FC-029","SE","FC",2023,37,2023-09-12,"L","Tarsalis","culex",2
"FC029|Pipiens|2024|24","FC-029","SE","FC",2024,24,2024-06-12,"L","Pipiens","culex",0
"FC029|Tarsalis|2024|24","FC-029","SE","FC",2024,24,2024-06-12,"L","Tarsalis","culex",1
"FC029|Pipiens|2024|26","FC-029","SE","FC",2024,26,2024-06-27,"L","Pipiens","culex",0
"FC029|Tarsalis|2024|26","FC-029","SE","FC",2024,26,2024-06-27,"L","Tarsalis","culex",4
"FC029|Pipiens|2024|27","FC-029","SE","FC",2024,27,2024-07-03,"L","Pipiens","culex",2
"FC029|Tarsalis|2024|27","FC-029","SE","FC",2024,27,2024-07-03,"L","Tarsalis","culex",4
"FC029|Pipiens|2024|28","FC-029","SE","FC",2024,28,2024-07-11,"L","Pipiens","culex",3
"FC029|Tarsalis|2024|28","FC-029","SE","FC",2024,28,2024-07-11,"L","Tarsalis","culex",9
"FC029|Pipiens|2024|29","FC-029","SE","FC",2024,29,2024-07-18,"L","Pipiens","culex",4
"FC029|Tarsalis|2024|29","FC-029","SE","FC",2024,29,2024-07-18,"L","Tarsalis","culex",21
"FC029|Pipiens|2024|30","FC-029","SE","FC",2024,30,2024-07-25,"L","Pipiens","culex",2
"FC029|Tarsalis|2024|30","FC-029","SE","FC",2024,30,2024-07-25,"L","Tarsalis","culex",10
"FC029|Pipiens|2024|31","FC-029","SE","FC",2024,31,2024-08-01,"L","Pipiens","culex",2
"FC029|Tarsalis|2024|31","FC-029","SE","FC",2024,31,2024-08-01,"L","Tarsalis","culex",10
"FC029|Pipiens|2024|32","FC-029","SE","FC",2024,32,2024-08-08,"L","Pipiens","culex",18
"FC029|Tarsalis|2024|32","FC-029","SE","FC",2024,32,2024-08-08,"L","Tarsalis","culex",11
"FC029|Pipiens|2024|33","FC-029","SE","FC",2024,33,2024-08-15,"L","Pipiens","culex",3
"FC029|Tarsalis|2024|33","FC-029","SE","FC",2024,33,2024-08-15,"L","Tarsalis","culex",11
"FC029|Pipiens|2024|34","FC-029","SE","FC",2024,34,2024-08-22,"L","Pipiens","culex",7
"FC029|Tarsalis|2024|34","FC-029","SE","FC",2024,34,2024-08-22,"L","Tarsalis","culex",10
"FC029|Pipiens|2024|35","FC-029","SE","FC",2024,35,2024-08-29,"L","Pipiens","culex",7
"FC029|Tarsalis|2024|35","FC-029","SE","FC",2024,35,2024-08-29,"L","Tarsalis","culex",11
"FC029|Pipiens|2024|36","FC-029","SE","FC",2024,36,2024-09-05,"L","Pipiens","culex",1
"FC029|Tarsalis|2024|36","FC-029","SE","FC",2024,36,2024-09-05,"L","Tarsalis","culex",4
"FC029|Pipiens|2024|37","FC-029","SE","FC",2024,37,2024-09-12,"L","Pipiens","culex",3
"FC029|Tarsalis|2024|37","FC-029","SE","FC",2024,37,2024-09-12,"L","Tarsalis","culex",1
"FC029|Pipiens|2025|25","FC-029","SE","FC",2025,25,2025-06-19,"L","Pipiens","culex",0
"FC029|Tarsalis|2025|25","FC-029","SE","FC",2025,25,2025-06-19,"L","Tarsalis","culex",4
"FC029|Pipiens|2025|26","FC-029","SE","FC",2025,26,2025-06-26,"L","Pipiens","culex",0
"FC029|Tarsalis|2025|26","FC-029","SE","FC",2025,26,2025-06-26,"L","Tarsalis","culex",7
"FC029|Pipiens|2025|27","FC-029","SE","FC",2025,27,2025-07-03,"L","Pipiens","culex",5
"FC029|Tarsalis|2025|27","FC-029","SE","FC",2025,27,2025-07-03,"L","Tarsalis","culex",39
"FC029|Pipiens|2025|28","FC-029","SE","FC",2025,28,2025-07-10,"L","Pipiens","culex",0
"FC029|Tarsalis|2025|28","FC-029","SE","FC",2025,28,2025-07-10,"L","Tarsalis","culex",84
"FC029|Pipiens|2025|29","FC-029","SE","FC",2025,29,2025-07-17,"L","Pipiens","culex",12
"FC029|Tarsalis|2025|29","FC-029","SE","FC",2025,29,2025-07-17,"L","Tarsalis","culex",66
"FC029|Pipiens|2025|31","FC-029","SE","FC",2025,31,2025-07-31,"L","Pipiens","culex",1
"FC029|Tarsalis|2025|31","FC-029","SE","FC",2025,31,2025-07-31,"L","Tarsalis","culex",3
"FC029|Pipiens|2025|32","FC-029","SE","FC",2025,32,2025-08-07,"L","Pipiens","culex",5
"FC029|Tarsalis|2025|32","FC-029","SE","FC",2025,32,2025-08-07,"L","Tarsalis","culex",25
"FC029|Pipiens|2025|33","FC-029","SE","FC",2025,33,2025-08-14,"L","Pipiens","culex",2
"FC029|Tarsalis|2025|33","FC-029","SE","FC",2025,33,2025-08-14,"L","Tarsalis","culex",12
"FC029|Pipiens|2025|34","FC-029","SE","FC",2025,34,2025-08-21,"L","Pipiens","culex",1
"FC029|Tarsalis|2025|34","FC-029","SE","FC",2025,34,2025-08-21,"L","Tarsalis","culex",8
"FC029|Pipiens|2025|35","FC-029","SE","FC",2025,35,2025-08-28,"L","Pipiens","culex",2
"FC029|Tarsalis|2025|35","FC-029","SE","FC",2025,35,2025-08-28,"L","Tarsalis","culex",3
"FC029|Pipiens|2025|36","FC-029","SE","FC",2025,36,2025-09-04,"L","Pipiens","culex",0
"FC029|Tarsalis|2025|36","FC-029","SE","FC",2025,36,2025-09-04,"L","Tarsalis","culex",6
"FC029GR|Pipiens|2020|23","FC-029GR","SE","FC",2020,23,2020-06-03,"G","Pipiens","culex",17
"FC029GR|Tarsalis|2020|23","FC-029GR","SE","FC",2020,23,2020-06-03,"G","Tarsalis","culex",0
"FC029GR|Pipiens|2020|24","FC-029GR","SE","FC",2020,24,2020-06-10,"G","Pipiens","culex",33
"FC029GR|Tarsalis|2020|24","FC-029GR","SE","FC",2020,24,2020-06-10,"G","Tarsalis","culex",0
"FC029GR|Pipiens|2020|25","FC-029GR","SE","FC",2020,25,2020-06-17,"G","Pipiens","culex",31
"FC029GR|Tarsalis|2020|25","FC-029GR","SE","FC",2020,25,2020-06-17,"G","Tarsalis","culex",0
"FC029GR|Pipiens|2020|26","FC-029GR","SE","FC",2020,26,2020-06-24,"G","Pipiens","culex",63
"FC029GR|Tarsalis|2020|26","FC-029GR","SE","FC",2020,26,2020-06-24,"G","Tarsalis","culex",0
"FC029GR|Pipiens|2020|27","FC-029GR","SE","FC",2020,27,2020-07-01,"G","Pipiens","culex",2
"FC029GR|Tarsalis|2020|27","FC-029GR","SE","FC",2020,27,2020-07-01,"G","Tarsalis","culex",0
"FC029GR|Pipiens|2020|28","FC-029GR","SE","FC",2020,28,2020-07-08,"G","Pipiens","culex",315
"FC029GR|Tarsalis|2020|28","FC-029GR","SE","FC",2020,28,2020-07-08,"G","Tarsalis","culex",0
"FC029GR|Pipiens|2020|30","FC-029GR","SE","FC",2020,30,2020-07-22,"G","Pipiens","culex",55
"FC029GR|Tarsalis|2020|30","FC-029GR","SE","FC",2020,30,2020-07-22,"G","Tarsalis","culex",0
"FC029GR|Pipiens|2020|31","FC-029GR","SE","FC",2020,31,2020-07-29,"G","Pipiens","culex",21
"FC029GR|Tarsalis|2020|31","FC-029GR","SE","FC",2020,31,2020-07-29,"G","Tarsalis","culex",0
"FC029GR|Pipiens|2020|32","FC-029GR","SE","FC",2020,32,2020-08-05,"G","Pipiens","culex",40
"FC029GR|Tarsalis|2020|32","FC-029GR","SE","FC",2020,32,2020-08-05,"G","Tarsalis","culex",0
"FC029GR|Pipiens|2020|33","FC-029GR","SE","FC",2020,33,2020-08-12,"G","Pipiens","culex",149
"FC029GR|Tarsalis|2020|33","FC-029GR","SE","FC",2020,33,2020-08-12,"G","Tarsalis","culex",0
"FC029GR|Pipiens|2020|34","FC-029GR","SE","FC",2020,34,2020-08-19,"G","Pipiens","culex",90
"FC029GR|Tarsalis|2020|34","FC-029GR","SE","FC",2020,34,2020-08-19,"G","Tarsalis","culex",0
"FC029GR|Pipiens|2020|35","FC-029GR","SE","FC",2020,35,2020-08-26,"G","Pipiens","culex",31
"FC029GR|Tarsalis|2020|35","FC-029GR","SE","FC",2020,35,2020-08-26,"G","Tarsalis","culex",0
"FC029GR|Pipiens|2020|36","FC-029GR","SE","FC",2020,36,2020-09-02,"G","Pipiens","culex",25
"FC029GR|Tarsalis|2020|36","FC-029GR","SE","FC",2020,36,2020-09-02,"G","Tarsalis","culex",0
"FC029GR|Pipiens|2021|25","FC-029GR","SE","FC",2021,25,2021-06-23,"G","Pipiens","culex",34
"FC029GR|Tarsalis|2021|25","FC-029GR","SE","FC",2021,25,2021-06-23,"G","Tarsalis","culex",0
"FC029GR|Pipiens|2021|26","FC-029GR","SE","FC",2021,26,2021-06-30,"G","Pipiens","culex",43
"FC029GR|Tarsalis|2021|26","FC-029GR","SE","FC",2021,26,2021-06-30,"G","Tarsalis","culex",0
"FC029GR|Pipiens|2021|27","FC-029GR","SE","FC",2021,27,2021-07-07,"G","Pipiens","culex",71
"FC029GR|Tarsalis|2021|27","FC-029GR","SE","FC",2021,27,2021-07-07,"G","Tarsalis","culex",0
"FC029GR|Pipiens|2021|28","FC-029GR","SE","FC",2021,28,2021-07-14,"G","Pipiens","culex",6
"FC029GR|Tarsalis|2021|28","FC-029GR","SE","FC",2021,28,2021-07-14,"G","Tarsalis","culex",0
"FC029GR|Pipiens|2021|30","FC-029GR","SE","FC",2021,30,2021-07-28,"G","Pipiens","culex",168
"FC029GR|Tarsalis|2021|30","FC-029GR","SE","FC",2021,30,2021-07-28,"G","Tarsalis","culex",0
"FC029GR|Pipiens|2021|31","FC-029GR","SE","FC",2021,31,2021-08-04,"G","Pipiens","culex",55
"FC029GR|Tarsalis|2021|31","FC-029GR","SE","FC",2021,31,2021-08-04,"G","Tarsalis","culex",2
"FC029GR|Pipiens|2021|32","FC-029GR","SE","FC",2021,32,2021-08-11,"G","Pipiens","culex",57
"FC029GR|Tarsalis|2021|32","FC-029GR","SE","FC",2021,32,2021-08-11,"G","Tarsalis","culex",2
"FC029GR|Pipiens|2021|33","FC-029GR","SE","FC",2021,33,2021-08-18,"G","Pipiens","culex",336
"FC029GR|Tarsalis|2021|33","FC-029GR","SE","FC",2021,33,2021-08-18,"G","Tarsalis","culex",0
"FC029GR|Pipiens|2021|34","FC-029GR","SE","FC",2021,34,2021-08-25,"G","Pipiens","culex",47
"FC029GR|Tarsalis|2021|34","FC-029GR","SE","FC",2021,34,2021-08-25,"G","Tarsalis","culex",0
"FC029GR|Pipiens|2021|35","FC-029GR","SE","FC",2021,35,2021-09-01,"G","Pipiens","culex",77
"FC029GR|Tarsalis|2021|35","FC-029GR","SE","FC",2021,35,2021-09-01,"G","Tarsalis","culex",0
"FC029GR|Pipiens|2021|36","FC-029GR","SE","FC",2021,36,2021-09-08,"G","Pipiens","culex",47
"FC029GR|Tarsalis|2021|36","FC-029GR","SE","FC",2021,36,2021-09-08,"G","Tarsalis","culex",0
"FC029GR|Pipiens|2022|23","FC-029GR","SE","FC",2022,23,2022-06-08,"G","Pipiens","culex",44
"FC029GR|Tarsalis|2022|23","FC-029GR","SE","FC",2022,23,2022-06-08,"G","Tarsalis","culex",0
"FC029GR|Pipiens|2022|24","FC-029GR","SE","FC",2022,24,2022-06-15,"G","Pipiens","culex",22
"FC029GR|Tarsalis|2022|24","FC-029GR","SE","FC",2022,24,2022-06-15,"G","Tarsalis","culex",0
"FC029GR|Pipiens|2022|25","FC-029GR","SE","FC",2022,25,2022-06-22,"G","Pipiens","culex",6
"FC029GR|Tarsalis|2022|25","FC-029GR","SE","FC",2022,25,2022-06-22,"G","Tarsalis","culex",0
"FC029GR|Pipiens|2022|26","FC-029GR","SE","FC",2022,26,2022-06-29,"G","Pipiens","culex",21
"FC029GR|Tarsalis|2022|26","FC-029GR","SE","FC",2022,26,2022-06-29,"G","Tarsalis","culex",1
"FC029GR|Pipiens|2022|27","FC-029GR","SE","FC",2022,27,2022-07-06,"G","Pipiens","culex",34
"FC029GR|Tarsalis|2022|27","FC-029GR","SE","FC",2022,27,2022-07-06,"G","Tarsalis","culex",1
"FC029GR|Pipiens|2022|28","FC-029GR","SE","FC",2022,28,2022-07-13,"G","Pipiens","culex",13
"FC029GR|Tarsalis|2022|28","FC-029GR","SE","FC",2022,28,2022-07-13,"G","Tarsalis","culex",0
"FC029GR|Pipiens|2022|29","FC-029GR","SE","FC",2022,29,2022-07-20,"G","Pipiens","culex",99
"FC029GR|Tarsalis|2022|29","FC-029GR","SE","FC",2022,29,2022-07-20,"G","Tarsalis","culex",0
"FC029GR|Pipiens|2022|30","FC-029GR","SE","FC",2022,30,2022-07-27,"G","Pipiens","culex",11
"FC029GR|Tarsalis|2022|30","FC-029GR","SE","FC",2022,30,2022-07-27,"G","Tarsalis","culex",0
"FC029GR|Pipiens|2022|31","FC-029GR","SE","FC",2022,31,2022-08-01,"G","Pipiens","culex",47
"FC029GR|Tarsalis|2022|31","FC-029GR","SE","FC",2022,31,2022-08-01,"G","Tarsalis","culex",0
"FC029GR|Pipiens|2022|32","FC-029GR","SE","FC",2022,32,2022-08-10,"G","Pipiens","culex",10
"FC029GR|Tarsalis|2022|32","FC-029GR","SE","FC",2022,32,2022-08-10,"G","Tarsalis","culex",0
"FC029GR|Pipiens|2022|33","FC-029GR","SE","FC",2022,33,2022-08-17,"G","Pipiens","culex",16
"FC029GR|Tarsalis|2022|33","FC-029GR","SE","FC",2022,33,2022-08-17,"G","Tarsalis","culex",0
"FC029GR|Pipiens|2022|34","FC-029GR","SE","FC",2022,34,2022-08-28,"G","Pipiens","culex",48
"FC029GR|Tarsalis|2022|34","FC-029GR","SE","FC",2022,34,2022-08-28,"G","Tarsalis","culex",0
"FC029GR|Pipiens|2022|36","FC-029GR","SE","FC",2022,36,2022-09-07,"G","Pipiens","culex",33
"FC029GR|Tarsalis|2022|36","FC-029GR","SE","FC",2022,36,2022-09-07,"G","Tarsalis","culex",1
"FC029GR|Pipiens|2022|37","FC-029GR","SE","FC",2022,37,2022-09-12,"G","Pipiens","culex",19
"FC029GR|Tarsalis|2022|37","FC-029GR","SE","FC",2022,37,2022-09-12,"G","Tarsalis","culex",0
"FC029GR|Pipiens|2023|24","FC-029GR","SE","FC",2023,24,2023-06-14,"G","Pipiens","culex",29
"FC029GR|Tarsalis|2023|24","FC-029GR","SE","FC",2023,24,2023-06-14,"G","Tarsalis","culex",0
"FC029GR|Pipiens|2023|25","FC-029GR","SE","FC",2023,25,2023-06-21,"G","Pipiens","culex",1
"FC029GR|Tarsalis|2023|25","FC-029GR","SE","FC",2023,25,2023-06-21,"G","Tarsalis","culex",1
"FC029GR|Pipiens|2023|26","FC-029GR","SE","FC",2023,26,2023-06-28,"G","Pipiens","culex",21
"FC029GR|Tarsalis|2023|26","FC-029GR","SE","FC",2023,26,2023-06-28,"G","Tarsalis","culex",2
"FC029GR|Pipiens|2023|27","FC-029GR","SE","FC",2023,27,2023-07-05,"G","Pipiens","culex",2
"FC029GR|Tarsalis|2023|27","FC-029GR","SE","FC",2023,27,2023-07-05,"G","Tarsalis","culex",1
"FC029GR|Pipiens|2023|28","FC-029GR","SE","FC",2023,28,2023-07-12,"G","Pipiens","culex",85
"FC029GR|Tarsalis|2023|28","FC-029GR","SE","FC",2023,28,2023-07-12,"G","Tarsalis","culex",4
"FC029GR|Pipiens|2023|29","FC-029GR","SE","FC",2023,29,2023-07-19,"G","Pipiens","culex",15
"FC029GR|Tarsalis|2023|29","FC-029GR","SE","FC",2023,29,2023-07-19,"G","Tarsalis","culex",0
"FC029GR|Pipiens|2023|31","FC-029GR","SE","FC",2023,31,2023-08-02,"G","Pipiens","culex",46
"FC029GR|Tarsalis|2023|31","FC-029GR","SE","FC",2023,31,2023-08-02,"G","Tarsalis","culex",0
"FC029GR|Pipiens|2023|32","FC-029GR","SE","FC",2023,32,2023-08-09,"G","Pipiens","culex",25
"FC029GR|Tarsalis|2023|32","FC-029GR","SE","FC",2023,32,2023-08-09,"G","Tarsalis","culex",4
"FC029GR|Pipiens|2023|33","FC-029GR","SE","FC",2023,33,2023-08-16,"G","Pipiens","culex",144
"FC029GR|Tarsalis|2023|33","FC-029GR","SE","FC",2023,33,2023-08-16,"G","Tarsalis","culex",0
"FC029GR|Pipiens|2023|34","FC-029GR","SE","FC",2023,34,2023-08-23,"G","Pipiens","culex",22
"FC029GR|Tarsalis|2023|34","FC-029GR","SE","FC",2023,34,2023-08-23,"G","Tarsalis","culex",0
"FC029GR|Pipiens|2023|35","FC-029GR","SE","FC",2023,35,2023-08-30,"G","Pipiens","culex",43
"FC029GR|Tarsalis|2023|35","FC-029GR","SE","FC",2023,35,2023-08-30,"G","Tarsalis","culex",0
"FC029GR|Pipiens|2023|36","FC-029GR","SE","FC",2023,36,2023-09-05,"G","Pipiens","culex",5
"FC029GR|Tarsalis|2023|36","FC-029GR","SE","FC",2023,36,2023-09-05,"G","Tarsalis","culex",0
"FC029GR|Pipiens|2023|37","FC-029GR","SE","FC",2023,37,2023-09-12,"G","Pipiens","culex",10
"FC029GR|Tarsalis|2023|37","FC-029GR","SE","FC",2023,37,2023-09-12,"G","Tarsalis","culex",0
"FC029GR|Pipiens|2024|23","FC-029GR","SE","FC",2024,23,2024-06-05,"G","Pipiens","culex",5
"FC029GR|Tarsalis|2024|23","FC-029GR","SE","FC",2024,23,2024-06-05,"G","Tarsalis","culex",0
"FC029GR|Pipiens|2024|24","FC-029GR","SE","FC",2024,24,2024-06-12,"G","Pipiens","culex",37
"FC029GR|Tarsalis|2024|24","FC-029GR","SE","FC",2024,24,2024-06-12,"G","Tarsalis","culex",0
"FC029GR|Pipiens|2024|25","FC-029GR","SE","FC",2024,25,2024-06-20,"G","Pipiens","culex",4
"FC029GR|Tarsalis|2024|25","FC-029GR","SE","FC",2024,25,2024-06-20,"G","Tarsalis","culex",0
"FC029GR|Pipiens|2024|26","FC-029GR","SE","FC",2024,26,2024-06-27,"G","Pipiens","culex",18
"FC029GR|Tarsalis|2024|26","FC-029GR","SE","FC",2024,26,2024-06-27,"G","Tarsalis","culex",0
"FC029GR|Pipiens|2024|28","FC-029GR","SE","FC",2024,28,2024-07-11,"G","Pipiens","culex",30
"FC029GR|Tarsalis|2024|28","FC-029GR","SE","FC",2024,28,2024-07-11,"G","Tarsalis","culex",0
"FC029GR|Pipiens|2024|29","FC-029GR","SE","FC",2024,29,2024-07-18,"G","Pipiens","culex",12
"FC029GR|Tarsalis|2024|29","FC-029GR","SE","FC",2024,29,2024-07-18,"G","Tarsalis","culex",0
"FC029GR|Pipiens|2024|30","FC-029GR","SE","FC",2024,30,2024-07-25,"G","Pipiens","culex",14
"FC029GR|Tarsalis|2024|30","FC-029GR","SE","FC",2024,30,2024-07-25,"G","Tarsalis","culex",0
"FC029GR|Pipiens|2024|31","FC-029GR","SE","FC",2024,31,2024-08-01,"G","Pipiens","culex",50
"FC029GR|Tarsalis|2024|31","FC-029GR","SE","FC",2024,31,2024-08-01,"G","Tarsalis","culex",0
"FC029GR|Pipiens|2024|32","FC-029GR","SE","FC",2024,32,2024-08-08,"G","Pipiens","culex",21
"FC029GR|Tarsalis|2024|32","FC-029GR","SE","FC",2024,32,2024-08-08,"G","Tarsalis","culex",0
"FC029GR|Pipiens|2024|33","FC-029GR","SE","FC",2024,33,2024-08-15,"G","Pipiens","culex",19
"FC029GR|Tarsalis|2024|33","FC-029GR","SE","FC",2024,33,2024-08-15,"G","Tarsalis","culex",0
"FC029GR|Pipiens|2024|34","FC-029GR","SE","FC",2024,34,2024-08-22,"G","Pipiens","culex",36
"FC029GR|Tarsalis|2024|34","FC-029GR","SE","FC",2024,34,2024-08-22,"G","Tarsalis","culex",0
"FC029GR|Pipiens|2024|35","FC-029GR","SE","FC",2024,35,2024-08-29,"G","Pipiens","culex",19
"FC029GR|Tarsalis|2024|35","FC-029GR","SE","FC",2024,35,2024-08-29,"G","Tarsalis","culex",0
"FC029GR|Pipiens|2024|36","FC-029GR","SE","FC",2024,36,2024-09-05,"G","Pipiens","culex",21
"FC029GR|Tarsalis|2024|36","FC-029GR","SE","FC",2024,36,2024-09-05,"G","Tarsalis","culex",0
"FC029GR|Pipiens|2024|37","FC-029GR","SE","FC",2024,37,2024-09-12,"G","Pipiens","culex",6
"FC029GR|Tarsalis|2024|37","FC-029GR","SE","FC",2024,37,2024-09-12,"G","Tarsalis","culex",0
"FC029GR|Pipiens|2025|25","FC-029GR","SE","FC",2025,25,2025-06-19,"G","Pipiens","culex",12
"FC029GR|Tarsalis|2025|25","FC-029GR","SE","FC",2025,25,2025-06-19,"G","Tarsalis","culex",0
"FC029GR|Pipiens|2025|26","FC-029GR","SE","FC",2025,26,2025-06-26,"G","Pipiens","culex",4
"FC029GR|Tarsalis|2025|26","FC-029GR","SE","FC",2025,26,2025-06-26,"G","Tarsalis","culex",0
"FC029GR|Pipiens|2025|27","FC-029GR","SE","FC",2025,27,2025-07-03,"G","Pipiens","culex",133
"FC029GR|Tarsalis|2025|27","FC-029GR","SE","FC",2025,27,2025-07-03,"G","Tarsalis","culex",0
"FC029GR|Pipiens|2025|28","FC-029GR","SE","FC",2025,28,2025-07-10,"G","Pipiens","culex",247
"FC029GR|Tarsalis|2025|28","FC-029GR","SE","FC",2025,28,2025-07-10,"G","Tarsalis","culex",7
"FC029GR|Pipiens|2025|29","FC-029GR","SE","FC",2025,29,2025-07-17,"G","Pipiens","culex",29
"FC029GR|Tarsalis|2025|29","FC-029GR","SE","FC",2025,29,2025-07-17,"G","Tarsalis","culex",0
"FC029GR|Pipiens|2025|30","FC-029GR","SE","FC",2025,30,2025-07-24,"G","Pipiens","culex",49
"FC029GR|Tarsalis|2025|30","FC-029GR","SE","FC",2025,30,2025-07-24,"G","Tarsalis","culex",0
"FC029GR|Pipiens|2025|31","FC-029GR","SE","FC",2025,31,2025-07-31,"G","Pipiens","culex",16
"FC029GR|Tarsalis|2025|31","FC-029GR","SE","FC",2025,31,2025-07-31,"G","Tarsalis","culex",0
"FC029GR|Pipiens|2025|32","FC-029GR","SE","FC",2025,32,2025-08-07,"G","Pipiens","culex",96
"FC029GR|Tarsalis|2025|32","FC-029GR","SE","FC",2025,32,2025-08-07,"G","Tarsalis","culex",0
"FC029GR|Pipiens|2025|33","FC-029GR","SE","FC",2025,33,2025-08-14,"G","Pipiens","culex",116
"FC029GR|Tarsalis|2025|33","FC-029GR","SE","FC",2025,33,2025-08-14,"G","Tarsalis","culex",1
"FC029GR|Pipiens|2025|34","FC-029GR","SE","FC",2025,34,2025-08-21,"G","Pipiens","culex",55
"FC029GR|Tarsalis|2025|34","FC-029GR","SE","FC",2025,34,2025-08-21,"G","Tarsalis","culex",0
"FC029GR|Pipiens|2025|35","FC-029GR","SE","FC",2025,35,2025-08-28,"G","Pipiens","culex",19
"FC029GR|Tarsalis|2025|35","FC-029GR","SE","FC",2025,35,2025-08-28,"G","Tarsalis","culex",0
"FC029GR|Pipiens|2025|36","FC-029GR","SE","FC",2025,36,2025-09-04,"G","Pipiens","culex",16
"FC029GR|Tarsalis|2025|36","FC-029GR","SE","FC",2025,36,2025-09-04,"G","Tarsalis","culex",0
"FC031|Pipiens|2020|23","FC-031","SE","FC",2020,23,2020-06-01,"L","Pipiens","culex",0
"FC031|Tarsalis|2020|23","FC-031","SE","FC",2020,23,2020-06-01,"L","Tarsalis","culex",1
"FC031|Pipiens|2020|25","FC-031","SE","FC",2020,25,2020-06-15,"L","Pipiens","culex",0
"FC031|Tarsalis|2020|25","FC-031","SE","FC",2020,25,2020-06-15,"L","Tarsalis","culex",8
"FC031|Pipiens|2020|26","FC-031","SE","FC",2020,26,2020-06-22,"L","Pipiens","culex",0
"FC031|Tarsalis|2020|26","FC-031","SE","FC",2020,26,2020-06-22,"L","Tarsalis","culex",21
"FC031|Pipiens|2020|27","FC-031","SE","FC",2020,27,2020-06-29,"L","Pipiens","culex",1
"FC031|Tarsalis|2020|27","FC-031","SE","FC",2020,27,2020-06-29,"L","Tarsalis","culex",15
"FC031|Pipiens|2020|28","FC-031","SE","FC",2020,28,2020-07-06,"L","Pipiens","culex",2
"FC031|Tarsalis|2020|28","FC-031","SE","FC",2020,28,2020-07-06,"L","Tarsalis","culex",38
"FC031|Pipiens|2020|29","FC-031","SE","FC",2020,29,2020-07-13,"L","Pipiens","culex",3
"FC031|Tarsalis|2020|29","FC-031","SE","FC",2020,29,2020-07-13,"L","Tarsalis","culex",67
"FC031|Pipiens|2020|30","FC-031","SE","FC",2020,30,2020-07-20,"L","Pipiens","culex",0
"FC031|Tarsalis|2020|30","FC-031","SE","FC",2020,30,2020-07-20,"L","Tarsalis","culex",118
"FC031|Pipiens|2020|31","FC-031","SE","FC",2020,31,2020-07-27,"L","Pipiens","culex",0
"FC031|Tarsalis|2020|31","FC-031","SE","FC",2020,31,2020-07-27,"L","Tarsalis","culex",116
"FC031|Pipiens|2020|32","FC-031","SE","FC",2020,32,2020-08-03,"L","Pipiens","culex",0
"FC031|Tarsalis|2020|32","FC-031","SE","FC",2020,32,2020-08-03,"L","Tarsalis","culex",36
"FC031|Pipiens|2020|33","FC-031","SE","FC",2020,33,2020-08-10,"L","Pipiens","culex",1
"FC031|Tarsalis|2020|33","FC-031","SE","FC",2020,33,2020-08-10,"L","Tarsalis","culex",1
"FC031|Pipiens|2020|34","FC-031","SE","FC",2020,34,2020-08-17,"L","Pipiens","culex",5
"FC031|Tarsalis|2020|34","FC-031","SE","FC",2020,34,2020-08-17,"L","Tarsalis","culex",35
"FC031|Pipiens|2020|35","FC-031","SE","FC",2020,35,2020-08-24,"L","Pipiens","culex",6
"FC031|Tarsalis|2020|35","FC-031","SE","FC",2020,35,2020-08-24,"L","Tarsalis","culex",15
"FC031|Pipiens|2020|36","FC-031","SE","FC",2020,36,2020-08-31,"L","Pipiens","culex",1
"FC031|Tarsalis|2020|36","FC-031","SE","FC",2020,36,2020-08-31,"L","Tarsalis","culex",1
"FC031|Pipiens|2021|25","FC-031","SE","FC",2021,25,2021-06-22,"L","Pipiens","culex",0
"FC031|Tarsalis|2021|25","FC-031","SE","FC",2021,25,2021-06-22,"L","Tarsalis","culex",17
"FC031|Pipiens|2021|26","FC-031","SE","FC",2021,26,2021-06-28,"L","Pipiens","culex",3
"FC031|Tarsalis|2021|26","FC-031","SE","FC",2021,26,2021-06-28,"L","Tarsalis","culex",29
"FC031|Pipiens|2021|27","FC-031","SE","FC",2021,27,2021-07-06,"L","Pipiens","culex",0
"FC031|Tarsalis|2021|27","FC-031","SE","FC",2021,27,2021-07-06,"L","Tarsalis","culex",11
"FC031|Pipiens|2021|28","FC-031","SE","FC",2021,28,2021-07-12,"L","Pipiens","culex",0
"FC031|Tarsalis|2021|28","FC-031","SE","FC",2021,28,2021-07-12,"L","Tarsalis","culex",105
"FC031|Pipiens|2021|29","FC-031","SE","FC",2021,29,2021-07-19,"L","Pipiens","culex",0
"FC031|Tarsalis|2021|29","FC-031","SE","FC",2021,29,2021-07-19,"L","Tarsalis","culex",82
"FC031|Pipiens|2021|31","FC-031","SE","FC",2021,31,2021-08-02,"L","Pipiens","culex",15
"FC031|Tarsalis|2021|31","FC-031","SE","FC",2021,31,2021-08-02,"L","Tarsalis","culex",132
"FC031|Pipiens|2021|32","FC-031","SE","FC",2021,32,2021-08-09,"L","Pipiens","culex",0
"FC031|Tarsalis|2021|32","FC-031","SE","FC",2021,32,2021-08-09,"L","Tarsalis","culex",5
"FC031|Pipiens|2021|33","FC-031","SE","FC",2021,33,2021-08-16,"L","Pipiens","culex",4
"FC031|Tarsalis|2021|33","FC-031","SE","FC",2021,33,2021-08-16,"L","Tarsalis","culex",4
"FC031|Pipiens|2021|34","FC-031","SE","FC",2021,34,2021-08-29,"L","Pipiens","culex",5
"FC031|Tarsalis|2021|34","FC-031","SE","FC",2021,34,2021-08-29,"L","Tarsalis","culex",14
"FC031|Pipiens|2021|36","FC-031","SE","FC",2021,36,2021-09-06,"L","Pipiens","culex",0
"FC031|Tarsalis|2021|36","FC-031","SE","FC",2021,36,2021-09-06,"L","Tarsalis","culex",3
"FC031|Pipiens|2022|23","FC-031","SE","FC",2022,23,2022-06-06,"L","Pipiens","culex",0
"FC031|Tarsalis|2022|23","FC-031","SE","FC",2022,23,2022-06-06,"L","Tarsalis","culex",1
"FC031|Pipiens|2022|24","FC-031","SE","FC",2022,24,2022-06-13,"L","Pipiens","culex",0
"FC031|Tarsalis|2022|24","FC-031","SE","FC",2022,24,2022-06-13,"L","Tarsalis","culex",8
"FC031|Pipiens|2022|25","FC-031","SE","FC",2022,25,2022-06-20,"L","Pipiens","culex",0
"FC031|Tarsalis|2022|25","FC-031","SE","FC",2022,25,2022-06-20,"L","Tarsalis","culex",18
"FC031|Pipiens|2022|26","FC-031","SE","FC",2022,26,2022-06-27,"L","Pipiens","culex",0
"FC031|Tarsalis|2022|26","FC-031","SE","FC",2022,26,2022-06-27,"L","Tarsalis","culex",22
"FC031|Pipiens|2022|27","FC-031","SE","FC",2022,27,2022-07-05,"L","Pipiens","culex",2
"FC031|Tarsalis|2022|27","FC-031","SE","FC",2022,27,2022-07-05,"L","Tarsalis","culex",353
"FC031|Pipiens|2022|28","FC-031","SE","FC",2022,28,2022-07-11,"L","Pipiens","culex",1
"FC031|Tarsalis|2022|28","FC-031","SE","FC",2022,28,2022-07-11,"L","Tarsalis","culex",129
"FC031|Pipiens|2022|29","FC-031","SE","FC",2022,29,2022-07-18,"L","Pipiens","culex",4
"FC031|Tarsalis|2022|29","FC-031","SE","FC",2022,29,2022-07-18,"L","Tarsalis","culex",94
"FC031|Pipiens|2022|30","FC-031","SE","FC",2022,30,2022-07-25,"L","Pipiens","culex",5
"FC031|Tarsalis|2022|30","FC-031","SE","FC",2022,30,2022-07-25,"L","Tarsalis","culex",75
"FC031|Pipiens|2022|31","FC-031","SE","FC",2022,31,2022-08-01,"L","Pipiens","culex",3
"FC031|Tarsalis|2022|31","FC-031","SE","FC",2022,31,2022-08-01,"L","Tarsalis","culex",32
"FC031|Pipiens|2022|32","FC-031","SE","FC",2022,32,2022-08-08,"L","Pipiens","culex",1
"FC031|Tarsalis|2022|32","FC-031","SE","FC",2022,32,2022-08-08,"L","Tarsalis","culex",31
"FC031|Pipiens|2022|33","FC-031","SE","FC",2022,33,2022-08-15,"L","Pipiens","culex",3
"FC031|Tarsalis|2022|33","FC-031","SE","FC",2022,33,2022-08-15,"L","Tarsalis","culex",43
"FC031|Pipiens|2022|34","FC-031","SE","FC",2022,34,2022-08-22,"L","Pipiens","culex",7
"FC031|Tarsalis|2022|34","FC-031","SE","FC",2022,34,2022-08-22,"L","Tarsalis","culex",60
"FC031|Pipiens|2022|35","FC-031","SE","FC",2022,35,2022-08-30,"L","Pipiens","culex",12
"FC031|Tarsalis|2022|35","FC-031","SE","FC",2022,35,2022-08-30,"L","Tarsalis","culex",26
"FC031|Pipiens|2022|36","FC-031","SE","FC",2022,36,2022-09-07,"L","Pipiens","culex",3
"FC031|Tarsalis|2022|36","FC-031","SE","FC",2022,36,2022-09-07,"L","Tarsalis","culex",5
"FC031|Pipiens|2022|37","FC-031","SE","FC",2022,37,2022-09-12,"L","Pipiens","culex",1
"FC031|Tarsalis|2022|37","FC-031","SE","FC",2022,37,2022-09-12,"L","Tarsalis","culex",0
"FC031|Pipiens|2023|23","FC-031","SE","FC",2023,23,2023-06-05,"L","Pipiens","culex",2
"FC031|Tarsalis|2023|23","FC-031","SE","FC",2023,23,2023-06-05,"L","Tarsalis","culex",7
"FC031|Pipiens|2023|24","FC-031","SE","FC",2023,24,2023-06-12,"L","Pipiens","culex",1
"FC031|Tarsalis|2023|24","FC-031","SE","FC",2023,24,2023-06-12,"L","Tarsalis","culex",10
"FC031|Pipiens|2023|25","FC-031","SE","FC",2023,25,2023-06-19,"L","Pipiens","culex",2
"FC031|Tarsalis|2023|25","FC-031","SE","FC",2023,25,2023-06-19,"L","Tarsalis","culex",71
"FC031|Pipiens|2023|26","FC-031","SE","FC",2023,26,2023-06-26,"L","Pipiens","culex",0
"FC031|Tarsalis|2023|26","FC-031","SE","FC",2023,26,2023-06-26,"L","Tarsalis","culex",350
"FC031|Pipiens|2023|27","FC-031","SE","FC",2023,27,2023-07-03,"L","Pipiens","culex",13
"FC031|Tarsalis|2023|27","FC-031","SE","FC",2023,27,2023-07-03,"L","Tarsalis","culex",1377
"FC031|Pipiens|2023|28","FC-031","SE","FC",2023,28,2023-07-10,"L","Pipiens","culex",26
"FC031|Tarsalis|2023|28","FC-031","SE","FC",2023,28,2023-07-10,"L","Tarsalis","culex",492
"FC031|Pipiens|2023|29","FC-031","SE","FC",2023,29,2023-07-17,"L","Pipiens","culex",26
"FC031|Tarsalis|2023|29","FC-031","SE","FC",2023,29,2023-07-17,"L","Tarsalis","culex",794
"FC031|Pipiens|2023|30","FC-031","SE","FC",2023,30,2023-07-30,"L","Pipiens","culex",44
"FC031|Tarsalis|2023|30","FC-031","SE","FC",2023,30,2023-07-30,"L","Tarsalis","culex",627
"FC031|Pipiens|2023|32","FC-031","SE","FC",2023,32,2023-08-08,"L","Pipiens","culex",0
"FC031|Tarsalis|2023|32","FC-031","SE","FC",2023,32,2023-08-08,"L","Tarsalis","culex",41
"FC031|Pipiens|2023|33","FC-031","SE","FC",2023,33,2023-08-20,"L","Pipiens","culex",28
"FC031|Tarsalis|2023|33","FC-031","SE","FC",2023,33,2023-08-20,"L","Tarsalis","culex",164
"FC031|Pipiens|2023|35","FC-031","SE","FC",2023,35,2023-08-28,"L","Pipiens","culex",0
"FC031|Tarsalis|2023|35","FC-031","SE","FC",2023,35,2023-08-28,"L","Tarsalis","culex",3
"FC031|Pipiens|2023|37","FC-031","SE","FC",2023,37,2023-09-12,"L","Pipiens","culex",4
"FC031|Tarsalis|2023|37","FC-031","SE","FC",2023,37,2023-09-12,"L","Tarsalis","culex",0
"FC031|Pipiens|2024|24","FC-031","SE","FC",2024,24,2024-06-10,"L","Pipiens","culex",0
"FC031|Tarsalis|2024|24","FC-031","SE","FC",2024,24,2024-06-10,"L","Tarsalis","culex",2
"FC031|Pipiens|2024|25","FC-031","SE","FC",2024,25,2024-06-18,"L","Pipiens","culex",0
"FC031|Tarsalis|2024|25","FC-031","SE","FC",2024,25,2024-06-18,"L","Tarsalis","culex",18
"FC031|Pipiens|2024|26","FC-031","SE","FC",2024,26,2024-06-25,"L","Pipiens","culex",0
"FC031|Tarsalis|2024|26","FC-031","SE","FC",2024,26,2024-06-25,"L","Tarsalis","culex",17
"FC031|Pipiens|2024|27","FC-031","SE","FC",2024,27,2024-07-02,"L","Pipiens","culex",4
"FC031|Tarsalis|2024|27","FC-031","SE","FC",2024,27,2024-07-02,"L","Tarsalis","culex",11
"FC031|Pipiens|2024|28","FC-031","SE","FC",2024,28,2024-07-09,"L","Pipiens","culex",3
"FC031|Tarsalis|2024|28","FC-031","SE","FC",2024,28,2024-07-09,"L","Tarsalis","culex",97
"FC031|Pipiens|2024|29","FC-031","SE","FC",2024,29,2024-07-16,"L","Pipiens","culex",1
"FC031|Tarsalis|2024|29","FC-031","SE","FC",2024,29,2024-07-16,"L","Tarsalis","culex",27
"FC031|Pipiens|2024|30","FC-031","SE","FC",2024,30,2024-07-23,"L","Pipiens","culex",8
"FC031|Tarsalis|2024|30","FC-031","SE","FC",2024,30,2024-07-23,"L","Tarsalis","culex",45
"FC031|Pipiens|2024|31","FC-031","SE","FC",2024,31,2024-07-30,"L","Pipiens","culex",7
"FC031|Tarsalis|2024|31","FC-031","SE","FC",2024,31,2024-07-30,"L","Tarsalis","culex",190
"FC031|Pipiens|2024|32","FC-031","SE","FC",2024,32,2024-08-06,"L","Pipiens","culex",3
"FC031|Tarsalis|2024|32","FC-031","SE","FC",2024,32,2024-08-06,"L","Tarsalis","culex",8
"FC031|Pipiens|2024|33","FC-031","SE","FC",2024,33,2024-08-13,"L","Pipiens","culex",3
"FC031|Tarsalis|2024|33","FC-031","SE","FC",2024,33,2024-08-13,"L","Tarsalis","culex",29
"FC031|Pipiens|2024|34","FC-031","SE","FC",2024,34,2024-08-20,"L","Pipiens","culex",14
"FC031|Tarsalis|2024|34","FC-031","SE","FC",2024,34,2024-08-20,"L","Tarsalis","culex",43
"FC031|Pipiens|2024|35","FC-031","SE","FC",2024,35,2024-08-27,"L","Pipiens","culex",8
"FC031|Tarsalis|2024|35","FC-031","SE","FC",2024,35,2024-08-27,"L","Tarsalis","culex",34
"FC031|Pipiens|2024|36","FC-031","SE","FC",2024,36,2024-09-05,"L","Pipiens","culex",3
"FC031|Tarsalis|2024|36","FC-031","SE","FC",2024,36,2024-09-05,"L","Tarsalis","culex",5
"FC031|Pipiens|2024|37","FC-031","SE","FC",2024,37,2024-09-10,"L","Pipiens","culex",3
"FC031|Tarsalis|2024|37","FC-031","SE","FC",2024,37,2024-09-10,"L","Tarsalis","culex",5
"FC031|Pipiens|2025|25","FC-031","SE","FC",2025,25,2025-06-17,"L","Pipiens","culex",0
"FC031|Tarsalis|2025|25","FC-031","SE","FC",2025,25,2025-06-17,"L","Tarsalis","culex",1
"FC031|Pipiens|2025|26","FC-031","SE","FC",2025,26,2025-06-24,"L","Pipiens","culex",0
"FC031|Tarsalis|2025|26","FC-031","SE","FC",2025,26,2025-06-24,"L","Tarsalis","culex",11
"FC031|Pipiens|2025|27","FC-031","SE","FC",2025,27,2025-07-01,"L","Pipiens","culex",7
"FC031|Tarsalis|2025|27","FC-031","SE","FC",2025,27,2025-07-01,"L","Tarsalis","culex",101
"FC031|Pipiens|2025|28","FC-031","SE","FC",2025,28,2025-07-08,"L","Pipiens","culex",0
"FC031|Tarsalis|2025|28","FC-031","SE","FC",2025,28,2025-07-08,"L","Tarsalis","culex",242
"FC031|Pipiens|2025|29","FC-031","SE","FC",2025,29,2025-07-15,"L","Pipiens","culex",4
"FC031|Tarsalis|2025|29","FC-031","SE","FC",2025,29,2025-07-15,"L","Tarsalis","culex",78
"FC031|Pipiens|2025|30","FC-031","SE","FC",2025,30,2025-07-22,"L","Pipiens","culex",1
"FC031|Tarsalis|2025|30","FC-031","SE","FC",2025,30,2025-07-22,"L","Tarsalis","culex",32
"FC031|Pipiens|2025|31","FC-031","SE","FC",2025,31,2025-07-29,"L","Pipiens","culex",0
"FC031|Tarsalis|2025|31","FC-031","SE","FC",2025,31,2025-07-29,"L","Tarsalis","culex",1
"FC031|Pipiens|2025|32","FC-031","SE","FC",2025,32,2025-08-05,"L","Pipiens","culex",11
"FC031|Tarsalis|2025|32","FC-031","SE","FC",2025,32,2025-08-05,"L","Tarsalis","culex",29
"FC031|Pipiens|2025|33","FC-031","SE","FC",2025,33,2025-08-12,"L","Pipiens","culex",40
"FC031|Tarsalis|2025|33","FC-031","SE","FC",2025,33,2025-08-12,"L","Tarsalis","culex",25
"FC031|Pipiens|2025|34","FC-031","SE","FC",2025,34,2025-08-19,"L","Pipiens","culex",2
"FC031|Tarsalis|2025|34","FC-031","SE","FC",2025,34,2025-08-19,"L","Tarsalis","culex",12
"FC031|Pipiens|2025|35","FC-031","SE","FC",2025,35,2025-08-26,"L","Pipiens","culex",8
"FC031|Tarsalis|2025|35","FC-031","SE","FC",2025,35,2025-08-26,"L","Tarsalis","culex",8
"FC031|Pipiens|2025|36","FC-031","SE","FC",2025,36,2025-09-04,"L","Pipiens","culex",4
"FC031|Tarsalis|2025|36","FC-031","SE","FC",2025,36,2025-09-04,"L","Tarsalis","culex",10
"FC034|Pipiens|2020|22","FC-034","NE","FC",2020,22,2020-05-31,"L","Pipiens","culex",0
"FC034|Tarsalis|2020|22","FC-034","NE","FC",2020,22,2020-05-31,"L","Tarsalis","culex",3
"FC034|Pipiens|2020|23","FC-034","NE","FC",2020,23,2020-06-07,"L","Pipiens","culex",0
"FC034|Tarsalis|2020|23","FC-034","NE","FC",2020,23,2020-06-07,"L","Tarsalis","culex",1
"FC034|Pipiens|2020|24","FC-034","NE","FC",2020,24,2020-06-14,"L","Pipiens","culex",0
"FC034|Tarsalis|2020|24","FC-034","NE","FC",2020,24,2020-06-14,"L","Tarsalis","culex",1
"FC034|Pipiens|2020|25","FC-034","NE","FC",2020,25,2020-06-21,"L","Pipiens","culex",0
"FC034|Tarsalis|2020|25","FC-034","NE","FC",2020,25,2020-06-21,"L","Tarsalis","culex",5
"FC034|Pipiens|2020|26","FC-034","NE","FC",2020,26,2020-06-28,"L","Pipiens","culex",0
"FC034|Tarsalis|2020|26","FC-034","NE","FC",2020,26,2020-06-28,"L","Tarsalis","culex",11
"FC034|Pipiens|2020|27","FC-034","NE","FC",2020,27,2020-07-05,"L","Pipiens","culex",0
"FC034|Tarsalis|2020|27","FC-034","NE","FC",2020,27,2020-07-05,"L","Tarsalis","culex",7
"FC034|Pipiens|2020|28","FC-034","NE","FC",2020,28,2020-07-12,"L","Pipiens","culex",0
"FC034|Tarsalis|2020|28","FC-034","NE","FC",2020,28,2020-07-12,"L","Tarsalis","culex",32
"FC034|Pipiens|2020|29","FC-034","NE","FC",2020,29,2020-07-19,"L","Pipiens","culex",0
"FC034|Tarsalis|2020|29","FC-034","NE","FC",2020,29,2020-07-19,"L","Tarsalis","culex",17
"FC034|Pipiens|2020|30","FC-034","NE","FC",2020,30,2020-07-26,"L","Pipiens","culex",0
"FC034|Tarsalis|2020|30","FC-034","NE","FC",2020,30,2020-07-26,"L","Tarsalis","culex",28
"FC034|Pipiens|2020|31","FC-034","NE","FC",2020,31,2020-08-02,"L","Pipiens","culex",0
"FC034|Tarsalis|2020|31","FC-034","NE","FC",2020,31,2020-08-02,"L","Tarsalis","culex",32
"FC034|Pipiens|2020|32","FC-034","NE","FC",2020,32,2020-08-09,"L","Pipiens","culex",0
"FC034|Tarsalis|2020|32","FC-034","NE","FC",2020,32,2020-08-09,"L","Tarsalis","culex",63
"FC034|Pipiens|2020|33","FC-034","NE","FC",2020,33,2020-08-16,"L","Pipiens","culex",0
"FC034|Tarsalis|2020|33","FC-034","NE","FC",2020,33,2020-08-16,"L","Tarsalis","culex",24
"FC034|Pipiens|2020|34","FC-034","NE","FC",2020,34,2020-08-23,"L","Pipiens","culex",0
"FC034|Tarsalis|2020|34","FC-034","NE","FC",2020,34,2020-08-23,"L","Tarsalis","culex",29
"FC034|Pipiens|2021|24","FC-034","NE","FC",2021,24,2021-06-20,"L","Pipiens","culex",1
"FC034|Tarsalis|2021|24","FC-034","NE","FC",2021,24,2021-06-20,"L","Tarsalis","culex",10
"FC034|Pipiens|2021|25","FC-034","NE","FC",2021,25,2021-06-27,"L","Pipiens","culex",0
"FC034|Tarsalis|2021|25","FC-034","NE","FC",2021,25,2021-06-27,"L","Tarsalis","culex",241
"FC034|Pipiens|2021|26","FC-034","NE","FC",2021,26,2021-07-04,"L","Pipiens","culex",0
"FC034|Tarsalis|2021|26","FC-034","NE","FC",2021,26,2021-07-04,"L","Tarsalis","culex",163
"FC034|Pipiens|2021|27","FC-034","NE","FC",2021,27,2021-07-11,"L","Pipiens","culex",8
"FC034|Tarsalis|2021|27","FC-034","NE","FC",2021,27,2021-07-11,"L","Tarsalis","culex",287
"FC034|Pipiens|2021|28","FC-034","NE","FC",2021,28,2021-07-18,"L","Pipiens","culex",0
"FC034|Tarsalis|2021|28","FC-034","NE","FC",2021,28,2021-07-18,"L","Tarsalis","culex",5
"FC034|Pipiens|2021|29","FC-034","NE","FC",2021,29,2021-07-25,"L","Pipiens","culex",0
"FC034|Tarsalis|2021|29","FC-034","NE","FC",2021,29,2021-07-25,"L","Tarsalis","culex",33
"FC034|Pipiens|2021|30","FC-034","NE","FC",2021,30,2021-08-01,"L","Pipiens","culex",11
"FC034|Tarsalis|2021|30","FC-034","NE","FC",2021,30,2021-08-01,"L","Tarsalis","culex",239
"FC034|Pipiens|2021|31","FC-034","NE","FC",2021,31,2021-08-08,"L","Pipiens","culex",6
"FC034|Tarsalis|2021|31","FC-034","NE","FC",2021,31,2021-08-08,"L","Tarsalis","culex",100
"FC034|Pipiens|2021|32","FC-034","NE","FC",2021,32,2021-08-15,"L","Pipiens","culex",0
"FC034|Tarsalis|2021|32","FC-034","NE","FC",2021,32,2021-08-15,"L","Tarsalis","culex",47
"FC034|Pipiens|2021|33","FC-034","NE","FC",2021,33,2021-08-22,"L","Pipiens","culex",0
"FC034|Tarsalis|2021|33","FC-034","NE","FC",2021,33,2021-08-22,"L","Tarsalis","culex",7
"FC034|Pipiens|2021|36","FC-034","NE","FC",2021,36,2021-09-06,"L","Pipiens","culex",0
"FC034|Tarsalis|2021|36","FC-034","NE","FC",2021,36,2021-09-06,"L","Tarsalis","culex",2
"FC034|Pipiens|2022|23","FC-034","NE","FC",2022,23,2022-06-12,"L","Pipiens","culex",0
"FC034|Tarsalis|2022|23","FC-034","NE","FC",2022,23,2022-06-12,"L","Tarsalis","culex",18
"FC034|Pipiens|2022|24","FC-034","NE","FC",2022,24,2022-06-19,"L","Pipiens","culex",0
"FC034|Tarsalis|2022|24","FC-034","NE","FC",2022,24,2022-06-19,"L","Tarsalis","culex",7
"FC034|Pipiens|2022|25","FC-034","NE","FC",2022,25,2022-06-26,"L","Pipiens","culex",1
"FC034|Tarsalis|2022|25","FC-034","NE","FC",2022,25,2022-06-26,"L","Tarsalis","culex",29
"FC034|Pipiens|2022|26","FC-034","NE","FC",2022,26,2022-07-03,"L","Pipiens","culex",1
"FC034|Tarsalis|2022|26","FC-034","NE","FC",2022,26,2022-07-03,"L","Tarsalis","culex",76
"FC034|Pipiens|2022|27","FC-034","NE","FC",2022,27,2022-07-10,"L","Pipiens","culex",0
"FC034|Tarsalis|2022|27","FC-034","NE","FC",2022,27,2022-07-10,"L","Tarsalis","culex",314
"FC034|Pipiens|2022|28","FC-034","NE","FC",2022,28,2022-07-17,"L","Pipiens","culex",0
"FC034|Tarsalis|2022|28","FC-034","NE","FC",2022,28,2022-07-17,"L","Tarsalis","culex",290
"FC034|Pipiens|2022|29","FC-034","NE","FC",2022,29,2022-07-24,"L","Pipiens","culex",0
"FC034|Tarsalis|2022|29","FC-034","NE","FC",2022,29,2022-07-24,"L","Tarsalis","culex",119
"FC034|Pipiens|2022|30","FC-034","NE","FC",2022,30,2022-07-31,"L","Pipiens","culex",2
"FC034|Tarsalis|2022|30","FC-034","NE","FC",2022,30,2022-07-31,"L","Tarsalis","culex",71
"FC034|Pipiens|2022|31","FC-034","NE","FC",2022,31,2022-08-07,"L","Pipiens","culex",0
"FC034|Tarsalis|2022|31","FC-034","NE","FC",2022,31,2022-08-07,"L","Tarsalis","culex",27
"FC034|Pipiens|2022|32","FC-034","NE","FC",2022,32,2022-08-14,"L","Pipiens","culex",0
"FC034|Tarsalis|2022|32","FC-034","NE","FC",2022,32,2022-08-14,"L","Tarsalis","culex",33
"FC034|Pipiens|2022|33","FC-034","NE","FC",2022,33,2022-08-21,"L","Pipiens","culex",4
"FC034|Tarsalis|2022|33","FC-034","NE","FC",2022,33,2022-08-21,"L","Tarsalis","culex",103
"FC034|Pipiens|2022|35","FC-034","NE","FC",2022,35,2022-08-29,"L","Pipiens","culex",0
"FC034|Tarsalis|2022|35","FC-034","NE","FC",2022,35,2022-08-29,"L","Tarsalis","culex",12
"FC034|Pipiens|2022|36","FC-034","NE","FC",2022,36,2022-09-06,"L","Pipiens","culex",3
"FC034|Tarsalis|2022|36","FC-034","NE","FC",2022,36,2022-09-06,"L","Tarsalis","culex",11
"FC034|Pipiens|2022|37","FC-034","NE","FC",2022,37,2022-09-13,"L","Pipiens","culex",0
"FC034|Tarsalis|2022|37","FC-034","NE","FC",2022,37,2022-09-13,"L","Tarsalis","culex",7
"FC034|Pipiens|2023|22","FC-034","NE","FC",2023,22,2023-06-04,"L","Pipiens","culex",0
"FC034|Tarsalis|2023|22","FC-034","NE","FC",2023,22,2023-06-04,"L","Tarsalis","culex",2
"FC034|Pipiens|2023|23","FC-034","NE","FC",2023,23,2023-06-11,"L","Pipiens","culex",0
"FC034|Tarsalis|2023|23","FC-034","NE","FC",2023,23,2023-06-11,"L","Tarsalis","culex",3
"FC034|Pipiens|2023|24","FC-034","NE","FC",2023,24,2023-06-18,"L","Pipiens","culex",1
"FC034|Tarsalis|2023|24","FC-034","NE","FC",2023,24,2023-06-18,"L","Tarsalis","culex",15
"FC034|Pipiens|2023|25","FC-034","NE","FC",2023,25,2023-06-25,"L","Pipiens","culex",0
"FC034|Tarsalis|2023|25","FC-034","NE","FC",2023,25,2023-06-25,"L","Tarsalis","culex",169
"FC034|Pipiens|2023|26","FC-034","NE","FC",2023,26,2023-07-02,"L","Pipiens","culex",10
"FC034|Tarsalis|2023|26","FC-034","NE","FC",2023,26,2023-07-02,"L","Tarsalis","culex",680
"FC034|Pipiens|2023|27","FC-034","NE","FC",2023,27,2023-07-09,"L","Pipiens","culex",17
"FC034|Tarsalis|2023|27","FC-034","NE","FC",2023,27,2023-07-09,"L","Tarsalis","culex",265
"FC034|Pipiens|2023|28","FC-034","NE","FC",2023,28,2023-07-16,"L","Pipiens","culex",0
"FC034|Tarsalis|2023|28","FC-034","NE","FC",2023,28,2023-07-16,"L","Tarsalis","culex",148
"FC034|Pipiens|2023|29","FC-034","NE","FC",2023,29,2023-07-23,"L","Pipiens","culex",4
"FC034|Tarsalis|2023|29","FC-034","NE","FC",2023,29,2023-07-23,"L","Tarsalis","culex",168
"FC034|Pipiens|2023|31","FC-034","NE","FC",2023,31,2023-08-06,"L","Pipiens","culex",2
"FC034|Tarsalis|2023|31","FC-034","NE","FC",2023,31,2023-08-06,"L","Tarsalis","culex",33
"FC034|Pipiens|2023|32","FC-034","NE","FC",2023,32,2023-08-13,"L","Pipiens","culex",0
"FC034|Tarsalis|2023|32","FC-034","NE","FC",2023,32,2023-08-13,"L","Tarsalis","culex",3
"FC034|Pipiens|2023|34","FC-034","NE","FC",2023,34,2023-08-27,"L","Pipiens","culex",1
"FC034|Tarsalis|2023|34","FC-034","NE","FC",2023,34,2023-08-27,"L","Tarsalis","culex",3
"FC034|Pipiens|2023|36","FC-034","NE","FC",2023,36,2023-09-04,"L","Pipiens","culex",0
"FC034|Tarsalis|2023|36","FC-034","NE","FC",2023,36,2023-09-04,"L","Tarsalis","culex",1
"FC034|Pipiens|2023|37","FC-034","NE","FC",2023,37,2023-09-11,"L","Pipiens","culex",1
"FC034|Tarsalis|2023|37","FC-034","NE","FC",2023,37,2023-09-11,"L","Tarsalis","culex",5
"FC034|Pipiens|2024|22","FC-034","NE","FC",2024,22,2024-06-02,"L","Pipiens","culex",0
"FC034|Tarsalis|2024|22","FC-034","NE","FC",2024,22,2024-06-02,"L","Tarsalis","culex",2
"FC034|Pipiens|2024|23","FC-034","NE","FC",2024,23,2024-06-09,"L","Pipiens","culex",0
"FC034|Tarsalis|2024|23","FC-034","NE","FC",2024,23,2024-06-09,"L","Tarsalis","culex",1
"FC034|Pipiens|2024|25","FC-034","NE","FC",2024,25,2024-06-17,"L","Pipiens","culex",0
"FC034|Tarsalis|2024|25","FC-034","NE","FC",2024,25,2024-06-17,"L","Tarsalis","culex",13
"FC034|Pipiens|2024|26","FC-034","NE","FC",2024,26,2024-06-24,"L","Pipiens","culex",1
"FC034|Tarsalis|2024|26","FC-034","NE","FC",2024,26,2024-06-24,"L","Tarsalis","culex",24
"FC034|Pipiens|2024|27","FC-034","NE","FC",2024,27,2024-07-01,"L","Pipiens","culex",0
"FC034|Tarsalis|2024|27","FC-034","NE","FC",2024,27,2024-07-01,"L","Tarsalis","culex",23
"FC034|Pipiens|2024|28","FC-034","NE","FC",2024,28,2024-07-08,"L","Pipiens","culex",0
"FC034|Tarsalis|2024|28","FC-034","NE","FC",2024,28,2024-07-08,"L","Tarsalis","culex",8
"FC034|Pipiens|2024|29","FC-034","NE","FC",2024,29,2024-07-15,"L","Pipiens","culex",0
"FC034|Tarsalis|2024|29","FC-034","NE","FC",2024,29,2024-07-15,"L","Tarsalis","culex",13
"FC034|Pipiens|2024|30","FC-034","NE","FC",2024,30,2024-07-22,"L","Pipiens","culex",0
"FC034|Tarsalis|2024|30","FC-034","NE","FC",2024,30,2024-07-22,"L","Tarsalis","culex",3
"FC034|Pipiens|2024|31","FC-034","NE","FC",2024,31,2024-07-29,"L","Pipiens","culex",0
"FC034|Tarsalis|2024|31","FC-034","NE","FC",2024,31,2024-07-29,"L","Tarsalis","culex",30
"FC034|Pipiens|2024|32","FC-034","NE","FC",2024,32,2024-08-05,"L","Pipiens","culex",0
"FC034|Tarsalis|2024|32","FC-034","NE","FC",2024,32,2024-08-05,"L","Tarsalis","culex",12
"FC034|Pipiens|2024|33","FC-034","NE","FC",2024,33,2024-08-12,"L","Pipiens","culex",1
"FC034|Tarsalis|2024|33","FC-034","NE","FC",2024,33,2024-08-12,"L","Tarsalis","culex",9
"FC034|Pipiens|2024|34","FC-034","NE","FC",2024,34,2024-08-19,"L","Pipiens","culex",0
"FC034|Tarsalis|2024|34","FC-034","NE","FC",2024,34,2024-08-19,"L","Tarsalis","culex",14
"FC034|Pipiens|2024|35","FC-034","NE","FC",2024,35,2024-08-26,"L","Pipiens","culex",0
"FC034|Tarsalis|2024|35","FC-034","NE","FC",2024,35,2024-08-26,"L","Tarsalis","culex",3
"FC034|Pipiens|2024|36","FC-034","NE","FC",2024,36,2024-09-04,"L","Pipiens","culex",0
"FC034|Tarsalis|2024|36","FC-034","NE","FC",2024,36,2024-09-04,"L","Tarsalis","culex",2
"FC034|Pipiens|2024|37","FC-034","NE","FC",2024,37,2024-09-09,"L","Pipiens","culex",0
"FC034|Tarsalis|2024|37","FC-034","NE","FC",2024,37,2024-09-09,"L","Tarsalis","culex",2
"FC034|Pipiens|2025|25","FC-034","NE","FC",2025,25,2025-06-16,"L","Pipiens","culex",0
"FC034|Tarsalis|2025|25","FC-034","NE","FC",2025,25,2025-06-16,"L","Tarsalis","culex",26
"FC034|Pipiens|2025|26","FC-034","NE","FC",2025,26,2025-06-23,"L","Pipiens","culex",0
"FC034|Tarsalis|2025|26","FC-034","NE","FC",2025,26,2025-06-23,"L","Tarsalis","culex",18
"FC034|Pipiens|2025|27","FC-034","NE","FC",2025,27,2025-06-30,"L","Pipiens","culex",0
"FC034|Tarsalis|2025|27","FC-034","NE","FC",2025,27,2025-06-30,"L","Tarsalis","culex",37
"FC034|Pipiens|2025|29","FC-034","NE","FC",2025,29,2025-07-14,"L","Pipiens","culex",0
"FC034|Tarsalis|2025|29","FC-034","NE","FC",2025,29,2025-07-14,"L","Tarsalis","culex",82
"FC034|Pipiens|2025|30","FC-034","NE","FC",2025,30,2025-07-21,"L","Pipiens","culex",0
"FC034|Tarsalis|2025|30","FC-034","NE","FC",2025,30,2025-07-21,"L","Tarsalis","culex",43
"FC034|Pipiens|2025|31","FC-034","NE","FC",2025,31,2025-07-28,"L","Pipiens","culex",0
"FC034|Tarsalis|2025|31","FC-034","NE","FC",2025,31,2025-07-28,"L","Tarsalis","culex",4
"FC034|Pipiens|2025|32","FC-034","NE","FC",2025,32,2025-08-04,"L","Pipiens","culex",0
"FC034|Tarsalis|2025|32","FC-034","NE","FC",2025,32,2025-08-04,"L","Tarsalis","culex",16
"FC034|Pipiens|2025|34","FC-034","NE","FC",2025,34,2025-08-18,"L","Pipiens","culex",1
"FC034|Tarsalis|2025|34","FC-034","NE","FC",2025,34,2025-08-18,"L","Tarsalis","culex",32
"FC034|Pipiens|2025|35","FC-034","NE","FC",2025,35,2025-08-25,"L","Pipiens","culex",0
"FC034|Tarsalis|2025|35","FC-034","NE","FC",2025,35,2025-08-25,"L","Tarsalis","culex",2
"FC034|Pipiens|2025|36","FC-034","NE","FC",2025,36,2025-09-03,"L","Pipiens","culex",0
"FC034|Tarsalis|2025|36","FC-034","NE","FC",2025,36,2025-09-03,"L","Tarsalis","culex",14
"FC036|Pipiens|2020|23","FC-036","NW","FC",2020,23,2020-06-07,"L","Pipiens","culex",0
"FC036|Tarsalis|2020|23","FC-036","NW","FC",2020,23,2020-06-07,"L","Tarsalis","culex",5
"FC036|Pipiens|2020|24","FC-036","NW","FC",2020,24,2020-06-14,"L","Pipiens","culex",0
"FC036|Tarsalis|2020|24","FC-036","NW","FC",2020,24,2020-06-14,"L","Tarsalis","culex",15
"FC036|Pipiens|2020|25","FC-036","NW","FC",2020,25,2020-06-21,"L","Pipiens","culex",2
"FC036|Tarsalis|2020|25","FC-036","NW","FC",2020,25,2020-06-21,"L","Tarsalis","culex",1
"FC036|Pipiens|2020|26","FC-036","NW","FC",2020,26,2020-06-28,"L","Pipiens","culex",2
"FC036|Tarsalis|2020|26","FC-036","NW","FC",2020,26,2020-06-28,"L","Tarsalis","culex",9
"FC036|Pipiens|2020|27","FC-036","NW","FC",2020,27,2020-07-05,"L","Pipiens","culex",3
"FC036|Tarsalis|2020|27","FC-036","NW","FC",2020,27,2020-07-05,"L","Tarsalis","culex",13
"FC036|Pipiens|2020|28","FC-036","NW","FC",2020,28,2020-07-12,"L","Pipiens","culex",16
"FC036|Tarsalis|2020|28","FC-036","NW","FC",2020,28,2020-07-12,"L","Tarsalis","culex",21
"FC036|Pipiens|2020|29","FC-036","NW","FC",2020,29,2020-07-19,"L","Pipiens","culex",0
"FC036|Tarsalis|2020|29","FC-036","NW","FC",2020,29,2020-07-19,"L","Tarsalis","culex",114
"FC036|Pipiens|2020|30","FC-036","NW","FC",2020,30,2020-07-26,"L","Pipiens","culex",32
"FC036|Tarsalis|2020|30","FC-036","NW","FC",2020,30,2020-07-26,"L","Tarsalis","culex",38
"FC036|Pipiens|2020|31","FC-036","NW","FC",2020,31,2020-08-02,"L","Pipiens","culex",9
"FC036|Tarsalis|2020|31","FC-036","NW","FC",2020,31,2020-08-02,"L","Tarsalis","culex",35
"FC036|Pipiens|2020|32","FC-036","NW","FC",2020,32,2020-08-09,"L","Pipiens","culex",2
"FC036|Tarsalis|2020|32","FC-036","NW","FC",2020,32,2020-08-09,"L","Tarsalis","culex",50
"FC036|Pipiens|2020|33","FC-036","NW","FC",2020,33,2020-08-16,"L","Pipiens","culex",8
"FC036|Tarsalis|2020|33","FC-036","NW","FC",2020,33,2020-08-16,"L","Tarsalis","culex",35
"FC036|Pipiens|2020|34","FC-036","NW","FC",2020,34,2020-08-23,"L","Pipiens","culex",36
"FC036|Tarsalis|2020|34","FC-036","NW","FC",2020,34,2020-08-23,"L","Tarsalis","culex",12
"FC036|Pipiens|2021|24","FC-036","NW","FC",2021,24,2021-06-20,"L","Pipiens","culex",3
"FC036|Tarsalis|2021|24","FC-036","NW","FC",2021,24,2021-06-20,"L","Tarsalis","culex",21
"FC036|Pipiens|2021|25","FC-036","NW","FC",2021,25,2021-06-27,"L","Pipiens","culex",26
"FC036|Tarsalis|2021|25","FC-036","NW","FC",2021,25,2021-06-27,"L","Tarsalis","culex",65
"FC036|Pipiens|2021|26","FC-036","NW","FC",2021,26,2021-07-04,"L","Pipiens","culex",46
"FC036|Tarsalis|2021|26","FC-036","NW","FC",2021,26,2021-07-04,"L","Tarsalis","culex",323
"FC036|Pipiens|2021|27","FC-036","NW","FC",2021,27,2021-07-11,"L","Pipiens","culex",5
"FC036|Tarsalis|2021|27","FC-036","NW","FC",2021,27,2021-07-11,"L","Tarsalis","culex",10
"FC036|Pipiens|2021|28","FC-036","NW","FC",2021,28,2021-07-18,"L","Pipiens","culex",16
"FC036|Tarsalis|2021|28","FC-036","NW","FC",2021,28,2021-07-18,"L","Tarsalis","culex",318
"FC036|Pipiens|2021|29","FC-036","NW","FC",2021,29,2021-07-25,"L","Pipiens","culex",16
"FC036|Tarsalis|2021|29","FC-036","NW","FC",2021,29,2021-07-25,"L","Tarsalis","culex",110
"FC036|Pipiens|2021|30","FC-036","NW","FC",2021,30,2021-08-01,"L","Pipiens","culex",11
"FC036|Tarsalis|2021|30","FC-036","NW","FC",2021,30,2021-08-01,"L","Tarsalis","culex",22
"FC036|Pipiens|2021|31","FC-036","NW","FC",2021,31,2021-08-08,"L","Pipiens","culex",27
"FC036|Tarsalis|2021|31","FC-036","NW","FC",2021,31,2021-08-08,"L","Tarsalis","culex",30
"FC036|Pipiens|2021|32","FC-036","NW","FC",2021,32,2021-08-15,"L","Pipiens","culex",18
"FC036|Tarsalis|2021|32","FC-036","NW","FC",2021,32,2021-08-15,"L","Tarsalis","culex",50
"FC036|Pipiens|2021|35","FC-036","NW","FC",2021,35,2021-08-30,"L","Pipiens","culex",1
"FC036|Tarsalis|2021|35","FC-036","NW","FC",2021,35,2021-08-30,"L","Tarsalis","culex",0
"FC036|Pipiens|2021|36","FC-036","NW","FC",2021,36,2021-09-06,"L","Pipiens","culex",0
"FC036|Tarsalis|2021|36","FC-036","NW","FC",2021,36,2021-09-06,"L","Tarsalis","culex",1
"FC036|Pipiens|2022|22","FC-036","NW","FC",2022,22,2022-06-05,"L","Pipiens","culex",0
"FC036|Tarsalis|2022|22","FC-036","NW","FC",2022,22,2022-06-05,"L","Tarsalis","culex",1
"FC036|Pipiens|2022|23","FC-036","NW","FC",2022,23,2022-06-12,"L","Pipiens","culex",0
"FC036|Tarsalis|2022|23","FC-036","NW","FC",2022,23,2022-06-12,"L","Tarsalis","culex",4
"FC036|Pipiens|2022|24","FC-036","NW","FC",2022,24,2022-06-19,"L","Pipiens","culex",0
"FC036|Tarsalis|2022|24","FC-036","NW","FC",2022,24,2022-06-19,"L","Tarsalis","culex",4
"FC036|Pipiens|2022|25","FC-036","NW","FC",2022,25,2022-06-26,"L","Pipiens","culex",0
"FC036|Tarsalis|2022|25","FC-036","NW","FC",2022,25,2022-06-26,"L","Tarsalis","culex",2
"FC036|Pipiens|2022|26","FC-036","NW","FC",2022,26,2022-07-03,"L","Pipiens","culex",0
"FC036|Tarsalis|2022|26","FC-036","NW","FC",2022,26,2022-07-03,"L","Tarsalis","culex",6
"FC036|Pipiens|2022|27","FC-036","NW","FC",2022,27,2022-07-10,"L","Pipiens","culex",0
"FC036|Tarsalis|2022|27","FC-036","NW","FC",2022,27,2022-07-10,"L","Tarsalis","culex",34
"FC036|Pipiens|2022|28","FC-036","NW","FC",2022,28,2022-07-17,"L","Pipiens","culex",0
"FC036|Tarsalis|2022|28","FC-036","NW","FC",2022,28,2022-07-17,"L","Tarsalis","culex",11
"FC036|Pipiens|2022|29","FC-036","NW","FC",2022,29,2022-07-24,"L","Pipiens","culex",4
"FC036|Tarsalis|2022|29","FC-036","NW","FC",2022,29,2022-07-24,"L","Tarsalis","culex",9
"FC036|Pipiens|2022|30","FC-036","NW","FC",2022,30,2022-07-31,"L","Pipiens","culex",4
"FC036|Tarsalis|2022|30","FC-036","NW","FC",2022,30,2022-07-31,"L","Tarsalis","culex",13
"FC036|Pipiens|2022|31","FC-036","NW","FC",2022,31,2022-08-07,"L","Pipiens","culex",0
"FC036|Tarsalis|2022|31","FC-036","NW","FC",2022,31,2022-08-07,"L","Tarsalis","culex",11
"FC036|Pipiens|2022|32","FC-036","NW","FC",2022,32,2022-08-14,"L","Pipiens","culex",5
"FC036|Tarsalis|2022|32","FC-036","NW","FC",2022,32,2022-08-14,"L","Tarsalis","culex",31
"FC036|Pipiens|2022|33","FC-036","NW","FC",2022,33,2022-08-21,"L","Pipiens","culex",7
"FC036|Tarsalis|2022|33","FC-036","NW","FC",2022,33,2022-08-21,"L","Tarsalis","culex",34
"FC036|Pipiens|2022|35","FC-036","NW","FC",2022,35,2022-08-29,"L","Pipiens","culex",0
"FC036|Tarsalis|2022|35","FC-036","NW","FC",2022,35,2022-08-29,"L","Tarsalis","culex",1
"FC036|Pipiens|2022|36","FC-036","NW","FC",2022,36,2022-09-06,"L","Pipiens","culex",2
"FC036|Tarsalis|2022|36","FC-036","NW","FC",2022,36,2022-09-06,"L","Tarsalis","culex",0
"FC036|Pipiens|2022|37","FC-036","NW","FC",2022,37,2022-09-13,"L","Pipiens","culex",9
"FC036|Tarsalis|2022|37","FC-036","NW","FC",2022,37,2022-09-13,"L","Tarsalis","culex",0
"FC036|Pipiens|2023|22","FC-036","NW","FC",2023,22,2023-06-04,"L","Pipiens","culex",1
"FC036|Tarsalis|2023|22","FC-036","NW","FC",2023,22,2023-06-04,"L","Tarsalis","culex",1
"FC036|Pipiens|2023|23","FC-036","NW","FC",2023,23,2023-06-11,"L","Pipiens","culex",3
"FC036|Tarsalis|2023|23","FC-036","NW","FC",2023,23,2023-06-11,"L","Tarsalis","culex",5
"FC036|Pipiens|2023|24","FC-036","NW","FC",2023,24,2023-06-18,"L","Pipiens","culex",8
"FC036|Tarsalis|2023|24","FC-036","NW","FC",2023,24,2023-06-18,"L","Tarsalis","culex",20
"FC036|Pipiens|2023|25","FC-036","NW","FC",2023,25,2023-06-25,"L","Pipiens","culex",0
"FC036|Tarsalis|2023|25","FC-036","NW","FC",2023,25,2023-06-25,"L","Tarsalis","culex",59
"FC036|Pipiens|2023|26","FC-036","NW","FC",2023,26,2023-07-02,"L","Pipiens","culex",0
"FC036|Tarsalis|2023|26","FC-036","NW","FC",2023,26,2023-07-02,"L","Tarsalis","culex",9
"FC036|Pipiens|2023|27","FC-036","NW","FC",2023,27,2023-07-09,"L","Pipiens","culex",12
"FC036|Tarsalis|2023|27","FC-036","NW","FC",2023,27,2023-07-09,"L","Tarsalis","culex",8
"FC036|Pipiens|2023|28","FC-036","NW","FC",2023,28,2023-07-16,"L","Pipiens","culex",3
"FC036|Tarsalis|2023|28","FC-036","NW","FC",2023,28,2023-07-16,"L","Tarsalis","culex",112
"FC036|Pipiens|2023|29","FC-036","NW","FC",2023,29,2023-07-23,"L","Pipiens","culex",9
"FC036|Tarsalis|2023|29","FC-036","NW","FC",2023,29,2023-07-23,"L","Tarsalis","culex",41
"FC036|Pipiens|2023|31","FC-036","NW","FC",2023,31,2023-08-06,"L","Pipiens","culex",22
"FC036|Tarsalis|2023|31","FC-036","NW","FC",2023,31,2023-08-06,"L","Tarsalis","culex",36
"FC036|Pipiens|2023|32","FC-036","NW","FC",2023,32,2023-08-13,"L","Pipiens","culex",4
"FC036|Tarsalis|2023|32","FC-036","NW","FC",2023,32,2023-08-13,"L","Tarsalis","culex",3
"FC036|Pipiens|2023|34","FC-036","NW","FC",2023,34,2023-08-21,"L","Pipiens","culex",3
"FC036|Tarsalis|2023|34","FC-036","NW","FC",2023,34,2023-08-21,"L","Tarsalis","culex",10
"FC036|Pipiens|2023|37","FC-036","NW","FC",2023,37,2023-09-11,"L","Pipiens","culex",8
"FC036|Tarsalis|2023|37","FC-036","NW","FC",2023,37,2023-09-11,"L","Tarsalis","culex",0
"FC036|Pipiens|2024|22","FC-036","NW","FC",2024,22,2024-06-02,"L","Pipiens","culex",1
"FC036|Tarsalis|2024|22","FC-036","NW","FC",2024,22,2024-06-02,"L","Tarsalis","culex",4
"FC036|Pipiens|2024|23","FC-036","NW","FC",2024,23,2024-06-09,"L","Pipiens","culex",0
"FC036|Tarsalis|2024|23","FC-036","NW","FC",2024,23,2024-06-09,"L","Tarsalis","culex",2
"FC036|Pipiens|2024|25","FC-036","NW","FC",2024,25,2024-06-17,"L","Pipiens","culex",3
"FC036|Tarsalis|2024|25","FC-036","NW","FC",2024,25,2024-06-17,"L","Tarsalis","culex",21
"FC036|Pipiens|2024|26","FC-036","NW","FC",2024,26,2024-06-24,"L","Pipiens","culex",7
"FC036|Tarsalis|2024|26","FC-036","NW","FC",2024,26,2024-06-24,"L","Tarsalis","culex",21
"FC036|Pipiens|2024|27","FC-036","NW","FC",2024,27,2024-07-01,"L","Pipiens","culex",15
"FC036|Tarsalis|2024|27","FC-036","NW","FC",2024,27,2024-07-01,"L","Tarsalis","culex",18
"FC036|Pipiens|2024|28","FC-036","NW","FC",2024,28,2024-07-08,"L","Pipiens","culex",10
"FC036|Tarsalis|2024|28","FC-036","NW","FC",2024,28,2024-07-08,"L","Tarsalis","culex",14
"FC036|Pipiens|2024|29","FC-036","NW","FC",2024,29,2024-07-15,"L","Pipiens","culex",41
"FC036|Tarsalis|2024|29","FC-036","NW","FC",2024,29,2024-07-15,"L","Tarsalis","culex",89
"FC036|Pipiens|2024|30","FC-036","NW","FC",2024,30,2024-07-22,"L","Pipiens","culex",23
"FC036|Tarsalis|2024|30","FC-036","NW","FC",2024,30,2024-07-22,"L","Tarsalis","culex",8
"FC036|Pipiens|2024|31","FC-036","NW","FC",2024,31,2024-07-29,"L","Pipiens","culex",29
"FC036|Tarsalis|2024|31","FC-036","NW","FC",2024,31,2024-07-29,"L","Tarsalis","culex",43
"FC036|Pipiens|2024|32","FC-036","NW","FC",2024,32,2024-08-05,"L","Pipiens","culex",61
"FC036|Tarsalis|2024|32","FC-036","NW","FC",2024,32,2024-08-05,"L","Tarsalis","culex",58
"FC036|Pipiens|2024|33","FC-036","NW","FC",2024,33,2024-08-12,"L","Pipiens","culex",24
"FC036|Tarsalis|2024|33","FC-036","NW","FC",2024,33,2024-08-12,"L","Tarsalis","culex",24
"FC036|Pipiens|2024|34","FC-036","NW","FC",2024,34,2024-08-19,"L","Pipiens","culex",4
"FC036|Tarsalis|2024|34","FC-036","NW","FC",2024,34,2024-08-19,"L","Tarsalis","culex",9
"FC036|Pipiens|2024|35","FC-036","NW","FC",2024,35,2024-08-26,"L","Pipiens","culex",8
"FC036|Tarsalis|2024|35","FC-036","NW","FC",2024,35,2024-08-26,"L","Tarsalis","culex",3
"FC036|Pipiens|2024|36","FC-036","NW","FC",2024,36,2024-09-04,"L","Pipiens","culex",6
"FC036|Tarsalis|2024|36","FC-036","NW","FC",2024,36,2024-09-04,"L","Tarsalis","culex",4
"FC036|Pipiens|2024|37","FC-036","NW","FC",2024,37,2024-09-09,"L","Pipiens","culex",8
"FC036|Tarsalis|2024|37","FC-036","NW","FC",2024,37,2024-09-09,"L","Tarsalis","culex",0
"FC036|Pipiens|2025|25","FC-036","NW","FC",2025,25,2025-06-16,"L","Pipiens","culex",4
"FC036|Tarsalis|2025|25","FC-036","NW","FC",2025,25,2025-06-16,"L","Tarsalis","culex",19
"FC036|Pipiens|2025|27","FC-036","NW","FC",2025,27,2025-06-30,"L","Pipiens","culex",3
"FC036|Tarsalis|2025|27","FC-036","NW","FC",2025,27,2025-06-30,"L","Tarsalis","culex",47
"FC036|Pipiens|2025|28","FC-036","NW","FC",2025,28,2025-07-07,"L","Pipiens","culex",0
"FC036|Tarsalis|2025|28","FC-036","NW","FC",2025,28,2025-07-07,"L","Tarsalis","culex",13
"FC036|Pipiens|2025|29","FC-036","NW","FC",2025,29,2025-07-14,"L","Pipiens","culex",12
"FC036|Tarsalis|2025|29","FC-036","NW","FC",2025,29,2025-07-14,"L","Tarsalis","culex",216
"FC036|Pipiens|2025|30","FC-036","NW","FC",2025,30,2025-07-21,"L","Pipiens","culex",6
"FC036|Tarsalis|2025|30","FC-036","NW","FC",2025,30,2025-07-21,"L","Tarsalis","culex",56
"FC036|Pipiens|2025|31","FC-036","NW","FC",2025,31,2025-07-28,"L","Pipiens","culex",14
"FC036|Tarsalis|2025|31","FC-036","NW","FC",2025,31,2025-07-28,"L","Tarsalis","culex",233
"FC036|Pipiens|2025|32","FC-036","NW","FC",2025,32,2025-08-04,"L","Pipiens","culex",24
"FC036|Tarsalis|2025|32","FC-036","NW","FC",2025,32,2025-08-04,"L","Tarsalis","culex",44
"FC036|Pipiens|2025|33","FC-036","NW","FC",2025,33,2025-08-11,"L","Pipiens","culex",1
"FC036|Tarsalis|2025|33","FC-036","NW","FC",2025,33,2025-08-11,"L","Tarsalis","culex",1
"FC036|Pipiens|2025|34","FC-036","NW","FC",2025,34,2025-08-18,"L","Pipiens","culex",26
"FC036|Tarsalis|2025|34","FC-036","NW","FC",2025,34,2025-08-18,"L","Tarsalis","culex",23
"FC036|Pipiens|2025|35","FC-036","NW","FC",2025,35,2025-08-25,"L","Pipiens","culex",4
"FC036|Tarsalis|2025|35","FC-036","NW","FC",2025,35,2025-08-25,"L","Tarsalis","culex",4
"FC036|Pipiens|2025|36","FC-036","NW","FC",2025,36,2025-09-03,"L","Pipiens","culex",4
"FC036|Tarsalis|2025|36","FC-036","NW","FC",2025,36,2025-09-03,"L","Tarsalis","culex",4
"FC037|Pipiens|2020|23","FC-037","SW","FC",2020,23,2020-06-03,"L","Pipiens","culex",1
"FC037|Tarsalis|2020|23","FC-037","SW","FC",2020,23,2020-06-03,"L","Tarsalis","culex",6
"FC037|Pipiens|2020|24","FC-037","SW","FC",2020,24,2020-06-10,"L","Pipiens","culex",0
"FC037|Tarsalis|2020|24","FC-037","SW","FC",2020,24,2020-06-10,"L","Tarsalis","culex",6
"FC037|Pipiens|2020|25","FC-037","SW","FC",2020,25,2020-06-17,"L","Pipiens","culex",4
"FC037|Tarsalis|2020|25","FC-037","SW","FC",2020,25,2020-06-17,"L","Tarsalis","culex",18
"FC037|Pipiens|2020|26","FC-037","SW","FC",2020,26,2020-06-24,"L","Pipiens","culex",5
"FC037|Tarsalis|2020|26","FC-037","SW","FC",2020,26,2020-06-24,"L","Tarsalis","culex",19
"FC037|Pipiens|2020|27","FC-037","SW","FC",2020,27,2020-07-01,"L","Pipiens","culex",0
"FC037|Tarsalis|2020|27","FC-037","SW","FC",2020,27,2020-07-01,"L","Tarsalis","culex",25
"FC037|Pipiens|2020|28","FC-037","SW","FC",2020,28,2020-07-08,"L","Pipiens","culex",0
"FC037|Tarsalis|2020|28","FC-037","SW","FC",2020,28,2020-07-08,"L","Tarsalis","culex",3
"FC037|Pipiens|2020|29","FC-037","SW","FC",2020,29,2020-07-15,"L","Pipiens","culex",3
"FC037|Tarsalis|2020|29","FC-037","SW","FC",2020,29,2020-07-15,"L","Tarsalis","culex",50
"FC037|Pipiens|2020|30","FC-037","SW","FC",2020,30,2020-07-22,"L","Pipiens","culex",4
"FC037|Tarsalis|2020|30","FC-037","SW","FC",2020,30,2020-07-22,"L","Tarsalis","culex",107
"FC037|Pipiens|2020|31","FC-037","SW","FC",2020,31,2020-07-29,"L","Pipiens","culex",1
"FC037|Tarsalis|2020|31","FC-037","SW","FC",2020,31,2020-07-29,"L","Tarsalis","culex",40
"FC037|Pipiens|2020|32","FC-037","SW","FC",2020,32,2020-08-05,"L","Pipiens","culex",12
"FC037|Tarsalis|2020|32","FC-037","SW","FC",2020,32,2020-08-05,"L","Tarsalis","culex",59
"FC037|Pipiens|2020|33","FC-037","SW","FC",2020,33,2020-08-12,"L","Pipiens","culex",38
"FC037|Tarsalis|2020|33","FC-037","SW","FC",2020,33,2020-08-12,"L","Tarsalis","culex",50
"FC037|Pipiens|2020|34","FC-037","SW","FC",2020,34,2020-08-19,"L","Pipiens","culex",0
"FC037|Tarsalis|2020|34","FC-037","SW","FC",2020,34,2020-08-19,"L","Tarsalis","culex",28
"FC037|Pipiens|2021|25","FC-037","SW","FC",2021,25,2021-06-23,"L","Pipiens","culex",0
"FC037|Tarsalis|2021|25","FC-037","SW","FC",2021,25,2021-06-23,"L","Tarsalis","culex",4
"FC037|Pipiens|2021|26","FC-037","SW","FC",2021,26,2021-07-01,"L","Pipiens","culex",0
"FC037|Tarsalis|2021|26","FC-037","SW","FC",2021,26,2021-07-01,"L","Tarsalis","culex",26
"FC037|Pipiens|2021|27","FC-037","SW","FC",2021,27,2021-07-07,"L","Pipiens","culex",3
"FC037|Tarsalis|2021|27","FC-037","SW","FC",2021,27,2021-07-07,"L","Tarsalis","culex",13
"FC037|Pipiens|2021|28","FC-037","SW","FC",2021,28,2021-07-14,"L","Pipiens","culex",9
"FC037|Tarsalis|2021|28","FC-037","SW","FC",2021,28,2021-07-14,"L","Tarsalis","culex",125
"FC037|Pipiens|2021|29","FC-037","SW","FC",2021,29,2021-07-21,"L","Pipiens","culex",0
"FC037|Tarsalis|2021|29","FC-037","SW","FC",2021,29,2021-07-21,"L","Tarsalis","culex",17
"FC037|Pipiens|2021|30","FC-037","SW","FC",2021,30,2021-07-28,"L","Pipiens","culex",5
"FC037|Tarsalis|2021|30","FC-037","SW","FC",2021,30,2021-07-28,"L","Tarsalis","culex",138
"FC037|Pipiens|2021|31","FC-037","SW","FC",2021,31,2021-08-04,"L","Pipiens","culex",9
"FC037|Tarsalis|2021|31","FC-037","SW","FC",2021,31,2021-08-04,"L","Tarsalis","culex",30
"FC037|Pipiens|2021|32","FC-037","SW","FC",2021,32,2021-08-11,"L","Pipiens","culex",14
"FC037|Tarsalis|2021|32","FC-037","SW","FC",2021,32,2021-08-11,"L","Tarsalis","culex",9
"FC037|Pipiens|2021|33","FC-037","SW","FC",2021,33,2021-08-18,"L","Pipiens","culex",2
"FC037|Tarsalis|2021|33","FC-037","SW","FC",2021,33,2021-08-18,"L","Tarsalis","culex",6
"FC037|Pipiens|2021|34","FC-037","SW","FC",2021,34,2021-08-25,"L","Pipiens","culex",3
"FC037|Tarsalis|2021|34","FC-037","SW","FC",2021,34,2021-08-25,"L","Tarsalis","culex",0
"FC037|Pipiens|2021|35","FC-037","SW","FC",2021,35,2021-09-01,"L","Pipiens","culex",2
"FC037|Tarsalis|2021|35","FC-037","SW","FC",2021,35,2021-09-01,"L","Tarsalis","culex",6
"FC037|Pipiens|2021|36","FC-037","SW","FC",2021,36,2021-09-08,"L","Pipiens","culex",1
"FC037|Tarsalis|2021|36","FC-037","SW","FC",2021,36,2021-09-08,"L","Tarsalis","culex",1
"FC037|Pipiens|2022|23","FC-037","SW","FC",2022,23,2022-06-08,"L","Pipiens","culex",0
"FC037|Tarsalis|2022|23","FC-037","SW","FC",2022,23,2022-06-08,"L","Tarsalis","culex",4
"FC037|Pipiens|2022|24","FC-037","SW","FC",2022,24,2022-06-15,"L","Pipiens","culex",0
"FC037|Tarsalis|2022|24","FC-037","SW","FC",2022,24,2022-06-15,"L","Tarsalis","culex",12
"FC037|Pipiens|2022|25","FC-037","SW","FC",2022,25,2022-06-22,"L","Pipiens","culex",0
"FC037|Tarsalis|2022|25","FC-037","SW","FC",2022,25,2022-06-22,"L","Tarsalis","culex",11
"FC037|Pipiens|2022|27","FC-037","SW","FC",2022,27,2022-07-06,"L","Pipiens","culex",0
"FC037|Tarsalis|2022|27","FC-037","SW","FC",2022,27,2022-07-06,"L","Tarsalis","culex",34
"FC037|Pipiens|2022|28","FC-037","SW","FC",2022,28,2022-07-13,"L","Pipiens","culex",1
"FC037|Tarsalis|2022|28","FC-037","SW","FC",2022,28,2022-07-13,"L","Tarsalis","culex",223
"FC037|Pipiens|2022|29","FC-037","SW","FC",2022,29,2022-07-20,"L","Pipiens","culex",8
"FC037|Tarsalis|2022|29","FC-037","SW","FC",2022,29,2022-07-20,"L","Tarsalis","culex",216
"FC037|Pipiens|2022|30","FC-037","SW","FC",2022,30,2022-07-27,"L","Pipiens","culex",11
"FC037|Tarsalis|2022|30","FC-037","SW","FC",2022,30,2022-07-27,"L","Tarsalis","culex",76
"FC037|Pipiens|2022|31","FC-037","SW","FC",2022,31,2022-08-03,"L","Pipiens","culex",6
"FC037|Tarsalis|2022|31","FC-037","SW","FC",2022,31,2022-08-03,"L","Tarsalis","culex",79
"FC037|Pipiens|2022|32","FC-037","SW","FC",2022,32,2022-08-10,"L","Pipiens","culex",32
"FC037|Tarsalis|2022|32","FC-037","SW","FC",2022,32,2022-08-10,"L","Tarsalis","culex",301
"FC037|Pipiens|2022|33","FC-037","SW","FC",2022,33,2022-08-17,"L","Pipiens","culex",34
"FC037|Tarsalis|2022|33","FC-037","SW","FC",2022,33,2022-08-17,"L","Tarsalis","culex",139
"FC037|Pipiens|2022|34","FC-037","SW","FC",2022,34,2022-08-24,"L","Pipiens","culex",17
"FC037|Tarsalis|2022|34","FC-037","SW","FC",2022,34,2022-08-24,"L","Tarsalis","culex",109
"FC037|Pipiens|2022|36","FC-037","SW","FC",2022,36,2022-09-07,"L","Pipiens","culex",2
"FC037|Tarsalis|2022|36","FC-037","SW","FC",2022,36,2022-09-07,"L","Tarsalis","culex",10
"FC037|Pipiens|2022|37","FC-037","SW","FC",2022,37,2022-09-12,"L","Pipiens","culex",4
"FC037|Tarsalis|2022|37","FC-037","SW","FC",2022,37,2022-09-12,"L","Tarsalis","culex",24
"FC037|Pipiens|2023|23","FC-037","SW","FC",2023,23,2023-06-07,"L","Pipiens","culex",0
"FC037|Tarsalis|2023|23","FC-037","SW","FC",2023,23,2023-06-07,"L","Tarsalis","culex",18
"FC037|Pipiens|2023|24","FC-037","SW","FC",2023,24,2023-06-14,"L","Pipiens","culex",6
"FC037|Tarsalis|2023|24","FC-037","SW","FC",2023,24,2023-06-14,"L","Tarsalis","culex",22
"FC037|Pipiens|2023|25","FC-037","SW","FC",2023,25,2023-06-21,"L","Pipiens","culex",0
"FC037|Tarsalis|2023|25","FC-037","SW","FC",2023,25,2023-06-21,"L","Tarsalis","culex",2
"FC037|Pipiens|2023|26","FC-037","SW","FC",2023,26,2023-06-28,"L","Pipiens","culex",3
"FC037|Tarsalis|2023|26","FC-037","SW","FC",2023,26,2023-06-28,"L","Tarsalis","culex",312
"FC037|Pipiens|2023|27","FC-037","SW","FC",2023,27,2023-07-05,"L","Pipiens","culex",8
"FC037|Tarsalis|2023|27","FC-037","SW","FC",2023,27,2023-07-05,"L","Tarsalis","culex",14
"FC037|Pipiens|2023|28","FC-037","SW","FC",2023,28,2023-07-12,"L","Pipiens","culex",28
"FC037|Tarsalis|2023|28","FC-037","SW","FC",2023,28,2023-07-12,"L","Tarsalis","culex",946
"FC037|Pipiens|2023|29","FC-037","SW","FC",2023,29,2023-07-19,"L","Pipiens","culex",41
"FC037|Tarsalis|2023|29","FC-037","SW","FC",2023,29,2023-07-19,"L","Tarsalis","culex",473
"FC037|Pipiens|2023|30","FC-037","SW","FC",2023,30,2023-07-25,"L","Pipiens","culex",12
"FC037|Tarsalis|2023|30","FC-037","SW","FC",2023,30,2023-07-25,"L","Tarsalis","culex",480
"FC037|Pipiens|2023|31","FC-037","SW","FC",2023,31,2023-08-02,"L","Pipiens","culex",1
"FC037|Tarsalis|2023|31","FC-037","SW","FC",2023,31,2023-08-02,"L","Tarsalis","culex",5
"FC037|Pipiens|2023|32","FC-037","SW","FC",2023,32,2023-08-07,"L","Pipiens","culex",3
"FC037|Tarsalis|2023|32","FC-037","SW","FC",2023,32,2023-08-07,"L","Tarsalis","culex",33
"FC037|Pipiens|2023|33","FC-037","SW","FC",2023,33,2023-08-16,"L","Pipiens","culex",77
"FC037|Tarsalis|2023|33","FC-037","SW","FC",2023,33,2023-08-16,"L","Tarsalis","culex",165
"FC037|Pipiens|2023|34","FC-037","SW","FC",2023,34,2023-08-23,"L","Pipiens","culex",31
"FC037|Tarsalis|2023|34","FC-037","SW","FC",2023,34,2023-08-23,"L","Tarsalis","culex",58
"FC037|Pipiens|2023|35","FC-037","SW","FC",2023,35,2023-08-30,"L","Pipiens","culex",2
"FC037|Tarsalis|2023|35","FC-037","SW","FC",2023,35,2023-08-30,"L","Tarsalis","culex",8
"FC037|Pipiens|2023|36","FC-037","SW","FC",2023,36,2023-09-05,"L","Pipiens","culex",7
"FC037|Tarsalis|2023|36","FC-037","SW","FC",2023,36,2023-09-05,"L","Tarsalis","culex",7
"FC037|Pipiens|2023|37","FC-037","SW","FC",2023,37,2023-09-12,"L","Pipiens","culex",6
"FC037|Tarsalis|2023|37","FC-037","SW","FC",2023,37,2023-09-12,"L","Tarsalis","culex",4
"FC037|Pipiens|2024|23","FC-037","SW","FC",2024,23,2024-06-05,"L","Pipiens","culex",1
"FC037|Tarsalis|2024|23","FC-037","SW","FC",2024,23,2024-06-05,"L","Tarsalis","culex",18
"FC037|Pipiens|2024|24","FC-037","SW","FC",2024,24,2024-06-12,"L","Pipiens","culex",0
"FC037|Tarsalis|2024|24","FC-037","SW","FC",2024,24,2024-06-12,"L","Tarsalis","culex",3
"FC037|Pipiens|2024|25","FC-037","SW","FC",2024,25,2024-06-20,"L","Pipiens","culex",4
"FC037|Tarsalis|2024|25","FC-037","SW","FC",2024,25,2024-06-20,"L","Tarsalis","culex",6
"FC037|Pipiens|2024|26","FC-037","SW","FC",2024,26,2024-06-27,"L","Pipiens","culex",1
"FC037|Tarsalis|2024|26","FC-037","SW","FC",2024,26,2024-06-27,"L","Tarsalis","culex",7
"FC037|Pipiens|2024|27","FC-037","SW","FC",2024,27,2024-07-03,"L","Pipiens","culex",1
"FC037|Tarsalis|2024|27","FC-037","SW","FC",2024,27,2024-07-03,"L","Tarsalis","culex",5
"FC037|Pipiens|2024|28","FC-037","SW","FC",2024,28,2024-07-11,"L","Pipiens","culex",0
"FC037|Tarsalis|2024|28","FC-037","SW","FC",2024,28,2024-07-11,"L","Tarsalis","culex",21
"FC037|Pipiens|2024|29","FC-037","SW","FC",2024,29,2024-07-18,"L","Pipiens","culex",2
"FC037|Tarsalis|2024|29","FC-037","SW","FC",2024,29,2024-07-18,"L","Tarsalis","culex",15
"FC037|Pipiens|2024|30","FC-037","SW","FC",2024,30,2024-07-25,"L","Pipiens","culex",1
"FC037|Tarsalis|2024|30","FC-037","SW","FC",2024,30,2024-07-25,"L","Tarsalis","culex",2
"FC037|Pipiens|2024|31","FC-037","SW","FC",2024,31,2024-08-01,"L","Pipiens","culex",3
"FC037|Tarsalis|2024|31","FC-037","SW","FC",2024,31,2024-08-01,"L","Tarsalis","culex",32
"FC037|Pipiens|2024|32","FC-037","SW","FC",2024,32,2024-08-08,"L","Pipiens","culex",9
"FC037|Tarsalis|2024|32","FC-037","SW","FC",2024,32,2024-08-08,"L","Tarsalis","culex",14
"FC037|Pipiens|2024|33","FC-037","SW","FC",2024,33,2024-08-15,"L","Pipiens","culex",4
"FC037|Tarsalis|2024|33","FC-037","SW","FC",2024,33,2024-08-15,"L","Tarsalis","culex",10
"FC037|Pipiens|2024|34","FC-037","SW","FC",2024,34,2024-08-22,"L","Pipiens","culex",1
"FC037|Tarsalis|2024|34","FC-037","SW","FC",2024,34,2024-08-22,"L","Tarsalis","culex",14
"FC037|Pipiens|2024|35","FC-037","SW","FC",2024,35,2024-08-29,"L","Pipiens","culex",9
"FC037|Tarsalis|2024|35","FC-037","SW","FC",2024,35,2024-08-29,"L","Tarsalis","culex",20
"FC037|Pipiens|2024|36","FC-037","SW","FC",2024,36,2024-09-05,"L","Pipiens","culex",1
"FC037|Tarsalis|2024|36","FC-037","SW","FC",2024,36,2024-09-05,"L","Tarsalis","culex",0
"FC037|Pipiens|2024|37","FC-037","SW","FC",2024,37,2024-09-12,"L","Pipiens","culex",4
"FC037|Tarsalis|2024|37","FC-037","SW","FC",2024,37,2024-09-12,"L","Tarsalis","culex",2
"FC037|Pipiens|2025|25","FC-037","SW","FC",2025,25,2025-06-19,"L","Pipiens","culex",9
"FC037|Tarsalis|2025|25","FC-037","SW","FC",2025,25,2025-06-19,"L","Tarsalis","culex",47
"FC037|Pipiens|2025|26","FC-037","SW","FC",2025,26,2025-06-26,"L","Pipiens","culex",13
"FC037|Tarsalis|2025|26","FC-037","SW","FC",2025,26,2025-06-26,"L","Tarsalis","culex",54
"FC037|Pipiens|2025|27","FC-037","SW","FC",2025,27,2025-07-03,"L","Pipiens","culex",13
"FC037|Tarsalis|2025|27","FC-037","SW","FC",2025,27,2025-07-03,"L","Tarsalis","culex",320
"FC037|Pipiens|2025|28","FC-037","SW","FC",2025,28,2025-07-10,"L","Pipiens","culex",1
"FC037|Tarsalis|2025|28","FC-037","SW","FC",2025,28,2025-07-10,"L","Tarsalis","culex",234
"FC037|Pipiens|2025|29","FC-037","SW","FC",2025,29,2025-07-17,"L","Pipiens","culex",2
"FC037|Tarsalis|2025|29","FC-037","SW","FC",2025,29,2025-07-17,"L","Tarsalis","culex",75
"FC037|Pipiens|2025|30","FC-037","SW","FC",2025,30,2025-07-24,"L","Pipiens","culex",15
"FC037|Tarsalis|2025|30","FC-037","SW","FC",2025,30,2025-07-24,"L","Tarsalis","culex",81
"FC037|Pipiens|2025|31","FC-037","SW","FC",2025,31,2025-07-31,"L","Pipiens","culex",14
"FC037|Tarsalis|2025|31","FC-037","SW","FC",2025,31,2025-07-31,"L","Tarsalis","culex",72
"FC037|Pipiens|2025|32","FC-037","SW","FC",2025,32,2025-08-07,"L","Pipiens","culex",6
"FC037|Tarsalis|2025|32","FC-037","SW","FC",2025,32,2025-08-07,"L","Tarsalis","culex",56
"FC037|Pipiens|2025|33","FC-037","SW","FC",2025,33,2025-08-14,"L","Pipiens","culex",11
"FC037|Tarsalis|2025|33","FC-037","SW","FC",2025,33,2025-08-14,"L","Tarsalis","culex",88
"FC037|Pipiens|2025|34","FC-037","SW","FC",2025,34,2025-08-21,"L","Pipiens","culex",3
"FC037|Tarsalis|2025|34","FC-037","SW","FC",2025,34,2025-08-21,"L","Tarsalis","culex",20
"FC037|Pipiens|2025|35","FC-037","SW","FC",2025,35,2025-08-28,"L","Pipiens","culex",5
"FC037|Tarsalis|2025|35","FC-037","SW","FC",2025,35,2025-08-28,"L","Tarsalis","culex",11
"FC037|Pipiens|2025|36","FC-037","SW","FC",2025,36,2025-09-04,"L","Pipiens","culex",0
"FC037|Tarsalis|2025|36","FC-037","SW","FC",2025,36,2025-09-04,"L","Tarsalis","culex",52
"FC038|Pipiens|2020|24","FC-038","NE","FC",2020,24,2020-06-14,"L","Pipiens","culex",0
"FC038|Tarsalis|2020|24","FC-038","NE","FC",2020,24,2020-06-14,"L","Tarsalis","culex",3
"FC038|Pipiens|2020|25","FC-038","NE","FC",2020,25,2020-06-21,"L","Pipiens","culex",0
"FC038|Tarsalis|2020|25","FC-038","NE","FC",2020,25,2020-06-21,"L","Tarsalis","culex",2
"FC038|Pipiens|2020|26","FC-038","NE","FC",2020,26,2020-06-28,"L","Pipiens","culex",0
"FC038|Tarsalis|2020|26","FC-038","NE","FC",2020,26,2020-06-28,"L","Tarsalis","culex",6
"FC038|Pipiens|2020|27","FC-038","NE","FC",2020,27,2020-07-05,"L","Pipiens","culex",0
"FC038|Tarsalis|2020|27","FC-038","NE","FC",2020,27,2020-07-05,"L","Tarsalis","culex",3
"FC038|Pipiens|2020|28","FC-038","NE","FC",2020,28,2020-07-12,"L","Pipiens","culex",0
"FC038|Tarsalis|2020|28","FC-038","NE","FC",2020,28,2020-07-12,"L","Tarsalis","culex",22
"FC038|Pipiens|2020|29","FC-038","NE","FC",2020,29,2020-07-19,"L","Pipiens","culex",0
"FC038|Tarsalis|2020|29","FC-038","NE","FC",2020,29,2020-07-19,"L","Tarsalis","culex",26
"FC038|Pipiens|2020|30","FC-038","NE","FC",2020,30,2020-07-26,"L","Pipiens","culex",1
"FC038|Tarsalis|2020|30","FC-038","NE","FC",2020,30,2020-07-26,"L","Tarsalis","culex",12
"FC038|Pipiens|2020|31","FC-038","NE","FC",2020,31,2020-08-02,"L","Pipiens","culex",0
"FC038|Tarsalis|2020|31","FC-038","NE","FC",2020,31,2020-08-02,"L","Tarsalis","culex",5
"FC038|Pipiens|2020|32","FC-038","NE","FC",2020,32,2020-08-09,"L","Pipiens","culex",5
"FC038|Tarsalis|2020|32","FC-038","NE","FC",2020,32,2020-08-09,"L","Tarsalis","culex",66
"FC038|Pipiens|2020|33","FC-038","NE","FC",2020,33,2020-08-16,"L","Pipiens","culex",0
"FC038|Tarsalis|2020|33","FC-038","NE","FC",2020,33,2020-08-16,"L","Tarsalis","culex",25
"FC038|Pipiens|2020|34","FC-038","NE","FC",2020,34,2020-08-23,"L","Pipiens","culex",0
"FC038|Tarsalis|2020|34","FC-038","NE","FC",2020,34,2020-08-23,"L","Tarsalis","culex",11
"FC038|Pipiens|2021|24","FC-038","NE","FC",2021,24,2021-06-20,"L","Pipiens","culex",0
"FC038|Tarsalis|2021|24","FC-038","NE","FC",2021,24,2021-06-20,"L","Tarsalis","culex",18
"FC038|Pipiens|2021|25","FC-038","NE","FC",2021,25,2021-06-27,"L","Pipiens","culex",0
"FC038|Tarsalis|2021|25","FC-038","NE","FC",2021,25,2021-06-27,"L","Tarsalis","culex",33
"FC038|Pipiens|2021|26","FC-038","NE","FC",2021,26,2021-07-04,"L","Pipiens","culex",3
"FC038|Tarsalis|2021|26","FC-038","NE","FC",2021,26,2021-07-04,"L","Tarsalis","culex",78
"FC038|Pipiens|2021|27","FC-038","NE","FC",2021,27,2021-07-11,"L","Pipiens","culex",0
"FC038|Tarsalis|2021|27","FC-038","NE","FC",2021,27,2021-07-11,"L","Tarsalis","culex",26
"FC038|Pipiens|2021|28","FC-038","NE","FC",2021,28,2021-07-18,"L","Pipiens","culex",0
"FC038|Tarsalis|2021|28","FC-038","NE","FC",2021,28,2021-07-18,"L","Tarsalis","culex",33
"FC038|Pipiens|2021|29","FC-038","NE","FC",2021,29,2021-07-25,"L","Pipiens","culex",6
"FC038|Tarsalis|2021|29","FC-038","NE","FC",2021,29,2021-07-25,"L","Tarsalis","culex",106
"FC038|Pipiens|2021|30","FC-038","NE","FC",2021,30,2021-08-01,"L","Pipiens","culex",13
"FC038|Tarsalis|2021|30","FC-038","NE","FC",2021,30,2021-08-01,"L","Tarsalis","culex",48
"FC038|Pipiens|2021|31","FC-038","NE","FC",2021,31,2021-08-08,"L","Pipiens","culex",18
"FC038|Tarsalis|2021|31","FC-038","NE","FC",2021,31,2021-08-08,"L","Tarsalis","culex",61
"FC038|Pipiens|2021|32","FC-038","NE","FC",2021,32,2021-08-15,"L","Pipiens","culex",12
"FC038|Tarsalis|2021|32","FC-038","NE","FC",2021,32,2021-08-15,"L","Tarsalis","culex",66
"FC038|Pipiens|2021|35","FC-038","NE","FC",2021,35,2021-08-30,"L","Pipiens","culex",2
"FC038|Tarsalis|2021|35","FC-038","NE","FC",2021,35,2021-08-30,"L","Tarsalis","culex",0
"FC038|Pipiens|2021|36","FC-038","NE","FC",2021,36,2021-09-06,"L","Pipiens","culex",4
"FC038|Tarsalis|2021|36","FC-038","NE","FC",2021,36,2021-09-06,"L","Tarsalis","culex",2
"FC038|Pipiens|2022|22","FC-038","NE","FC",2022,22,2022-06-05,"L","Pipiens","culex",0
"FC038|Tarsalis|2022|22","FC-038","NE","FC",2022,22,2022-06-05,"L","Tarsalis","culex",1
"FC038|Pipiens|2022|23","FC-038","NE","FC",2022,23,2022-06-12,"L","Pipiens","culex",1
"FC038|Tarsalis|2022|23","FC-038","NE","FC",2022,23,2022-06-12,"L","Tarsalis","culex",16
"FC038|Pipiens|2022|24","FC-038","NE","FC",2022,24,2022-06-19,"L","Pipiens","culex",2
"FC038|Tarsalis|2022|24","FC-038","NE","FC",2022,24,2022-06-19,"L","Tarsalis","culex",10
"FC038|Pipiens|2022|25","FC-038","NE","FC",2022,25,2022-06-26,"L","Pipiens","culex",0
"FC038|Tarsalis|2022|25","FC-038","NE","FC",2022,25,2022-06-26,"L","Tarsalis","culex",4
"FC038|Pipiens|2022|26","FC-038","NE","FC",2022,26,2022-07-03,"L","Pipiens","culex",0
"FC038|Tarsalis|2022|26","FC-038","NE","FC",2022,26,2022-07-03,"L","Tarsalis","culex",23
"FC038|Pipiens|2022|27","FC-038","NE","FC",2022,27,2022-07-10,"L","Pipiens","culex",2
"FC038|Tarsalis|2022|27","FC-038","NE","FC",2022,27,2022-07-10,"L","Tarsalis","culex",91
"FC038|Pipiens|2022|28","FC-038","NE","FC",2022,28,2022-07-17,"L","Pipiens","culex",1
"FC038|Tarsalis|2022|28","FC-038","NE","FC",2022,28,2022-07-17,"L","Tarsalis","culex",60
"FC038|Pipiens|2022|29","FC-038","NE","FC",2022,29,2022-07-24,"L","Pipiens","culex",4
"FC038|Tarsalis|2022|29","FC-038","NE","FC",2022,29,2022-07-24,"L","Tarsalis","culex",17
"FC038|Pipiens|2022|30","FC-038","NE","FC",2022,30,2022-07-31,"L","Pipiens","culex",2
"FC038|Tarsalis|2022|30","FC-038","NE","FC",2022,30,2022-07-31,"L","Tarsalis","culex",23
"FC038|Pipiens|2022|31","FC-038","NE","FC",2022,31,2022-08-07,"L","Pipiens","culex",5
"FC038|Tarsalis|2022|31","FC-038","NE","FC",2022,31,2022-08-07,"L","Tarsalis","culex",42
"FC038|Pipiens|2022|32","FC-038","NE","FC",2022,32,2022-08-14,"L","Pipiens","culex",15
"FC038|Tarsalis|2022|32","FC-038","NE","FC",2022,32,2022-08-14,"L","Tarsalis","culex",81
"FC038|Pipiens|2022|33","FC-038","NE","FC",2022,33,2022-08-21,"L","Pipiens","culex",12
"FC038|Tarsalis|2022|33","FC-038","NE","FC",2022,33,2022-08-21,"L","Tarsalis","culex",45
"FC038|Pipiens|2022|35","FC-038","NE","FC",2022,35,2022-08-29,"L","Pipiens","culex",22
"FC038|Tarsalis|2022|35","FC-038","NE","FC",2022,35,2022-08-29,"L","Tarsalis","culex",18
"FC038|Pipiens|2022|36","FC-038","NE","FC",2022,36,2022-09-06,"L","Pipiens","culex",43
"FC038|Tarsalis|2022|36","FC-038","NE","FC",2022,36,2022-09-06,"L","Tarsalis","culex",24
"FC038|Pipiens|2022|37","FC-038","NE","FC",2022,37,2022-09-13,"L","Pipiens","culex",30
"FC038|Tarsalis|2022|37","FC-038","NE","FC",2022,37,2022-09-13,"L","Tarsalis","culex",6
"FC038|Pipiens|2023|24","FC-038","NE","FC",2023,24,2023-06-18,"L","Pipiens","culex",2
"FC038|Tarsalis|2023|24","FC-038","NE","FC",2023,24,2023-06-18,"L","Tarsalis","culex",4
"FC038|Pipiens|2023|25","FC-038","NE","FC",2023,25,2023-06-25,"L","Pipiens","culex",0
"FC038|Tarsalis|2023|25","FC-038","NE","FC",2023,25,2023-06-25,"L","Tarsalis","culex",86
"FC038|Pipiens|2023|26","FC-038","NE","FC",2023,26,2023-07-02,"L","Pipiens","culex",1
"FC038|Tarsalis|2023|26","FC-038","NE","FC",2023,26,2023-07-02,"L","Tarsalis","culex",114
"FC038|Pipiens|2023|27","FC-038","NE","FC",2023,27,2023-07-09,"L","Pipiens","culex",13
"FC038|Tarsalis|2023|27","FC-038","NE","FC",2023,27,2023-07-09,"L","Tarsalis","culex",18
"FC038|Pipiens|2023|28","FC-038","NE","FC",2023,28,2023-07-16,"L","Pipiens","culex",10
"FC038|Tarsalis|2023|28","FC-038","NE","FC",2023,28,2023-07-16,"L","Tarsalis","culex",342
"FC038|Pipiens|2023|29","FC-038","NE","FC",2023,29,2023-07-23,"L","Pipiens","culex",7
"FC038|Tarsalis|2023|29","FC-038","NE","FC",2023,29,2023-07-23,"L","Tarsalis","culex",243
"FC038|Pipiens|2023|31","FC-038","NE","FC",2023,31,2023-08-06,"L","Pipiens","culex",11
"FC038|Tarsalis|2023|31","FC-038","NE","FC",2023,31,2023-08-06,"L","Tarsalis","culex",28
"FC038|Pipiens|2023|32","FC-038","NE","FC",2023,32,2023-08-13,"L","Pipiens","culex",10
"FC038|Tarsalis|2023|32","FC-038","NE","FC",2023,32,2023-08-13,"L","Tarsalis","culex",14
"FC038|Pipiens|2023|34","FC-038","NE","FC",2023,34,2023-08-27,"L","Pipiens","culex",10
"FC038|Tarsalis|2023|34","FC-038","NE","FC",2023,34,2023-08-27,"L","Tarsalis","culex",5
"FC038|Pipiens|2023|37","FC-038","NE","FC",2023,37,2023-09-11,"L","Pipiens","culex",1
"FC038|Tarsalis|2023|37","FC-038","NE","FC",2023,37,2023-09-11,"L","Tarsalis","culex",0
"FC038|Pipiens|2024|22","FC-038","NE","FC",2024,22,2024-06-02,"L","Pipiens","culex",2
"FC038|Tarsalis|2024|22","FC-038","NE","FC",2024,22,2024-06-02,"L","Tarsalis","culex",12
"FC038|Pipiens|2024|23","FC-038","NE","FC",2024,23,2024-06-09,"L","Pipiens","culex",0
"FC038|Tarsalis|2024|23","FC-038","NE","FC",2024,23,2024-06-09,"L","Tarsalis","culex",1
"FC038|Pipiens|2024|25","FC-038","NE","FC",2024,25,2024-06-17,"L","Pipiens","culex",0
"FC038|Tarsalis|2024|25","FC-038","NE","FC",2024,25,2024-06-17,"L","Tarsalis","culex",25
"FC038|Pipiens|2024|26","FC-038","NE","FC",2024,26,2024-06-24,"L","Pipiens","culex",10
"FC038|Tarsalis|2024|26","FC-038","NE","FC",2024,26,2024-06-24,"L","Tarsalis","culex",94
"FC038|Pipiens|2024|27","FC-038","NE","FC",2024,27,2024-07-01,"L","Pipiens","culex",0
"FC038|Tarsalis|2024|27","FC-038","NE","FC",2024,27,2024-07-01,"L","Tarsalis","culex",31
"FC038|Pipiens|2024|28","FC-038","NE","FC",2024,28,2024-07-08,"L","Pipiens","culex",0
"FC038|Tarsalis|2024|28","FC-038","NE","FC",2024,28,2024-07-08,"L","Tarsalis","culex",14
"FC038|Pipiens|2024|29","FC-038","NE","FC",2024,29,2024-07-15,"L","Pipiens","culex",2
"FC038|Tarsalis|2024|29","FC-038","NE","FC",2024,29,2024-07-15,"L","Tarsalis","culex",42
"FC038|Pipiens|2024|30","FC-038","NE","FC",2024,30,2024-07-22,"L","Pipiens","culex",3
"FC038|Tarsalis|2024|30","FC-038","NE","FC",2024,30,2024-07-22,"L","Tarsalis","culex",12
"FC038|Pipiens|2024|31","FC-038","NE","FC",2024,31,2024-07-29,"L","Pipiens","culex",5
"FC038|Tarsalis|2024|31","FC-038","NE","FC",2024,31,2024-07-29,"L","Tarsalis","culex",22
"FC038|Pipiens|2024|32","FC-038","NE","FC",2024,32,2024-08-05,"L","Pipiens","culex",3
"FC038|Tarsalis|2024|32","FC-038","NE","FC",2024,32,2024-08-05,"L","Tarsalis","culex",65
"FC038|Pipiens|2024|33","FC-038","NE","FC",2024,33,2024-08-12,"L","Pipiens","culex",3
"FC038|Tarsalis|2024|33","FC-038","NE","FC",2024,33,2024-08-12,"L","Tarsalis","culex",70
"FC038|Pipiens|2024|34","FC-038","NE","FC",2024,34,2024-08-19,"L","Pipiens","culex",9
"FC038|Tarsalis|2024|34","FC-038","NE","FC",2024,34,2024-08-19,"L","Tarsalis","culex",25
"FC038|Pipiens|2024|35","FC-038","NE","FC",2024,35,2024-08-26,"L","Pipiens","culex",14
"FC038|Tarsalis|2024|35","FC-038","NE","FC",2024,35,2024-08-26,"L","Tarsalis","culex",9
"FC038|Pipiens|2024|36","FC-038","NE","FC",2024,36,2024-09-04,"L","Pipiens","culex",0
"FC038|Tarsalis|2024|36","FC-038","NE","FC",2024,36,2024-09-04,"L","Tarsalis","culex",3
"FC038|Pipiens|2024|37","FC-038","NE","FC",2024,37,2024-09-09,"L","Pipiens","culex",2
"FC038|Tarsalis|2024|37","FC-038","NE","FC",2024,37,2024-09-09,"L","Tarsalis","culex",3
"FC038|Pipiens|2025|25","FC-038","NE","FC",2025,25,2025-06-16,"L","Pipiens","culex",1
"FC038|Tarsalis|2025|25","FC-038","NE","FC",2025,25,2025-06-16,"L","Tarsalis","culex",22
"FC038|Pipiens|2025|26","FC-038","NE","FC",2025,26,2025-06-23,"L","Pipiens","culex",0
"FC038|Tarsalis|2025|26","FC-038","NE","FC",2025,26,2025-06-23,"L","Tarsalis","culex",6
"FC038|Pipiens|2025|27","FC-038","NE","FC",2025,27,2025-06-30,"L","Pipiens","culex",0
"FC038|Tarsalis|2025|27","FC-038","NE","FC",2025,27,2025-06-30,"L","Tarsalis","culex",80
"FC038|Pipiens|2025|28","FC-038","NE","FC",2025,28,2025-07-07,"L","Pipiens","culex",10
"FC038|Tarsalis|2025|28","FC-038","NE","FC",2025,28,2025-07-07,"L","Tarsalis","culex",70
"FC038|Pipiens|2025|29","FC-038","NE","FC",2025,29,2025-07-14,"L","Pipiens","culex",1
"FC038|Tarsalis|2025|29","FC-038","NE","FC",2025,29,2025-07-14,"L","Tarsalis","culex",38
"FC038|Pipiens|2025|30","FC-038","NE","FC",2025,30,2025-07-21,"L","Pipiens","culex",7
"FC038|Tarsalis|2025|30","FC-038","NE","FC",2025,30,2025-07-21,"L","Tarsalis","culex",30
"FC038|Pipiens|2025|32","FC-038","NE","FC",2025,32,2025-08-04,"L","Pipiens","culex",1
"FC038|Tarsalis|2025|32","FC-038","NE","FC",2025,32,2025-08-04,"L","Tarsalis","culex",6
"FC038|Pipiens|2025|34","FC-038","NE","FC",2025,34,2025-08-18,"L","Pipiens","culex",4
"FC038|Tarsalis|2025|34","FC-038","NE","FC",2025,34,2025-08-18,"L","Tarsalis","culex",22
"FC038|Pipiens|2025|35","FC-038","NE","FC",2025,35,2025-08-25,"L","Pipiens","culex",4
"FC038|Tarsalis|2025|35","FC-038","NE","FC",2025,35,2025-08-25,"L","Tarsalis","culex",11
"FC038|Pipiens|2025|36","FC-038","NE","FC",2025,36,2025-09-03,"L","Pipiens","culex",13
"FC038|Tarsalis|2025|36","FC-038","NE","FC",2025,36,2025-09-03,"L","Tarsalis","culex",6
"FC039|Pipiens|2020|23","FC-039","SE","FC",2020,23,2020-06-01,"L","Pipiens","culex",0
"FC039|Tarsalis|2020|23","FC-039","SE","FC",2020,23,2020-06-01,"L","Tarsalis","culex",7
"FC039|Pipiens|2020|25","FC-039","SE","FC",2020,25,2020-06-15,"L","Pipiens","culex",0
"FC039|Tarsalis|2020|25","FC-039","SE","FC",2020,25,2020-06-15,"L","Tarsalis","culex",15
"FC039|Pipiens|2020|26","FC-039","SE","FC",2020,26,2020-06-22,"L","Pipiens","culex",0
"FC039|Tarsalis|2020|26","FC-039","SE","FC",2020,26,2020-06-22,"L","Tarsalis","culex",52
"FC039|Pipiens|2020|27","FC-039","SE","FC",2020,27,2020-06-29,"L","Pipiens","culex",0
"FC039|Tarsalis|2020|27","FC-039","SE","FC",2020,27,2020-06-29,"L","Tarsalis","culex",50
"FC039|Pipiens|2020|28","FC-039","SE","FC",2020,28,2020-07-06,"L","Pipiens","culex",0
"FC039|Tarsalis|2020|28","FC-039","SE","FC",2020,28,2020-07-06,"L","Tarsalis","culex",1
"FC039|Pipiens|2020|29","FC-039","SE","FC",2020,29,2020-07-13,"L","Pipiens","culex",0
"FC039|Tarsalis|2020|29","FC-039","SE","FC",2020,29,2020-07-13,"L","Tarsalis","culex",22
"FC039|Pipiens|2020|30","FC-039","SE","FC",2020,30,2020-07-20,"L","Pipiens","culex",0
"FC039|Tarsalis|2020|30","FC-039","SE","FC",2020,30,2020-07-20,"L","Tarsalis","culex",43
"FC039|Pipiens|2020|31","FC-039","SE","FC",2020,31,2020-07-27,"L","Pipiens","culex",3
"FC039|Tarsalis|2020|31","FC-039","SE","FC",2020,31,2020-07-27,"L","Tarsalis","culex",117
"FC039|Pipiens|2020|32","FC-039","SE","FC",2020,32,2020-08-03,"L","Pipiens","culex",0
"FC039|Tarsalis|2020|32","FC-039","SE","FC",2020,32,2020-08-03,"L","Tarsalis","culex",39
"FC039|Pipiens|2020|33","FC-039","SE","FC",2020,33,2020-08-10,"L","Pipiens","culex",0
"FC039|Tarsalis|2020|33","FC-039","SE","FC",2020,33,2020-08-10,"L","Tarsalis","culex",15
"FC039|Pipiens|2020|34","FC-039","SE","FC",2020,34,2020-08-17,"L","Pipiens","culex",1
"FC039|Tarsalis|2020|34","FC-039","SE","FC",2020,34,2020-08-17,"L","Tarsalis","culex",15
"FC039|Pipiens|2020|35","FC-039","SE","FC",2020,35,2020-08-24,"L","Pipiens","culex",7
"FC039|Tarsalis|2020|35","FC-039","SE","FC",2020,35,2020-08-24,"L","Tarsalis","culex",16
"FC039|Pipiens|2021|25","FC-039","SE","FC",2021,25,2021-06-21,"L","Pipiens","culex",0
"FC039|Tarsalis|2021|25","FC-039","SE","FC",2021,25,2021-06-21,"L","Tarsalis","culex",111
"FC039|Pipiens|2021|27","FC-039","SE","FC",2021,27,2021-07-05,"L","Pipiens","culex",0
"FC039|Tarsalis|2021|27","FC-039","SE","FC",2021,27,2021-07-05,"L","Tarsalis","culex",138
"FC039|Pipiens|2021|28","FC-039","SE","FC",2021,28,2021-07-12,"L","Pipiens","culex",3
"FC039|Tarsalis|2021|28","FC-039","SE","FC",2021,28,2021-07-12,"L","Tarsalis","culex",85
"FC039|Pipiens|2021|29","FC-039","SE","FC",2021,29,2021-07-19,"L","Pipiens","culex",0
"FC039|Tarsalis|2021|29","FC-039","SE","FC",2021,29,2021-07-19,"L","Tarsalis","culex",1
"FC039|Pipiens|2021|30","FC-039","SE","FC",2021,30,2021-07-26,"L","Pipiens","culex",4
"FC039|Tarsalis|2021|30","FC-039","SE","FC",2021,30,2021-07-26,"L","Tarsalis","culex",63
"FC039|Pipiens|2021|31","FC-039","SE","FC",2021,31,2021-08-02,"L","Pipiens","culex",9
"FC039|Tarsalis|2021|31","FC-039","SE","FC",2021,31,2021-08-02,"L","Tarsalis","culex",100
"FC039|Pipiens|2021|32","FC-039","SE","FC",2021,32,2021-08-09,"L","Pipiens","culex",3
"FC039|Tarsalis|2021|32","FC-039","SE","FC",2021,32,2021-08-09,"L","Tarsalis","culex",19
"FC039|Pipiens|2021|33","FC-039","SE","FC",2021,33,2021-08-16,"L","Pipiens","culex",5
"FC039|Tarsalis|2021|33","FC-039","SE","FC",2021,33,2021-08-16,"L","Tarsalis","culex",8
"FC039|Pipiens|2021|34","FC-039","SE","FC",2021,34,2021-08-29,"L","Pipiens","culex",4
"FC039|Tarsalis|2021|34","FC-039","SE","FC",2021,34,2021-08-29,"L","Tarsalis","culex",22
"FC039|Pipiens|2022|23","FC-039","SE","FC",2022,23,2022-06-06,"L","Pipiens","culex",0
"FC039|Tarsalis|2022|23","FC-039","SE","FC",2022,23,2022-06-06,"L","Tarsalis","culex",3
"FC039|Pipiens|2022|24","FC-039","SE","FC",2022,24,2022-06-13,"L","Pipiens","culex",2
"FC039|Tarsalis|2022|24","FC-039","SE","FC",2022,24,2022-06-13,"L","Tarsalis","culex",6
"FC039|Pipiens|2022|25","FC-039","SE","FC",2022,25,2022-06-20,"L","Pipiens","culex",0
"FC039|Tarsalis|2022|25","FC-039","SE","FC",2022,25,2022-06-20,"L","Tarsalis","culex",6
"FC039|Pipiens|2022|26","FC-039","SE","FC",2022,26,2022-06-27,"L","Pipiens","culex",0
"FC039|Tarsalis|2022|26","FC-039","SE","FC",2022,26,2022-06-27,"L","Tarsalis","culex",8
"FC039|Pipiens|2022|27","FC-039","SE","FC",2022,27,2022-07-05,"L","Pipiens","culex",0
"FC039|Tarsalis|2022|27","FC-039","SE","FC",2022,27,2022-07-05,"L","Tarsalis","culex",73
"FC039|Pipiens|2022|28","FC-039","SE","FC",2022,28,2022-07-11,"L","Pipiens","culex",0
"FC039|Tarsalis|2022|28","FC-039","SE","FC",2022,28,2022-07-11,"L","Tarsalis","culex",26
"FC039|Pipiens|2022|29","FC-039","SE","FC",2022,29,2022-07-18,"L","Pipiens","culex",0
"FC039|Tarsalis|2022|29","FC-039","SE","FC",2022,29,2022-07-18,"L","Tarsalis","culex",35
"FC039|Pipiens|2022|30","FC-039","SE","FC",2022,30,2022-07-25,"L","Pipiens","culex",2
"FC039|Tarsalis|2022|30","FC-039","SE","FC",2022,30,2022-07-25,"L","Tarsalis","culex",11
"FC039|Pipiens|2022|31","FC-039","SE","FC",2022,31,2022-08-01,"L","Pipiens","culex",0
"FC039|Tarsalis|2022|31","FC-039","SE","FC",2022,31,2022-08-01,"L","Tarsalis","culex",20
"FC039|Pipiens|2022|32","FC-039","SE","FC",2022,32,2022-08-08,"L","Pipiens","culex",3
"FC039|Tarsalis|2022|32","FC-039","SE","FC",2022,32,2022-08-08,"L","Tarsalis","culex",78
"FC039|Pipiens|2022|33","FC-039","SE","FC",2022,33,2022-08-15,"L","Pipiens","culex",6
"FC039|Tarsalis|2022|33","FC-039","SE","FC",2022,33,2022-08-15,"L","Tarsalis","culex",29
"FC039|Pipiens|2022|34","FC-039","SE","FC",2022,34,2022-08-22,"L","Pipiens","culex",7
"FC039|Tarsalis|2022|34","FC-039","SE","FC",2022,34,2022-08-22,"L","Tarsalis","culex",20
"FC039|Pipiens|2022|35","FC-039","SE","FC",2022,35,2022-08-30,"L","Pipiens","culex",3
"FC039|Tarsalis|2022|35","FC-039","SE","FC",2022,35,2022-08-30,"L","Tarsalis","culex",13
"FC039|Pipiens|2022|36","FC-039","SE","FC",2022,36,2022-09-07,"L","Pipiens","culex",2
"FC039|Tarsalis|2022|36","FC-039","SE","FC",2022,36,2022-09-07,"L","Tarsalis","culex",6
"FC039|Pipiens|2022|37","FC-039","SE","FC",2022,37,2022-09-12,"L","Pipiens","culex",5
"FC039|Tarsalis|2022|37","FC-039","SE","FC",2022,37,2022-09-12,"L","Tarsalis","culex",2
"FC039|Pipiens|2023|23","FC-039","SE","FC",2023,23,2023-06-05,"L","Pipiens","culex",0
"FC039|Tarsalis|2023|23","FC-039","SE","FC",2023,23,2023-06-05,"L","Tarsalis","culex",2
"FC039|Pipiens|2023|24","FC-039","SE","FC",2023,24,2023-06-12,"L","Pipiens","culex",0
"FC039|Tarsalis|2023|24","FC-039","SE","FC",2023,24,2023-06-12,"L","Tarsalis","culex",26
"FC039|Pipiens|2023|25","FC-039","SE","FC",2023,25,2023-06-19,"L","Pipiens","culex",0
"FC039|Tarsalis|2023|25","FC-039","SE","FC",2023,25,2023-06-19,"L","Tarsalis","culex",23
"FC039|Pipiens|2023|26","FC-039","SE","FC",2023,26,2023-06-26,"L","Pipiens","culex",0
"FC039|Tarsalis|2023|26","FC-039","SE","FC",2023,26,2023-06-26,"L","Tarsalis","culex",54
"FC039|Pipiens|2023|27","FC-039","SE","FC",2023,27,2023-07-03,"L","Pipiens","culex",24
"FC039|Tarsalis|2023|27","FC-039","SE","FC",2023,27,2023-07-03,"L","Tarsalis","culex",839
"FC039|Pipiens|2023|28","FC-039","SE","FC",2023,28,2023-07-10,"L","Pipiens","culex",29
"FC039|Tarsalis|2023|28","FC-039","SE","FC",2023,28,2023-07-10,"L","Tarsalis","culex",829
"FC039|Pipiens|2023|29","FC-039","SE","FC",2023,29,2023-07-17,"L","Pipiens","culex",43
"FC039|Tarsalis|2023|29","FC-039","SE","FC",2023,29,2023-07-17,"L","Tarsalis","culex",1502
"FC039|Pipiens|2023|30","FC-039","SE","FC",2023,30,2023-07-30,"L","Pipiens","culex",6
"FC039|Tarsalis|2023|30","FC-039","SE","FC",2023,30,2023-07-30,"L","Tarsalis","culex",229
"FC039|Pipiens|2023|32","FC-039","SE","FC",2023,32,2023-08-08,"L","Pipiens","culex",9
"FC039|Tarsalis|2023|32","FC-039","SE","FC",2023,32,2023-08-08,"L","Tarsalis","culex",24
"FC039|Pipiens|2023|33","FC-039","SE","FC",2023,33,2023-08-20,"L","Pipiens","culex",15
"FC039|Tarsalis|2023|33","FC-039","SE","FC",2023,33,2023-08-20,"L","Tarsalis","culex",78
"FC039|Pipiens|2023|35","FC-039","SE","FC",2023,35,2023-08-28,"L","Pipiens","culex",2
"FC039|Tarsalis|2023|35","FC-039","SE","FC",2023,35,2023-08-28,"L","Tarsalis","culex",6
"FC039|Pipiens|2023|36","FC-039","SE","FC",2023,36,2023-09-05,"L","Pipiens","culex",11
"FC039|Tarsalis|2023|36","FC-039","SE","FC",2023,36,2023-09-05,"L","Tarsalis","culex",4
"FC039|Pipiens|2023|37","FC-039","SE","FC",2023,37,2023-09-12,"L","Pipiens","culex",9
"FC039|Tarsalis|2023|37","FC-039","SE","FC",2023,37,2023-09-12,"L","Tarsalis","culex",1
"FC039|Pipiens|2024|23","FC-039","SE","FC",2024,23,2024-06-03,"L","Pipiens","culex",0
"FC039|Tarsalis|2024|23","FC-039","SE","FC",2024,23,2024-06-03,"L","Tarsalis","culex",2
"FC039|Pipiens|2024|24","FC-039","SE","FC",2024,24,2024-06-10,"L","Pipiens","culex",0
"FC039|Tarsalis|2024|24","FC-039","SE","FC",2024,24,2024-06-10,"L","Tarsalis","culex",3
"FC039|Pipiens|2024|25","FC-039","SE","FC",2024,25,2024-06-18,"L","Pipiens","culex",0
"FC039|Tarsalis|2024|25","FC-039","SE","FC",2024,25,2024-06-18,"L","Tarsalis","culex",1
"FC039|Pipiens|2024|26","FC-039","SE","FC",2024,26,2024-06-25,"L","Pipiens","culex",0
"FC039|Tarsalis|2024|26","FC-039","SE","FC",2024,26,2024-06-25,"L","Tarsalis","culex",3
"FC039|Pipiens|2024|27","FC-039","SE","FC",2024,27,2024-07-02,"L","Pipiens","culex",0
"FC039|Tarsalis|2024|27","FC-039","SE","FC",2024,27,2024-07-02,"L","Tarsalis","culex",30
"FC039|Pipiens|2024|28","FC-039","SE","FC",2024,28,2024-07-09,"L","Pipiens","culex",0
"FC039|Tarsalis|2024|28","FC-039","SE","FC",2024,28,2024-07-09,"L","Tarsalis","culex",7
"FC039|Pipiens|2024|29","FC-039","SE","FC",2024,29,2024-07-16,"L","Pipiens","culex",0
"FC039|Tarsalis|2024|29","FC-039","SE","FC",2024,29,2024-07-16,"L","Tarsalis","culex",1
"FC039|Pipiens|2024|30","FC-039","SE","FC",2024,30,2024-07-23,"L","Pipiens","culex",0
"FC039|Tarsalis|2024|30","FC-039","SE","FC",2024,30,2024-07-23,"L","Tarsalis","culex",8
"FC039|Pipiens|2024|31","FC-039","SE","FC",2024,31,2024-07-30,"L","Pipiens","culex",0
"FC039|Tarsalis|2024|31","FC-039","SE","FC",2024,31,2024-07-30,"L","Tarsalis","culex",21
"FC039|Pipiens|2024|32","FC-039","SE","FC",2024,32,2024-08-06,"L","Pipiens","culex",0
"FC039|Tarsalis|2024|32","FC-039","SE","FC",2024,32,2024-08-06,"L","Tarsalis","culex",18
"FC039|Pipiens|2024|33","FC-039","SE","FC",2024,33,2024-08-13,"L","Pipiens","culex",1
"FC039|Tarsalis|2024|33","FC-039","SE","FC",2024,33,2024-08-13,"L","Tarsalis","culex",11
"FC039|Pipiens|2024|34","FC-039","SE","FC",2024,34,2024-08-20,"L","Pipiens","culex",2
"FC039|Tarsalis|2024|34","FC-039","SE","FC",2024,34,2024-08-20,"L","Tarsalis","culex",11
"FC039|Pipiens|2024|35","FC-039","SE","FC",2024,35,2024-08-27,"L","Pipiens","culex",0
"FC039|Tarsalis|2024|35","FC-039","SE","FC",2024,35,2024-08-27,"L","Tarsalis","culex",6
"FC039|Pipiens|2024|36","FC-039","SE","FC",2024,36,2024-09-05,"L","Pipiens","culex",0
"FC039|Tarsalis|2024|36","FC-039","SE","FC",2024,36,2024-09-05,"L","Tarsalis","culex",1
"FC039|Pipiens|2024|37","FC-039","SE","FC",2024,37,2024-09-10,"L","Pipiens","culex",0
"FC039|Tarsalis|2024|37","FC-039","SE","FC",2024,37,2024-09-10,"L","Tarsalis","culex",4
"FC039|Pipiens|2025|26","FC-039","SE","FC",2025,26,2025-06-24,"L","Pipiens","culex",0
"FC039|Tarsalis|2025|26","FC-039","SE","FC",2025,26,2025-06-24,"L","Tarsalis","culex",76
"FC039|Pipiens|2025|27","FC-039","SE","FC",2025,27,2025-07-01,"L","Pipiens","culex",2
"FC039|Tarsalis|2025|27","FC-039","SE","FC",2025,27,2025-07-01,"L","Tarsalis","culex",259
"FC039|Pipiens|2025|28","FC-039","SE","FC",2025,28,2025-07-08,"L","Pipiens","culex",4
"FC039|Tarsalis|2025|28","FC-039","SE","FC",2025,28,2025-07-08,"L","Tarsalis","culex",288
"FC039|Pipiens|2025|29","FC-039","SE","FC",2025,29,2025-07-15,"L","Pipiens","culex",1
"FC039|Tarsalis|2025|29","FC-039","SE","FC",2025,29,2025-07-15,"L","Tarsalis","culex",89
"FC039|Pipiens|2025|30","FC-039","SE","FC",2025,30,2025-07-22,"L","Pipiens","culex",0
"FC039|Tarsalis|2025|30","FC-039","SE","FC",2025,30,2025-07-22,"L","Tarsalis","culex",37
"FC039|Pipiens|2025|31","FC-039","SE","FC",2025,31,2025-07-29,"L","Pipiens","culex",4
"FC039|Tarsalis|2025|31","FC-039","SE","FC",2025,31,2025-07-29,"L","Tarsalis","culex",20
"FC039|Pipiens|2025|33","FC-039","SE","FC",2025,33,2025-08-12,"L","Pipiens","culex",3
"FC039|Tarsalis|2025|33","FC-039","SE","FC",2025,33,2025-08-12,"L","Tarsalis","culex",19
"FC039|Pipiens|2025|34","FC-039","SE","FC",2025,34,2025-08-19,"L","Pipiens","culex",3
"FC039|Tarsalis|2025|34","FC-039","SE","FC",2025,34,2025-08-19,"L","Tarsalis","culex",35
"FC039|Pipiens|2025|35","FC-039","SE","FC",2025,35,2025-08-26,"L","Pipiens","culex",1
"FC039|Tarsalis|2025|35","FC-039","SE","FC",2025,35,2025-08-26,"L","Tarsalis","culex",4
"FC039|Pipiens|2025|36","FC-039","SE","FC",2025,36,2025-09-04,"L","Pipiens","culex",0
"FC039|Tarsalis|2025|36","FC-039","SE","FC",2025,36,2025-09-04,"L","Tarsalis","culex",7
"FC040|Pipiens|2020|22","FC-040","NE","FC",2020,22,2020-05-31,"L","Pipiens","culex",0
"FC040|Tarsalis|2020|22","FC-040","NE","FC",2020,22,2020-05-31,"L","Tarsalis","culex",2
"FC040|Pipiens|2020|24","FC-040","NE","FC",2020,24,2020-06-14,"L","Pipiens","culex",0
"FC040|Tarsalis|2020|24","FC-040","NE","FC",2020,24,2020-06-14,"L","Tarsalis","culex",7
"FC040|Pipiens|2020|25","FC-040","NE","FC",2020,25,2020-06-21,"L","Pipiens","culex",1
"FC040|Tarsalis|2020|25","FC-040","NE","FC",2020,25,2020-06-21,"L","Tarsalis","culex",1
"FC040|Pipiens|2020|26","FC-040","NE","FC",2020,26,2020-06-28,"L","Pipiens","culex",0
"FC040|Tarsalis|2020|26","FC-040","NE","FC",2020,26,2020-06-28,"L","Tarsalis","culex",4
"FC040|Pipiens|2020|27","FC-040","NE","FC",2020,27,2020-07-05,"L","Pipiens","culex",0
"FC040|Tarsalis|2020|27","FC-040","NE","FC",2020,27,2020-07-05,"L","Tarsalis","culex",9
"FC040|Pipiens|2020|28","FC-040","NE","FC",2020,28,2020-07-12,"L","Pipiens","culex",8
"FC040|Tarsalis|2020|28","FC-040","NE","FC",2020,28,2020-07-12,"L","Tarsalis","culex",30
"FC040|Pipiens|2020|29","FC-040","NE","FC",2020,29,2020-07-19,"L","Pipiens","culex",0
"FC040|Tarsalis|2020|29","FC-040","NE","FC",2020,29,2020-07-19,"L","Tarsalis","culex",9
"FC040|Pipiens|2020|30","FC-040","NE","FC",2020,30,2020-07-26,"L","Pipiens","culex",8
"FC040|Tarsalis|2020|30","FC-040","NE","FC",2020,30,2020-07-26,"L","Tarsalis","culex",18
"FC040|Pipiens|2020|31","FC-040","NE","FC",2020,31,2020-08-02,"L","Pipiens","culex",0
"FC040|Tarsalis|2020|31","FC-040","NE","FC",2020,31,2020-08-02,"L","Tarsalis","culex",36
"FC040|Pipiens|2020|32","FC-040","NE","FC",2020,32,2020-08-09,"L","Pipiens","culex",4
"FC040|Tarsalis|2020|32","FC-040","NE","FC",2020,32,2020-08-09,"L","Tarsalis","culex",40
"FC040|Pipiens|2020|33","FC-040","NE","FC",2020,33,2020-08-16,"L","Pipiens","culex",14
"FC040|Tarsalis|2020|33","FC-040","NE","FC",2020,33,2020-08-16,"L","Tarsalis","culex",34
"FC040|Pipiens|2020|34","FC-040","NE","FC",2020,34,2020-08-23,"L","Pipiens","culex",31
"FC040|Tarsalis|2020|34","FC-040","NE","FC",2020,34,2020-08-23,"L","Tarsalis","culex",30
"FC040|Pipiens|2020|35","FC-040","NE","FC",2020,35,2020-08-30,"L","Pipiens","culex",0
"FC040|Tarsalis|2020|35","FC-040","NE","FC",2020,35,2020-08-30,"L","Tarsalis","culex",1
"FC040|Pipiens|2021|24","FC-040","NE","FC",2021,24,2021-06-20,"L","Pipiens","culex",0
"FC040|Tarsalis|2021|24","FC-040","NE","FC",2021,24,2021-06-20,"L","Tarsalis","culex",1
"FC040|Pipiens|2021|25","FC-040","NE","FC",2021,25,2021-06-27,"L","Pipiens","culex",3
"FC040|Tarsalis|2021|25","FC-040","NE","FC",2021,25,2021-06-27,"L","Tarsalis","culex",29
"FC040|Pipiens|2021|26","FC-040","NE","FC",2021,26,2021-07-04,"L","Pipiens","culex",6
"FC040|Tarsalis|2021|26","FC-040","NE","FC",2021,26,2021-07-04,"L","Tarsalis","culex",166
"FC040|Pipiens|2021|28","FC-040","NE","FC",2021,28,2021-07-18,"L","Pipiens","culex",10
"FC040|Tarsalis|2021|28","FC-040","NE","FC",2021,28,2021-07-18,"L","Tarsalis","culex",164
"FC040|Pipiens|2021|29","FC-040","NE","FC",2021,29,2021-07-25,"L","Pipiens","culex",7
"FC040|Tarsalis|2021|29","FC-040","NE","FC",2021,29,2021-07-25,"L","Tarsalis","culex",260
"FC040|Pipiens|2021|30","FC-040","NE","FC",2021,30,2021-08-01,"L","Pipiens","culex",22
"FC040|Tarsalis|2021|30","FC-040","NE","FC",2021,30,2021-08-01,"L","Tarsalis","culex",104
"FC040|Pipiens|2021|31","FC-040","NE","FC",2021,31,2021-08-08,"L","Pipiens","culex",22
"FC040|Tarsalis|2021|31","FC-040","NE","FC",2021,31,2021-08-08,"L","Tarsalis","culex",55
"FC040|Pipiens|2021|32","FC-040","NE","FC",2021,32,2021-08-15,"L","Pipiens","culex",21
"FC040|Tarsalis|2021|32","FC-040","NE","FC",2021,32,2021-08-15,"L","Tarsalis","culex",36
"FC040|Pipiens|2021|33","FC-040","NE","FC",2021,33,2021-08-22,"L","Pipiens","culex",4
"FC040|Tarsalis|2021|33","FC-040","NE","FC",2021,33,2021-08-22,"L","Tarsalis","culex",13
"FC040|Pipiens|2021|35","FC-040","NE","FC",2021,35,2021-08-30,"L","Pipiens","culex",0
"FC040|Tarsalis|2021|35","FC-040","NE","FC",2021,35,2021-08-30,"L","Tarsalis","culex",1
"FC040|Pipiens|2021|36","FC-040","NE","FC",2021,36,2021-09-06,"L","Pipiens","culex",2
"FC040|Tarsalis|2021|36","FC-040","NE","FC",2021,36,2021-09-06,"L","Tarsalis","culex",0
"FC040|Pipiens|2022|23","FC-040","NE","FC",2022,23,2022-06-12,"L","Pipiens","culex",0
"FC040|Tarsalis|2022|23","FC-040","NE","FC",2022,23,2022-06-12,"L","Tarsalis","culex",1
"FC040|Pipiens|2022|24","FC-040","NE","FC",2022,24,2022-06-19,"L","Pipiens","culex",1
"FC040|Tarsalis|2022|24","FC-040","NE","FC",2022,24,2022-06-19,"L","Tarsalis","culex",4
"FC040|Pipiens|2022|25","FC-040","NE","FC",2022,25,2022-06-26,"L","Pipiens","culex",0
"FC040|Tarsalis|2022|25","FC-040","NE","FC",2022,25,2022-06-26,"L","Tarsalis","culex",2
"FC040|Pipiens|2022|26","FC-040","NE","FC",2022,26,2022-07-03,"L","Pipiens","culex",6
"FC040|Tarsalis|2022|26","FC-040","NE","FC",2022,26,2022-07-03,"L","Tarsalis","culex",24
"FC040|Pipiens|2022|27","FC-040","NE","FC",2022,27,2022-07-10,"L","Pipiens","culex",4
"FC040|Tarsalis|2022|27","FC-040","NE","FC",2022,27,2022-07-10,"L","Tarsalis","culex",47
"FC040|Pipiens|2022|28","FC-040","NE","FC",2022,28,2022-07-17,"L","Pipiens","culex",21
"FC040|Tarsalis|2022|28","FC-040","NE","FC",2022,28,2022-07-17,"L","Tarsalis","culex",67
"FC040|Pipiens|2022|29","FC-040","NE","FC",2022,29,2022-07-24,"L","Pipiens","culex",14
"FC040|Tarsalis|2022|29","FC-040","NE","FC",2022,29,2022-07-24,"L","Tarsalis","culex",29
"FC040|Pipiens|2022|30","FC-040","NE","FC",2022,30,2022-07-31,"L","Pipiens","culex",58
"FC040|Tarsalis|2022|30","FC-040","NE","FC",2022,30,2022-07-31,"L","Tarsalis","culex",47
"FC040|Pipiens|2022|31","FC-040","NE","FC",2022,31,2022-08-07,"L","Pipiens","culex",100
"FC040|Tarsalis|2022|31","FC-040","NE","FC",2022,31,2022-08-07,"L","Tarsalis","culex",74
"FC040|Pipiens|2022|32","FC-040","NE","FC",2022,32,2022-08-14,"L","Pipiens","culex",56
"FC040|Tarsalis|2022|32","FC-040","NE","FC",2022,32,2022-08-14,"L","Tarsalis","culex",46
"FC040|Pipiens|2022|33","FC-040","NE","FC",2022,33,2022-08-21,"L","Pipiens","culex",40
"FC040|Tarsalis|2022|33","FC-040","NE","FC",2022,33,2022-08-21,"L","Tarsalis","culex",72
"FC040|Pipiens|2022|35","FC-040","NE","FC",2022,35,2022-08-29,"L","Pipiens","culex",8
"FC040|Tarsalis|2022|35","FC-040","NE","FC",2022,35,2022-08-29,"L","Tarsalis","culex",6
"FC040|Pipiens|2022|36","FC-040","NE","FC",2022,36,2022-09-06,"L","Pipiens","culex",21
"FC040|Tarsalis|2022|36","FC-040","NE","FC",2022,36,2022-09-06,"L","Tarsalis","culex",6
"FC040|Pipiens|2022|37","FC-040","NE","FC",2022,37,2022-09-13,"L","Pipiens","culex",61
"FC040|Tarsalis|2022|37","FC-040","NE","FC",2022,37,2022-09-13,"L","Tarsalis","culex",2
"FC040|Pipiens|2023|23","FC-040","NE","FC",2023,23,2023-06-11,"L","Pipiens","culex",1
"FC040|Tarsalis|2023|23","FC-040","NE","FC",2023,23,2023-06-11,"L","Tarsalis","culex",1
"FC040|Pipiens|2023|24","FC-040","NE","FC",2023,24,2023-06-18,"L","Pipiens","culex",0
"FC040|Tarsalis|2023|24","FC-040","NE","FC",2023,24,2023-06-18,"L","Tarsalis","culex",41
"FC040|Pipiens|2023|25","FC-040","NE","FC",2023,25,2023-06-25,"L","Pipiens","culex",11
"FC040|Tarsalis|2023|25","FC-040","NE","FC",2023,25,2023-06-25,"L","Tarsalis","culex",147
"FC040|Pipiens|2023|26","FC-040","NE","FC",2023,26,2023-07-02,"L","Pipiens","culex",0
"FC040|Tarsalis|2023|26","FC-040","NE","FC",2023,26,2023-07-02,"L","Tarsalis","culex",54
"FC040|Pipiens|2023|27","FC-040","NE","FC",2023,27,2023-07-09,"L","Pipiens","culex",66
"FC040|Tarsalis|2023|27","FC-040","NE","FC",2023,27,2023-07-09,"L","Tarsalis","culex",161
"FC040|Pipiens|2023|28","FC-040","NE","FC",2023,28,2023-07-16,"L","Pipiens","culex",0
"FC040|Tarsalis|2023|28","FC-040","NE","FC",2023,28,2023-07-16,"L","Tarsalis","culex",213
"FC040|Pipiens|2023|29","FC-040","NE","FC",2023,29,2023-07-23,"L","Pipiens","culex",8
"FC040|Tarsalis|2023|29","FC-040","NE","FC",2023,29,2023-07-23,"L","Tarsalis","culex",254
"FC040|Pipiens|2023|31","FC-040","NE","FC",2023,31,2023-08-06,"L","Pipiens","culex",18
"FC040|Tarsalis|2023|31","FC-040","NE","FC",2023,31,2023-08-06,"L","Tarsalis","culex",28
"FC040|Pipiens|2023|32","FC-040","NE","FC",2023,32,2023-08-13,"L","Pipiens","culex",57
"FC040|Tarsalis|2023|32","FC-040","NE","FC",2023,32,2023-08-13,"L","Tarsalis","culex",75
"FC040|Pipiens|2023|34","FC-040","NE","FC",2023,34,2023-08-27,"L","Pipiens","culex",7
"FC040|Tarsalis|2023|34","FC-040","NE","FC",2023,34,2023-08-27,"L","Tarsalis","culex",6
"FC040|Pipiens|2023|36","FC-040","NE","FC",2023,36,2023-09-04,"L","Pipiens","culex",13
"FC040|Tarsalis|2023|36","FC-040","NE","FC",2023,36,2023-09-04,"L","Tarsalis","culex",2
"FC040|Pipiens|2023|37","FC-040","NE","FC",2023,37,2023-09-11,"L","Pipiens","culex",6
"FC040|Tarsalis|2023|37","FC-040","NE","FC",2023,37,2023-09-11,"L","Tarsalis","culex",0
"FC040|Pipiens|2024|22","FC-040","NE","FC",2024,22,2024-06-02,"L","Pipiens","culex",0
"FC040|Tarsalis|2024|22","FC-040","NE","FC",2024,22,2024-06-02,"L","Tarsalis","culex",2
"FC040|Pipiens|2024|25","FC-040","NE","FC",2024,25,2024-06-17,"L","Pipiens","culex",2
"FC040|Tarsalis|2024|25","FC-040","NE","FC",2024,25,2024-06-17,"L","Tarsalis","culex",12
"FC040|Pipiens|2024|26","FC-040","NE","FC",2024,26,2024-06-24,"L","Pipiens","culex",3
"FC040|Tarsalis|2024|26","FC-040","NE","FC",2024,26,2024-06-24,"L","Tarsalis","culex",29
"FC040|Pipiens|2024|27","FC-040","NE","FC",2024,27,2024-07-01,"L","Pipiens","culex",3
"FC040|Tarsalis|2024|27","FC-040","NE","FC",2024,27,2024-07-01,"L","Tarsalis","culex",15
"FC040|Pipiens|2024|28","FC-040","NE","FC",2024,28,2024-07-08,"L","Pipiens","culex",5
"FC040|Tarsalis|2024|28","FC-040","NE","FC",2024,28,2024-07-08,"L","Tarsalis","culex",23
"FC040|Pipiens|2024|29","FC-040","NE","FC",2024,29,2024-07-15,"L","Pipiens","culex",6
"FC040|Tarsalis|2024|29","FC-040","NE","FC",2024,29,2024-07-15,"L","Tarsalis","culex",9
"FC040|Pipiens|2024|30","FC-040","NE","FC",2024,30,2024-07-22,"L","Pipiens","culex",8
"FC040|Tarsalis|2024|30","FC-040","NE","FC",2024,30,2024-07-22,"L","Tarsalis","culex",14
"FC040|Pipiens|2024|31","FC-040","NE","FC",2024,31,2024-07-29,"L","Pipiens","culex",2
"FC040|Tarsalis|2024|31","FC-040","NE","FC",2024,31,2024-07-29,"L","Tarsalis","culex",10
"FC040|Pipiens|2024|32","FC-040","NE","FC",2024,32,2024-08-05,"L","Pipiens","culex",20
"FC040|Tarsalis|2024|32","FC-040","NE","FC",2024,32,2024-08-05,"L","Tarsalis","culex",27
"FC040|Pipiens|2024|33","FC-040","NE","FC",2024,33,2024-08-12,"L","Pipiens","culex",5
"FC040|Tarsalis|2024|33","FC-040","NE","FC",2024,33,2024-08-12,"L","Tarsalis","culex",20
"FC040|Pipiens|2024|34","FC-040","NE","FC",2024,34,2024-08-19,"L","Pipiens","culex",3
"FC040|Tarsalis|2024|34","FC-040","NE","FC",2024,34,2024-08-19,"L","Tarsalis","culex",10
"FC040|Pipiens|2024|35","FC-040","NE","FC",2024,35,2024-08-26,"L","Pipiens","culex",8
"FC040|Tarsalis|2024|35","FC-040","NE","FC",2024,35,2024-08-26,"L","Tarsalis","culex",5
"FC040|Pipiens|2024|36","FC-040","NE","FC",2024,36,2024-09-04,"L","Pipiens","culex",11
"FC040|Tarsalis|2024|36","FC-040","NE","FC",2024,36,2024-09-04,"L","Tarsalis","culex",3
"FC040|Pipiens|2024|37","FC-040","NE","FC",2024,37,2024-09-09,"L","Pipiens","culex",11
"FC040|Tarsalis|2024|37","FC-040","NE","FC",2024,37,2024-09-09,"L","Tarsalis","culex",1
"FC040|Pipiens|2025|25","FC-040","NE","FC",2025,25,2025-06-16,"L","Pipiens","culex",1
"FC040|Tarsalis|2025|25","FC-040","NE","FC",2025,25,2025-06-16,"L","Tarsalis","culex",8
"FC040|Pipiens|2025|26","FC-040","NE","FC",2025,26,2025-06-23,"L","Pipiens","culex",2
"FC040|Tarsalis|2025|26","FC-040","NE","FC",2025,26,2025-06-23,"L","Tarsalis","culex",16
"FC040|Pipiens|2025|27","FC-040","NE","FC",2025,27,2025-06-30,"L","Pipiens","culex",0
"FC040|Tarsalis|2025|27","FC-040","NE","FC",2025,27,2025-06-30,"L","Tarsalis","culex",19
"FC040|Pipiens|2025|28","FC-040","NE","FC",2025,28,2025-07-07,"L","Pipiens","culex",6
"FC040|Tarsalis|2025|28","FC-040","NE","FC",2025,28,2025-07-07,"L","Tarsalis","culex",81
"FC040|Pipiens|2025|29","FC-040","NE","FC",2025,29,2025-07-14,"L","Pipiens","culex",3
"FC040|Tarsalis|2025|29","FC-040","NE","FC",2025,29,2025-07-14,"L","Tarsalis","culex",93
"FC040|Pipiens|2025|30","FC-040","NE","FC",2025,30,2025-07-21,"L","Pipiens","culex",1
"FC040|Tarsalis|2025|30","FC-040","NE","FC",2025,30,2025-07-21,"L","Tarsalis","culex",19
"FC040|Pipiens|2025|31","FC-040","NE","FC",2025,31,2025-07-28,"L","Pipiens","culex",8
"FC040|Tarsalis|2025|31","FC-040","NE","FC",2025,31,2025-07-28,"L","Tarsalis","culex",65
"FC040|Pipiens|2025|32","FC-040","NE","FC",2025,32,2025-08-04,"L","Pipiens","culex",3
"FC040|Tarsalis|2025|32","FC-040","NE","FC",2025,32,2025-08-04,"L","Tarsalis","culex",28
"FC040|Pipiens|2025|33","FC-040","NE","FC",2025,33,2025-08-11,"L","Pipiens","culex",13
"FC040|Tarsalis|2025|33","FC-040","NE","FC",2025,33,2025-08-11,"L","Tarsalis","culex",4
"FC040|Pipiens|2025|34","FC-040","NE","FC",2025,34,2025-08-18,"L","Pipiens","culex",8
"FC040|Tarsalis|2025|34","FC-040","NE","FC",2025,34,2025-08-18,"L","Tarsalis","culex",15
"FC040|Pipiens|2025|35","FC-040","NE","FC",2025,35,2025-08-25,"L","Pipiens","culex",2
"FC040|Tarsalis|2025|35","FC-040","NE","FC",2025,35,2025-08-25,"L","Tarsalis","culex",5
"FC040|Pipiens|2025|36","FC-040","NE","FC",2025,36,2025-09-03,"L","Pipiens","culex",3
"FC040|Tarsalis|2025|36","FC-040","NE","FC",2025,36,2025-09-03,"L","Tarsalis","culex",12
"FC040GR|Pipiens|2020|22","FC-040GR","NE","FC",2020,22,2020-05-31,"G","Pipiens","culex",2
"FC040GR|Tarsalis|2020|22","FC-040GR","NE","FC",2020,22,2020-05-31,"G","Tarsalis","culex",0
"FC040GR|Pipiens|2020|23","FC-040GR","NE","FC",2020,23,2020-06-07,"G","Pipiens","culex",7
"FC040GR|Tarsalis|2020|23","FC-040GR","NE","FC",2020,23,2020-06-07,"G","Tarsalis","culex",0
"FC040GR|Pipiens|2020|24","FC-040GR","NE","FC",2020,24,2020-06-14,"G","Pipiens","culex",6
"FC040GR|Tarsalis|2020|24","FC-040GR","NE","FC",2020,24,2020-06-14,"G","Tarsalis","culex",0
"FC040GR|Pipiens|2020|25","FC-040GR","NE","FC",2020,25,2020-06-21,"G","Pipiens","culex",3
"FC040GR|Tarsalis|2020|25","FC-040GR","NE","FC",2020,25,2020-06-21,"G","Tarsalis","culex",0
"FC040GR|Pipiens|2020|26","FC-040GR","NE","FC",2020,26,2020-06-28,"G","Pipiens","culex",20
"FC040GR|Tarsalis|2020|26","FC-040GR","NE","FC",2020,26,2020-06-28,"G","Tarsalis","culex",0
"FC040GR|Pipiens|2020|27","FC-040GR","NE","FC",2020,27,2020-07-05,"G","Pipiens","culex",9
"FC040GR|Tarsalis|2020|27","FC-040GR","NE","FC",2020,27,2020-07-05,"G","Tarsalis","culex",0
"FC040GR|Pipiens|2020|28","FC-040GR","NE","FC",2020,28,2020-07-12,"G","Pipiens","culex",149
"FC040GR|Tarsalis|2020|28","FC-040GR","NE","FC",2020,28,2020-07-12,"G","Tarsalis","culex",0
"FC040GR|Pipiens|2020|29","FC-040GR","NE","FC",2020,29,2020-07-19,"G","Pipiens","culex",97
"FC040GR|Tarsalis|2020|29","FC-040GR","NE","FC",2020,29,2020-07-19,"G","Tarsalis","culex",0
"FC040GR|Pipiens|2020|30","FC-040GR","NE","FC",2020,30,2020-07-26,"G","Pipiens","culex",20
"FC040GR|Tarsalis|2020|30","FC-040GR","NE","FC",2020,30,2020-07-26,"G","Tarsalis","culex",0
"FC040GR|Pipiens|2020|31","FC-040GR","NE","FC",2020,31,2020-08-02,"G","Pipiens","culex",80
"FC040GR|Tarsalis|2020|31","FC-040GR","NE","FC",2020,31,2020-08-02,"G","Tarsalis","culex",0
"FC040GR|Pipiens|2020|32","FC-040GR","NE","FC",2020,32,2020-08-09,"G","Pipiens","culex",45
"FC040GR|Tarsalis|2020|32","FC-040GR","NE","FC",2020,32,2020-08-09,"G","Tarsalis","culex",0
"FC040GR|Pipiens|2020|33","FC-040GR","NE","FC",2020,33,2020-08-16,"G","Pipiens","culex",88
"FC040GR|Tarsalis|2020|33","FC-040GR","NE","FC",2020,33,2020-08-16,"G","Tarsalis","culex",0
"FC040GR|Pipiens|2020|34","FC-040GR","NE","FC",2020,34,2020-08-23,"G","Pipiens","culex",72
"FC040GR|Tarsalis|2020|34","FC-040GR","NE","FC",2020,34,2020-08-23,"G","Tarsalis","culex",0
"FC040GR|Pipiens|2020|35","FC-040GR","NE","FC",2020,35,2020-08-30,"G","Pipiens","culex",19
"FC040GR|Tarsalis|2020|35","FC-040GR","NE","FC",2020,35,2020-08-30,"G","Tarsalis","culex",0
"FC040GR|Pipiens|2021|24","FC-040GR","NE","FC",2021,24,2021-06-20,"G","Pipiens","culex",1
"FC040GR|Tarsalis|2021|24","FC-040GR","NE","FC",2021,24,2021-06-20,"G","Tarsalis","culex",0
"FC040GR|Pipiens|2021|25","FC-040GR","NE","FC",2021,25,2021-06-27,"G","Pipiens","culex",5
"FC040GR|Tarsalis|2021|25","FC-040GR","NE","FC",2021,25,2021-06-27,"G","Tarsalis","culex",1
"FC040GR|Pipiens|2021|26","FC-040GR","NE","FC",2021,26,2021-07-04,"G","Pipiens","culex",13
"FC040GR|Tarsalis|2021|26","FC-040GR","NE","FC",2021,26,2021-07-04,"G","Tarsalis","culex",0
"FC040GR|Pipiens|2021|27","FC-040GR","NE","FC",2021,27,2021-07-11,"G","Pipiens","culex",57
"FC040GR|Tarsalis|2021|27","FC-040GR","NE","FC",2021,27,2021-07-11,"G","Tarsalis","culex",0
"FC040GR|Pipiens|2021|28","FC-040GR","NE","FC",2021,28,2021-07-18,"G","Pipiens","culex",31
"FC040GR|Tarsalis|2021|28","FC-040GR","NE","FC",2021,28,2021-07-18,"G","Tarsalis","culex",0
"FC040GR|Pipiens|2021|29","FC-040GR","NE","FC",2021,29,2021-07-25,"G","Pipiens","culex",147
"FC040GR|Tarsalis|2021|29","FC-040GR","NE","FC",2021,29,2021-07-25,"G","Tarsalis","culex",0
"FC040GR|Pipiens|2021|30","FC-040GR","NE","FC",2021,30,2021-08-01,"G","Pipiens","culex",22
"FC040GR|Tarsalis|2021|30","FC-040GR","NE","FC",2021,30,2021-08-01,"G","Tarsalis","culex",0
"FC040GR|Pipiens|2021|31","FC-040GR","NE","FC",2021,31,2021-08-08,"G","Pipiens","culex",121
"FC040GR|Tarsalis|2021|31","FC-040GR","NE","FC",2021,31,2021-08-08,"G","Tarsalis","culex",0
"FC040GR|Pipiens|2021|32","FC-040GR","NE","FC",2021,32,2021-08-15,"G","Pipiens","culex",33
"FC040GR|Tarsalis|2021|32","FC-040GR","NE","FC",2021,32,2021-08-15,"G","Tarsalis","culex",0
"FC040GR|Pipiens|2021|33","FC-040GR","NE","FC",2021,33,2021-08-22,"G","Pipiens","culex",73
"FC040GR|Tarsalis|2021|33","FC-040GR","NE","FC",2021,33,2021-08-22,"G","Tarsalis","culex",0
"FC040GR|Pipiens|2021|35","FC-040GR","NE","FC",2021,35,2021-08-30,"G","Pipiens","culex",9
"FC040GR|Tarsalis|2021|35","FC-040GR","NE","FC",2021,35,2021-08-30,"G","Tarsalis","culex",0
"FC040GR|Pipiens|2021|36","FC-040GR","NE","FC",2021,36,2021-09-06,"G","Pipiens","culex",7
"FC040GR|Tarsalis|2021|36","FC-040GR","NE","FC",2021,36,2021-09-06,"G","Tarsalis","culex",0
"FC040GR|Pipiens|2022|22","FC-040GR","NE","FC",2022,22,2022-06-05,"G","Pipiens","culex",6
"FC040GR|Tarsalis|2022|22","FC-040GR","NE","FC",2022,22,2022-06-05,"G","Tarsalis","culex",0
"FC040GR|Pipiens|2022|23","FC-040GR","NE","FC",2022,23,2022-06-12,"G","Pipiens","culex",15
"FC040GR|Tarsalis|2022|23","FC-040GR","NE","FC",2022,23,2022-06-12,"G","Tarsalis","culex",0
"FC040GR|Pipiens|2022|24","FC-040GR","NE","FC",2022,24,2022-06-19,"G","Pipiens","culex",8
"FC040GR|Tarsalis|2022|24","FC-040GR","NE","FC",2022,24,2022-06-19,"G","Tarsalis","culex",0
"FC040GR|Pipiens|2022|25","FC-040GR","NE","FC",2022,25,2022-06-26,"G","Pipiens","culex",0
"FC040GR|Tarsalis|2022|25","FC-040GR","NE","FC",2022,25,2022-06-26,"G","Tarsalis","culex",2
"FC040GR|Pipiens|2022|26","FC-040GR","NE","FC",2022,26,2022-07-03,"G","Pipiens","culex",36
"FC040GR|Tarsalis|2022|26","FC-040GR","NE","FC",2022,26,2022-07-03,"G","Tarsalis","culex",0
"FC040GR|Pipiens|2022|27","FC-040GR","NE","FC",2022,27,2022-07-10,"G","Pipiens","culex",53
"FC040GR|Tarsalis|2022|27","FC-040GR","NE","FC",2022,27,2022-07-10,"G","Tarsalis","culex",0
"FC040GR|Pipiens|2022|28","FC-040GR","NE","FC",2022,28,2022-07-17,"G","Pipiens","culex",39
"FC040GR|Tarsalis|2022|28","FC-040GR","NE","FC",2022,28,2022-07-17,"G","Tarsalis","culex",0
"FC040GR|Pipiens|2022|29","FC-040GR","NE","FC",2022,29,2022-07-24,"G","Pipiens","culex",22
"FC040GR|Tarsalis|2022|29","FC-040GR","NE","FC",2022,29,2022-07-24,"G","Tarsalis","culex",0
"FC040GR|Pipiens|2022|30","FC-040GR","NE","FC",2022,30,2022-07-31,"G","Pipiens","culex",71
"FC040GR|Tarsalis|2022|30","FC-040GR","NE","FC",2022,30,2022-07-31,"G","Tarsalis","culex",1
"FC040GR|Pipiens|2022|31","FC-040GR","NE","FC",2022,31,2022-08-07,"G","Pipiens","culex",8
"FC040GR|Tarsalis|2022|31","FC-040GR","NE","FC",2022,31,2022-08-07,"G","Tarsalis","culex",0
"FC040GR|Pipiens|2022|32","FC-040GR","NE","FC",2022,32,2022-08-14,"G","Pipiens","culex",95
"FC040GR|Tarsalis|2022|32","FC-040GR","NE","FC",2022,32,2022-08-14,"G","Tarsalis","culex",0
"FC040GR|Pipiens|2022|33","FC-040GR","NE","FC",2022,33,2022-08-21,"G","Pipiens","culex",78
"FC040GR|Tarsalis|2022|33","FC-040GR","NE","FC",2022,33,2022-08-21,"G","Tarsalis","culex",2
"FC040GR|Pipiens|2022|35","FC-040GR","NE","FC",2022,35,2022-08-29,"G","Pipiens","culex",113
"FC040GR|Tarsalis|2022|35","FC-040GR","NE","FC",2022,35,2022-08-29,"G","Tarsalis","culex",0
"FC040GR|Pipiens|2022|36","FC-040GR","NE","FC",2022,36,2022-09-06,"G","Pipiens","culex",39
"FC040GR|Tarsalis|2022|36","FC-040GR","NE","FC",2022,36,2022-09-06,"G","Tarsalis","culex",0
"FC040GR|Pipiens|2022|37","FC-040GR","NE","FC",2022,37,2022-09-13,"G","Pipiens","culex",68
"FC040GR|Tarsalis|2022|37","FC-040GR","NE","FC",2022,37,2022-09-13,"G","Tarsalis","culex",0
"FC040GR|Pipiens|2023|22","FC-040GR","NE","FC",2023,22,2023-06-04,"G","Pipiens","culex",2
"FC040GR|Tarsalis|2023|22","FC-040GR","NE","FC",2023,22,2023-06-04,"G","Tarsalis","culex",0
"FC040GR|Pipiens|2023|25","FC-040GR","NE","FC",2023,25,2023-06-25,"G","Pipiens","culex",16
"FC040GR|Tarsalis|2023|25","FC-040GR","NE","FC",2023,25,2023-06-25,"G","Tarsalis","culex",0
"FC040GR|Pipiens|2023|26","FC-040GR","NE","FC",2023,26,2023-07-02,"G","Pipiens","culex",17
"FC040GR|Tarsalis|2023|26","FC-040GR","NE","FC",2023,26,2023-07-02,"G","Tarsalis","culex",3
"FC040GR|Pipiens|2023|27","FC-040GR","NE","FC",2023,27,2023-07-09,"G","Pipiens","culex",45
"FC040GR|Tarsalis|2023|27","FC-040GR","NE","FC",2023,27,2023-07-09,"G","Tarsalis","culex",0
"FC040GR|Pipiens|2023|28","FC-040GR","NE","FC",2023,28,2023-07-16,"G","Pipiens","culex",125
"FC040GR|Tarsalis|2023|28","FC-040GR","NE","FC",2023,28,2023-07-16,"G","Tarsalis","culex",6
"FC040GR|Pipiens|2023|29","FC-040GR","NE","FC",2023,29,2023-07-23,"G","Pipiens","culex",61
"FC040GR|Tarsalis|2023|29","FC-040GR","NE","FC",2023,29,2023-07-23,"G","Tarsalis","culex",0
"FC040GR|Pipiens|2023|31","FC-040GR","NE","FC",2023,31,2023-08-06,"G","Pipiens","culex",13
"FC040GR|Tarsalis|2023|31","FC-040GR","NE","FC",2023,31,2023-08-06,"G","Tarsalis","culex",0
"FC040GR|Pipiens|2023|32","FC-040GR","NE","FC",2023,32,2023-08-13,"G","Pipiens","culex",69
"FC040GR|Tarsalis|2023|32","FC-040GR","NE","FC",2023,32,2023-08-13,"G","Tarsalis","culex",0
"FC040GR|Pipiens|2023|34","FC-040GR","NE","FC",2023,34,2023-08-27,"G","Pipiens","culex",54
"FC040GR|Tarsalis|2023|34","FC-040GR","NE","FC",2023,34,2023-08-27,"G","Tarsalis","culex",0
"FC040GR|Pipiens|2023|36","FC-040GR","NE","FC",2023,36,2023-09-04,"G","Pipiens","culex",7
"FC040GR|Tarsalis|2023|36","FC-040GR","NE","FC",2023,36,2023-09-04,"G","Tarsalis","culex",0
"FC040GR|Pipiens|2023|37","FC-040GR","NE","FC",2023,37,2023-09-11,"G","Pipiens","culex",23
"FC040GR|Tarsalis|2023|37","FC-040GR","NE","FC",2023,37,2023-09-11,"G","Tarsalis","culex",0
"FC040GR|Pipiens|2024|22","FC-040GR","NE","FC",2024,22,2024-06-02,"G","Pipiens","culex",3
"FC040GR|Tarsalis|2024|22","FC-040GR","NE","FC",2024,22,2024-06-02,"G","Tarsalis","culex",0
"FC040GR|Pipiens|2024|23","FC-040GR","NE","FC",2024,23,2024-06-09,"G","Pipiens","culex",2
"FC040GR|Tarsalis|2024|23","FC-040GR","NE","FC",2024,23,2024-06-09,"G","Tarsalis","culex",0
"FC040GR|Pipiens|2024|25","FC-040GR","NE","FC",2024,25,2024-06-17,"G","Pipiens","culex",18
"FC040GR|Tarsalis|2024|25","FC-040GR","NE","FC",2024,25,2024-06-17,"G","Tarsalis","culex",0
"FC040GR|Pipiens|2024|26","FC-040GR","NE","FC",2024,26,2024-06-24,"G","Pipiens","culex",80
"FC040GR|Tarsalis|2024|26","FC-040GR","NE","FC",2024,26,2024-06-24,"G","Tarsalis","culex",4
"FC040GR|Pipiens|2024|27","FC-040GR","NE","FC",2024,27,2024-07-01,"G","Pipiens","culex",158
"FC040GR|Tarsalis|2024|27","FC-040GR","NE","FC",2024,27,2024-07-01,"G","Tarsalis","culex",0
"FC040GR|Pipiens|2024|28","FC-040GR","NE","FC",2024,28,2024-07-08,"G","Pipiens","culex",38
"FC040GR|Tarsalis|2024|28","FC-040GR","NE","FC",2024,28,2024-07-08,"G","Tarsalis","culex",0
"FC040GR|Pipiens|2024|29","FC-040GR","NE","FC",2024,29,2024-07-15,"G","Pipiens","culex",105
"FC040GR|Tarsalis|2024|29","FC-040GR","NE","FC",2024,29,2024-07-15,"G","Tarsalis","culex",0
"FC040GR|Pipiens|2024|30","FC-040GR","NE","FC",2024,30,2024-07-22,"G","Pipiens","culex",48
"FC040GR|Tarsalis|2024|30","FC-040GR","NE","FC",2024,30,2024-07-22,"G","Tarsalis","culex",1
"FC040GR|Pipiens|2024|31","FC-040GR","NE","FC",2024,31,2024-07-29,"G","Pipiens","culex",54
"FC040GR|Tarsalis|2024|31","FC-040GR","NE","FC",2024,31,2024-07-29,"G","Tarsalis","culex",1
"FC040GR|Pipiens|2024|32","FC-040GR","NE","FC",2024,32,2024-08-05,"G","Pipiens","culex",21
"FC040GR|Tarsalis|2024|32","FC-040GR","NE","FC",2024,32,2024-08-05,"G","Tarsalis","culex",2
"FC040GR|Pipiens|2024|33","FC-040GR","NE","FC",2024,33,2024-08-12,"G","Pipiens","culex",40
"FC040GR|Tarsalis|2024|33","FC-040GR","NE","FC",2024,33,2024-08-12,"G","Tarsalis","culex",0
"FC040GR|Pipiens|2024|34","FC-040GR","NE","FC",2024,34,2024-08-19,"G","Pipiens","culex",257
"FC040GR|Tarsalis|2024|34","FC-040GR","NE","FC",2024,34,2024-08-19,"G","Tarsalis","culex",0
"FC040GR|Pipiens|2024|35","FC-040GR","NE","FC",2024,35,2024-08-26,"G","Pipiens","culex",83
"FC040GR|Tarsalis|2024|35","FC-040GR","NE","FC",2024,35,2024-08-26,"G","Tarsalis","culex",0
"FC040GR|Pipiens|2024|36","FC-040GR","NE","FC",2024,36,2024-09-04,"G","Pipiens","culex",83
"FC040GR|Tarsalis|2024|36","FC-040GR","NE","FC",2024,36,2024-09-04,"G","Tarsalis","culex",0
"FC040GR|Pipiens|2024|37","FC-040GR","NE","FC",2024,37,2024-09-09,"G","Pipiens","culex",26
"FC040GR|Tarsalis|2024|37","FC-040GR","NE","FC",2024,37,2024-09-09,"G","Tarsalis","culex",0
"FC040GR|Pipiens|2025|25","FC-040GR","NE","FC",2025,25,2025-06-16,"G","Pipiens","culex",9
"FC040GR|Tarsalis|2025|25","FC-040GR","NE","FC",2025,25,2025-06-16,"G","Tarsalis","culex",0
"FC040GR|Pipiens|2025|26","FC-040GR","NE","FC",2025,26,2025-06-23,"G","Pipiens","culex",4
"FC040GR|Tarsalis|2025|26","FC-040GR","NE","FC",2025,26,2025-06-23,"G","Tarsalis","culex",1
"FC040GR|Pipiens|2025|27","FC-040GR","NE","FC",2025,27,2025-06-30,"G","Pipiens","culex",5
"FC040GR|Tarsalis|2025|27","FC-040GR","NE","FC",2025,27,2025-06-30,"G","Tarsalis","culex",0
"FC040GR|Pipiens|2025|28","FC-040GR","NE","FC",2025,28,2025-07-07,"G","Pipiens","culex",10
"FC040GR|Tarsalis|2025|28","FC-040GR","NE","FC",2025,28,2025-07-07,"G","Tarsalis","culex",0
"FC040GR|Pipiens|2025|29","FC-040GR","NE","FC",2025,29,2025-07-14,"G","Pipiens","culex",39
"FC040GR|Tarsalis|2025|29","FC-040GR","NE","FC",2025,29,2025-07-14,"G","Tarsalis","culex",1
"FC040GR|Pipiens|2025|30","FC-040GR","NE","FC",2025,30,2025-07-21,"G","Pipiens","culex",34
"FC040GR|Tarsalis|2025|30","FC-040GR","NE","FC",2025,30,2025-07-21,"G","Tarsalis","culex",0
"FC040GR|Pipiens|2025|31","FC-040GR","NE","FC",2025,31,2025-07-28,"G","Pipiens","culex",48
"FC040GR|Tarsalis|2025|31","FC-040GR","NE","FC",2025,31,2025-07-28,"G","Tarsalis","culex",0
"FC040GR|Pipiens|2025|32","FC-040GR","NE","FC",2025,32,2025-08-04,"G","Pipiens","culex",5
"FC040GR|Tarsalis|2025|32","FC-040GR","NE","FC",2025,32,2025-08-04,"G","Tarsalis","culex",0
"FC040GR|Pipiens|2025|33","FC-040GR","NE","FC",2025,33,2025-08-11,"G","Pipiens","culex",2
"FC040GR|Tarsalis|2025|33","FC-040GR","NE","FC",2025,33,2025-08-11,"G","Tarsalis","culex",0
"FC040GR|Pipiens|2025|34","FC-040GR","NE","FC",2025,34,2025-08-18,"G","Pipiens","culex",10
"FC040GR|Tarsalis|2025|34","FC-040GR","NE","FC",2025,34,2025-08-18,"G","Tarsalis","culex",0
"FC040GR|Pipiens|2025|35","FC-040GR","NE","FC",2025,35,2025-08-25,"G","Pipiens","culex",10
"FC040GR|Tarsalis|2025|35","FC-040GR","NE","FC",2025,35,2025-08-25,"G","Tarsalis","culex",0
"FC040GR|Pipiens|2025|36","FC-040GR","NE","FC",2025,36,2025-09-03,"G","Pipiens","culex",5
"FC040GR|Tarsalis|2025|36","FC-040GR","NE","FC",2025,36,2025-09-03,"G","Tarsalis","culex",0
"FC041|Pipiens|2020|24","FC-041","NW","FC",2020,24,2020-06-09,"L","Pipiens","culex",1
"FC041|Tarsalis|2020|24","FC-041","NW","FC",2020,24,2020-06-09,"L","Tarsalis","culex",0
"FC041|Pipiens|2020|26","FC-041","NW","FC",2020,26,2020-06-23,"L","Pipiens","culex",3
"FC041|Tarsalis|2020|26","FC-041","NW","FC",2020,26,2020-06-23,"L","Tarsalis","culex",2
"FC041|Pipiens|2020|27","FC-041","NW","FC",2020,27,2020-06-30,"L","Pipiens","culex",7
"FC041|Tarsalis|2020|27","FC-041","NW","FC",2020,27,2020-06-30,"L","Tarsalis","culex",1
"FC041|Pipiens|2020|28","FC-041","NW","FC",2020,28,2020-07-07,"L","Pipiens","culex",1
"FC041|Tarsalis|2020|28","FC-041","NW","FC",2020,28,2020-07-07,"L","Tarsalis","culex",25
"FC041|Pipiens|2020|29","FC-041","NW","FC",2020,29,2020-07-14,"L","Pipiens","culex",4
"FC041|Tarsalis|2020|29","FC-041","NW","FC",2020,29,2020-07-14,"L","Tarsalis","culex",2
"FC041|Pipiens|2020|30","FC-041","NW","FC",2020,30,2020-07-21,"L","Pipiens","culex",3
"FC041|Tarsalis|2020|30","FC-041","NW","FC",2020,30,2020-07-21,"L","Tarsalis","culex",23
"FC041|Pipiens|2020|31","FC-041","NW","FC",2020,31,2020-07-28,"L","Pipiens","culex",3
"FC041|Tarsalis|2020|31","FC-041","NW","FC",2020,31,2020-07-28,"L","Tarsalis","culex",10
"FC041|Pipiens|2020|32","FC-041","NW","FC",2020,32,2020-08-04,"L","Pipiens","culex",11
"FC041|Tarsalis|2020|32","FC-041","NW","FC",2020,32,2020-08-04,"L","Tarsalis","culex",26
"FC041|Pipiens|2020|33","FC-041","NW","FC",2020,33,2020-08-11,"L","Pipiens","culex",15
"FC041|Tarsalis|2020|33","FC-041","NW","FC",2020,33,2020-08-11,"L","Tarsalis","culex",29
"FC041|Pipiens|2020|34","FC-041","NW","FC",2020,34,2020-08-18,"L","Pipiens","culex",25
"FC041|Tarsalis|2020|34","FC-041","NW","FC",2020,34,2020-08-18,"L","Tarsalis","culex",37
"FC041|Pipiens|2020|35","FC-041","NW","FC",2020,35,2020-08-25,"L","Pipiens","culex",15
"FC041|Tarsalis|2020|35","FC-041","NW","FC",2020,35,2020-08-25,"L","Tarsalis","culex",11
"FC041|Pipiens|2020|36","FC-041","NW","FC",2020,36,2020-09-01,"L","Pipiens","culex",13
"FC041|Tarsalis|2020|36","FC-041","NW","FC",2020,36,2020-09-01,"L","Tarsalis","culex",3
"FC041|Pipiens|2021|25","FC-041","NW","FC",2021,25,2021-06-22,"L","Pipiens","culex",0
"FC041|Tarsalis|2021|25","FC-041","NW","FC",2021,25,2021-06-22,"L","Tarsalis","culex",5
"FC041|Pipiens|2021|26","FC-041","NW","FC",2021,26,2021-06-29,"L","Pipiens","culex",10
"FC041|Tarsalis|2021|26","FC-041","NW","FC",2021,26,2021-06-29,"L","Tarsalis","culex",19
"FC041|Pipiens|2021|27","FC-041","NW","FC",2021,27,2021-07-06,"L","Pipiens","culex",21
"FC041|Tarsalis|2021|27","FC-041","NW","FC",2021,27,2021-07-06,"L","Tarsalis","culex",58
"FC041|Pipiens|2021|28","FC-041","NW","FC",2021,28,2021-07-13,"L","Pipiens","culex",19
"FC041|Tarsalis|2021|28","FC-041","NW","FC",2021,28,2021-07-13,"L","Tarsalis","culex",75
"FC041|Pipiens|2021|29","FC-041","NW","FC",2021,29,2021-07-20,"L","Pipiens","culex",16
"FC041|Tarsalis|2021|29","FC-041","NW","FC",2021,29,2021-07-20,"L","Tarsalis","culex",144
"FC041|Pipiens|2021|30","FC-041","NW","FC",2021,30,2021-07-27,"L","Pipiens","culex",24
"FC041|Tarsalis|2021|30","FC-041","NW","FC",2021,30,2021-07-27,"L","Tarsalis","culex",161
"FC041|Pipiens|2021|31","FC-041","NW","FC",2021,31,2021-08-03,"L","Pipiens","culex",9
"FC041|Tarsalis|2021|31","FC-041","NW","FC",2021,31,2021-08-03,"L","Tarsalis","culex",25
"FC041|Pipiens|2021|32","FC-041","NW","FC",2021,32,2021-08-10,"L","Pipiens","culex",22
"FC041|Tarsalis|2021|32","FC-041","NW","FC",2021,32,2021-08-10,"L","Tarsalis","culex",18
"FC041|Pipiens|2021|33","FC-041","NW","FC",2021,33,2021-08-17,"L","Pipiens","culex",4
"FC041|Tarsalis|2021|33","FC-041","NW","FC",2021,33,2021-08-17,"L","Tarsalis","culex",17
"FC041|Pipiens|2021|34","FC-041","NW","FC",2021,34,2021-08-24,"L","Pipiens","culex",6
"FC041|Tarsalis|2021|34","FC-041","NW","FC",2021,34,2021-08-24,"L","Tarsalis","culex",12
"FC041|Pipiens|2021|35","FC-041","NW","FC",2021,35,2021-08-31,"L","Pipiens","culex",2
"FC041|Tarsalis|2021|35","FC-041","NW","FC",2021,35,2021-08-31,"L","Tarsalis","culex",7
"FC041|Pipiens|2022|23","FC-041","NW","FC",2022,23,2022-06-07,"L","Pipiens","culex",0
"FC041|Tarsalis|2022|23","FC-041","NW","FC",2022,23,2022-06-07,"L","Tarsalis","culex",2
"FC041|Pipiens|2022|24","FC-041","NW","FC",2022,24,2022-06-14,"L","Pipiens","culex",0
"FC041|Tarsalis|2022|24","FC-041","NW","FC",2022,24,2022-06-14,"L","Tarsalis","culex",1
"FC041|Pipiens|2022|25","FC-041","NW","FC",2022,25,2022-06-21,"L","Pipiens","culex",1
"FC041|Tarsalis|2022|25","FC-041","NW","FC",2022,25,2022-06-21,"L","Tarsalis","culex",5
"FC041|Pipiens|2022|26","FC-041","NW","FC",2022,26,2022-06-28,"L","Pipiens","culex",5
"FC041|Tarsalis|2022|26","FC-041","NW","FC",2022,26,2022-06-28,"L","Tarsalis","culex",6
"FC041|Pipiens|2022|27","FC-041","NW","FC",2022,27,2022-07-06,"L","Pipiens","culex",6
"FC041|Tarsalis|2022|27","FC-041","NW","FC",2022,27,2022-07-06,"L","Tarsalis","culex",17
"FC041|Pipiens|2022|28","FC-041","NW","FC",2022,28,2022-07-12,"L","Pipiens","culex",6
"FC041|Tarsalis|2022|28","FC-041","NW","FC",2022,28,2022-07-12,"L","Tarsalis","culex",144
"FC041|Pipiens|2022|29","FC-041","NW","FC",2022,29,2022-07-19,"L","Pipiens","culex",10
"FC041|Tarsalis|2022|29","FC-041","NW","FC",2022,29,2022-07-19,"L","Tarsalis","culex",125
"FC041|Pipiens|2022|30","FC-041","NW","FC",2022,30,2022-07-26,"L","Pipiens","culex",8
"FC041|Tarsalis|2022|30","FC-041","NW","FC",2022,30,2022-07-26,"L","Tarsalis","culex",62
"FC041|Pipiens|2022|31","FC-041","NW","FC",2022,31,2022-08-02,"L","Pipiens","culex",20
"FC041|Tarsalis|2022|31","FC-041","NW","FC",2022,31,2022-08-02,"L","Tarsalis","culex",129
"FC041|Pipiens|2022|32","FC-041","NW","FC",2022,32,2022-08-09,"L","Pipiens","culex",11
"FC041|Tarsalis|2022|32","FC-041","NW","FC",2022,32,2022-08-09,"L","Tarsalis","culex",48
"FC041|Pipiens|2022|33","FC-041","NW","FC",2022,33,2022-08-16,"L","Pipiens","culex",27
"FC041|Tarsalis|2022|33","FC-041","NW","FC",2022,33,2022-08-16,"L","Tarsalis","culex",31
"FC041|Pipiens|2022|34","FC-041","NW","FC",2022,34,2022-08-23,"L","Pipiens","culex",49
"FC041|Tarsalis|2022|34","FC-041","NW","FC",2022,34,2022-08-23,"L","Tarsalis","culex",107
"FC041|Pipiens|2022|35","FC-041","NW","FC",2022,35,2022-08-31,"L","Pipiens","culex",16
"FC041|Tarsalis|2022|35","FC-041","NW","FC",2022,35,2022-08-31,"L","Tarsalis","culex",25
"FC041|Pipiens|2022|36","FC-041","NW","FC",2022,36,2022-09-06,"L","Pipiens","culex",4
"FC041|Tarsalis|2022|36","FC-041","NW","FC",2022,36,2022-09-06,"L","Tarsalis","culex",3
"FC041|Pipiens|2022|37","FC-041","NW","FC",2022,37,2022-09-13,"L","Pipiens","culex",4
"FC041|Tarsalis|2022|37","FC-041","NW","FC",2022,37,2022-09-13,"L","Tarsalis","culex",2
"FC041|Pipiens|2023|23","FC-041","NW","FC",2023,23,2023-06-06,"L","Pipiens","culex",2
"FC041|Tarsalis|2023|23","FC-041","NW","FC",2023,23,2023-06-06,"L","Tarsalis","culex",3
"FC041|Pipiens|2023|24","FC-041","NW","FC",2023,24,2023-06-13,"L","Pipiens","culex",3
"FC041|Tarsalis|2023|24","FC-041","NW","FC",2023,24,2023-06-13,"L","Tarsalis","culex",1
"FC041|Pipiens|2023|25","FC-041","NW","FC",2023,25,2023-06-20,"L","Pipiens","culex",9
"FC041|Tarsalis|2023|25","FC-041","NW","FC",2023,25,2023-06-20,"L","Tarsalis","culex",17
"FC041|Pipiens|2023|26","FC-041","NW","FC",2023,26,2023-06-27,"L","Pipiens","culex",17
"FC041|Tarsalis|2023|26","FC-041","NW","FC",2023,26,2023-06-27,"L","Tarsalis","culex",452
"FC041|Pipiens|2023|27","FC-041","NW","FC",2023,27,2023-07-05,"L","Pipiens","culex",15
"FC041|Tarsalis|2023|27","FC-041","NW","FC",2023,27,2023-07-05,"L","Tarsalis","culex",32
"FC041|Pipiens|2023|28","FC-041","NW","FC",2023,28,2023-07-11,"L","Pipiens","culex",9
"FC041|Tarsalis|2023|28","FC-041","NW","FC",2023,28,2023-07-11,"L","Tarsalis","culex",168
"FC041|Pipiens|2023|29","FC-041","NW","FC",2023,29,2023-07-18,"L","Pipiens","culex",12
"FC041|Tarsalis|2023|29","FC-041","NW","FC",2023,29,2023-07-18,"L","Tarsalis","culex",519
"FC041|Pipiens|2023|30","FC-041","NW","FC",2023,30,2023-07-26,"L","Pipiens","culex",0
"FC041|Tarsalis|2023|30","FC-041","NW","FC",2023,30,2023-07-26,"L","Tarsalis","culex",88
"FC041|Pipiens|2023|31","FC-041","NW","FC",2023,31,2023-08-01,"L","Pipiens","culex",7
"FC041|Tarsalis|2023|31","FC-041","NW","FC",2023,31,2023-08-01,"L","Tarsalis","culex",25
"FC041|Pipiens|2023|32","FC-041","NW","FC",2023,32,2023-08-09,"L","Pipiens","culex",2
"FC041|Tarsalis|2023|32","FC-041","NW","FC",2023,32,2023-08-09,"L","Tarsalis","culex",24
"FC041|Pipiens|2023|33","FC-041","NW","FC",2023,33,2023-08-15,"L","Pipiens","culex",5
"FC041|Tarsalis|2023|33","FC-041","NW","FC",2023,33,2023-08-15,"L","Tarsalis","culex",29
"FC041|Pipiens|2023|34","FC-041","NW","FC",2023,34,2023-08-22,"L","Pipiens","culex",10
"FC041|Tarsalis|2023|34","FC-041","NW","FC",2023,34,2023-08-22,"L","Tarsalis","culex",20
"FC041|Pipiens|2023|35","FC-041","NW","FC",2023,35,2023-08-29,"L","Pipiens","culex",9
"FC041|Tarsalis|2023|35","FC-041","NW","FC",2023,35,2023-08-29,"L","Tarsalis","culex",9
"FC041|Pipiens|2023|36","FC-041","NW","FC",2023,36,2023-09-06,"L","Pipiens","culex",2
"FC041|Tarsalis|2023|36","FC-041","NW","FC",2023,36,2023-09-06,"L","Tarsalis","culex",0
"FC041|Pipiens|2024|25","FC-041","NW","FC",2024,25,2024-06-19,"L","Pipiens","culex",3
"FC041|Tarsalis|2024|25","FC-041","NW","FC",2024,25,2024-06-19,"L","Tarsalis","culex",0
"FC041|Pipiens|2024|27","FC-041","NW","FC",2024,27,2024-07-02,"L","Pipiens","culex",1
"FC041|Tarsalis|2024|27","FC-041","NW","FC",2024,27,2024-07-02,"L","Tarsalis","culex",1
"FC041|Pipiens|2024|28","FC-041","NW","FC",2024,28,2024-07-10,"L","Pipiens","culex",13
"FC041|Tarsalis|2024|28","FC-041","NW","FC",2024,28,2024-07-10,"L","Tarsalis","culex",4
"FC041|Pipiens|2024|29","FC-041","NW","FC",2024,29,2024-07-17,"L","Pipiens","culex",9
"FC041|Tarsalis|2024|29","FC-041","NW","FC",2024,29,2024-07-17,"L","Tarsalis","culex",6
"FC041|Pipiens|2024|30","FC-041","NW","FC",2024,30,2024-07-24,"L","Pipiens","culex",15
"FC041|Tarsalis|2024|30","FC-041","NW","FC",2024,30,2024-07-24,"L","Tarsalis","culex",12
"FC041|Pipiens|2024|32","FC-041","NW","FC",2024,32,2024-08-07,"L","Pipiens","culex",4
"FC041|Tarsalis|2024|32","FC-041","NW","FC",2024,32,2024-08-07,"L","Tarsalis","culex",2
"FC041|Pipiens|2024|33","FC-041","NW","FC",2024,33,2024-08-14,"L","Pipiens","culex",0
"FC041|Tarsalis|2024|33","FC-041","NW","FC",2024,33,2024-08-14,"L","Tarsalis","culex",3
"FC041|Pipiens|2024|34","FC-041","NW","FC",2024,34,2024-08-21,"L","Pipiens","culex",18
"FC041|Tarsalis|2024|34","FC-041","NW","FC",2024,34,2024-08-21,"L","Tarsalis","culex",15
"FC041|Pipiens|2024|35","FC-041","NW","FC",2024,35,2024-08-28,"L","Pipiens","culex",17
"FC041|Tarsalis|2024|35","FC-041","NW","FC",2024,35,2024-08-28,"L","Tarsalis","culex",9
"FC041|Pipiens|2024|36","FC-041","NW","FC",2024,36,2024-09-04,"L","Pipiens","culex",2
"FC041|Tarsalis|2024|36","FC-041","NW","FC",2024,36,2024-09-04,"L","Tarsalis","culex",0
"FC041|Pipiens|2024|37","FC-041","NW","FC",2024,37,2024-09-11,"L","Pipiens","culex",6
"FC041|Tarsalis|2024|37","FC-041","NW","FC",2024,37,2024-09-11,"L","Tarsalis","culex",0
"FC041|Pipiens|2025|25","FC-041","NW","FC",2025,25,2025-06-18,"L","Pipiens","culex",1
"FC041|Tarsalis|2025|25","FC-041","NW","FC",2025,25,2025-06-18,"L","Tarsalis","culex",1
"FC041|Pipiens|2025|26","FC-041","NW","FC",2025,26,2025-06-25,"L","Pipiens","culex",1
"FC041|Tarsalis|2025|26","FC-041","NW","FC",2025,26,2025-06-25,"L","Tarsalis","culex",11
"FC041|Pipiens|2025|27","FC-041","NW","FC",2025,27,2025-07-02,"L","Pipiens","culex",17
"FC041|Tarsalis|2025|27","FC-041","NW","FC",2025,27,2025-07-02,"L","Tarsalis","culex",13
"FC041|Pipiens|2025|28","FC-041","NW","FC",2025,28,2025-07-09,"L","Pipiens","culex",14
"FC041|Tarsalis|2025|28","FC-041","NW","FC",2025,28,2025-07-09,"L","Tarsalis","culex",35
"FC041|Pipiens|2025|29","FC-041","NW","FC",2025,29,2025-07-16,"L","Pipiens","culex",10
"FC041|Tarsalis|2025|29","FC-041","NW","FC",2025,29,2025-07-16,"L","Tarsalis","culex",59
"FC041|Pipiens|2025|30","FC-041","NW","FC",2025,30,2025-07-23,"L","Pipiens","culex",16
"FC041|Tarsalis|2025|30","FC-041","NW","FC",2025,30,2025-07-23,"L","Tarsalis","culex",36
"FC041|Pipiens|2025|32","FC-041","NW","FC",2025,32,2025-08-06,"L","Pipiens","culex",4
"FC041|Tarsalis|2025|32","FC-041","NW","FC",2025,32,2025-08-06,"L","Tarsalis","culex",29
"FC041|Pipiens|2025|33","FC-041","NW","FC",2025,33,2025-08-13,"L","Pipiens","culex",34
"FC041|Tarsalis|2025|33","FC-041","NW","FC",2025,33,2025-08-13,"L","Tarsalis","culex",47
"FC041|Pipiens|2025|34","FC-041","NW","FC",2025,34,2025-08-20,"L","Pipiens","culex",20
"FC041|Tarsalis|2025|34","FC-041","NW","FC",2025,34,2025-08-20,"L","Tarsalis","culex",15
"FC041|Pipiens|2025|35","FC-041","NW","FC",2025,35,2025-08-27,"L","Pipiens","culex",10
"FC041|Tarsalis|2025|35","FC-041","NW","FC",2025,35,2025-08-27,"L","Tarsalis","culex",0
"FC041|Pipiens|2025|36","FC-041","NW","FC",2025,36,2025-09-03,"L","Pipiens","culex",6
"FC041|Tarsalis|2025|36","FC-041","NW","FC",2025,36,2025-09-03,"L","Tarsalis","culex",0
"FC046|Pipiens|2020|22","FC-046","SE","FC",2020,22,2020-05-27,"L","Pipiens","culex",0
"FC046|Tarsalis|2020|22","FC-046","SE","FC",2020,22,2020-05-27,"L","Tarsalis","culex",3
"FC046|Pipiens|2020|23","FC-046","SE","FC",2020,23,2020-06-01,"L","Pipiens","culex",0
"FC046|Tarsalis|2020|23","FC-046","SE","FC",2020,23,2020-06-01,"L","Tarsalis","culex",4
"FC046|Pipiens|2020|25","FC-046","SE","FC",2020,25,2020-06-15,"L","Pipiens","culex",0
"FC046|Tarsalis|2020|25","FC-046","SE","FC",2020,25,2020-06-15,"L","Tarsalis","culex",1
"FC046|Pipiens|2020|26","FC-046","SE","FC",2020,26,2020-06-22,"L","Pipiens","culex",0
"FC046|Tarsalis|2020|26","FC-046","SE","FC",2020,26,2020-06-22,"L","Tarsalis","culex",1
"FC046|Pipiens|2020|27","FC-046","SE","FC",2020,27,2020-06-29,"L","Pipiens","culex",5
"FC046|Tarsalis|2020|27","FC-046","SE","FC",2020,27,2020-06-29,"L","Tarsalis","culex",5
"FC046|Pipiens|2020|28","FC-046","SE","FC",2020,28,2020-07-06,"L","Pipiens","culex",0
"FC046|Tarsalis|2020|28","FC-046","SE","FC",2020,28,2020-07-06,"L","Tarsalis","culex",4
"FC046|Pipiens|2020|29","FC-046","SE","FC",2020,29,2020-07-13,"L","Pipiens","culex",20
"FC046|Tarsalis|2020|29","FC-046","SE","FC",2020,29,2020-07-13,"L","Tarsalis","culex",15
"FC046|Pipiens|2020|30","FC-046","SE","FC",2020,30,2020-07-20,"L","Pipiens","culex",7
"FC046|Tarsalis|2020|30","FC-046","SE","FC",2020,30,2020-07-20,"L","Tarsalis","culex",12
"FC046|Pipiens|2020|31","FC-046","SE","FC",2020,31,2020-07-27,"L","Pipiens","culex",34
"FC046|Tarsalis|2020|31","FC-046","SE","FC",2020,31,2020-07-27,"L","Tarsalis","culex",47
"FC046|Pipiens|2020|32","FC-046","SE","FC",2020,32,2020-08-03,"L","Pipiens","culex",15
"FC046|Tarsalis|2020|32","FC-046","SE","FC",2020,32,2020-08-03,"L","Tarsalis","culex",35
"FC046|Pipiens|2020|33","FC-046","SE","FC",2020,33,2020-08-10,"L","Pipiens","culex",48
"FC046|Tarsalis|2020|33","FC-046","SE","FC",2020,33,2020-08-10,"L","Tarsalis","culex",24
"FC046|Pipiens|2020|34","FC-046","SE","FC",2020,34,2020-08-17,"L","Pipiens","culex",13
"FC046|Tarsalis|2020|34","FC-046","SE","FC",2020,34,2020-08-17,"L","Tarsalis","culex",13
"FC046|Pipiens|2020|35","FC-046","SE","FC",2020,35,2020-08-24,"L","Pipiens","culex",5
"FC046|Tarsalis|2020|35","FC-046","SE","FC",2020,35,2020-08-24,"L","Tarsalis","culex",6
"FC046|Pipiens|2020|36","FC-046","SE","FC",2020,36,2020-08-31,"L","Pipiens","culex",2
"FC046|Tarsalis|2020|36","FC-046","SE","FC",2020,36,2020-08-31,"L","Tarsalis","culex",0
"FC046|Pipiens|2021|25","FC-046","SE","FC",2021,25,2021-06-21,"L","Pipiens","culex",6
"FC046|Tarsalis|2021|25","FC-046","SE","FC",2021,25,2021-06-21,"L","Tarsalis","culex",13
"FC046|Pipiens|2021|26","FC-046","SE","FC",2021,26,2021-06-28,"L","Pipiens","culex",12
"FC046|Tarsalis|2021|26","FC-046","SE","FC",2021,26,2021-06-28,"L","Tarsalis","culex",27
"FC046|Pipiens|2021|27","FC-046","SE","FC",2021,27,2021-07-06,"L","Pipiens","culex",5
"FC046|Tarsalis|2021|27","FC-046","SE","FC",2021,27,2021-07-06,"L","Tarsalis","culex",60
"FC046|Pipiens|2021|28","FC-046","SE","FC",2021,28,2021-07-12,"L","Pipiens","culex",18
"FC046|Tarsalis|2021|28","FC-046","SE","FC",2021,28,2021-07-12,"L","Tarsalis","culex",149
"FC046|Pipiens|2021|29","FC-046","SE","FC",2021,29,2021-07-19,"L","Pipiens","culex",48
"FC046|Tarsalis|2021|29","FC-046","SE","FC",2021,29,2021-07-19,"L","Tarsalis","culex",226
"FC046|Pipiens|2021|30","FC-046","SE","FC",2021,30,2021-07-26,"L","Pipiens","culex",46
"FC046|Tarsalis|2021|30","FC-046","SE","FC",2021,30,2021-07-26,"L","Tarsalis","culex",239
"FC046|Pipiens|2021|31","FC-046","SE","FC",2021,31,2021-08-02,"L","Pipiens","culex",14
"FC046|Tarsalis|2021|31","FC-046","SE","FC",2021,31,2021-08-02,"L","Tarsalis","culex",64
"FC046|Pipiens|2021|32","FC-046","SE","FC",2021,32,2021-08-09,"L","Pipiens","culex",44
"FC046|Tarsalis|2021|32","FC-046","SE","FC",2021,32,2021-08-09,"L","Tarsalis","culex",43
"FC046|Pipiens|2021|33","FC-046","SE","FC",2021,33,2021-08-16,"L","Pipiens","culex",8
"FC046|Tarsalis|2021|33","FC-046","SE","FC",2021,33,2021-08-16,"L","Tarsalis","culex",14
"FC046|Pipiens|2021|34","FC-046","SE","FC",2021,34,2021-08-29,"L","Pipiens","culex",15
"FC046|Tarsalis|2021|34","FC-046","SE","FC",2021,34,2021-08-29,"L","Tarsalis","culex",5
"FC046|Pipiens|2021|36","FC-046","SE","FC",2021,36,2021-09-06,"L","Pipiens","culex",0
"FC046|Tarsalis|2021|36","FC-046","SE","FC",2021,36,2021-09-06,"L","Tarsalis","culex",3
"FC046|Pipiens|2022|23","FC-046","SE","FC",2022,23,2022-06-06,"L","Pipiens","culex",0
"FC046|Tarsalis|2022|23","FC-046","SE","FC",2022,23,2022-06-06,"L","Tarsalis","culex",2
"FC046|Pipiens|2022|25","FC-046","SE","FC",2022,25,2022-06-20,"L","Pipiens","culex",1
"FC046|Tarsalis|2022|25","FC-046","SE","FC",2022,25,2022-06-20,"L","Tarsalis","culex",10
"FC046|Pipiens|2022|26","FC-046","SE","FC",2022,26,2022-06-27,"L","Pipiens","culex",2
"FC046|Tarsalis|2022|26","FC-046","SE","FC",2022,26,2022-06-27,"L","Tarsalis","culex",9
"FC046|Pipiens|2022|27","FC-046","SE","FC",2022,27,2022-07-05,"L","Pipiens","culex",3
"FC046|Tarsalis|2022|27","FC-046","SE","FC",2022,27,2022-07-05,"L","Tarsalis","culex",27
"FC046|Pipiens|2022|28","FC-046","SE","FC",2022,28,2022-07-11,"L","Pipiens","culex",5
"FC046|Tarsalis|2022|28","FC-046","SE","FC",2022,28,2022-07-11,"L","Tarsalis","culex",116
"FC046|Pipiens|2022|29","FC-046","SE","FC",2022,29,2022-07-18,"L","Pipiens","culex",0
"FC046|Tarsalis|2022|29","FC-046","SE","FC",2022,29,2022-07-18,"L","Tarsalis","culex",111
"FC046|Pipiens|2022|30","FC-046","SE","FC",2022,30,2022-07-25,"L","Pipiens","culex",24
"FC046|Tarsalis|2022|30","FC-046","SE","FC",2022,30,2022-07-25,"L","Tarsalis","culex",111
"FC046|Pipiens|2022|31","FC-046","SE","FC",2022,31,2022-08-01,"L","Pipiens","culex",15
"FC046|Tarsalis|2022|31","FC-046","SE","FC",2022,31,2022-08-01,"L","Tarsalis","culex",126
"FC046|Pipiens|2022|32","FC-046","SE","FC",2022,32,2022-08-08,"L","Pipiens","culex",9
"FC046|Tarsalis|2022|32","FC-046","SE","FC",2022,32,2022-08-08,"L","Tarsalis","culex",50
"FC046|Pipiens|2022|33","FC-046","SE","FC",2022,33,2022-08-15,"L","Pipiens","culex",26
"FC046|Tarsalis|2022|33","FC-046","SE","FC",2022,33,2022-08-15,"L","Tarsalis","culex",44
"FC046|Pipiens|2022|35","FC-046","SE","FC",2022,35,2022-08-30,"L","Pipiens","culex",12
"FC046|Tarsalis|2022|35","FC-046","SE","FC",2022,35,2022-08-30,"L","Tarsalis","culex",24
"FC046|Pipiens|2022|36","FC-046","SE","FC",2022,36,2022-09-07,"L","Pipiens","culex",5
"FC046|Tarsalis|2022|36","FC-046","SE","FC",2022,36,2022-09-07,"L","Tarsalis","culex",3
"FC046|Pipiens|2022|37","FC-046","SE","FC",2022,37,2022-09-12,"L","Pipiens","culex",13
"FC046|Tarsalis|2022|37","FC-046","SE","FC",2022,37,2022-09-12,"L","Tarsalis","culex",9
"FC046|Pipiens|2023|23","FC-046","SE","FC",2023,23,2023-06-05,"L","Pipiens","culex",2
"FC046|Tarsalis|2023|23","FC-046","SE","FC",2023,23,2023-06-05,"L","Tarsalis","culex",2
"FC046|Pipiens|2023|24","FC-046","SE","FC",2023,24,2023-06-12,"L","Pipiens","culex",1
"FC046|Tarsalis|2023|24","FC-046","SE","FC",2023,24,2023-06-12,"L","Tarsalis","culex",2
"FC046|Pipiens|2023|25","FC-046","SE","FC",2023,25,2023-06-19,"L","Pipiens","culex",2
"FC046|Tarsalis|2023|25","FC-046","SE","FC",2023,25,2023-06-19,"L","Tarsalis","culex",15
"FC046|Pipiens|2023|26","FC-046","SE","FC",2023,26,2023-06-26,"L","Pipiens","culex",6
"FC046|Tarsalis|2023|26","FC-046","SE","FC",2023,26,2023-06-26,"L","Tarsalis","culex",128
"FC046|Pipiens|2023|27","FC-046","SE","FC",2023,27,2023-07-03,"L","Pipiens","culex",0
"FC046|Tarsalis|2023|27","FC-046","SE","FC",2023,27,2023-07-03,"L","Tarsalis","culex",172
"FC046|Pipiens|2023|28","FC-046","SE","FC",2023,28,2023-07-10,"L","Pipiens","culex",77
"FC046|Tarsalis|2023|28","FC-046","SE","FC",2023,28,2023-07-10,"L","Tarsalis","culex",875
"FC046|Pipiens|2023|29","FC-046","SE","FC",2023,29,2023-07-17,"L","Pipiens","culex",0
"FC046|Tarsalis|2023|29","FC-046","SE","FC",2023,29,2023-07-17,"L","Tarsalis","culex",243
"FC046|Pipiens|2023|30","FC-046","SE","FC",2023,30,2023-07-30,"L","Pipiens","culex",6
"FC046|Tarsalis|2023|30","FC-046","SE","FC",2023,30,2023-07-30,"L","Tarsalis","culex",80
"FC046|Pipiens|2023|32","FC-046","SE","FC",2023,32,2023-08-08,"L","Pipiens","culex",7
"FC046|Tarsalis|2023|32","FC-046","SE","FC",2023,32,2023-08-08,"L","Tarsalis","culex",33
"FC046|Pipiens|2023|33","FC-046","SE","FC",2023,33,2023-08-20,"L","Pipiens","culex",32
"FC046|Tarsalis|2023|33","FC-046","SE","FC",2023,33,2023-08-20,"L","Tarsalis","culex",52
"FC046|Pipiens|2023|35","FC-046","SE","FC",2023,35,2023-08-28,"L","Pipiens","culex",2
"FC046|Tarsalis|2023|35","FC-046","SE","FC",2023,35,2023-08-28,"L","Tarsalis","culex",0
"FC046|Pipiens|2023|36","FC-046","SE","FC",2023,36,2023-09-05,"L","Pipiens","culex",13
"FC046|Tarsalis|2023|36","FC-046","SE","FC",2023,36,2023-09-05,"L","Tarsalis","culex",4
"FC046|Pipiens|2023|37","FC-046","SE","FC",2023,37,2023-09-12,"L","Pipiens","culex",9
"FC046|Tarsalis|2023|37","FC-046","SE","FC",2023,37,2023-09-12,"L","Tarsalis","culex",0
"FC046|Pipiens|2024|23","FC-046","SE","FC",2024,23,2024-06-03,"L","Pipiens","culex",0
"FC046|Tarsalis|2024|23","FC-046","SE","FC",2024,23,2024-06-03,"L","Tarsalis","culex",4
"FC046|Pipiens|2024|25","FC-046","SE","FC",2024,25,2024-06-18,"L","Pipiens","culex",0
"FC046|Tarsalis|2024|25","FC-046","SE","FC",2024,25,2024-06-18,"L","Tarsalis","culex",4
"FC046|Pipiens|2024|26","FC-046","SE","FC",2024,26,2024-06-25,"L","Pipiens","culex",1
"FC046|Tarsalis|2024|26","FC-046","SE","FC",2024,26,2024-06-25,"L","Tarsalis","culex",6
"FC046|Pipiens|2024|27","FC-046","SE","FC",2024,27,2024-07-02,"L","Pipiens","culex",1
"FC046|Tarsalis|2024|27","FC-046","SE","FC",2024,27,2024-07-02,"L","Tarsalis","culex",5
"FC046|Pipiens|2024|28","FC-046","SE","FC",2024,28,2024-07-09,"L","Pipiens","culex",9
"FC046|Tarsalis|2024|28","FC-046","SE","FC",2024,28,2024-07-09,"L","Tarsalis","culex",16
"FC046|Pipiens|2024|29","FC-046","SE","FC",2024,29,2024-07-16,"L","Pipiens","culex",1
"FC046|Tarsalis|2024|29","FC-046","SE","FC",2024,29,2024-07-16,"L","Tarsalis","culex",3
"FC046|Pipiens|2024|30","FC-046","SE","FC",2024,30,2024-07-23,"L","Pipiens","culex",7
"FC046|Tarsalis|2024|30","FC-046","SE","FC",2024,30,2024-07-23,"L","Tarsalis","culex",17
"FC046|Pipiens|2024|31","FC-046","SE","FC",2024,31,2024-07-30,"L","Pipiens","culex",6
"FC046|Tarsalis|2024|31","FC-046","SE","FC",2024,31,2024-07-30,"L","Tarsalis","culex",20
"FC046|Pipiens|2024|32","FC-046","SE","FC",2024,32,2024-08-06,"L","Pipiens","culex",8
"FC046|Tarsalis|2024|32","FC-046","SE","FC",2024,32,2024-08-06,"L","Tarsalis","culex",4
"FC046|Pipiens|2024|33","FC-046","SE","FC",2024,33,2024-08-13,"L","Pipiens","culex",6
"FC046|Tarsalis|2024|33","FC-046","SE","FC",2024,33,2024-08-13,"L","Tarsalis","culex",5
"FC046|Pipiens|2024|34","FC-046","SE","FC",2024,34,2024-08-20,"L","Pipiens","culex",23
"FC046|Tarsalis|2024|34","FC-046","SE","FC",2024,34,2024-08-20,"L","Tarsalis","culex",7
"FC046|Pipiens|2024|35","FC-046","SE","FC",2024,35,2024-08-27,"L","Pipiens","culex",10
"FC046|Tarsalis|2024|35","FC-046","SE","FC",2024,35,2024-08-27,"L","Tarsalis","culex",9
"FC046|Pipiens|2024|36","FC-046","SE","FC",2024,36,2024-09-05,"L","Pipiens","culex",3
"FC046|Tarsalis|2024|36","FC-046","SE","FC",2024,36,2024-09-05,"L","Tarsalis","culex",0
"FC046|Pipiens|2024|37","FC-046","SE","FC",2024,37,2024-09-10,"L","Pipiens","culex",0
"FC046|Tarsalis|2024|37","FC-046","SE","FC",2024,37,2024-09-10,"L","Tarsalis","culex",2
"FC046|Pipiens|2025|25","FC-046","SE","FC",2025,25,2025-06-17,"L","Pipiens","culex",0
"FC046|Tarsalis|2025|25","FC-046","SE","FC",2025,25,2025-06-17,"L","Tarsalis","culex",22
"FC046|Pipiens|2025|26","FC-046","SE","FC",2025,26,2025-06-24,"L","Pipiens","culex",0
"FC046|Tarsalis|2025|26","FC-046","SE","FC",2025,26,2025-06-24,"L","Tarsalis","culex",16
"FC046|Pipiens|2025|27","FC-046","SE","FC",2025,27,2025-07-01,"L","Pipiens","culex",16
"FC046|Tarsalis|2025|27","FC-046","SE","FC",2025,27,2025-07-01,"L","Tarsalis","culex",106
"FC046|Pipiens|2025|28","FC-046","SE","FC",2025,28,2025-07-08,"L","Pipiens","culex",29
"FC046|Tarsalis|2025|28","FC-046","SE","FC",2025,28,2025-07-08,"L","Tarsalis","culex",138
"FC046|Pipiens|2025|29","FC-046","SE","FC",2025,29,2025-07-15,"L","Pipiens","culex",30
"FC046|Tarsalis|2025|29","FC-046","SE","FC",2025,29,2025-07-15,"L","Tarsalis","culex",75
"FC046|Pipiens|2025|32","FC-046","SE","FC",2025,32,2025-08-05,"L","Pipiens","culex",12
"FC046|Tarsalis|2025|32","FC-046","SE","FC",2025,32,2025-08-05,"L","Tarsalis","culex",57
"FC046|Pipiens|2025|33","FC-046","SE","FC",2025,33,2025-08-12,"L","Pipiens","culex",17
"FC046|Tarsalis|2025|33","FC-046","SE","FC",2025,33,2025-08-12,"L","Tarsalis","culex",17
"FC046|Pipiens|2025|34","FC-046","SE","FC",2025,34,2025-08-19,"L","Pipiens","culex",3
"FC046|Tarsalis|2025|34","FC-046","SE","FC",2025,34,2025-08-19,"L","Tarsalis","culex",2
"FC046|Pipiens|2025|35","FC-046","SE","FC",2025,35,2025-08-26,"L","Pipiens","culex",5
"FC046|Tarsalis|2025|35","FC-046","SE","FC",2025,35,2025-08-26,"L","Tarsalis","culex",0
"FC046|Pipiens|2025|36","FC-046","SE","FC",2025,36,2025-09-04,"L","Pipiens","culex",7
"FC046|Tarsalis|2025|36","FC-046","SE","FC",2025,36,2025-09-04,"L","Tarsalis","culex",24
"FC047|Pipiens|2020|23","FC-047","SE","FC",2020,23,2020-06-01,"L","Pipiens","culex",0
"FC047|Tarsalis|2020|23","FC-047","SE","FC",2020,23,2020-06-01,"L","Tarsalis","culex",1
"FC047|Pipiens|2020|25","FC-047","SE","FC",2020,25,2020-06-15,"L","Pipiens","culex",0
"FC047|Tarsalis|2020|25","FC-047","SE","FC",2020,25,2020-06-15,"L","Tarsalis","culex",1
"FC047|Pipiens|2020|26","FC-047","SE","FC",2020,26,2020-06-22,"L","Pipiens","culex",1
"FC047|Tarsalis|2020|26","FC-047","SE","FC",2020,26,2020-06-22,"L","Tarsalis","culex",3
"FC047|Pipiens|2020|27","FC-047","SE","FC",2020,27,2020-06-29,"L","Pipiens","culex",0
"FC047|Tarsalis|2020|27","FC-047","SE","FC",2020,27,2020-06-29,"L","Tarsalis","culex",1
"FC047|Pipiens|2020|28","FC-047","SE","FC",2020,28,2020-07-06,"L","Pipiens","culex",3
"FC047|Tarsalis|2020|28","FC-047","SE","FC",2020,28,2020-07-06,"L","Tarsalis","culex",11
"FC047|Pipiens|2020|29","FC-047","SE","FC",2020,29,2020-07-13,"L","Pipiens","culex",0
"FC047|Tarsalis|2020|29","FC-047","SE","FC",2020,29,2020-07-13,"L","Tarsalis","culex",2
"FC047|Pipiens|2020|30","FC-047","SE","FC",2020,30,2020-07-20,"L","Pipiens","culex",0
"FC047|Tarsalis|2020|30","FC-047","SE","FC",2020,30,2020-07-20,"L","Tarsalis","culex",41
"FC047|Pipiens|2020|31","FC-047","SE","FC",2020,31,2020-07-27,"L","Pipiens","culex",3
"FC047|Tarsalis|2020|31","FC-047","SE","FC",2020,31,2020-07-27,"L","Tarsalis","culex",42
"FC047|Pipiens|2020|32","FC-047","SE","FC",2020,32,2020-08-03,"L","Pipiens","culex",3
"FC047|Tarsalis|2020|32","FC-047","SE","FC",2020,32,2020-08-03,"L","Tarsalis","culex",18
"FC047|Pipiens|2020|33","FC-047","SE","FC",2020,33,2020-08-10,"L","Pipiens","culex",10
"FC047|Tarsalis|2020|33","FC-047","SE","FC",2020,33,2020-08-10,"L","Tarsalis","culex",9
"FC047|Pipiens|2020|34","FC-047","SE","FC",2020,34,2020-08-17,"L","Pipiens","culex",0
"FC047|Tarsalis|2020|34","FC-047","SE","FC",2020,34,2020-08-17,"L","Tarsalis","culex",8
"FC047|Pipiens|2020|35","FC-047","SE","FC",2020,35,2020-08-24,"L","Pipiens","culex",11
"FC047|Tarsalis|2020|35","FC-047","SE","FC",2020,35,2020-08-24,"L","Tarsalis","culex",8
"FC047|Pipiens|2020|36","FC-047","SE","FC",2020,36,2020-08-31,"L","Pipiens","culex",2
"FC047|Tarsalis|2020|36","FC-047","SE","FC",2020,36,2020-08-31,"L","Tarsalis","culex",2
"FC047|Pipiens|2021|25","FC-047","SE","FC",2021,25,2021-06-22,"L","Pipiens","culex",2
"FC047|Tarsalis|2021|25","FC-047","SE","FC",2021,25,2021-06-22,"L","Tarsalis","culex",44
"FC047|Pipiens|2021|26","FC-047","SE","FC",2021,26,2021-06-28,"L","Pipiens","culex",4
"FC047|Tarsalis|2021|26","FC-047","SE","FC",2021,26,2021-06-28,"L","Tarsalis","culex",9
"FC047|Pipiens|2021|28","FC-047","SE","FC",2021,28,2021-07-12,"L","Pipiens","culex",5
"FC047|Tarsalis|2021|28","FC-047","SE","FC",2021,28,2021-07-12,"L","Tarsalis","culex",100
"FC047|Pipiens|2021|29","FC-047","SE","FC",2021,29,2021-07-19,"L","Pipiens","culex",0
"FC047|Tarsalis|2021|29","FC-047","SE","FC",2021,29,2021-07-19,"L","Tarsalis","culex",25
"FC047|Pipiens|2021|30","FC-047","SE","FC",2021,30,2021-07-26,"L","Pipiens","culex",2
"FC047|Tarsalis|2021|30","FC-047","SE","FC",2021,30,2021-07-26,"L","Tarsalis","culex",43
"FC047|Pipiens|2021|31","FC-047","SE","FC",2021,31,2021-08-02,"L","Pipiens","culex",7
"FC047|Tarsalis|2021|31","FC-047","SE","FC",2021,31,2021-08-02,"L","Tarsalis","culex",42
"FC047|Pipiens|2021|32","FC-047","SE","FC",2021,32,2021-08-09,"L","Pipiens","culex",4
"FC047|Tarsalis|2021|32","FC-047","SE","FC",2021,32,2021-08-09,"L","Tarsalis","culex",15
"FC047|Pipiens|2021|33","FC-047","SE","FC",2021,33,2021-08-16,"L","Pipiens","culex",3
"FC047|Tarsalis|2021|33","FC-047","SE","FC",2021,33,2021-08-16,"L","Tarsalis","culex",3
"FC047|Pipiens|2021|34","FC-047","SE","FC",2021,34,2021-08-29,"L","Pipiens","culex",3
"FC047|Tarsalis|2021|34","FC-047","SE","FC",2021,34,2021-08-29,"L","Tarsalis","culex",1
"FC047|Pipiens|2022|25","FC-047","SE","FC",2022,25,2022-06-20,"L","Pipiens","culex",0
"FC047|Tarsalis|2022|25","FC-047","SE","FC",2022,25,2022-06-20,"L","Tarsalis","culex",2
"FC047|Pipiens|2022|26","FC-047","SE","FC",2022,26,2022-06-27,"L","Pipiens","culex",0
"FC047|Tarsalis|2022|26","FC-047","SE","FC",2022,26,2022-06-27,"L","Tarsalis","culex",14
"FC047|Pipiens|2022|27","FC-047","SE","FC",2022,27,2022-07-05,"L","Pipiens","culex",0
"FC047|Tarsalis|2022|27","FC-047","SE","FC",2022,27,2022-07-05,"L","Tarsalis","culex",48
"FC047|Pipiens|2022|28","FC-047","SE","FC",2022,28,2022-07-11,"L","Pipiens","culex",0
"FC047|Tarsalis|2022|28","FC-047","SE","FC",2022,28,2022-07-11,"L","Tarsalis","culex",43
"FC047|Pipiens|2022|29","FC-047","SE","FC",2022,29,2022-07-18,"L","Pipiens","culex",3
"FC047|Tarsalis|2022|29","FC-047","SE","FC",2022,29,2022-07-18,"L","Tarsalis","culex",27
"FC047|Pipiens|2022|30","FC-047","SE","FC",2022,30,2022-07-25,"L","Pipiens","culex",1
"FC047|Tarsalis|2022|30","FC-047","SE","FC",2022,30,2022-07-25,"L","Tarsalis","culex",37
"FC047|Pipiens|2022|31","FC-047","SE","FC",2022,31,2022-08-01,"L","Pipiens","culex",1
"FC047|Tarsalis|2022|31","FC-047","SE","FC",2022,31,2022-08-01,"L","Tarsalis","culex",17
"FC047|Pipiens|2022|32","FC-047","SE","FC",2022,32,2022-08-08,"L","Pipiens","culex",0
"FC047|Tarsalis|2022|32","FC-047","SE","FC",2022,32,2022-08-08,"L","Tarsalis","culex",34
"FC047|Pipiens|2022|33","FC-047","SE","FC",2022,33,2022-08-15,"L","Pipiens","culex",12
"FC047|Tarsalis|2022|33","FC-047","SE","FC",2022,33,2022-08-15,"L","Tarsalis","culex",35
"FC047|Pipiens|2022|34","FC-047","SE","FC",2022,34,2022-08-22,"L","Pipiens","culex",4
"FC047|Tarsalis|2022|34","FC-047","SE","FC",2022,34,2022-08-22,"L","Tarsalis","culex",11
"FC047|Pipiens|2022|35","FC-047","SE","FC",2022,35,2022-08-30,"L","Pipiens","culex",6
"FC047|Tarsalis|2022|35","FC-047","SE","FC",2022,35,2022-08-30,"L","Tarsalis","culex",18
"FC047|Pipiens|2022|36","FC-047","SE","FC",2022,36,2022-09-07,"L","Pipiens","culex",1
"FC047|Tarsalis|2022|36","FC-047","SE","FC",2022,36,2022-09-07,"L","Tarsalis","culex",1
"FC047|Pipiens|2022|37","FC-047","SE","FC",2022,37,2022-09-12,"L","Pipiens","culex",2
"FC047|Tarsalis|2022|37","FC-047","SE","FC",2022,37,2022-09-12,"L","Tarsalis","culex",1
"FC047|Pipiens|2023|23","FC-047","SE","FC",2023,23,2023-06-05,"L","Pipiens","culex",0
"FC047|Tarsalis|2023|23","FC-047","SE","FC",2023,23,2023-06-05,"L","Tarsalis","culex",6
"FC047|Pipiens|2023|24","FC-047","SE","FC",2023,24,2023-06-12,"L","Pipiens","culex",3
"FC047|Tarsalis|2023|24","FC-047","SE","FC",2023,24,2023-06-12,"L","Tarsalis","culex",13
"FC047|Pipiens|2023|25","FC-047","SE","FC",2023,25,2023-06-19,"L","Pipiens","culex",4
"FC047|Tarsalis|2023|25","FC-047","SE","FC",2023,25,2023-06-19,"L","Tarsalis","culex",33
"FC047|Pipiens|2023|26","FC-047","SE","FC",2023,26,2023-06-26,"L","Pipiens","culex",0
"FC047|Tarsalis|2023|26","FC-047","SE","FC",2023,26,2023-06-26,"L","Tarsalis","culex",53
"FC047|Pipiens|2023|27","FC-047","SE","FC",2023,27,2023-07-03,"L","Pipiens","culex",0
"FC047|Tarsalis|2023|27","FC-047","SE","FC",2023,27,2023-07-03,"L","Tarsalis","culex",245
"FC047|Pipiens|2023|28","FC-047","SE","FC",2023,28,2023-07-10,"L","Pipiens","culex",33
"FC047|Tarsalis|2023|28","FC-047","SE","FC",2023,28,2023-07-10,"L","Tarsalis","culex",966
"FC047|Pipiens|2023|29","FC-047","SE","FC",2023,29,2023-07-17,"L","Pipiens","culex",3
"FC047|Tarsalis|2023|29","FC-047","SE","FC",2023,29,2023-07-17,"L","Tarsalis","culex",307
"FC047|Pipiens|2023|30","FC-047","SE","FC",2023,30,2023-07-30,"L","Pipiens","culex",7
"FC047|Tarsalis|2023|30","FC-047","SE","FC",2023,30,2023-07-30,"L","Tarsalis","culex",79
"FC047|Pipiens|2023|32","FC-047","SE","FC",2023,32,2023-08-08,"L","Pipiens","culex",0
"FC047|Tarsalis|2023|32","FC-047","SE","FC",2023,32,2023-08-08,"L","Tarsalis","culex",19
"FC047|Pipiens|2023|33","FC-047","SE","FC",2023,33,2023-08-20,"L","Pipiens","culex",3
"FC047|Tarsalis|2023|33","FC-047","SE","FC",2023,33,2023-08-20,"L","Tarsalis","culex",33
"FC047|Pipiens|2023|35","FC-047","SE","FC",2023,35,2023-08-28,"L","Pipiens","culex",3
"FC047|Tarsalis|2023|35","FC-047","SE","FC",2023,35,2023-08-28,"L","Tarsalis","culex",8
"FC047|Pipiens|2023|36","FC-047","SE","FC",2023,36,2023-09-05,"L","Pipiens","culex",2
"FC047|Tarsalis|2023|36","FC-047","SE","FC",2023,36,2023-09-05,"L","Tarsalis","culex",1
"FC047|Pipiens|2024|23","FC-047","SE","FC",2024,23,2024-06-03,"L","Pipiens","culex",1
"FC047|Tarsalis|2024|23","FC-047","SE","FC",2024,23,2024-06-03,"L","Tarsalis","culex",3
"FC047|Pipiens|2024|25","FC-047","SE","FC",2024,25,2024-06-18,"L","Pipiens","culex",0
"FC047|Tarsalis|2024|25","FC-047","SE","FC",2024,25,2024-06-18,"L","Tarsalis","culex",8
"FC047|Pipiens|2024|26","FC-047","SE","FC",2024,26,2024-06-25,"L","Pipiens","culex",0
"FC047|Tarsalis|2024|26","FC-047","SE","FC",2024,26,2024-06-25,"L","Tarsalis","culex",7
"FC047|Pipiens|2024|27","FC-047","SE","FC",2024,27,2024-07-02,"L","Pipiens","culex",1
"FC047|Tarsalis|2024|27","FC-047","SE","FC",2024,27,2024-07-02,"L","Tarsalis","culex",6
"FC047|Pipiens|2024|28","FC-047","SE","FC",2024,28,2024-07-09,"L","Pipiens","culex",2
"FC047|Tarsalis|2024|28","FC-047","SE","FC",2024,28,2024-07-09,"L","Tarsalis","culex",11
"FC047|Pipiens|2024|29","FC-047","SE","FC",2024,29,2024-07-16,"L","Pipiens","culex",2
"FC047|Tarsalis|2024|29","FC-047","SE","FC",2024,29,2024-07-16,"L","Tarsalis","culex",15
"FC047|Pipiens|2024|30","FC-047","SE","FC",2024,30,2024-07-23,"L","Pipiens","culex",13
"FC047|Tarsalis|2024|30","FC-047","SE","FC",2024,30,2024-07-23,"L","Tarsalis","culex",41
"FC047|Pipiens|2024|31","FC-047","SE","FC",2024,31,2024-07-30,"L","Pipiens","culex",4
"FC047|Tarsalis|2024|31","FC-047","SE","FC",2024,31,2024-07-30,"L","Tarsalis","culex",52
"FC047|Pipiens|2024|32","FC-047","SE","FC",2024,32,2024-08-06,"L","Pipiens","culex",9
"FC047|Tarsalis|2024|32","FC-047","SE","FC",2024,32,2024-08-06,"L","Tarsalis","culex",46
"FC047|Pipiens|2024|33","FC-047","SE","FC",2024,33,2024-08-13,"L","Pipiens","culex",1
"FC047|Tarsalis|2024|33","FC-047","SE","FC",2024,33,2024-08-13,"L","Tarsalis","culex",3
"FC047|Pipiens|2024|34","FC-047","SE","FC",2024,34,2024-08-20,"L","Pipiens","culex",4
"FC047|Tarsalis|2024|34","FC-047","SE","FC",2024,34,2024-08-20,"L","Tarsalis","culex",18
"FC047|Pipiens|2024|35","FC-047","SE","FC",2024,35,2024-08-27,"L","Pipiens","culex",8
"FC047|Tarsalis|2024|35","FC-047","SE","FC",2024,35,2024-08-27,"L","Tarsalis","culex",19
"FC047|Pipiens|2024|36","FC-047","SE","FC",2024,36,2024-09-05,"L","Pipiens","culex",11
"FC047|Tarsalis|2024|36","FC-047","SE","FC",2024,36,2024-09-05,"L","Tarsalis","culex",5
"FC047|Pipiens|2025|25","FC-047","SE","FC",2025,25,2025-06-17,"L","Pipiens","culex",0
"FC047|Tarsalis|2025|25","FC-047","SE","FC",2025,25,2025-06-17,"L","Tarsalis","culex",24
"FC047|Pipiens|2025|27","FC-047","SE","FC",2025,27,2025-07-01,"L","Pipiens","culex",7
"FC047|Tarsalis|2025|27","FC-047","SE","FC",2025,27,2025-07-01,"L","Tarsalis","culex",103
"FC047|Pipiens|2025|28","FC-047","SE","FC",2025,28,2025-07-08,"L","Pipiens","culex",8
"FC047|Tarsalis|2025|28","FC-047","SE","FC",2025,28,2025-07-08,"L","Tarsalis","culex",116
"FC047|Pipiens|2025|29","FC-047","SE","FC",2025,29,2025-07-15,"L","Pipiens","culex",3
"FC047|Tarsalis|2025|29","FC-047","SE","FC",2025,29,2025-07-15,"L","Tarsalis","culex",85
"FC047|Pipiens|2025|30","FC-047","SE","FC",2025,30,2025-07-22,"L","Pipiens","culex",0
"FC047|Tarsalis|2025|30","FC-047","SE","FC",2025,30,2025-07-22,"L","Tarsalis","culex",6
"FC047|Pipiens|2025|31","FC-047","SE","FC",2025,31,2025-07-29,"L","Pipiens","culex",1
"FC047|Tarsalis|2025|31","FC-047","SE","FC",2025,31,2025-07-29,"L","Tarsalis","culex",46
"FC047|Pipiens|2025|32","FC-047","SE","FC",2025,32,2025-08-05,"L","Pipiens","culex",7
"FC047|Tarsalis|2025|32","FC-047","SE","FC",2025,32,2025-08-05,"L","Tarsalis","culex",64
"FC047|Pipiens|2025|33","FC-047","SE","FC",2025,33,2025-08-12,"L","Pipiens","culex",2
"FC047|Tarsalis|2025|33","FC-047","SE","FC",2025,33,2025-08-12,"L","Tarsalis","culex",21
"FC047|Pipiens|2025|34","FC-047","SE","FC",2025,34,2025-08-19,"L","Pipiens","culex",5
"FC047|Tarsalis|2025|34","FC-047","SE","FC",2025,34,2025-08-19,"L","Tarsalis","culex",15
"FC047|Pipiens|2025|35","FC-047","SE","FC",2025,35,2025-08-26,"L","Pipiens","culex",7
"FC047|Tarsalis|2025|35","FC-047","SE","FC",2025,35,2025-08-26,"L","Tarsalis","culex",3
"FC047|Pipiens|2025|36","FC-047","SE","FC",2025,36,2025-09-04,"L","Pipiens","culex",0
"FC047|Tarsalis|2025|36","FC-047","SE","FC",2025,36,2025-09-04,"L","Tarsalis","culex",8
"FC049|Pipiens|2020|25","FC-049","SW","FC",2020,25,2020-06-16,"L","Pipiens","culex",0
"FC049|Tarsalis|2020|25","FC-049","SW","FC",2020,25,2020-06-16,"L","Tarsalis","culex",2
"FC049|Pipiens|2020|27","FC-049","SW","FC",2020,27,2020-06-30,"L","Pipiens","culex",4
"FC049|Tarsalis|2020|27","FC-049","SW","FC",2020,27,2020-06-30,"L","Tarsalis","culex",2
"FC049|Pipiens|2020|28","FC-049","SW","FC",2020,28,2020-07-07,"L","Pipiens","culex",3
"FC049|Tarsalis|2020|28","FC-049","SW","FC",2020,28,2020-07-07,"L","Tarsalis","culex",5
"FC049|Pipiens|2020|29","FC-049","SW","FC",2020,29,2020-07-14,"L","Pipiens","culex",1
"FC049|Tarsalis|2020|29","FC-049","SW","FC",2020,29,2020-07-14,"L","Tarsalis","culex",1
"FC049|Pipiens|2020|30","FC-049","SW","FC",2020,30,2020-07-21,"L","Pipiens","culex",5
"FC049|Tarsalis|2020|30","FC-049","SW","FC",2020,30,2020-07-21,"L","Tarsalis","culex",3
"FC049|Pipiens|2020|31","FC-049","SW","FC",2020,31,2020-07-28,"L","Pipiens","culex",3
"FC049|Tarsalis|2020|31","FC-049","SW","FC",2020,31,2020-07-28,"L","Tarsalis","culex",2
"FC049|Pipiens|2020|32","FC-049","SW","FC",2020,32,2020-08-04,"L","Pipiens","culex",2
"FC049|Tarsalis|2020|32","FC-049","SW","FC",2020,32,2020-08-04,"L","Tarsalis","culex",16
"FC049|Pipiens|2020|33","FC-049","SW","FC",2020,33,2020-08-11,"L","Pipiens","culex",19
"FC049|Tarsalis|2020|33","FC-049","SW","FC",2020,33,2020-08-11,"L","Tarsalis","culex",10
"FC049|Pipiens|2020|34","FC-049","SW","FC",2020,34,2020-08-18,"L","Pipiens","culex",10
"FC049|Tarsalis|2020|34","FC-049","SW","FC",2020,34,2020-08-18,"L","Tarsalis","culex",12
"FC049|Pipiens|2020|35","FC-049","SW","FC",2020,35,2020-08-25,"L","Pipiens","culex",22
"FC049|Tarsalis|2020|35","FC-049","SW","FC",2020,35,2020-08-25,"L","Tarsalis","culex",0
"FC049|Pipiens|2021|25","FC-049","SW","FC",2021,25,2021-06-22,"L","Pipiens","culex",0
"FC049|Tarsalis|2021|25","FC-049","SW","FC",2021,25,2021-06-22,"L","Tarsalis","culex",2
"FC049|Pipiens|2021|26","FC-049","SW","FC",2021,26,2021-06-29,"L","Pipiens","culex",5
"FC049|Tarsalis|2021|26","FC-049","SW","FC",2021,26,2021-06-29,"L","Tarsalis","culex",6
"FC049|Pipiens|2021|27","FC-049","SW","FC",2021,27,2021-07-06,"L","Pipiens","culex",3
"FC049|Tarsalis|2021|27","FC-049","SW","FC",2021,27,2021-07-06,"L","Tarsalis","culex",9
"FC049|Pipiens|2021|28","FC-049","SW","FC",2021,28,2021-07-13,"L","Pipiens","culex",3
"FC049|Tarsalis|2021|28","FC-049","SW","FC",2021,28,2021-07-13,"L","Tarsalis","culex",8
"FC049|Pipiens|2021|29","FC-049","SW","FC",2021,29,2021-07-20,"L","Pipiens","culex",2
"FC049|Tarsalis|2021|29","FC-049","SW","FC",2021,29,2021-07-20,"L","Tarsalis","culex",13
"FC049|Pipiens|2021|30","FC-049","SW","FC",2021,30,2021-07-27,"L","Pipiens","culex",8
"FC049|Tarsalis|2021|30","FC-049","SW","FC",2021,30,2021-07-27,"L","Tarsalis","culex",48
"FC049|Pipiens|2021|31","FC-049","SW","FC",2021,31,2021-08-03,"L","Pipiens","culex",3
"FC049|Tarsalis|2021|31","FC-049","SW","FC",2021,31,2021-08-03,"L","Tarsalis","culex",11
"FC049|Pipiens|2021|32","FC-049","SW","FC",2021,32,2021-08-10,"L","Pipiens","culex",7
"FC049|Tarsalis|2021|32","FC-049","SW","FC",2021,32,2021-08-10,"L","Tarsalis","culex",8
"FC049|Pipiens|2021|33","FC-049","SW","FC",2021,33,2021-08-17,"L","Pipiens","culex",6
"FC049|Tarsalis|2021|33","FC-049","SW","FC",2021,33,2021-08-17,"L","Tarsalis","culex",8
"FC049|Pipiens|2021|34","FC-049","SW","FC",2021,34,2021-08-24,"L","Pipiens","culex",4
"FC049|Tarsalis|2021|34","FC-049","SW","FC",2021,34,2021-08-24,"L","Tarsalis","culex",3
"FC049|Pipiens|2021|35","FC-049","SW","FC",2021,35,2021-08-31,"L","Pipiens","culex",4
"FC049|Tarsalis|2021|35","FC-049","SW","FC",2021,35,2021-08-31,"L","Tarsalis","culex",5
"FC049|Pipiens|2022|24","FC-049","SW","FC",2022,24,2022-06-14,"L","Pipiens","culex",1
"FC049|Tarsalis|2022|24","FC-049","SW","FC",2022,24,2022-06-14,"L","Tarsalis","culex",7
"FC049|Pipiens|2022|25","FC-049","SW","FC",2022,25,2022-06-21,"L","Pipiens","culex",1
"FC049|Tarsalis|2022|25","FC-049","SW","FC",2022,25,2022-06-21,"L","Tarsalis","culex",0
"FC049|Pipiens|2022|26","FC-049","SW","FC",2022,26,2022-06-28,"L","Pipiens","culex",1
"FC049|Tarsalis|2022|26","FC-049","SW","FC",2022,26,2022-06-28,"L","Tarsalis","culex",4
"FC049|Pipiens|2022|27","FC-049","SW","FC",2022,27,2022-07-06,"L","Pipiens","culex",0
"FC049|Tarsalis|2022|27","FC-049","SW","FC",2022,27,2022-07-06,"L","Tarsalis","culex",11
"FC049|Pipiens|2022|28","FC-049","SW","FC",2022,28,2022-07-12,"L","Pipiens","culex",4
"FC049|Tarsalis|2022|28","FC-049","SW","FC",2022,28,2022-07-12,"L","Tarsalis","culex",51
"FC049|Pipiens|2022|29","FC-049","SW","FC",2022,29,2022-07-19,"L","Pipiens","culex",5
"FC049|Tarsalis|2022|29","FC-049","SW","FC",2022,29,2022-07-19,"L","Tarsalis","culex",76
"FC049|Pipiens|2022|30","FC-049","SW","FC",2022,30,2022-07-26,"L","Pipiens","culex",5
"FC049|Tarsalis|2022|30","FC-049","SW","FC",2022,30,2022-07-26,"L","Tarsalis","culex",26
"FC049|Pipiens|2022|31","FC-049","SW","FC",2022,31,2022-08-02,"L","Pipiens","culex",6
"FC049|Tarsalis|2022|31","FC-049","SW","FC",2022,31,2022-08-02,"L","Tarsalis","culex",38
"FC049|Pipiens|2022|32","FC-049","SW","FC",2022,32,2022-08-09,"L","Pipiens","culex",3
"FC049|Tarsalis|2022|32","FC-049","SW","FC",2022,32,2022-08-09,"L","Tarsalis","culex",73
"FC049|Pipiens|2022|33","FC-049","SW","FC",2022,33,2022-08-16,"L","Pipiens","culex",8
"FC049|Tarsalis|2022|33","FC-049","SW","FC",2022,33,2022-08-16,"L","Tarsalis","culex",30
"FC049|Pipiens|2022|34","FC-049","SW","FC",2022,34,2022-08-23,"L","Pipiens","culex",24
"FC049|Tarsalis|2022|34","FC-049","SW","FC",2022,34,2022-08-23,"L","Tarsalis","culex",52
"FC049|Pipiens|2022|35","FC-049","SW","FC",2022,35,2022-08-31,"L","Pipiens","culex",11
"FC049|Tarsalis|2022|35","FC-049","SW","FC",2022,35,2022-08-31,"L","Tarsalis","culex",10
"FC049|Pipiens|2022|37","FC-049","SW","FC",2022,37,2022-09-13,"L","Pipiens","culex",0
"FC049|Tarsalis|2022|37","FC-049","SW","FC",2022,37,2022-09-13,"L","Tarsalis","culex",2
"FC049|Pipiens|2023|24","FC-049","SW","FC",2023,24,2023-06-13,"L","Pipiens","culex",0
"FC049|Tarsalis|2023|24","FC-049","SW","FC",2023,24,2023-06-13,"L","Tarsalis","culex",1
"FC049|Pipiens|2023|25","FC-049","SW","FC",2023,25,2023-06-20,"L","Pipiens","culex",9
"FC049|Tarsalis|2023|25","FC-049","SW","FC",2023,25,2023-06-20,"L","Tarsalis","culex",6
"FC049|Pipiens|2023|26","FC-049","SW","FC",2023,26,2023-06-27,"L","Pipiens","culex",0
"FC049|Tarsalis|2023|26","FC-049","SW","FC",2023,26,2023-06-27,"L","Tarsalis","culex",67
"FC049|Pipiens|2023|27","FC-049","SW","FC",2023,27,2023-07-05,"L","Pipiens","culex",6
"FC049|Tarsalis|2023|27","FC-049","SW","FC",2023,27,2023-07-05,"L","Tarsalis","culex",13
"FC049|Pipiens|2023|28","FC-049","SW","FC",2023,28,2023-07-11,"L","Pipiens","culex",9
"FC049|Tarsalis|2023|28","FC-049","SW","FC",2023,28,2023-07-11,"L","Tarsalis","culex",175
"FC049|Pipiens|2023|29","FC-049","SW","FC",2023,29,2023-07-18,"L","Pipiens","culex",40
"FC049|Tarsalis|2023|29","FC-049","SW","FC",2023,29,2023-07-18,"L","Tarsalis","culex",339
"FC049|Pipiens|2023|30","FC-049","SW","FC",2023,30,2023-07-25,"L","Pipiens","culex",18
"FC049|Tarsalis|2023|30","FC-049","SW","FC",2023,30,2023-07-25,"L","Tarsalis","culex",79
"FC049|Pipiens|2023|31","FC-049","SW","FC",2023,31,2023-08-01,"L","Pipiens","culex",0
"FC049|Tarsalis|2023|31","FC-049","SW","FC",2023,31,2023-08-01,"L","Tarsalis","culex",12
"FC049|Pipiens|2023|32","FC-049","SW","FC",2023,32,2023-08-07,"L","Pipiens","culex",2
"FC049|Tarsalis|2023|32","FC-049","SW","FC",2023,32,2023-08-07,"L","Tarsalis","culex",2
"FC049|Pipiens|2023|33","FC-049","SW","FC",2023,33,2023-08-15,"L","Pipiens","culex",0
"FC049|Tarsalis|2023|33","FC-049","SW","FC",2023,33,2023-08-15,"L","Tarsalis","culex",4
"FC049|Pipiens|2023|34","FC-049","SW","FC",2023,34,2023-08-22,"L","Pipiens","culex",10
"FC049|Tarsalis|2023|34","FC-049","SW","FC",2023,34,2023-08-22,"L","Tarsalis","culex",18
"FC049|Pipiens|2023|35","FC-049","SW","FC",2023,35,2023-08-29,"L","Pipiens","culex",5
"FC049|Tarsalis|2023|35","FC-049","SW","FC",2023,35,2023-08-29,"L","Tarsalis","culex",4
"FC049|Pipiens|2024|24","FC-049","SW","FC",2024,24,2024-06-11,"L","Pipiens","culex",2
"FC049|Tarsalis|2024|24","FC-049","SW","FC",2024,24,2024-06-11,"L","Tarsalis","culex",1
"FC049|Pipiens|2024|27","FC-049","SW","FC",2024,27,2024-07-02,"L","Pipiens","culex",2
"FC049|Tarsalis|2024|27","FC-049","SW","FC",2024,27,2024-07-02,"L","Tarsalis","culex",0
"FC049|Pipiens|2024|28","FC-049","SW","FC",2024,28,2024-07-10,"L","Pipiens","culex",13
"FC049|Tarsalis|2024|28","FC-049","SW","FC",2024,28,2024-07-10,"L","Tarsalis","culex",13
"FC049|Pipiens|2024|29","FC-049","SW","FC",2024,29,2024-07-17,"L","Pipiens","culex",6
"FC049|Tarsalis|2024|29","FC-049","SW","FC",2024,29,2024-07-17,"L","Tarsalis","culex",0
"FC049|Pipiens|2024|30","FC-049","SW","FC",2024,30,2024-07-24,"L","Pipiens","culex",25
"FC049|Tarsalis|2024|30","FC-049","SW","FC",2024,30,2024-07-24,"L","Tarsalis","culex",7
"FC049|Pipiens|2024|31","FC-049","SW","FC",2024,31,2024-07-31,"L","Pipiens","culex",7
"FC049|Tarsalis|2024|31","FC-049","SW","FC",2024,31,2024-07-31,"L","Tarsalis","culex",11
"FC049|Pipiens|2024|33","FC-049","SW","FC",2024,33,2024-08-14,"L","Pipiens","culex",3
"FC049|Tarsalis|2024|33","FC-049","SW","FC",2024,33,2024-08-14,"L","Tarsalis","culex",5
"FC049|Pipiens|2024|35","FC-049","SW","FC",2024,35,2024-08-28,"L","Pipiens","culex",14
"FC049|Tarsalis|2024|35","FC-049","SW","FC",2024,35,2024-08-28,"L","Tarsalis","culex",4
"FC049|Pipiens|2024|36","FC-049","SW","FC",2024,36,2024-09-04,"L","Pipiens","culex",5
"FC049|Tarsalis|2024|36","FC-049","SW","FC",2024,36,2024-09-04,"L","Tarsalis","culex",1
"FC049|Pipiens|2024|37","FC-049","SW","FC",2024,37,2024-09-11,"L","Pipiens","culex",4
"FC049|Tarsalis|2024|37","FC-049","SW","FC",2024,37,2024-09-11,"L","Tarsalis","culex",1
"FC049|Pipiens|2025|25","FC-049","SW","FC",2025,25,2025-06-18,"L","Pipiens","culex",2
"FC049|Tarsalis|2025|25","FC-049","SW","FC",2025,25,2025-06-18,"L","Tarsalis","culex",2
"FC049|Pipiens|2025|26","FC-049","SW","FC",2025,26,2025-06-25,"L","Pipiens","culex",5
"FC049|Tarsalis|2025|26","FC-049","SW","FC",2025,26,2025-06-25,"L","Tarsalis","culex",5
"FC049|Pipiens|2025|27","FC-049","SW","FC",2025,27,2025-07-02,"L","Pipiens","culex",12
"FC049|Tarsalis|2025|27","FC-049","SW","FC",2025,27,2025-07-02,"L","Tarsalis","culex",34
"FC049|Pipiens|2025|28","FC-049","SW","FC",2025,28,2025-07-09,"L","Pipiens","culex",8
"FC049|Tarsalis|2025|28","FC-049","SW","FC",2025,28,2025-07-09,"L","Tarsalis","culex",56
"FC049|Pipiens|2025|29","FC-049","SW","FC",2025,29,2025-07-16,"L","Pipiens","culex",2
"FC049|Tarsalis|2025|29","FC-049","SW","FC",2025,29,2025-07-16,"L","Tarsalis","culex",30
"FC049|Pipiens|2025|30","FC-049","SW","FC",2025,30,2025-07-23,"L","Pipiens","culex",2
"FC049|Tarsalis|2025|30","FC-049","SW","FC",2025,30,2025-07-23,"L","Tarsalis","culex",9
"FC049|Pipiens|2025|31","FC-049","SW","FC",2025,31,2025-07-30,"L","Pipiens","culex",13
"FC049|Tarsalis|2025|31","FC-049","SW","FC",2025,31,2025-07-30,"L","Tarsalis","culex",16
"FC049|Pipiens|2025|32","FC-049","SW","FC",2025,32,2025-08-06,"L","Pipiens","culex",50
"FC049|Tarsalis|2025|32","FC-049","SW","FC",2025,32,2025-08-06,"L","Tarsalis","culex",47
"FC049|Pipiens|2025|33","FC-049","SW","FC",2025,33,2025-08-13,"L","Pipiens","culex",47
"FC049|Tarsalis|2025|33","FC-049","SW","FC",2025,33,2025-08-13,"L","Tarsalis","culex",20
"FC049|Pipiens|2025|34","FC-049","SW","FC",2025,34,2025-08-20,"L","Pipiens","culex",4
"FC049|Tarsalis|2025|34","FC-049","SW","FC",2025,34,2025-08-20,"L","Tarsalis","culex",15
"FC049|Pipiens|2025|35","FC-049","SW","FC",2025,35,2025-08-27,"L","Pipiens","culex",2
"FC049|Tarsalis|2025|35","FC-049","SW","FC",2025,35,2025-08-27,"L","Tarsalis","culex",3
"FC049|Pipiens|2025|36","FC-049","SW","FC",2025,36,2025-09-03,"L","Pipiens","culex",2
"FC049|Tarsalis|2025|36","FC-049","SW","FC",2025,36,2025-09-03,"L","Tarsalis","culex",12
"FC050|Pipiens|2020|23","FC-050","SE","FC",2020,23,2020-06-01,"L","Pipiens","culex",0
"FC050|Tarsalis|2020|23","FC-050","SE","FC",2020,23,2020-06-01,"L","Tarsalis","culex",4
"FC050|Pipiens|2020|25","FC-050","SE","FC",2020,25,2020-06-15,"L","Pipiens","culex",1
"FC050|Tarsalis|2020|25","FC-050","SE","FC",2020,25,2020-06-15,"L","Tarsalis","culex",3
"FC050|Pipiens|2020|26","FC-050","SE","FC",2020,26,2020-06-22,"L","Pipiens","culex",9
"FC050|Tarsalis|2020|26","FC-050","SE","FC",2020,26,2020-06-22,"L","Tarsalis","culex",8
"FC050|Pipiens|2020|27","FC-050","SE","FC",2020,27,2020-06-29,"L","Pipiens","culex",4
"FC050|Tarsalis|2020|27","FC-050","SE","FC",2020,27,2020-06-29,"L","Tarsalis","culex",5
"FC050|Pipiens|2020|28","FC-050","SE","FC",2020,28,2020-07-06,"L","Pipiens","culex",9
"FC050|Tarsalis|2020|28","FC-050","SE","FC",2020,28,2020-07-06,"L","Tarsalis","culex",24
"FC050|Pipiens|2020|29","FC-050","SE","FC",2020,29,2020-07-13,"L","Pipiens","culex",4
"FC050|Tarsalis|2020|29","FC-050","SE","FC",2020,29,2020-07-13,"L","Tarsalis","culex",10
"FC050|Pipiens|2020|30","FC-050","SE","FC",2020,30,2020-07-20,"L","Pipiens","culex",18
"FC050|Tarsalis|2020|30","FC-050","SE","FC",2020,30,2020-07-20,"L","Tarsalis","culex",6
"FC050|Pipiens|2020|31","FC-050","SE","FC",2020,31,2020-07-27,"L","Pipiens","culex",43
"FC050|Tarsalis|2020|31","FC-050","SE","FC",2020,31,2020-07-27,"L","Tarsalis","culex",14
"FC050|Pipiens|2020|32","FC-050","SE","FC",2020,32,2020-08-03,"L","Pipiens","culex",50
"FC050|Tarsalis|2020|32","FC-050","SE","FC",2020,32,2020-08-03,"L","Tarsalis","culex",22
"FC050|Pipiens|2020|33","FC-050","SE","FC",2020,33,2020-08-10,"L","Pipiens","culex",114
"FC050|Tarsalis|2020|33","FC-050","SE","FC",2020,33,2020-08-10,"L","Tarsalis","culex",13
"FC050|Pipiens|2020|34","FC-050","SE","FC",2020,34,2020-08-17,"L","Pipiens","culex",94
"FC050|Tarsalis|2020|34","FC-050","SE","FC",2020,34,2020-08-17,"L","Tarsalis","culex",10
"FC050|Pipiens|2020|35","FC-050","SE","FC",2020,35,2020-08-24,"L","Pipiens","culex",98
"FC050|Tarsalis|2020|35","FC-050","SE","FC",2020,35,2020-08-24,"L","Tarsalis","culex",8
"FC050|Pipiens|2020|36","FC-050","SE","FC",2020,36,2020-08-31,"L","Pipiens","culex",15
"FC050|Tarsalis|2020|36","FC-050","SE","FC",2020,36,2020-08-31,"L","Tarsalis","culex",0
"FC050|Pipiens|2021|25","FC-050","SE","FC",2021,25,2021-06-21,"L","Pipiens","culex",6
"FC050|Tarsalis|2021|25","FC-050","SE","FC",2021,25,2021-06-21,"L","Tarsalis","culex",14
"FC050|Pipiens|2021|26","FC-050","SE","FC",2021,26,2021-06-28,"L","Pipiens","culex",2
"FC050|Tarsalis|2021|26","FC-050","SE","FC",2021,26,2021-06-28,"L","Tarsalis","culex",2
"FC050|Pipiens|2021|27","FC-050","SE","FC",2021,27,2021-07-05,"L","Pipiens","culex",13
"FC050|Tarsalis|2021|27","FC-050","SE","FC",2021,27,2021-07-05,"L","Tarsalis","culex",100
"FC050|Pipiens|2021|28","FC-050","SE","FC",2021,28,2021-07-12,"L","Pipiens","culex",33
"FC050|Tarsalis|2021|28","FC-050","SE","FC",2021,28,2021-07-12,"L","Tarsalis","culex",207
"FC050|Pipiens|2021|29","FC-050","SE","FC",2021,29,2021-07-19,"L","Pipiens","culex",25
"FC050|Tarsalis|2021|29","FC-050","SE","FC",2021,29,2021-07-19,"L","Tarsalis","culex",100
"FC050|Pipiens|2021|30","FC-050","SE","FC",2021,30,2021-07-26,"L","Pipiens","culex",42
"FC050|Tarsalis|2021|30","FC-050","SE","FC",2021,30,2021-07-26,"L","Tarsalis","culex",87
"FC050|Pipiens|2021|31","FC-050","SE","FC",2021,31,2021-08-02,"L","Pipiens","culex",0
"FC050|Tarsalis|2021|31","FC-050","SE","FC",2021,31,2021-08-02,"L","Tarsalis","culex",2
"FC050|Pipiens|2021|32","FC-050","SE","FC",2021,32,2021-08-09,"L","Pipiens","culex",36
"FC050|Tarsalis|2021|32","FC-050","SE","FC",2021,32,2021-08-09,"L","Tarsalis","culex",36
"FC050|Pipiens|2021|33","FC-050","SE","FC",2021,33,2021-08-16,"L","Pipiens","culex",10
"FC050|Tarsalis|2021|33","FC-050","SE","FC",2021,33,2021-08-16,"L","Tarsalis","culex",7
"FC050|Pipiens|2021|34","FC-050","SE","FC",2021,34,2021-08-29,"L","Pipiens","culex",138
"FC050|Tarsalis|2021|34","FC-050","SE","FC",2021,34,2021-08-29,"L","Tarsalis","culex",3
"FC050|Pipiens|2021|36","FC-050","SE","FC",2021,36,2021-09-06,"L","Pipiens","culex",272
"FC050|Tarsalis|2021|36","FC-050","SE","FC",2021,36,2021-09-06,"L","Tarsalis","culex",1
"FC050|Pipiens|2022|23","FC-050","SE","FC",2022,23,2022-06-06,"L","Pipiens","culex",1
"FC050|Tarsalis|2022|23","FC-050","SE","FC",2022,23,2022-06-06,"L","Tarsalis","culex",4
"FC050|Pipiens|2022|24","FC-050","SE","FC",2022,24,2022-06-13,"L","Pipiens","culex",0
"FC050|Tarsalis|2022|24","FC-050","SE","FC",2022,24,2022-06-13,"L","Tarsalis","culex",2
"FC050|Pipiens|2022|25","FC-050","SE","FC",2022,25,2022-06-20,"L","Pipiens","culex",0
"FC050|Tarsalis|2022|25","FC-050","SE","FC",2022,25,2022-06-20,"L","Tarsalis","culex",4
"FC050|Pipiens|2022|26","FC-050","SE","FC",2022,26,2022-06-27,"L","Pipiens","culex",0
"FC050|Tarsalis|2022|26","FC-050","SE","FC",2022,26,2022-06-27,"L","Tarsalis","culex",14
"FC050|Pipiens|2022|27","FC-050","SE","FC",2022,27,2022-07-05,"L","Pipiens","culex",7
"FC050|Tarsalis|2022|27","FC-050","SE","FC",2022,27,2022-07-05,"L","Tarsalis","culex",57
"FC050|Pipiens|2022|28","FC-050","SE","FC",2022,28,2022-07-11,"L","Pipiens","culex",7
"FC050|Tarsalis|2022|28","FC-050","SE","FC",2022,28,2022-07-11,"L","Tarsalis","culex",66
"FC050|Pipiens|2022|29","FC-050","SE","FC",2022,29,2022-07-18,"L","Pipiens","culex",3
"FC050|Tarsalis|2022|29","FC-050","SE","FC",2022,29,2022-07-18,"L","Tarsalis","culex",69
"FC050|Pipiens|2022|30","FC-050","SE","FC",2022,30,2022-07-25,"L","Pipiens","culex",17
"FC050|Tarsalis|2022|30","FC-050","SE","FC",2022,30,2022-07-25,"L","Tarsalis","culex",24
"FC050|Pipiens|2022|31","FC-050","SE","FC",2022,31,2022-08-01,"L","Pipiens","culex",59
"FC050|Tarsalis|2022|31","FC-050","SE","FC",2022,31,2022-08-01,"L","Tarsalis","culex",40
"FC050|Pipiens|2022|32","FC-050","SE","FC",2022,32,2022-08-08,"L","Pipiens","culex",9
"FC050|Tarsalis|2022|32","FC-050","SE","FC",2022,32,2022-08-08,"L","Tarsalis","culex",7
"FC050|Pipiens|2022|33","FC-050","SE","FC",2022,33,2022-08-15,"L","Pipiens","culex",184
"FC050|Tarsalis|2022|33","FC-050","SE","FC",2022,33,2022-08-15,"L","Tarsalis","culex",162
"FC050|Pipiens|2022|34","FC-050","SE","FC",2022,34,2022-08-22,"L","Pipiens","culex",24
"FC050|Tarsalis|2022|34","FC-050","SE","FC",2022,34,2022-08-22,"L","Tarsalis","culex",28
"FC050|Pipiens|2022|35","FC-050","SE","FC",2022,35,2022-08-30,"L","Pipiens","culex",88
"FC050|Tarsalis|2022|35","FC-050","SE","FC",2022,35,2022-08-30,"L","Tarsalis","culex",13
"FC050|Pipiens|2022|36","FC-050","SE","FC",2022,36,2022-09-07,"L","Pipiens","culex",49
"FC050|Tarsalis|2022|36","FC-050","SE","FC",2022,36,2022-09-07,"L","Tarsalis","culex",1
"FC050|Pipiens|2022|37","FC-050","SE","FC",2022,37,2022-09-12,"L","Pipiens","culex",93
"FC050|Tarsalis|2022|37","FC-050","SE","FC",2022,37,2022-09-12,"L","Tarsalis","culex",2
"FC050|Pipiens|2023|23","FC-050","SE","FC",2023,23,2023-06-05,"L","Pipiens","culex",0
"FC050|Tarsalis|2023|23","FC-050","SE","FC",2023,23,2023-06-05,"L","Tarsalis","culex",5
"FC050|Pipiens|2023|24","FC-050","SE","FC",2023,24,2023-06-12,"L","Pipiens","culex",2
"FC050|Tarsalis|2023|24","FC-050","SE","FC",2023,24,2023-06-12,"L","Tarsalis","culex",3
"FC050|Pipiens|2023|25","FC-050","SE","FC",2023,25,2023-06-19,"L","Pipiens","culex",1
"FC050|Tarsalis|2023|25","FC-050","SE","FC",2023,25,2023-06-19,"L","Tarsalis","culex",7
"FC050|Pipiens|2023|26","FC-050","SE","FC",2023,26,2023-06-26,"L","Pipiens","culex",0
"FC050|Tarsalis|2023|26","FC-050","SE","FC",2023,26,2023-06-26,"L","Tarsalis","culex",55
"FC050|Pipiens|2023|27","FC-050","SE","FC",2023,27,2023-07-03,"L","Pipiens","culex",15
"FC050|Tarsalis|2023|27","FC-050","SE","FC",2023,27,2023-07-03,"L","Tarsalis","culex",292
"FC050|Pipiens|2023|28","FC-050","SE","FC",2023,28,2023-07-10,"L","Pipiens","culex",0
"FC050|Tarsalis|2023|28","FC-050","SE","FC",2023,28,2023-07-10,"L","Tarsalis","culex",107
"FC050|Pipiens|2023|29","FC-050","SE","FC",2023,29,2023-07-17,"L","Pipiens","culex",0
"FC050|Tarsalis|2023|29","FC-050","SE","FC",2023,29,2023-07-17,"L","Tarsalis","culex",150
"FC050|Pipiens|2023|30","FC-050","SE","FC",2023,30,2023-07-24,"L","Pipiens","culex",1
"FC050|Tarsalis|2023|30","FC-050","SE","FC",2023,30,2023-07-24,"L","Tarsalis","culex",113
"FC050|Pipiens|2023|32","FC-050","SE","FC",2023,32,2023-08-08,"L","Pipiens","culex",3
"FC050|Tarsalis|2023|32","FC-050","SE","FC",2023,32,2023-08-08,"L","Tarsalis","culex",25
"FC050|Pipiens|2023|33","FC-050","SE","FC",2023,33,2023-08-20,"L","Pipiens","culex",2
"FC050|Tarsalis|2023|33","FC-050","SE","FC",2023,33,2023-08-20,"L","Tarsalis","culex",5
"FC050|Pipiens|2023|35","FC-050","SE","FC",2023,35,2023-08-28,"L","Pipiens","culex",4
"FC050|Tarsalis|2023|35","FC-050","SE","FC",2023,35,2023-08-28,"L","Tarsalis","culex",3
"FC050|Pipiens|2023|36","FC-050","SE","FC",2023,36,2023-09-05,"L","Pipiens","culex",4
"FC050|Tarsalis|2023|36","FC-050","SE","FC",2023,36,2023-09-05,"L","Tarsalis","culex",0
"FC050|Pipiens|2023|37","FC-050","SE","FC",2023,37,2023-09-12,"L","Pipiens","culex",12
"FC050|Tarsalis|2023|37","FC-050","SE","FC",2023,37,2023-09-12,"L","Tarsalis","culex",1
"FC050|Pipiens|2024|25","FC-050","SE","FC",2024,25,2024-06-18,"L","Pipiens","culex",0
"FC050|Tarsalis|2024|25","FC-050","SE","FC",2024,25,2024-06-18,"L","Tarsalis","culex",4
"FC050|Pipiens|2024|26","FC-050","SE","FC",2024,26,2024-06-25,"L","Pipiens","culex",3
"FC050|Tarsalis|2024|26","FC-050","SE","FC",2024,26,2024-06-25,"L","Tarsalis","culex",2
"FC050|Pipiens|2024|27","FC-050","SE","FC",2024,27,2024-07-02,"L","Pipiens","culex",0
"FC050|Tarsalis|2024|27","FC-050","SE","FC",2024,27,2024-07-02,"L","Tarsalis","culex",3
"FC050|Pipiens|2024|28","FC-050","SE","FC",2024,28,2024-07-09,"L","Pipiens","culex",6
"FC050|Tarsalis|2024|28","FC-050","SE","FC",2024,28,2024-07-09,"L","Tarsalis","culex",3
"FC050|Pipiens|2024|29","FC-050","SE","FC",2024,29,2024-07-16,"L","Pipiens","culex",4
"FC050|Tarsalis|2024|29","FC-050","SE","FC",2024,29,2024-07-16,"L","Tarsalis","culex",4
"FC050|Pipiens|2024|30","FC-050","SE","FC",2024,30,2024-07-23,"L","Pipiens","culex",10
"FC050|Tarsalis|2024|30","FC-050","SE","FC",2024,30,2024-07-23,"L","Tarsalis","culex",8
"FC050|Pipiens|2024|31","FC-050","SE","FC",2024,31,2024-07-30,"L","Pipiens","culex",19
"FC050|Tarsalis|2024|31","FC-050","SE","FC",2024,31,2024-07-30,"L","Tarsalis","culex",10
"FC050|Pipiens|2024|32","FC-050","SE","FC",2024,32,2024-08-06,"L","Pipiens","culex",11
"FC050|Tarsalis|2024|32","FC-050","SE","FC",2024,32,2024-08-06,"L","Tarsalis","culex",7
"FC050|Pipiens|2024|33","FC-050","SE","FC",2024,33,2024-08-13,"L","Pipiens","culex",5
"FC050|Tarsalis|2024|33","FC-050","SE","FC",2024,33,2024-08-13,"L","Tarsalis","culex",2
"FC050|Pipiens|2024|34","FC-050","SE","FC",2024,34,2024-08-20,"L","Pipiens","culex",1
"FC050|Tarsalis|2024|34","FC-050","SE","FC",2024,34,2024-08-20,"L","Tarsalis","culex",2
"FC050|Pipiens|2024|35","FC-050","SE","FC",2024,35,2024-08-27,"L","Pipiens","culex",3
"FC050|Tarsalis|2024|35","FC-050","SE","FC",2024,35,2024-08-27,"L","Tarsalis","culex",3
"FC050|Pipiens|2024|36","FC-050","SE","FC",2024,36,2024-09-05,"L","Pipiens","culex",2
"FC050|Tarsalis|2024|36","FC-050","SE","FC",2024,36,2024-09-05,"L","Tarsalis","culex",0
"FC050|Pipiens|2024|37","FC-050","SE","FC",2024,37,2024-09-10,"L","Pipiens","culex",0
"FC050|Tarsalis|2024|37","FC-050","SE","FC",2024,37,2024-09-10,"L","Tarsalis","culex",1
"FC050|Pipiens|2025|25","FC-050","SE","FC",2025,25,2025-06-17,"L","Pipiens","culex",0
"FC050|Tarsalis|2025|25","FC-050","SE","FC",2025,25,2025-06-17,"L","Tarsalis","culex",2
"FC050|Pipiens|2025|26","FC-050","SE","FC",2025,26,2025-06-24,"L","Pipiens","culex",1
"FC050|Tarsalis|2025|26","FC-050","SE","FC",2025,26,2025-06-24,"L","Tarsalis","culex",6
"FC050|Pipiens|2025|27","FC-050","SE","FC",2025,27,2025-07-01,"L","Pipiens","culex",3
"FC050|Tarsalis|2025|27","FC-050","SE","FC",2025,27,2025-07-01,"L","Tarsalis","culex",22
"FC050|Pipiens|2025|29","FC-050","SE","FC",2025,29,2025-07-15,"L","Pipiens","culex",10
"FC050|Tarsalis|2025|29","FC-050","SE","FC",2025,29,2025-07-15,"L","Tarsalis","culex",50
"FC050|Pipiens|2025|30","FC-050","SE","FC",2025,30,2025-07-22,"L","Pipiens","culex",4
"FC050|Tarsalis|2025|30","FC-050","SE","FC",2025,30,2025-07-22,"L","Tarsalis","culex",5
"FC050|Pipiens|2025|31","FC-050","SE","FC",2025,31,2025-07-29,"L","Pipiens","culex",7
"FC050|Tarsalis|2025|31","FC-050","SE","FC",2025,31,2025-07-29,"L","Tarsalis","culex",15
"FC050|Pipiens|2025|32","FC-050","SE","FC",2025,32,2025-08-05,"L","Pipiens","culex",10
"FC050|Tarsalis|2025|32","FC-050","SE","FC",2025,32,2025-08-05,"L","Tarsalis","culex",10
"FC050|Pipiens|2025|33","FC-050","SE","FC",2025,33,2025-08-12,"L","Pipiens","culex",6
"FC050|Tarsalis|2025|33","FC-050","SE","FC",2025,33,2025-08-12,"L","Tarsalis","culex",4
"FC050|Pipiens|2025|34","FC-050","SE","FC",2025,34,2025-08-19,"L","Pipiens","culex",7
"FC050|Tarsalis|2025|34","FC-050","SE","FC",2025,34,2025-08-19,"L","Tarsalis","culex",6
"FC050|Pipiens|2025|35","FC-050","SE","FC",2025,35,2025-08-26,"L","Pipiens","culex",2
"FC050|Tarsalis|2025|35","FC-050","SE","FC",2025,35,2025-08-26,"L","Tarsalis","culex",0
"FC050|Pipiens|2025|36","FC-050","SE","FC",2025,36,2025-09-04,"L","Pipiens","culex",5
"FC050|Tarsalis|2025|36","FC-050","SE","FC",2025,36,2025-09-04,"L","Tarsalis","culex",4
"FC052|Pipiens|2020|23","FC-052","NW","FC",2020,23,2020-06-02,"L","Pipiens","culex",1
"FC052|Tarsalis|2020|23","FC-052","NW","FC",2020,23,2020-06-02,"L","Tarsalis","culex",0
"FC052|Pipiens|2020|24","FC-052","NW","FC",2020,24,2020-06-09,"L","Pipiens","culex",2
"FC052|Tarsalis|2020|24","FC-052","NW","FC",2020,24,2020-06-09,"L","Tarsalis","culex",0
"FC052|Pipiens|2020|25","FC-052","NW","FC",2020,25,2020-06-16,"L","Pipiens","culex",0
"FC052|Tarsalis|2020|25","FC-052","NW","FC",2020,25,2020-06-16,"L","Tarsalis","culex",1
"FC052|Pipiens|2020|26","FC-052","NW","FC",2020,26,2020-06-23,"L","Pipiens","culex",0
"FC052|Tarsalis|2020|26","FC-052","NW","FC",2020,26,2020-06-23,"L","Tarsalis","culex",3
"FC052|Pipiens|2020|28","FC-052","NW","FC",2020,28,2020-07-07,"L","Pipiens","culex",2
"FC052|Tarsalis|2020|28","FC-052","NW","FC",2020,28,2020-07-07,"L","Tarsalis","culex",0
"FC052|Pipiens|2020|29","FC-052","NW","FC",2020,29,2020-07-14,"L","Pipiens","culex",0
"FC052|Tarsalis|2020|29","FC-052","NW","FC",2020,29,2020-07-14,"L","Tarsalis","culex",4
"FC052|Pipiens|2020|30","FC-052","NW","FC",2020,30,2020-07-21,"L","Pipiens","culex",0
"FC052|Tarsalis|2020|30","FC-052","NW","FC",2020,30,2020-07-21,"L","Tarsalis","culex",2
"FC052|Pipiens|2020|31","FC-052","NW","FC",2020,31,2020-07-28,"L","Pipiens","culex",0
"FC052|Tarsalis|2020|31","FC-052","NW","FC",2020,31,2020-07-28,"L","Tarsalis","culex",1
"FC052|Pipiens|2020|32","FC-052","NW","FC",2020,32,2020-08-04,"L","Pipiens","culex",0
"FC052|Tarsalis|2020|32","FC-052","NW","FC",2020,32,2020-08-04,"L","Tarsalis","culex",8
"FC052|Pipiens|2020|33","FC-052","NW","FC",2020,33,2020-08-11,"L","Pipiens","culex",6
"FC052|Tarsalis|2020|33","FC-052","NW","FC",2020,33,2020-08-11,"L","Tarsalis","culex",7
"FC052|Pipiens|2020|34","FC-052","NW","FC",2020,34,2020-08-18,"L","Pipiens","culex",2
"FC052|Tarsalis|2020|34","FC-052","NW","FC",2020,34,2020-08-18,"L","Tarsalis","culex",3
"FC052|Pipiens|2020|35","FC-052","NW","FC",2020,35,2020-08-25,"L","Pipiens","culex",1
"FC052|Tarsalis|2020|35","FC-052","NW","FC",2020,35,2020-08-25,"L","Tarsalis","culex",2
"FC052|Pipiens|2020|36","FC-052","NW","FC",2020,36,2020-09-01,"L","Pipiens","culex",2
"FC052|Tarsalis|2020|36","FC-052","NW","FC",2020,36,2020-09-01,"L","Tarsalis","culex",0
"FC052|Pipiens|2021|25","FC-052","NW","FC",2021,25,2021-06-22,"L","Pipiens","culex",0
"FC052|Tarsalis|2021|25","FC-052","NW","FC",2021,25,2021-06-22,"L","Tarsalis","culex",2
"FC052|Pipiens|2021|26","FC-052","NW","FC",2021,26,2021-06-29,"L","Pipiens","culex",1
"FC052|Tarsalis|2021|26","FC-052","NW","FC",2021,26,2021-06-29,"L","Tarsalis","culex",2
"FC052|Pipiens|2021|27","FC-052","NW","FC",2021,27,2021-07-06,"L","Pipiens","culex",5
"FC052|Tarsalis|2021|27","FC-052","NW","FC",2021,27,2021-07-06,"L","Tarsalis","culex",9
"FC052|Pipiens|2021|28","FC-052","NW","FC",2021,28,2021-07-13,"L","Pipiens","culex",4
"FC052|Tarsalis|2021|28","FC-052","NW","FC",2021,28,2021-07-13,"L","Tarsalis","culex",81
"FC052|Pipiens|2021|29","FC-052","NW","FC",2021,29,2021-07-20,"L","Pipiens","culex",0
"FC052|Tarsalis|2021|29","FC-052","NW","FC",2021,29,2021-07-20,"L","Tarsalis","culex",12
"FC052|Pipiens|2021|30","FC-052","NW","FC",2021,30,2021-07-27,"L","Pipiens","culex",6
"FC052|Tarsalis|2021|30","FC-052","NW","FC",2021,30,2021-07-27,"L","Tarsalis","culex",39
"FC052|Pipiens|2021|31","FC-052","NW","FC",2021,31,2021-08-03,"L","Pipiens","culex",2
"FC052|Tarsalis|2021|31","FC-052","NW","FC",2021,31,2021-08-03,"L","Tarsalis","culex",3
"FC052|Pipiens|2021|32","FC-052","NW","FC",2021,32,2021-08-10,"L","Pipiens","culex",0
"FC052|Tarsalis|2021|32","FC-052","NW","FC",2021,32,2021-08-10,"L","Tarsalis","culex",3
"FC052|Pipiens|2021|33","FC-052","NW","FC",2021,33,2021-08-17,"L","Pipiens","culex",2
"FC052|Tarsalis|2021|33","FC-052","NW","FC",2021,33,2021-08-17,"L","Tarsalis","culex",4
"FC052|Pipiens|2021|34","FC-052","NW","FC",2021,34,2021-08-24,"L","Pipiens","culex",0
"FC052|Tarsalis|2021|34","FC-052","NW","FC",2021,34,2021-08-24,"L","Tarsalis","culex",3
"FC052|Pipiens|2021|35","FC-052","NW","FC",2021,35,2021-08-31,"L","Pipiens","culex",0
"FC052|Tarsalis|2021|35","FC-052","NW","FC",2021,35,2021-08-31,"L","Tarsalis","culex",1
"FC052|Pipiens|2022|24","FC-052","NW","FC",2022,24,2022-06-14,"L","Pipiens","culex",1
"FC052|Tarsalis|2022|24","FC-052","NW","FC",2022,24,2022-06-14,"L","Tarsalis","culex",38
"FC052|Pipiens|2022|26","FC-052","NW","FC",2022,26,2022-06-28,"L","Pipiens","culex",2
"FC052|Tarsalis|2022|26","FC-052","NW","FC",2022,26,2022-06-28,"L","Tarsalis","culex",3
"FC052|Pipiens|2022|27","FC-052","NW","FC",2022,27,2022-07-06,"L","Pipiens","culex",9
"FC052|Tarsalis|2022|27","FC-052","NW","FC",2022,27,2022-07-06,"L","Tarsalis","culex",7
"FC052|Pipiens|2022|28","FC-052","NW","FC",2022,28,2022-07-12,"L","Pipiens","culex",2
"FC052|Tarsalis|2022|28","FC-052","NW","FC",2022,28,2022-07-12,"L","Tarsalis","culex",31
"FC052|Pipiens|2022|29","FC-052","NW","FC",2022,29,2022-07-19,"L","Pipiens","culex",0
"FC052|Tarsalis|2022|29","FC-052","NW","FC",2022,29,2022-07-19,"L","Tarsalis","culex",20
"FC052|Pipiens|2022|30","FC-052","NW","FC",2022,30,2022-07-26,"L","Pipiens","culex",6
"FC052|Tarsalis|2022|30","FC-052","NW","FC",2022,30,2022-07-26,"L","Tarsalis","culex",4
"FC052|Pipiens|2022|31","FC-052","NW","FC",2022,31,2022-08-02,"L","Pipiens","culex",2
"FC052|Tarsalis|2022|31","FC-052","NW","FC",2022,31,2022-08-02,"L","Tarsalis","culex",7
"FC052|Pipiens|2022|32","FC-052","NW","FC",2022,32,2022-08-09,"L","Pipiens","culex",1
"FC052|Tarsalis|2022|32","FC-052","NW","FC",2022,32,2022-08-09,"L","Tarsalis","culex",9
"FC052|Pipiens|2022|33","FC-052","NW","FC",2022,33,2022-08-16,"L","Pipiens","culex",2
"FC052|Tarsalis|2022|33","FC-052","NW","FC",2022,33,2022-08-16,"L","Tarsalis","culex",2
"FC052|Pipiens|2022|34","FC-052","NW","FC",2022,34,2022-08-23,"L","Pipiens","culex",1
"FC052|Tarsalis|2022|34","FC-052","NW","FC",2022,34,2022-08-23,"L","Tarsalis","culex",12
"FC052|Pipiens|2022|35","FC-052","NW","FC",2022,35,2022-08-31,"L","Pipiens","culex",0
"FC052|Tarsalis|2022|35","FC-052","NW","FC",2022,35,2022-08-31,"L","Tarsalis","culex",3
"FC052|Pipiens|2022|36","FC-052","NW","FC",2022,36,2022-09-06,"L","Pipiens","culex",1
"FC052|Tarsalis|2022|36","FC-052","NW","FC",2022,36,2022-09-06,"L","Tarsalis","culex",4
"FC052|Pipiens|2022|37","FC-052","NW","FC",2022,37,2022-09-13,"L","Pipiens","culex",1
"FC052|Tarsalis|2022|37","FC-052","NW","FC",2022,37,2022-09-13,"L","Tarsalis","culex",1
"FC052|Pipiens|2023|23","FC-052","NW","FC",2023,23,2023-06-06,"L","Pipiens","culex",1
"FC052|Tarsalis|2023|23","FC-052","NW","FC",2023,23,2023-06-06,"L","Tarsalis","culex",1
"FC052|Pipiens|2023|24","FC-052","NW","FC",2023,24,2023-06-13,"L","Pipiens","culex",1
"FC052|Tarsalis|2023|24","FC-052","NW","FC",2023,24,2023-06-13,"L","Tarsalis","culex",1
"FC052|Pipiens|2023|25","FC-052","NW","FC",2023,25,2023-06-20,"L","Pipiens","culex",1
"FC052|Tarsalis|2023|25","FC-052","NW","FC",2023,25,2023-06-20,"L","Tarsalis","culex",4
"FC052|Pipiens|2023|26","FC-052","NW","FC",2023,26,2023-06-27,"L","Pipiens","culex",1
"FC052|Tarsalis|2023|26","FC-052","NW","FC",2023,26,2023-06-27,"L","Tarsalis","culex",91
"FC052|Pipiens|2023|27","FC-052","NW","FC",2023,27,2023-07-05,"L","Pipiens","culex",0
"FC052|Tarsalis|2023|27","FC-052","NW","FC",2023,27,2023-07-05,"L","Tarsalis","culex",20
"FC052|Pipiens|2023|28","FC-052","NW","FC",2023,28,2023-07-11,"L","Pipiens","culex",2
"FC052|Tarsalis|2023|28","FC-052","NW","FC",2023,28,2023-07-11,"L","Tarsalis","culex",40
"FC052|Pipiens|2023|30","FC-052","NW","FC",2023,30,2023-07-26,"L","Pipiens","culex",0
"FC052|Tarsalis|2023|30","FC-052","NW","FC",2023,30,2023-07-26,"L","Tarsalis","culex",68
"FC052|Pipiens|2023|31","FC-052","NW","FC",2023,31,2023-08-01,"L","Pipiens","culex",4
"FC052|Tarsalis|2023|31","FC-052","NW","FC",2023,31,2023-08-01,"L","Tarsalis","culex",17
"FC052|Pipiens|2023|32","FC-052","NW","FC",2023,32,2023-08-07,"L","Pipiens","culex",1
"FC052|Tarsalis|2023|32","FC-052","NW","FC",2023,32,2023-08-07,"L","Tarsalis","culex",9
"FC052|Pipiens|2023|33","FC-052","NW","FC",2023,33,2023-08-15,"L","Pipiens","culex",0
"FC052|Tarsalis|2023|33","FC-052","NW","FC",2023,33,2023-08-15,"L","Tarsalis","culex",5
"FC052|Pipiens|2023|34","FC-052","NW","FC",2023,34,2023-08-22,"L","Pipiens","culex",1
"FC052|Tarsalis|2023|34","FC-052","NW","FC",2023,34,2023-08-22,"L","Tarsalis","culex",13
"FC052|Pipiens|2023|35","FC-052","NW","FC",2023,35,2023-08-29,"L","Pipiens","culex",1
"FC052|Tarsalis|2023|35","FC-052","NW","FC",2023,35,2023-08-29,"L","Tarsalis","culex",4
"FC052|Pipiens|2024|23","FC-052","NW","FC",2024,23,2024-06-04,"L","Pipiens","culex",2
"FC052|Tarsalis|2024|23","FC-052","NW","FC",2024,23,2024-06-04,"L","Tarsalis","culex",2
"FC052|Pipiens|2024|25","FC-052","NW","FC",2024,25,2024-06-19,"L","Pipiens","culex",1
"FC052|Tarsalis|2024|25","FC-052","NW","FC",2024,25,2024-06-19,"L","Tarsalis","culex",6
"FC052|Pipiens|2024|26","FC-052","NW","FC",2024,26,2024-06-26,"L","Pipiens","culex",1
"FC052|Tarsalis|2024|26","FC-052","NW","FC",2024,26,2024-06-26,"L","Tarsalis","culex",7
"FC052|Pipiens|2024|27","FC-052","NW","FC",2024,27,2024-07-02,"L","Pipiens","culex",1
"FC052|Tarsalis|2024|27","FC-052","NW","FC",2024,27,2024-07-02,"L","Tarsalis","culex",1
"FC052|Pipiens|2024|28","FC-052","NW","FC",2024,28,2024-07-10,"L","Pipiens","culex",4
"FC052|Tarsalis|2024|28","FC-052","NW","FC",2024,28,2024-07-10,"L","Tarsalis","culex",2
"FC052|Pipiens|2024|29","FC-052","NW","FC",2024,29,2024-07-17,"L","Pipiens","culex",2
"FC052|Tarsalis|2024|29","FC-052","NW","FC",2024,29,2024-07-17,"L","Tarsalis","culex",6
"FC052|Pipiens|2024|30","FC-052","NW","FC",2024,30,2024-07-24,"L","Pipiens","culex",2
"FC052|Tarsalis|2024|30","FC-052","NW","FC",2024,30,2024-07-24,"L","Tarsalis","culex",2
"FC052|Pipiens|2024|31","FC-052","NW","FC",2024,31,2024-07-31,"L","Pipiens","culex",1
"FC052|Tarsalis|2024|31","FC-052","NW","FC",2024,31,2024-07-31,"L","Tarsalis","culex",5
"FC052|Pipiens|2024|32","FC-052","NW","FC",2024,32,2024-08-07,"L","Pipiens","culex",0
"FC052|Tarsalis|2024|32","FC-052","NW","FC",2024,32,2024-08-07,"L","Tarsalis","culex",4
"FC052|Pipiens|2024|33","FC-052","NW","FC",2024,33,2024-08-14,"L","Pipiens","culex",0
"FC052|Tarsalis|2024|33","FC-052","NW","FC",2024,33,2024-08-14,"L","Tarsalis","culex",2
"FC052|Pipiens|2024|34","FC-052","NW","FC",2024,34,2024-08-21,"L","Pipiens","culex",5
"FC052|Tarsalis|2024|34","FC-052","NW","FC",2024,34,2024-08-21,"L","Tarsalis","culex",3
"FC052|Pipiens|2024|35","FC-052","NW","FC",2024,35,2024-08-28,"L","Pipiens","culex",0
"FC052|Tarsalis|2024|35","FC-052","NW","FC",2024,35,2024-08-28,"L","Tarsalis","culex",1
"FC052|Pipiens|2024|36","FC-052","NW","FC",2024,36,2024-09-04,"L","Pipiens","culex",1
"FC052|Tarsalis|2024|36","FC-052","NW","FC",2024,36,2024-09-04,"L","Tarsalis","culex",1
"FC052|Pipiens|2024|37","FC-052","NW","FC",2024,37,2024-09-11,"L","Pipiens","culex",3
"FC052|Tarsalis|2024|37","FC-052","NW","FC",2024,37,2024-09-11,"L","Tarsalis","culex",1
"FC052|Pipiens|2025|26","FC-052","NW","FC",2025,26,2025-06-25,"L","Pipiens","culex",0
"FC052|Tarsalis|2025|26","FC-052","NW","FC",2025,26,2025-06-25,"L","Tarsalis","culex",1
"FC052|Pipiens|2025|27","FC-052","NW","FC",2025,27,2025-07-02,"L","Pipiens","culex",1
"FC052|Tarsalis|2025|27","FC-052","NW","FC",2025,27,2025-07-02,"L","Tarsalis","culex",8
"FC052|Pipiens|2025|28","FC-052","NW","FC",2025,28,2025-07-09,"L","Pipiens","culex",0
"FC052|Tarsalis|2025|28","FC-052","NW","FC",2025,28,2025-07-09,"L","Tarsalis","culex",4
"FC052|Pipiens|2025|29","FC-052","NW","FC",2025,29,2025-07-16,"L","Pipiens","culex",0
"FC052|Tarsalis|2025|29","FC-052","NW","FC",2025,29,2025-07-16,"L","Tarsalis","culex",13
"FC052|Pipiens|2025|30","FC-052","NW","FC",2025,30,2025-07-23,"L","Pipiens","culex",0
"FC052|Tarsalis|2025|30","FC-052","NW","FC",2025,30,2025-07-23,"L","Tarsalis","culex",9
"FC052|Pipiens|2025|31","FC-052","NW","FC",2025,31,2025-07-30,"L","Pipiens","culex",2
"FC052|Tarsalis|2025|31","FC-052","NW","FC",2025,31,2025-07-30,"L","Tarsalis","culex",3
"FC052|Pipiens|2025|32","FC-052","NW","FC",2025,32,2025-08-06,"L","Pipiens","culex",8
"FC052|Tarsalis|2025|32","FC-052","NW","FC",2025,32,2025-08-06,"L","Tarsalis","culex",28
"FC052|Pipiens|2025|33","FC-052","NW","FC",2025,33,2025-08-13,"L","Pipiens","culex",2
"FC052|Tarsalis|2025|33","FC-052","NW","FC",2025,33,2025-08-13,"L","Tarsalis","culex",9
"FC052|Pipiens|2025|34","FC-052","NW","FC",2025,34,2025-08-20,"L","Pipiens","culex",2
"FC052|Tarsalis|2025|34","FC-052","NW","FC",2025,34,2025-08-20,"L","Tarsalis","culex",2
"FC052|Pipiens|2025|35","FC-052","NW","FC",2025,35,2025-08-27,"L","Pipiens","culex",2
"FC052|Tarsalis|2025|35","FC-052","NW","FC",2025,35,2025-08-27,"L","Tarsalis","culex",1
"FC052|Pipiens|2025|36","FC-052","NW","FC",2025,36,2025-09-03,"L","Pipiens","culex",0
"FC052|Tarsalis|2025|36","FC-052","NW","FC",2025,36,2025-09-03,"L","Tarsalis","culex",3
"FC053|Pipiens|2020|22","FC-053","SE","FC",2020,22,2020-05-27,"L","Pipiens","culex",0
"FC053|Tarsalis|2020|22","FC-053","SE","FC",2020,22,2020-05-27,"L","Tarsalis","culex",1
"FC053|Pipiens|2020|25","FC-053","SE","FC",2020,25,2020-06-15,"L","Pipiens","culex",0
"FC053|Tarsalis|2020|25","FC-053","SE","FC",2020,25,2020-06-15,"L","Tarsalis","culex",45
"FC053|Pipiens|2020|26","FC-053","SE","FC",2020,26,2020-06-22,"L","Pipiens","culex",0
"FC053|Tarsalis|2020|26","FC-053","SE","FC",2020,26,2020-06-22,"L","Tarsalis","culex",8
"FC053|Pipiens|2020|27","FC-053","SE","FC",2020,27,2020-06-29,"L","Pipiens","culex",0
"FC053|Tarsalis|2020|27","FC-053","SE","FC",2020,27,2020-06-29,"L","Tarsalis","culex",82
"FC053|Pipiens|2020|28","FC-053","SE","FC",2020,28,2020-07-06,"L","Pipiens","culex",0
"FC053|Tarsalis|2020|28","FC-053","SE","FC",2020,28,2020-07-06,"L","Tarsalis","culex",29
"FC053|Pipiens|2020|29","FC-053","SE","FC",2020,29,2020-07-13,"L","Pipiens","culex",0
"FC053|Tarsalis|2020|29","FC-053","SE","FC",2020,29,2020-07-13,"L","Tarsalis","culex",19
"FC053|Pipiens|2020|30","FC-053","SE","FC",2020,30,2020-07-20,"L","Pipiens","culex",0
"FC053|Tarsalis|2020|30","FC-053","SE","FC",2020,30,2020-07-20,"L","Tarsalis","culex",91
"FC053|Pipiens|2020|31","FC-053","SE","FC",2020,31,2020-07-27,"L","Pipiens","culex",0
"FC053|Tarsalis|2020|31","FC-053","SE","FC",2020,31,2020-07-27,"L","Tarsalis","culex",49
"FC053|Pipiens|2020|32","FC-053","SE","FC",2020,32,2020-08-03,"L","Pipiens","culex",2
"FC053|Tarsalis|2020|32","FC-053","SE","FC",2020,32,2020-08-03,"L","Tarsalis","culex",70
"FC053|Pipiens|2020|33","FC-053","SE","FC",2020,33,2020-08-10,"L","Pipiens","culex",0
"FC053|Tarsalis|2020|33","FC-053","SE","FC",2020,33,2020-08-10,"L","Tarsalis","culex",43
"FC053|Pipiens|2020|34","FC-053","SE","FC",2020,34,2020-08-17,"L","Pipiens","culex",0
"FC053|Tarsalis|2020|34","FC-053","SE","FC",2020,34,2020-08-17,"L","Tarsalis","culex",50
"FC053|Pipiens|2020|35","FC-053","SE","FC",2020,35,2020-08-24,"L","Pipiens","culex",0
"FC053|Tarsalis|2020|35","FC-053","SE","FC",2020,35,2020-08-24,"L","Tarsalis","culex",27
"FC053|Pipiens|2021|25","FC-053","SE","FC",2021,25,2021-06-21,"L","Pipiens","culex",0
"FC053|Tarsalis|2021|25","FC-053","SE","FC",2021,25,2021-06-21,"L","Tarsalis","culex",10
"FC053|Pipiens|2021|26","FC-053","SE","FC",2021,26,2021-06-28,"L","Pipiens","culex",1
"FC053|Tarsalis|2021|26","FC-053","SE","FC",2021,26,2021-06-28,"L","Tarsalis","culex",20
"FC053|Pipiens|2021|27","FC-053","SE","FC",2021,27,2021-07-05,"L","Pipiens","culex",1
"FC053|Tarsalis|2021|27","FC-053","SE","FC",2021,27,2021-07-05,"L","Tarsalis","culex",146
"FC053|Pipiens|2021|28","FC-053","SE","FC",2021,28,2021-07-12,"L","Pipiens","culex",2
"FC053|Tarsalis|2021|28","FC-053","SE","FC",2021,28,2021-07-12,"L","Tarsalis","culex",274
"FC053|Pipiens|2021|29","FC-053","SE","FC",2021,29,2021-07-19,"L","Pipiens","culex",3
"FC053|Tarsalis|2021|29","FC-053","SE","FC",2021,29,2021-07-19,"L","Tarsalis","culex",83
"FC053|Pipiens|2021|30","FC-053","SE","FC",2021,30,2021-07-26,"L","Pipiens","culex",1
"FC053|Tarsalis|2021|30","FC-053","SE","FC",2021,30,2021-07-26,"L","Tarsalis","culex",70
"FC053|Pipiens|2021|31","FC-053","SE","FC",2021,31,2021-08-02,"L","Pipiens","culex",0
"FC053|Tarsalis|2021|31","FC-053","SE","FC",2021,31,2021-08-02,"L","Tarsalis","culex",104
"FC053|Pipiens|2021|32","FC-053","SE","FC",2021,32,2021-08-09,"L","Pipiens","culex",0
"FC053|Tarsalis|2021|32","FC-053","SE","FC",2021,32,2021-08-09,"L","Tarsalis","culex",17
"FC053|Pipiens|2021|33","FC-053","SE","FC",2021,33,2021-08-16,"L","Pipiens","culex",0
"FC053|Tarsalis|2021|33","FC-053","SE","FC",2021,33,2021-08-16,"L","Tarsalis","culex",1
"FC053|Pipiens|2021|34","FC-053","SE","FC",2021,34,2021-08-23,"L","Pipiens","culex",0
"FC053|Tarsalis|2021|34","FC-053","SE","FC",2021,34,2021-08-23,"L","Tarsalis","culex",7
"FC053|Pipiens|2022|23","FC-053","SE","FC",2022,23,2022-06-06,"L","Pipiens","culex",1
"FC053|Tarsalis|2022|23","FC-053","SE","FC",2022,23,2022-06-06,"L","Tarsalis","culex",13
"FC053|Pipiens|2022|25","FC-053","SE","FC",2022,25,2022-06-20,"L","Pipiens","culex",0
"FC053|Tarsalis|2022|25","FC-053","SE","FC",2022,25,2022-06-20,"L","Tarsalis","culex",7
"FC053|Pipiens|2022|26","FC-053","SE","FC",2022,26,2022-06-27,"L","Pipiens","culex",1
"FC053|Tarsalis|2022|26","FC-053","SE","FC",2022,26,2022-06-27,"L","Tarsalis","culex",90
"FC053|Pipiens|2022|27","FC-053","SE","FC",2022,27,2022-07-05,"L","Pipiens","culex",0
"FC053|Tarsalis|2022|27","FC-053","SE","FC",2022,27,2022-07-05,"L","Tarsalis","culex",294
"FC053|Pipiens|2022|28","FC-053","SE","FC",2022,28,2022-07-11,"L","Pipiens","culex",1
"FC053|Tarsalis|2022|28","FC-053","SE","FC",2022,28,2022-07-11,"L","Tarsalis","culex",53
"FC053|Pipiens|2022|29","FC-053","SE","FC",2022,29,2022-07-18,"L","Pipiens","culex",1
"FC053|Tarsalis|2022|29","FC-053","SE","FC",2022,29,2022-07-18,"L","Tarsalis","culex",123
"FC053|Pipiens|2022|30","FC-053","SE","FC",2022,30,2022-07-25,"L","Pipiens","culex",0
"FC053|Tarsalis|2022|30","FC-053","SE","FC",2022,30,2022-07-25,"L","Tarsalis","culex",23
"FC053|Pipiens|2022|31","FC-053","SE","FC",2022,31,2022-08-01,"L","Pipiens","culex",2
"FC053|Tarsalis|2022|31","FC-053","SE","FC",2022,31,2022-08-01,"L","Tarsalis","culex",37
"FC053|Pipiens|2022|32","FC-053","SE","FC",2022,32,2022-08-08,"L","Pipiens","culex",0
"FC053|Tarsalis|2022|32","FC-053","SE","FC",2022,32,2022-08-08,"L","Tarsalis","culex",50
"FC053|Pipiens|2022|33","FC-053","SE","FC",2022,33,2022-08-15,"L","Pipiens","culex",17
"FC053|Tarsalis|2022|33","FC-053","SE","FC",2022,33,2022-08-15,"L","Tarsalis","culex",95
"FC053|Pipiens|2022|34","FC-053","SE","FC",2022,34,2022-08-22,"L","Pipiens","culex",5
"FC053|Tarsalis|2022|34","FC-053","SE","FC",2022,34,2022-08-22,"L","Tarsalis","culex",16
"FC053|Pipiens|2022|35","FC-053","SE","FC",2022,35,2022-08-30,"L","Pipiens","culex",6
"FC053|Tarsalis|2022|35","FC-053","SE","FC",2022,35,2022-08-30,"L","Tarsalis","culex",17
"FC053|Pipiens|2022|36","FC-053","SE","FC",2022,36,2022-09-07,"L","Pipiens","culex",7
"FC053|Tarsalis|2022|36","FC-053","SE","FC",2022,36,2022-09-07,"L","Tarsalis","culex",7
"FC053|Pipiens|2022|37","FC-053","SE","FC",2022,37,2022-09-12,"L","Pipiens","culex",3
"FC053|Tarsalis|2022|37","FC-053","SE","FC",2022,37,2022-09-12,"L","Tarsalis","culex",0
"FC053|Pipiens|2023|23","FC-053","SE","FC",2023,23,2023-06-05,"L","Pipiens","culex",0
"FC053|Tarsalis|2023|23","FC-053","SE","FC",2023,23,2023-06-05,"L","Tarsalis","culex",5
"FC053|Pipiens|2023|24","FC-053","SE","FC",2023,24,2023-06-12,"L","Pipiens","culex",0
"FC053|Tarsalis|2023|24","FC-053","SE","FC",2023,24,2023-06-12,"L","Tarsalis","culex",3
"FC053|Pipiens|2023|25","FC-053","SE","FC",2023,25,2023-06-19,"L","Pipiens","culex",1
"FC053|Tarsalis|2023|25","FC-053","SE","FC",2023,25,2023-06-19,"L","Tarsalis","culex",27
"FC053|Pipiens|2023|26","FC-053","SE","FC",2023,26,2023-06-26,"L","Pipiens","culex",0
"FC053|Tarsalis|2023|26","FC-053","SE","FC",2023,26,2023-06-26,"L","Tarsalis","culex",51
"FC053|Pipiens|2023|27","FC-053","SE","FC",2023,27,2023-07-03,"L","Pipiens","culex",3
"FC053|Tarsalis|2023|27","FC-053","SE","FC",2023,27,2023-07-03,"L","Tarsalis","culex",401
"FC053|Pipiens|2023|28","FC-053","SE","FC",2023,28,2023-07-10,"L","Pipiens","culex",2
"FC053|Tarsalis|2023|28","FC-053","SE","FC",2023,28,2023-07-10,"L","Tarsalis","culex",315
"FC053|Pipiens|2023|29","FC-053","SE","FC",2023,29,2023-07-17,"L","Pipiens","culex",2
"FC053|Tarsalis|2023|29","FC-053","SE","FC",2023,29,2023-07-17,"L","Tarsalis","culex",792
"FC053|Pipiens|2023|30","FC-053","SE","FC",2023,30,2023-07-24,"L","Pipiens","culex",1
"FC053|Tarsalis|2023|30","FC-053","SE","FC",2023,30,2023-07-24,"L","Tarsalis","culex",170
"FC053|Pipiens|2023|32","FC-053","SE","FC",2023,32,2023-08-08,"L","Pipiens","culex",5
"FC053|Tarsalis|2023|32","FC-053","SE","FC",2023,32,2023-08-08,"L","Tarsalis","culex",76
"FC053|Pipiens|2023|33","FC-053","SE","FC",2023,33,2023-08-20,"L","Pipiens","culex",0
"FC053|Tarsalis|2023|33","FC-053","SE","FC",2023,33,2023-08-20,"L","Tarsalis","culex",13
"FC053|Pipiens|2023|35","FC-053","SE","FC",2023,35,2023-08-28,"L","Pipiens","culex",1
"FC053|Tarsalis|2023|35","FC-053","SE","FC",2023,35,2023-08-28,"L","Tarsalis","culex",1
"FC053|Pipiens|2023|37","FC-053","SE","FC",2023,37,2023-09-13,"L","Pipiens","culex",4
"FC053|Tarsalis|2023|37","FC-053","SE","FC",2023,37,2023-09-13,"L","Tarsalis","culex",1
"FC053|Pipiens|2024|23","FC-053","SE","FC",2024,23,2024-06-03,"L","Pipiens","culex",0
"FC053|Tarsalis|2024|23","FC-053","SE","FC",2024,23,2024-06-03,"L","Tarsalis","culex",1
"FC053|Pipiens|2024|25","FC-053","SE","FC",2024,25,2024-06-18,"L","Pipiens","culex",0
"FC053|Tarsalis|2024|25","FC-053","SE","FC",2024,25,2024-06-18,"L","Tarsalis","culex",20
"FC053|Pipiens|2024|26","FC-053","SE","FC",2024,26,2024-06-25,"L","Pipiens","culex",0
"FC053|Tarsalis|2024|26","FC-053","SE","FC",2024,26,2024-06-25,"L","Tarsalis","culex",29
"FC053|Pipiens|2024|27","FC-053","SE","FC",2024,27,2024-07-02,"L","Pipiens","culex",0
"FC053|Tarsalis|2024|27","FC-053","SE","FC",2024,27,2024-07-02,"L","Tarsalis","culex",11
"FC053|Pipiens|2024|28","FC-053","SE","FC",2024,28,2024-07-09,"L","Pipiens","culex",0
"FC053|Tarsalis|2024|28","FC-053","SE","FC",2024,28,2024-07-09,"L","Tarsalis","culex",4
"FC053|Pipiens|2024|29","FC-053","SE","FC",2024,29,2024-07-16,"L","Pipiens","culex",0
"FC053|Tarsalis|2024|29","FC-053","SE","FC",2024,29,2024-07-16,"L","Tarsalis","culex",55
"FC053|Pipiens|2024|30","FC-053","SE","FC",2024,30,2024-07-23,"L","Pipiens","culex",0
"FC053|Tarsalis|2024|30","FC-053","SE","FC",2024,30,2024-07-23,"L","Tarsalis","culex",12
"FC053|Pipiens|2024|31","FC-053","SE","FC",2024,31,2024-07-30,"L","Pipiens","culex",1
"FC053|Tarsalis|2024|31","FC-053","SE","FC",2024,31,2024-07-30,"L","Tarsalis","culex",37
"FC053|Pipiens|2024|32","FC-053","SE","FC",2024,32,2024-08-06,"L","Pipiens","culex",2
"FC053|Tarsalis|2024|32","FC-053","SE","FC",2024,32,2024-08-06,"L","Tarsalis","culex",35
"FC053|Pipiens|2024|33","FC-053","SE","FC",2024,33,2024-08-13,"L","Pipiens","culex",6
"FC053|Tarsalis|2024|33","FC-053","SE","FC",2024,33,2024-08-13,"L","Tarsalis","culex",81
"FC053|Pipiens|2024|35","FC-053","SE","FC",2024,35,2024-08-27,"L","Pipiens","culex",1
"FC053|Tarsalis|2024|35","FC-053","SE","FC",2024,35,2024-08-27,"L","Tarsalis","culex",12
"FC053|Pipiens|2024|36","FC-053","SE","FC",2024,36,2024-09-05,"L","Pipiens","culex",3
"FC053|Tarsalis|2024|36","FC-053","SE","FC",2024,36,2024-09-05,"L","Tarsalis","culex",17
"FC053|Pipiens|2024|37","FC-053","SE","FC",2024,37,2024-09-10,"L","Pipiens","culex",6
"FC053|Tarsalis|2024|37","FC-053","SE","FC",2024,37,2024-09-10,"L","Tarsalis","culex",3
"FC053|Pipiens|2025|25","FC-053","SE","FC",2025,25,2025-06-17,"L","Pipiens","culex",1
"FC053|Tarsalis|2025|25","FC-053","SE","FC",2025,25,2025-06-17,"L","Tarsalis","culex",136
"FC053|Pipiens|2025|26","FC-053","SE","FC",2025,26,2025-06-24,"L","Pipiens","culex",0
"FC053|Tarsalis|2025|26","FC-053","SE","FC",2025,26,2025-06-24,"L","Tarsalis","culex",28
"FC053|Pipiens|2025|27","FC-053","SE","FC",2025,27,2025-07-01,"L","Pipiens","culex",0
"FC053|Tarsalis|2025|27","FC-053","SE","FC",2025,27,2025-07-01,"L","Tarsalis","culex",8
"FC053|Pipiens|2025|28","FC-053","SE","FC",2025,28,2025-07-08,"L","Pipiens","culex",0
"FC053|Tarsalis|2025|28","FC-053","SE","FC",2025,28,2025-07-08,"L","Tarsalis","culex",39
"FC053|Pipiens|2025|29","FC-053","SE","FC",2025,29,2025-07-15,"L","Pipiens","culex",0
"FC053|Tarsalis|2025|29","FC-053","SE","FC",2025,29,2025-07-15,"L","Tarsalis","culex",41
"FC053|Pipiens|2025|30","FC-053","SE","FC",2025,30,2025-07-22,"L","Pipiens","culex",0
"FC053|Tarsalis|2025|30","FC-053","SE","FC",2025,30,2025-07-22,"L","Tarsalis","culex",32
"FC053|Pipiens|2025|31","FC-053","SE","FC",2025,31,2025-07-29,"L","Pipiens","culex",3
"FC053|Tarsalis|2025|31","FC-053","SE","FC",2025,31,2025-07-29,"L","Tarsalis","culex",47
"FC053|Pipiens|2025|32","FC-053","SE","FC",2025,32,2025-08-05,"L","Pipiens","culex",0
"FC053|Tarsalis|2025|32","FC-053","SE","FC",2025,32,2025-08-05,"L","Tarsalis","culex",15
"FC053|Pipiens|2025|33","FC-053","SE","FC",2025,33,2025-08-12,"L","Pipiens","culex",0
"FC053|Tarsalis|2025|33","FC-053","SE","FC",2025,33,2025-08-12,"L","Tarsalis","culex",3
"FC053|Pipiens|2025|34","FC-053","SE","FC",2025,34,2025-08-19,"L","Pipiens","culex",1
"FC053|Tarsalis|2025|34","FC-053","SE","FC",2025,34,2025-08-19,"L","Tarsalis","culex",6
"FC053|Pipiens|2025|35","FC-053","SE","FC",2025,35,2025-08-26,"L","Pipiens","culex",0
"FC053|Tarsalis|2025|35","FC-053","SE","FC",2025,35,2025-08-26,"L","Tarsalis","culex",1
"FC053|Pipiens|2025|36","FC-053","SE","FC",2025,36,2025-09-04,"L","Pipiens","culex",1
"FC053|Tarsalis|2025|36","FC-053","SE","FC",2025,36,2025-09-04,"L","Tarsalis","culex",4
"FC054|Pipiens|2020|23","FC-054","SE","FC",2020,23,2020-06-03,"L","Pipiens","culex",0
"FC054|Tarsalis|2020|23","FC-054","SE","FC",2020,23,2020-06-03,"L","Tarsalis","culex",1
"FC054|Pipiens|2020|24","FC-054","SE","FC",2020,24,2020-06-10,"L","Pipiens","culex",0
"FC054|Tarsalis|2020|24","FC-054","SE","FC",2020,24,2020-06-10,"L","Tarsalis","culex",1
"FC054|Pipiens|2020|25","FC-054","SE","FC",2020,25,2020-06-17,"L","Pipiens","culex",0
"FC054|Tarsalis|2020|25","FC-054","SE","FC",2020,25,2020-06-17,"L","Tarsalis","culex",4
"FC054|Pipiens|2020|26","FC-054","SE","FC",2020,26,2020-06-24,"L","Pipiens","culex",0
"FC054|Tarsalis|2020|26","FC-054","SE","FC",2020,26,2020-06-24,"L","Tarsalis","culex",4
"FC054|Pipiens|2020|27","FC-054","SE","FC",2020,27,2020-07-01,"L","Pipiens","culex",3
"FC054|Tarsalis|2020|27","FC-054","SE","FC",2020,27,2020-07-01,"L","Tarsalis","culex",43
"FC054|Pipiens|2020|28","FC-054","SE","FC",2020,28,2020-07-08,"L","Pipiens","culex",4
"FC054|Tarsalis|2020|28","FC-054","SE","FC",2020,28,2020-07-08,"L","Tarsalis","culex",14
"FC054|Pipiens|2020|29","FC-054","SE","FC",2020,29,2020-07-15,"L","Pipiens","culex",1
"FC054|Tarsalis|2020|29","FC-054","SE","FC",2020,29,2020-07-15,"L","Tarsalis","culex",35
"FC054|Pipiens|2020|30","FC-054","SE","FC",2020,30,2020-07-22,"L","Pipiens","culex",0
"FC054|Tarsalis|2020|30","FC-054","SE","FC",2020,30,2020-07-22,"L","Tarsalis","culex",11
"FC054|Pipiens|2020|31","FC-054","SE","FC",2020,31,2020-07-29,"L","Pipiens","culex",10
"FC054|Tarsalis|2020|31","FC-054","SE","FC",2020,31,2020-07-29,"L","Tarsalis","culex",63
"FC054|Pipiens|2020|32","FC-054","SE","FC",2020,32,2020-08-05,"L","Pipiens","culex",4
"FC054|Tarsalis|2020|32","FC-054","SE","FC",2020,32,2020-08-05,"L","Tarsalis","culex",31
"FC054|Pipiens|2020|33","FC-054","SE","FC",2020,33,2020-08-12,"L","Pipiens","culex",1
"FC054|Tarsalis|2020|33","FC-054","SE","FC",2020,33,2020-08-12,"L","Tarsalis","culex",3
"FC054|Pipiens|2020|34","FC-054","SE","FC",2020,34,2020-08-19,"L","Pipiens","culex",15
"FC054|Tarsalis|2020|34","FC-054","SE","FC",2020,34,2020-08-19,"L","Tarsalis","culex",16
"FC054|Pipiens|2020|35","FC-054","SE","FC",2020,35,2020-08-26,"L","Pipiens","culex",2
"FC054|Tarsalis|2020|35","FC-054","SE","FC",2020,35,2020-08-26,"L","Tarsalis","culex",6
"FC054|Pipiens|2020|36","FC-054","SE","FC",2020,36,2020-09-03,"L","Pipiens","culex",0
"FC054|Tarsalis|2020|36","FC-054","SE","FC",2020,36,2020-09-03,"L","Tarsalis","culex",7
"FC054|Pipiens|2021|25","FC-054","SE","FC",2021,25,2021-06-23,"L","Pipiens","culex",3
"FC054|Tarsalis|2021|25","FC-054","SE","FC",2021,25,2021-06-23,"L","Tarsalis","culex",85
"FC054|Pipiens|2021|26","FC-054","SE","FC",2021,26,2021-06-30,"L","Pipiens","culex",3
"FC054|Tarsalis|2021|26","FC-054","SE","FC",2021,26,2021-06-30,"L","Tarsalis","culex",78
"FC054|Pipiens|2021|27","FC-054","SE","FC",2021,27,2021-07-07,"L","Pipiens","culex",1
"FC054|Tarsalis|2021|27","FC-054","SE","FC",2021,27,2021-07-07,"L","Tarsalis","culex",14
"FC054|Pipiens|2021|28","FC-054","SE","FC",2021,28,2021-07-14,"L","Pipiens","culex",1
"FC054|Tarsalis|2021|28","FC-054","SE","FC",2021,28,2021-07-14,"L","Tarsalis","culex",46
"FC054|Pipiens|2021|29","FC-054","SE","FC",2021,29,2021-07-21,"L","Pipiens","culex",23
"FC054|Tarsalis|2021|29","FC-054","SE","FC",2021,29,2021-07-21,"L","Tarsalis","culex",200
"FC054|Pipiens|2021|30","FC-054","SE","FC",2021,30,2021-07-28,"L","Pipiens","culex",64
"FC054|Tarsalis|2021|30","FC-054","SE","FC",2021,30,2021-07-28,"L","Tarsalis","culex",387
"FC054|Pipiens|2021|31","FC-054","SE","FC",2021,31,2021-08-04,"L","Pipiens","culex",5
"FC054|Tarsalis|2021|31","FC-054","SE","FC",2021,31,2021-08-04,"L","Tarsalis","culex",12
"FC054|Pipiens|2021|32","FC-054","SE","FC",2021,32,2021-08-11,"L","Pipiens","culex",5
"FC054|Tarsalis|2021|32","FC-054","SE","FC",2021,32,2021-08-11,"L","Tarsalis","culex",3
"FC054|Pipiens|2021|33","FC-054","SE","FC",2021,33,2021-08-18,"L","Pipiens","culex",12
"FC054|Tarsalis|2021|33","FC-054","SE","FC",2021,33,2021-08-18,"L","Tarsalis","culex",12
"FC054|Pipiens|2021|34","FC-054","SE","FC",2021,34,2021-08-25,"L","Pipiens","culex",1
"FC054|Tarsalis|2021|34","FC-054","SE","FC",2021,34,2021-08-25,"L","Tarsalis","culex",0
"FC054|Pipiens|2021|35","FC-054","SE","FC",2021,35,2021-09-01,"L","Pipiens","culex",2
"FC054|Tarsalis|2021|35","FC-054","SE","FC",2021,35,2021-09-01,"L","Tarsalis","culex",0
"FC054|Pipiens|2022|23","FC-054","SE","FC",2022,23,2022-06-08,"L","Pipiens","culex",0
"FC054|Tarsalis|2022|23","FC-054","SE","FC",2022,23,2022-06-08,"L","Tarsalis","culex",4
"FC054|Pipiens|2022|24","FC-054","SE","FC",2022,24,2022-06-15,"L","Pipiens","culex",0
"FC054|Tarsalis|2022|24","FC-054","SE","FC",2022,24,2022-06-15,"L","Tarsalis","culex",2
"FC054|Pipiens|2022|25","FC-054","SE","FC",2022,25,2022-06-22,"L","Pipiens","culex",0
"FC054|Tarsalis|2022|25","FC-054","SE","FC",2022,25,2022-06-22,"L","Tarsalis","culex",7
"FC054|Pipiens|2022|26","FC-054","SE","FC",2022,26,2022-06-29,"L","Pipiens","culex",0
"FC054|Tarsalis|2022|26","FC-054","SE","FC",2022,26,2022-06-29,"L","Tarsalis","culex",8
"FC054|Pipiens|2022|27","FC-054","SE","FC",2022,27,2022-07-06,"L","Pipiens","culex",2
"FC054|Tarsalis|2022|27","FC-054","SE","FC",2022,27,2022-07-06,"L","Tarsalis","culex",18
"FC054|Pipiens|2022|28","FC-054","SE","FC",2022,28,2022-07-13,"L","Pipiens","culex",0
"FC054|Tarsalis|2022|28","FC-054","SE","FC",2022,28,2022-07-13,"L","Tarsalis","culex",71
"FC054|Pipiens|2022|29","FC-054","SE","FC",2022,29,2022-07-20,"L","Pipiens","culex",1
"FC054|Tarsalis|2022|29","FC-054","SE","FC",2022,29,2022-07-20,"L","Tarsalis","culex",51
"FC054|Pipiens|2022|30","FC-054","SE","FC",2022,30,2022-07-27,"L","Pipiens","culex",3
"FC054|Tarsalis|2022|30","FC-054","SE","FC",2022,30,2022-07-27,"L","Tarsalis","culex",38
"FC054|Pipiens|2022|31","FC-054","SE","FC",2022,31,2022-08-01,"L","Pipiens","culex",0
"FC054|Tarsalis|2022|31","FC-054","SE","FC",2022,31,2022-08-01,"L","Tarsalis","culex",6
"FC054|Pipiens|2022|32","FC-054","SE","FC",2022,32,2022-08-10,"L","Pipiens","culex",8
"FC054|Tarsalis|2022|32","FC-054","SE","FC",2022,32,2022-08-10,"L","Tarsalis","culex",47
"FC054|Pipiens|2022|33","FC-054","SE","FC",2022,33,2022-08-17,"L","Pipiens","culex",11
"FC054|Tarsalis|2022|33","FC-054","SE","FC",2022,33,2022-08-17,"L","Tarsalis","culex",43
"FC054|Pipiens|2022|34","FC-054","SE","FC",2022,34,2022-08-24,"L","Pipiens","culex",10
"FC054|Tarsalis|2022|34","FC-054","SE","FC",2022,34,2022-08-24,"L","Tarsalis","culex",37
"FC054|Pipiens|2022|36","FC-054","SE","FC",2022,36,2022-09-07,"L","Pipiens","culex",3
"FC054|Tarsalis|2022|36","FC-054","SE","FC",2022,36,2022-09-07,"L","Tarsalis","culex",2
"FC054|Pipiens|2022|37","FC-054","SE","FC",2022,37,2022-09-12,"L","Pipiens","culex",1
"FC054|Tarsalis|2022|37","FC-054","SE","FC",2022,37,2022-09-12,"L","Tarsalis","culex",0
"FC054|Pipiens|2023|23","FC-054","SE","FC",2023,23,2023-06-07,"L","Pipiens","culex",1
"FC054|Tarsalis|2023|23","FC-054","SE","FC",2023,23,2023-06-07,"L","Tarsalis","culex",5
"FC054|Pipiens|2023|25","FC-054","SE","FC",2023,25,2023-06-21,"L","Pipiens","culex",1
"FC054|Tarsalis|2023|25","FC-054","SE","FC",2023,25,2023-06-21,"L","Tarsalis","culex",11
"FC054|Pipiens|2023|26","FC-054","SE","FC",2023,26,2023-06-28,"L","Pipiens","culex",15
"FC054|Tarsalis|2023|26","FC-054","SE","FC",2023,26,2023-06-28,"L","Tarsalis","culex",642
"FC054|Pipiens|2023|27","FC-054","SE","FC",2023,27,2023-07-05,"L","Pipiens","culex",12
"FC054|Tarsalis|2023|27","FC-054","SE","FC",2023,27,2023-07-05,"L","Tarsalis","culex",98
"FC054|Pipiens|2023|28","FC-054","SE","FC",2023,28,2023-07-12,"L","Pipiens","culex",23
"FC054|Tarsalis|2023|28","FC-054","SE","FC",2023,28,2023-07-12,"L","Tarsalis","culex",428
"FC054|Pipiens|2023|29","FC-054","SE","FC",2023,29,2023-07-19,"L","Pipiens","culex",3
"FC054|Tarsalis|2023|29","FC-054","SE","FC",2023,29,2023-07-19,"L","Tarsalis","culex",117
"FC054|Pipiens|2023|30","FC-054","SE","FC",2023,30,2023-07-25,"L","Pipiens","culex",11
"FC054|Tarsalis|2023|30","FC-054","SE","FC",2023,30,2023-07-25,"L","Tarsalis","culex",135
"FC054|Pipiens|2023|32","FC-054","SE","FC",2023,32,2023-08-09,"L","Pipiens","culex",6
"FC054|Tarsalis|2023|32","FC-054","SE","FC",2023,32,2023-08-09,"L","Tarsalis","culex",20
"FC054|Pipiens|2023|33","FC-054","SE","FC",2023,33,2023-08-16,"L","Pipiens","culex",0
"FC054|Tarsalis|2023|33","FC-054","SE","FC",2023,33,2023-08-16,"L","Tarsalis","culex",29
"FC054|Pipiens|2023|34","FC-054","SE","FC",2023,34,2023-08-23,"L","Pipiens","culex",9
"FC054|Tarsalis|2023|34","FC-054","SE","FC",2023,34,2023-08-23,"L","Tarsalis","culex",26
"FC054|Pipiens|2023|35","FC-054","SE","FC",2023,35,2023-08-30,"L","Pipiens","culex",0
"FC054|Tarsalis|2023|35","FC-054","SE","FC",2023,35,2023-08-30,"L","Tarsalis","culex",2
"FC054|Pipiens|2023|36","FC-054","SE","FC",2023,36,2023-09-05,"L","Pipiens","culex",12
"FC054|Tarsalis|2023|36","FC-054","SE","FC",2023,36,2023-09-05,"L","Tarsalis","culex",6
"FC054|Pipiens|2024|23","FC-054","SE","FC",2024,23,2024-06-05,"L","Pipiens","culex",0
"FC054|Tarsalis|2024|23","FC-054","SE","FC",2024,23,2024-06-05,"L","Tarsalis","culex",2
"FC054|Pipiens|2024|24","FC-054","SE","FC",2024,24,2024-06-12,"L","Pipiens","culex",0
"FC054|Tarsalis|2024|24","FC-054","SE","FC",2024,24,2024-06-12,"L","Tarsalis","culex",3
"FC054|Pipiens|2024|25","FC-054","SE","FC",2024,25,2024-06-20,"L","Pipiens","culex",0
"FC054|Tarsalis|2024|25","FC-054","SE","FC",2024,25,2024-06-20,"L","Tarsalis","culex",2
"FC054|Pipiens|2024|26","FC-054","SE","FC",2024,26,2024-06-27,"L","Pipiens","culex",0
"FC054|Tarsalis|2024|26","FC-054","SE","FC",2024,26,2024-06-27,"L","Tarsalis","culex",3
"FC054|Pipiens|2024|27","FC-054","SE","FC",2024,27,2024-07-03,"L","Pipiens","culex",0
"FC054|Tarsalis|2024|27","FC-054","SE","FC",2024,27,2024-07-03,"L","Tarsalis","culex",5
"FC054|Pipiens|2024|29","FC-054","SE","FC",2024,29,2024-07-18,"L","Pipiens","culex",0
"FC054|Tarsalis|2024|29","FC-054","SE","FC",2024,29,2024-07-18,"L","Tarsalis","culex",1
"FC054|Pipiens|2024|30","FC-054","SE","FC",2024,30,2024-07-25,"L","Pipiens","culex",0
"FC054|Tarsalis|2024|30","FC-054","SE","FC",2024,30,2024-07-25,"L","Tarsalis","culex",3
"FC054|Pipiens|2024|31","FC-054","SE","FC",2024,31,2024-08-01,"L","Pipiens","culex",1
"FC054|Tarsalis|2024|31","FC-054","SE","FC",2024,31,2024-08-01,"L","Tarsalis","culex",9
"FC054|Pipiens|2024|32","FC-054","SE","FC",2024,32,2024-08-08,"L","Pipiens","culex",0
"FC054|Tarsalis|2024|32","FC-054","SE","FC",2024,32,2024-08-08,"L","Tarsalis","culex",8
"FC054|Pipiens|2024|33","FC-054","SE","FC",2024,33,2024-08-15,"L","Pipiens","culex",1
"FC054|Tarsalis|2024|33","FC-054","SE","FC",2024,33,2024-08-15,"L","Tarsalis","culex",6
"FC054|Pipiens|2024|34","FC-054","SE","FC",2024,34,2024-08-22,"L","Pipiens","culex",0
"FC054|Tarsalis|2024|34","FC-054","SE","FC",2024,34,2024-08-22,"L","Tarsalis","culex",2
"FC054|Pipiens|2024|35","FC-054","SE","FC",2024,35,2024-08-29,"L","Pipiens","culex",0
"FC054|Tarsalis|2024|35","FC-054","SE","FC",2024,35,2024-08-29,"L","Tarsalis","culex",3
"FC054|Pipiens|2025|25","FC-054","SE","FC",2025,25,2025-06-19,"L","Pipiens","culex",1
"FC054|Tarsalis|2025|25","FC-054","SE","FC",2025,25,2025-06-19,"L","Tarsalis","culex",5
"FC054|Pipiens|2025|26","FC-054","SE","FC",2025,26,2025-06-26,"L","Pipiens","culex",2
"FC054|Tarsalis|2025|26","FC-054","SE","FC",2025,26,2025-06-26,"L","Tarsalis","culex",26
"FC054|Pipiens|2025|27","FC-054","SE","FC",2025,27,2025-07-03,"L","Pipiens","culex",0
"FC054|Tarsalis|2025|27","FC-054","SE","FC",2025,27,2025-07-03,"L","Tarsalis","culex",19
"FC054|Pipiens|2025|28","FC-054","SE","FC",2025,28,2025-07-10,"L","Pipiens","culex",0
"FC054|Tarsalis|2025|28","FC-054","SE","FC",2025,28,2025-07-10,"L","Tarsalis","culex",74
"FC054|Pipiens|2025|29","FC-054","SE","FC",2025,29,2025-07-17,"L","Pipiens","culex",0
"FC054|Tarsalis|2025|29","FC-054","SE","FC",2025,29,2025-07-17,"L","Tarsalis","culex",16
"FC054|Pipiens|2025|30","FC-054","SE","FC",2025,30,2025-07-24,"L","Pipiens","culex",0
"FC054|Tarsalis|2025|30","FC-054","SE","FC",2025,30,2025-07-24,"L","Tarsalis","culex",13
"FC054|Pipiens|2025|31","FC-054","SE","FC",2025,31,2025-07-31,"L","Pipiens","culex",12
"FC054|Tarsalis|2025|31","FC-054","SE","FC",2025,31,2025-07-31,"L","Tarsalis","culex",25
"FC054|Pipiens|2025|33","FC-054","SE","FC",2025,33,2025-08-14,"L","Pipiens","culex",7
"FC054|Tarsalis|2025|33","FC-054","SE","FC",2025,33,2025-08-14,"L","Tarsalis","culex",17
"FC054|Pipiens|2025|34","FC-054","SE","FC",2025,34,2025-08-21,"L","Pipiens","culex",2
"FC054|Tarsalis|2025|34","FC-054","SE","FC",2025,34,2025-08-21,"L","Tarsalis","culex",8
"FC054|Pipiens|2025|35","FC-054","SE","FC",2025,35,2025-08-28,"L","Pipiens","culex",0
"FC054|Tarsalis|2025|35","FC-054","SE","FC",2025,35,2025-08-28,"L","Tarsalis","culex",3
"FC054|Pipiens|2025|36","FC-054","SE","FC",2025,36,2025-09-04,"L","Pipiens","culex",1
"FC054|Tarsalis|2025|36","FC-054","SE","FC",2025,36,2025-09-04,"L","Tarsalis","culex",7
"FC057|Pipiens|2020|24","FC-057","SW","FC",2020,24,2020-06-10,"L","Pipiens","culex",0
"FC057|Tarsalis|2020|24","FC-057","SW","FC",2020,24,2020-06-10,"L","Tarsalis","culex",1
"FC057|Pipiens|2020|26","FC-057","SW","FC",2020,26,2020-06-24,"L","Pipiens","culex",0
"FC057|Tarsalis|2020|26","FC-057","SW","FC",2020,26,2020-06-24,"L","Tarsalis","culex",3
"FC057|Pipiens|2020|27","FC-057","SW","FC",2020,27,2020-07-01,"L","Pipiens","culex",0
"FC057|Tarsalis|2020|27","FC-057","SW","FC",2020,27,2020-07-01,"L","Tarsalis","culex",26
"FC057|Pipiens|2020|28","FC-057","SW","FC",2020,28,2020-07-08,"L","Pipiens","culex",0
"FC057|Tarsalis|2020|28","FC-057","SW","FC",2020,28,2020-07-08,"L","Tarsalis","culex",90
"FC057|Pipiens|2020|29","FC-057","SW","FC",2020,29,2020-07-15,"L","Pipiens","culex",0
"FC057|Tarsalis|2020|29","FC-057","SW","FC",2020,29,2020-07-15,"L","Tarsalis","culex",11
"FC057|Pipiens|2020|30","FC-057","SW","FC",2020,30,2020-07-22,"L","Pipiens","culex",0
"FC057|Tarsalis|2020|30","FC-057","SW","FC",2020,30,2020-07-22,"L","Tarsalis","culex",2
"FC057|Pipiens|2020|31","FC-057","SW","FC",2020,31,2020-07-29,"L","Pipiens","culex",0
"FC057|Tarsalis|2020|31","FC-057","SW","FC",2020,31,2020-07-29,"L","Tarsalis","culex",15
"FC057|Pipiens|2020|32","FC-057","SW","FC",2020,32,2020-08-05,"L","Pipiens","culex",0
"FC057|Tarsalis|2020|32","FC-057","SW","FC",2020,32,2020-08-05,"L","Tarsalis","culex",9
"FC057|Pipiens|2020|33","FC-057","SW","FC",2020,33,2020-08-12,"L","Pipiens","culex",0
"FC057|Tarsalis|2020|33","FC-057","SW","FC",2020,33,2020-08-12,"L","Tarsalis","culex",10
"FC057|Pipiens|2020|34","FC-057","SW","FC",2020,34,2020-08-19,"L","Pipiens","culex",0
"FC057|Tarsalis|2020|34","FC-057","SW","FC",2020,34,2020-08-19,"L","Tarsalis","culex",2
"FC057|Pipiens|2020|35","FC-057","SW","FC",2020,35,2020-08-26,"L","Pipiens","culex",0
"FC057|Tarsalis|2020|35","FC-057","SW","FC",2020,35,2020-08-26,"L","Tarsalis","culex",3
"FC057|Pipiens|2021|26","FC-057","SW","FC",2021,26,2021-07-01,"L","Pipiens","culex",1
"FC057|Tarsalis|2021|26","FC-057","SW","FC",2021,26,2021-07-01,"L","Tarsalis","culex",17
"FC057|Pipiens|2021|27","FC-057","SW","FC",2021,27,2021-07-07,"L","Pipiens","culex",3
"FC057|Tarsalis|2021|27","FC-057","SW","FC",2021,27,2021-07-07,"L","Tarsalis","culex",150
"FC057|Pipiens|2021|28","FC-057","SW","FC",2021,28,2021-07-14,"L","Pipiens","culex",0
"FC057|Tarsalis|2021|28","FC-057","SW","FC",2021,28,2021-07-14,"L","Tarsalis","culex",18
"FC057|Pipiens|2021|29","FC-057","SW","FC",2021,29,2021-07-21,"L","Pipiens","culex",1
"FC057|Tarsalis|2021|29","FC-057","SW","FC",2021,29,2021-07-21,"L","Tarsalis","culex",24
"FC057|Pipiens|2021|30","FC-057","SW","FC",2021,30,2021-07-29,"L","Pipiens","culex",0
"FC057|Tarsalis|2021|30","FC-057","SW","FC",2021,30,2021-07-29,"L","Tarsalis","culex",17
"FC057|Pipiens|2021|31","FC-057","SW","FC",2021,31,2021-08-04,"L","Pipiens","culex",0
"FC057|Tarsalis|2021|31","FC-057","SW","FC",2021,31,2021-08-04,"L","Tarsalis","culex",6
"FC057|Pipiens|2021|32","FC-057","SW","FC",2021,32,2021-08-11,"L","Pipiens","culex",3
"FC057|Tarsalis|2021|32","FC-057","SW","FC",2021,32,2021-08-11,"L","Tarsalis","culex",5
"FC057|Pipiens|2021|33","FC-057","SW","FC",2021,33,2021-08-18,"L","Pipiens","culex",1
"FC057|Tarsalis|2021|33","FC-057","SW","FC",2021,33,2021-08-18,"L","Tarsalis","culex",3
"FC057|Pipiens|2021|34","FC-057","SW","FC",2021,34,2021-08-25,"L","Pipiens","culex",4
"FC057|Tarsalis|2021|34","FC-057","SW","FC",2021,34,2021-08-25,"L","Tarsalis","culex",0
"FC057|Pipiens|2021|35","FC-057","SW","FC",2021,35,2021-09-01,"L","Pipiens","culex",1
"FC057|Tarsalis|2021|35","FC-057","SW","FC",2021,35,2021-09-01,"L","Tarsalis","culex",0
"FC057|Pipiens|2022|24","FC-057","SW","FC",2022,24,2022-06-15,"L","Pipiens","culex",0
"FC057|Tarsalis|2022|24","FC-057","SW","FC",2022,24,2022-06-15,"L","Tarsalis","culex",2
"FC057|Pipiens|2022|25","FC-057","SW","FC",2022,25,2022-06-22,"L","Pipiens","culex",0
"FC057|Tarsalis|2022|25","FC-057","SW","FC",2022,25,2022-06-22,"L","Tarsalis","culex",1
"FC057|Pipiens|2022|26","FC-057","SW","FC",2022,26,2022-06-29,"L","Pipiens","culex",0
"FC057|Tarsalis|2022|26","FC-057","SW","FC",2022,26,2022-06-29,"L","Tarsalis","culex",1
"FC057|Pipiens|2022|27","FC-057","SW","FC",2022,27,2022-07-06,"L","Pipiens","culex",0
"FC057|Tarsalis|2022|27","FC-057","SW","FC",2022,27,2022-07-06,"L","Tarsalis","culex",10
"FC057|Pipiens|2022|28","FC-057","SW","FC",2022,28,2022-07-13,"L","Pipiens","culex",0
"FC057|Tarsalis|2022|28","FC-057","SW","FC",2022,28,2022-07-13,"L","Tarsalis","culex",18
"FC057|Pipiens|2022|29","FC-057","SW","FC",2022,29,2022-07-20,"L","Pipiens","culex",0
"FC057|Tarsalis|2022|29","FC-057","SW","FC",2022,29,2022-07-20,"L","Tarsalis","culex",8
"FC057|Pipiens|2022|30","FC-057","SW","FC",2022,30,2022-07-27,"L","Pipiens","culex",1
"FC057|Tarsalis|2022|30","FC-057","SW","FC",2022,30,2022-07-27,"L","Tarsalis","culex",16
"FC057|Pipiens|2022|31","FC-057","SW","FC",2022,31,2022-08-03,"L","Pipiens","culex",2
"FC057|Tarsalis|2022|31","FC-057","SW","FC",2022,31,2022-08-03,"L","Tarsalis","culex",19
"FC057|Pipiens|2022|32","FC-057","SW","FC",2022,32,2022-08-10,"L","Pipiens","culex",2
"FC057|Tarsalis|2022|32","FC-057","SW","FC",2022,32,2022-08-10,"L","Tarsalis","culex",25
"FC057|Pipiens|2022|33","FC-057","SW","FC",2022,33,2022-08-17,"L","Pipiens","culex",12
"FC057|Tarsalis|2022|33","FC-057","SW","FC",2022,33,2022-08-17,"L","Tarsalis","culex",21
"FC057|Pipiens|2022|34","FC-057","SW","FC",2022,34,2022-08-24,"L","Pipiens","culex",4
"FC057|Tarsalis|2022|34","FC-057","SW","FC",2022,34,2022-08-24,"L","Tarsalis","culex",10
"FC057|Pipiens|2022|36","FC-057","SW","FC",2022,36,2022-09-07,"L","Pipiens","culex",1
"FC057|Tarsalis|2022|36","FC-057","SW","FC",2022,36,2022-09-07,"L","Tarsalis","culex",1
"FC057|Pipiens|2022|37","FC-057","SW","FC",2022,37,2022-09-12,"L","Pipiens","culex",0
"FC057|Tarsalis|2022|37","FC-057","SW","FC",2022,37,2022-09-12,"L","Tarsalis","culex",8
"FC057|Pipiens|2023|23","FC-057","SW","FC",2023,23,2023-06-07,"L","Pipiens","culex",1
"FC057|Tarsalis|2023|23","FC-057","SW","FC",2023,23,2023-06-07,"L","Tarsalis","culex",8
"FC057|Pipiens|2023|24","FC-057","SW","FC",2023,24,2023-06-14,"L","Pipiens","culex",0
"FC057|Tarsalis|2023|24","FC-057","SW","FC",2023,24,2023-06-14,"L","Tarsalis","culex",4
"FC057|Pipiens|2023|25","FC-057","SW","FC",2023,25,2023-06-21,"L","Pipiens","culex",1
"FC057|Tarsalis|2023|25","FC-057","SW","FC",2023,25,2023-06-21,"L","Tarsalis","culex",6
"FC057|Pipiens|2023|26","FC-057","SW","FC",2023,26,2023-06-28,"L","Pipiens","culex",0
"FC057|Tarsalis|2023|26","FC-057","SW","FC",2023,26,2023-06-28,"L","Tarsalis","culex",6
"FC057|Pipiens|2023|27","FC-057","SW","FC",2023,27,2023-07-05,"L","Pipiens","culex",7
"FC057|Tarsalis|2023|27","FC-057","SW","FC",2023,27,2023-07-05,"L","Tarsalis","culex",57
"FC057|Pipiens|2023|28","FC-057","SW","FC",2023,28,2023-07-12,"L","Pipiens","culex",4
"FC057|Tarsalis|2023|28","FC-057","SW","FC",2023,28,2023-07-12,"L","Tarsalis","culex",246
"FC057|Pipiens|2023|29","FC-057","SW","FC",2023,29,2023-07-19,"L","Pipiens","culex",16
"FC057|Tarsalis|2023|29","FC-057","SW","FC",2023,29,2023-07-19,"L","Tarsalis","culex",286
"FC057|Pipiens|2023|30","FC-057","SW","FC",2023,30,2023-07-25,"L","Pipiens","culex",0
"FC057|Tarsalis|2023|30","FC-057","SW","FC",2023,30,2023-07-25,"L","Tarsalis","culex",35
"FC057|Pipiens|2023|31","FC-057","SW","FC",2023,31,2023-08-02,"L","Pipiens","culex",4
"FC057|Tarsalis|2023|31","FC-057","SW","FC",2023,31,2023-08-02,"L","Tarsalis","culex",68
"FC057|Pipiens|2023|32","FC-057","SW","FC",2023,32,2023-08-07,"L","Pipiens","culex",6
"FC057|Tarsalis|2023|32","FC-057","SW","FC",2023,32,2023-08-07,"L","Tarsalis","culex",59
"FC057|Pipiens|2023|33","FC-057","SW","FC",2023,33,2023-08-16,"L","Pipiens","culex",4
"FC057|Tarsalis|2023|33","FC-057","SW","FC",2023,33,2023-08-16,"L","Tarsalis","culex",25
"FC057|Pipiens|2023|34","FC-057","SW","FC",2023,34,2023-08-23,"L","Pipiens","culex",0
"FC057|Tarsalis|2023|34","FC-057","SW","FC",2023,34,2023-08-23,"L","Tarsalis","culex",9
"FC057|Pipiens|2023|35","FC-057","SW","FC",2023,35,2023-08-30,"L","Pipiens","culex",0
"FC057|Tarsalis|2023|35","FC-057","SW","FC",2023,35,2023-08-30,"L","Tarsalis","culex",2
"FC057|Pipiens|2023|36","FC-057","SW","FC",2023,36,2023-09-05,"L","Pipiens","culex",1
"FC057|Tarsalis|2023|36","FC-057","SW","FC",2023,36,2023-09-05,"L","Tarsalis","culex",3
"FC057|Pipiens|2023|37","FC-057","SW","FC",2023,37,2023-09-12,"L","Pipiens","culex",1
"FC057|Tarsalis|2023|37","FC-057","SW","FC",2023,37,2023-09-12,"L","Tarsalis","culex",0
"FC057|Pipiens|2024|23","FC-057","SW","FC",2024,23,2024-06-05,"L","Pipiens","culex",0
"FC057|Tarsalis|2024|23","FC-057","SW","FC",2024,23,2024-06-05,"L","Tarsalis","culex",1
"FC057|Pipiens|2024|24","FC-057","SW","FC",2024,24,2024-06-12,"L","Pipiens","culex",0
"FC057|Tarsalis|2024|24","FC-057","SW","FC",2024,24,2024-06-12,"L","Tarsalis","culex",1
"FC057|Pipiens|2024|27","FC-057","SW","FC",2024,27,2024-07-03,"L","Pipiens","culex",0
"FC057|Tarsalis|2024|27","FC-057","SW","FC",2024,27,2024-07-03,"L","Tarsalis","culex",3
"FC057|Pipiens|2024|28","FC-057","SW","FC",2024,28,2024-07-11,"L","Pipiens","culex",1
"FC057|Tarsalis|2024|28","FC-057","SW","FC",2024,28,2024-07-11,"L","Tarsalis","culex",4
"FC057|Pipiens|2024|30","FC-057","SW","FC",2024,30,2024-07-25,"L","Pipiens","culex",0
"FC057|Tarsalis|2024|30","FC-057","SW","FC",2024,30,2024-07-25,"L","Tarsalis","culex",4
"FC057|Pipiens|2024|31","FC-057","SW","FC",2024,31,2024-08-01,"L","Pipiens","culex",0
"FC057|Tarsalis|2024|31","FC-057","SW","FC",2024,31,2024-08-01,"L","Tarsalis","culex",1
"FC057|Pipiens|2024|32","FC-057","SW","FC",2024,32,2024-08-08,"L","Pipiens","culex",2
"FC057|Tarsalis|2024|32","FC-057","SW","FC",2024,32,2024-08-08,"L","Tarsalis","culex",5
"FC057|Pipiens|2024|33","FC-057","SW","FC",2024,33,2024-08-15,"L","Pipiens","culex",1
"FC057|Tarsalis|2024|33","FC-057","SW","FC",2024,33,2024-08-15,"L","Tarsalis","culex",3
"FC057|Pipiens|2024|34","FC-057","SW","FC",2024,34,2024-08-22,"L","Pipiens","culex",0
"FC057|Tarsalis|2024|34","FC-057","SW","FC",2024,34,2024-08-22,"L","Tarsalis","culex",2
"FC057|Pipiens|2024|35","FC-057","SW","FC",2024,35,2024-08-29,"L","Pipiens","culex",1
"FC057|Tarsalis|2024|35","FC-057","SW","FC",2024,35,2024-08-29,"L","Tarsalis","culex",3
"FC057|Pipiens|2024|36","FC-057","SW","FC",2024,36,2024-09-05,"L","Pipiens","culex",1
"FC057|Tarsalis|2024|36","FC-057","SW","FC",2024,36,2024-09-05,"L","Tarsalis","culex",0
"FC057|Pipiens|2025|26","FC-057","SW","FC",2025,26,2025-06-26,"L","Pipiens","culex",0
"FC057|Tarsalis|2025|26","FC-057","SW","FC",2025,26,2025-06-26,"L","Tarsalis","culex",4
"FC057|Pipiens|2025|27","FC-057","SW","FC",2025,27,2025-07-03,"L","Pipiens","culex",0
"FC057|Tarsalis|2025|27","FC-057","SW","FC",2025,27,2025-07-03,"L","Tarsalis","culex",19
"FC057|Pipiens|2025|28","FC-057","SW","FC",2025,28,2025-07-10,"L","Pipiens","culex",0
"FC057|Tarsalis|2025|28","FC-057","SW","FC",2025,28,2025-07-10,"L","Tarsalis","culex",31
"FC057|Pipiens|2025|29","FC-057","SW","FC",2025,29,2025-07-17,"L","Pipiens","culex",0
"FC057|Tarsalis|2025|29","FC-057","SW","FC",2025,29,2025-07-17,"L","Tarsalis","culex",24
"FC057|Pipiens|2025|30","FC-057","SW","FC",2025,30,2025-07-24,"L","Pipiens","culex",0
"FC057|Tarsalis|2025|30","FC-057","SW","FC",2025,30,2025-07-24,"L","Tarsalis","culex",4
"FC057|Pipiens|2025|31","FC-057","SW","FC",2025,31,2025-07-31,"L","Pipiens","culex",1
"FC057|Tarsalis|2025|31","FC-057","SW","FC",2025,31,2025-07-31,"L","Tarsalis","culex",14
"FC057|Pipiens|2025|32","FC-057","SW","FC",2025,32,2025-08-07,"L","Pipiens","culex",0
"FC057|Tarsalis|2025|32","FC-057","SW","FC",2025,32,2025-08-07,"L","Tarsalis","culex",20
"FC057|Pipiens|2025|33","FC-057","SW","FC",2025,33,2025-08-14,"L","Pipiens","culex",0
"FC057|Tarsalis|2025|33","FC-057","SW","FC",2025,33,2025-08-14,"L","Tarsalis","culex",15
"FC057|Pipiens|2025|34","FC-057","SW","FC",2025,34,2025-08-21,"L","Pipiens","culex",0
"FC057|Tarsalis|2025|34","FC-057","SW","FC",2025,34,2025-08-21,"L","Tarsalis","culex",4
"FC057|Pipiens|2025|36","FC-057","SW","FC",2025,36,2025-09-04,"L","Pipiens","culex",1
"FC057|Tarsalis|2025|36","FC-057","SW","FC",2025,36,2025-09-04,"L","Tarsalis","culex",4
"FC058|Pipiens|2020|25","FC-058","SW","FC",2020,25,2020-06-16,"L","Pipiens","culex",3
"FC058|Tarsalis|2020|25","FC-058","SW","FC",2020,25,2020-06-16,"L","Tarsalis","culex",0
"FC058|Pipiens|2020|27","FC-058","SW","FC",2020,27,2020-06-30,"L","Pipiens","culex",1
"FC058|Tarsalis|2020|27","FC-058","SW","FC",2020,27,2020-06-30,"L","Tarsalis","culex",2
"FC058|Pipiens|2020|28","FC-058","SW","FC",2020,28,2020-07-07,"L","Pipiens","culex",0
"FC058|Tarsalis|2020|28","FC-058","SW","FC",2020,28,2020-07-07,"L","Tarsalis","culex",2
"FC058|Pipiens|2020|30","FC-058","SW","FC",2020,30,2020-07-21,"L","Pipiens","culex",0
"FC058|Tarsalis|2020|30","FC-058","SW","FC",2020,30,2020-07-21,"L","Tarsalis","culex",5
"FC058|Pipiens|2020|31","FC-058","SW","FC",2020,31,2020-07-28,"L","Pipiens","culex",0
"FC058|Tarsalis|2020|31","FC-058","SW","FC",2020,31,2020-07-28,"L","Tarsalis","culex",1
"FC058|Pipiens|2020|33","FC-058","SW","FC",2020,33,2020-08-11,"L","Pipiens","culex",2
"FC058|Tarsalis|2020|33","FC-058","SW","FC",2020,33,2020-08-11,"L","Tarsalis","culex",3
"FC058|Pipiens|2020|34","FC-058","SW","FC",2020,34,2020-08-18,"L","Pipiens","culex",3
"FC058|Tarsalis|2020|34","FC-058","SW","FC",2020,34,2020-08-18,"L","Tarsalis","culex",2
"FC058|Pipiens|2020|35","FC-058","SW","FC",2020,35,2020-08-25,"L","Pipiens","culex",2
"FC058|Tarsalis|2020|35","FC-058","SW","FC",2020,35,2020-08-25,"L","Tarsalis","culex",4
"FC058|Pipiens|2020|36","FC-058","SW","FC",2020,36,2020-09-01,"L","Pipiens","culex",0
"FC058|Tarsalis|2020|36","FC-058","SW","FC",2020,36,2020-09-01,"L","Tarsalis","culex",3
"FC058|Pipiens|2021|26","FC-058","SW","FC",2021,26,2021-06-29,"L","Pipiens","culex",3
"FC058|Tarsalis|2021|26","FC-058","SW","FC",2021,26,2021-06-29,"L","Tarsalis","culex",3
"FC058|Pipiens|2021|27","FC-058","SW","FC",2021,27,2021-07-06,"L","Pipiens","culex",4
"FC058|Tarsalis|2021|27","FC-058","SW","FC",2021,27,2021-07-06,"L","Tarsalis","culex",6
"FC058|Pipiens|2021|28","FC-058","SW","FC",2021,28,2021-07-13,"L","Pipiens","culex",0
"FC058|Tarsalis|2021|28","FC-058","SW","FC",2021,28,2021-07-13,"L","Tarsalis","culex",22
"FC058|Pipiens|2021|29","FC-058","SW","FC",2021,29,2021-07-20,"L","Pipiens","culex",0
"FC058|Tarsalis|2021|29","FC-058","SW","FC",2021,29,2021-07-20,"L","Tarsalis","culex",14
"FC058|Pipiens|2021|30","FC-058","SW","FC",2021,30,2021-07-27,"L","Pipiens","culex",0
"FC058|Tarsalis|2021|30","FC-058","SW","FC",2021,30,2021-07-27,"L","Tarsalis","culex",20
"FC058|Pipiens|2021|31","FC-058","SW","FC",2021,31,2021-08-03,"L","Pipiens","culex",6
"FC058|Tarsalis|2021|31","FC-058","SW","FC",2021,31,2021-08-03,"L","Tarsalis","culex",11
"FC058|Pipiens|2021|32","FC-058","SW","FC",2021,32,2021-08-10,"L","Pipiens","culex",4
"FC058|Tarsalis|2021|32","FC-058","SW","FC",2021,32,2021-08-10,"L","Tarsalis","culex",7
"FC058|Pipiens|2021|33","FC-058","SW","FC",2021,33,2021-08-17,"L","Pipiens","culex",0
"FC058|Tarsalis|2021|33","FC-058","SW","FC",2021,33,2021-08-17,"L","Tarsalis","culex",4
"FC058|Pipiens|2021|34","FC-058","SW","FC",2021,34,2021-08-24,"L","Pipiens","culex",7
"FC058|Tarsalis|2021|34","FC-058","SW","FC",2021,34,2021-08-24,"L","Tarsalis","culex",4
"FC058|Pipiens|2021|35","FC-058","SW","FC",2021,35,2021-08-31,"L","Pipiens","culex",2
"FC058|Tarsalis|2021|35","FC-058","SW","FC",2021,35,2021-08-31,"L","Tarsalis","culex",1
"FC058|Pipiens|2021|36","FC-058","SW","FC",2021,36,2021-09-07,"L","Pipiens","culex",0
"FC058|Tarsalis|2021|36","FC-058","SW","FC",2021,36,2021-09-07,"L","Tarsalis","culex",2
"FC058|Pipiens|2022|27","FC-058","SW","FC",2022,27,2022-07-06,"L","Pipiens","culex",1
"FC058|Tarsalis|2022|27","FC-058","SW","FC",2022,27,2022-07-06,"L","Tarsalis","culex",0
"FC058|Pipiens|2022|28","FC-058","SW","FC",2022,28,2022-07-12,"L","Pipiens","culex",1
"FC058|Tarsalis|2022|28","FC-058","SW","FC",2022,28,2022-07-12,"L","Tarsalis","culex",1
"FC058|Pipiens|2022|29","FC-058","SW","FC",2022,29,2022-07-19,"L","Pipiens","culex",1
"FC058|Tarsalis|2022|29","FC-058","SW","FC",2022,29,2022-07-19,"L","Tarsalis","culex",2
"FC058|Pipiens|2022|30","FC-058","SW","FC",2022,30,2022-07-26,"L","Pipiens","culex",0
"FC058|Tarsalis|2022|30","FC-058","SW","FC",2022,30,2022-07-26,"L","Tarsalis","culex",5
"FC058|Pipiens|2022|31","FC-058","SW","FC",2022,31,2022-08-02,"L","Pipiens","culex",0
"FC058|Tarsalis|2022|31","FC-058","SW","FC",2022,31,2022-08-02,"L","Tarsalis","culex",10
"FC058|Pipiens|2022|32","FC-058","SW","FC",2022,32,2022-08-09,"L","Pipiens","culex",0
"FC058|Tarsalis|2022|32","FC-058","SW","FC",2022,32,2022-08-09,"L","Tarsalis","culex",8
"FC058|Pipiens|2022|33","FC-058","SW","FC",2022,33,2022-08-16,"L","Pipiens","culex",0
"FC058|Tarsalis|2022|33","FC-058","SW","FC",2022,33,2022-08-16,"L","Tarsalis","culex",1
"FC058|Pipiens|2022|34","FC-058","SW","FC",2022,34,2022-08-23,"L","Pipiens","culex",3
"FC058|Tarsalis|2022|34","FC-058","SW","FC",2022,34,2022-08-23,"L","Tarsalis","culex",7
"FC058|Pipiens|2022|35","FC-058","SW","FC",2022,35,2022-08-31,"L","Pipiens","culex",0
"FC058|Tarsalis|2022|35","FC-058","SW","FC",2022,35,2022-08-31,"L","Tarsalis","culex",1
"FC058|Pipiens|2022|36","FC-058","SW","FC",2022,36,2022-09-06,"L","Pipiens","culex",2
"FC058|Tarsalis|2022|36","FC-058","SW","FC",2022,36,2022-09-06,"L","Tarsalis","culex",2
"FC058|Pipiens|2023|23","FC-058","SW","FC",2023,23,2023-06-06,"L","Pipiens","culex",0
"FC058|Tarsalis|2023|23","FC-058","SW","FC",2023,23,2023-06-06,"L","Tarsalis","culex",1
"FC058|Pipiens|2023|25","FC-058","SW","FC",2023,25,2023-06-20,"L","Pipiens","culex",0
"FC058|Tarsalis|2023|25","FC-058","SW","FC",2023,25,2023-06-20,"L","Tarsalis","culex",1
"FC058|Pipiens|2023|26","FC-058","SW","FC",2023,26,2023-06-27,"L","Pipiens","culex",0
"FC058|Tarsalis|2023|26","FC-058","SW","FC",2023,26,2023-06-27,"L","Tarsalis","culex",11
"FC058|Pipiens|2023|27","FC-058","SW","FC",2023,27,2023-07-05,"L","Pipiens","culex",0
"FC058|Tarsalis|2023|27","FC-058","SW","FC",2023,27,2023-07-05,"L","Tarsalis","culex",21
"FC058|Pipiens|2023|28","FC-058","SW","FC",2023,28,2023-07-11,"L","Pipiens","culex",1
"FC058|Tarsalis|2023|28","FC-058","SW","FC",2023,28,2023-07-11,"L","Tarsalis","culex",72
"FC058|Pipiens|2023|29","FC-058","SW","FC",2023,29,2023-07-18,"L","Pipiens","culex",12
"FC058|Tarsalis|2023|29","FC-058","SW","FC",2023,29,2023-07-18,"L","Tarsalis","culex",248
"FC058|Pipiens|2023|30","FC-058","SW","FC",2023,30,2023-07-25,"L","Pipiens","culex",6
"FC058|Tarsalis|2023|30","FC-058","SW","FC",2023,30,2023-07-25,"L","Tarsalis","culex",32
"FC058|Pipiens|2023|31","FC-058","SW","FC",2023,31,2023-08-01,"L","Pipiens","culex",10
"FC058|Tarsalis|2023|31","FC-058","SW","FC",2023,31,2023-08-01,"L","Tarsalis","culex",12
"FC058|Pipiens|2023|32","FC-058","SW","FC",2023,32,2023-08-09,"L","Pipiens","culex",3
"FC058|Tarsalis|2023|32","FC-058","SW","FC",2023,32,2023-08-09,"L","Tarsalis","culex",11
"FC058|Pipiens|2023|33","FC-058","SW","FC",2023,33,2023-08-15,"L","Pipiens","culex",0
"FC058|Tarsalis|2023|33","FC-058","SW","FC",2023,33,2023-08-15,"L","Tarsalis","culex",10
"FC058|Pipiens|2023|34","FC-058","SW","FC",2023,34,2023-08-22,"L","Pipiens","culex",3
"FC058|Tarsalis|2023|34","FC-058","SW","FC",2023,34,2023-08-22,"L","Tarsalis","culex",8
"FC058|Pipiens|2023|35","FC-058","SW","FC",2023,35,2023-08-29,"L","Pipiens","culex",3
"FC058|Tarsalis|2023|35","FC-058","SW","FC",2023,35,2023-08-29,"L","Tarsalis","culex",2
"FC058|Pipiens|2024|23","FC-058","SW","FC",2024,23,2024-06-04,"L","Pipiens","culex",1
"FC058|Tarsalis|2024|23","FC-058","SW","FC",2024,23,2024-06-04,"L","Tarsalis","culex",0
"FC058|Pipiens|2024|25","FC-058","SW","FC",2024,25,2024-06-19,"L","Pipiens","culex",0
"FC058|Tarsalis|2024|25","FC-058","SW","FC",2024,25,2024-06-19,"L","Tarsalis","culex",1
"FC058|Pipiens|2024|26","FC-058","SW","FC",2024,26,2024-06-26,"L","Pipiens","culex",1
"FC058|Tarsalis|2024|26","FC-058","SW","FC",2024,26,2024-06-26,"L","Tarsalis","culex",0
"FC058|Pipiens|2024|28","FC-058","SW","FC",2024,28,2024-07-10,"L","Pipiens","culex",2
"FC058|Tarsalis|2024|28","FC-058","SW","FC",2024,28,2024-07-10,"L","Tarsalis","culex",1
"FC058|Pipiens|2024|29","FC-058","SW","FC",2024,29,2024-07-17,"L","Pipiens","culex",0
"FC058|Tarsalis|2024|29","FC-058","SW","FC",2024,29,2024-07-17,"L","Tarsalis","culex",2
"FC058|Pipiens|2024|30","FC-058","SW","FC",2024,30,2024-07-24,"L","Pipiens","culex",8
"FC058|Tarsalis|2024|30","FC-058","SW","FC",2024,30,2024-07-24,"L","Tarsalis","culex",6
"FC058|Pipiens|2024|31","FC-058","SW","FC",2024,31,2024-07-31,"L","Pipiens","culex",0
"FC058|Tarsalis|2024|31","FC-058","SW","FC",2024,31,2024-07-31,"L","Tarsalis","culex",6
"FC058|Pipiens|2024|32","FC-058","SW","FC",2024,32,2024-08-07,"L","Pipiens","culex",1
"FC058|Tarsalis|2024|32","FC-058","SW","FC",2024,32,2024-08-07,"L","Tarsalis","culex",0
"FC058|Pipiens|2024|33","FC-058","SW","FC",2024,33,2024-08-14,"L","Pipiens","culex",2
"FC058|Tarsalis|2024|33","FC-058","SW","FC",2024,33,2024-08-14,"L","Tarsalis","culex",3
"FC058|Pipiens|2024|34","FC-058","SW","FC",2024,34,2024-08-21,"L","Pipiens","culex",4
"FC058|Tarsalis|2024|34","FC-058","SW","FC",2024,34,2024-08-21,"L","Tarsalis","culex",6
"FC058|Pipiens|2024|35","FC-058","SW","FC",2024,35,2024-08-28,"L","Pipiens","culex",1
"FC058|Tarsalis|2024|35","FC-058","SW","FC",2024,35,2024-08-28,"L","Tarsalis","culex",2
"FC058|Pipiens|2024|36","FC-058","SW","FC",2024,36,2024-09-04,"L","Pipiens","culex",2
"FC058|Tarsalis|2024|36","FC-058","SW","FC",2024,36,2024-09-04,"L","Tarsalis","culex",2
"FC058|Pipiens|2025|25","FC-058","SW","FC",2025,25,2025-06-18,"L","Pipiens","culex",2
"FC058|Tarsalis|2025|25","FC-058","SW","FC",2025,25,2025-06-18,"L","Tarsalis","culex",1
"FC058|Pipiens|2025|26","FC-058","SW","FC",2025,26,2025-06-25,"L","Pipiens","culex",0
"FC058|Tarsalis|2025|26","FC-058","SW","FC",2025,26,2025-06-25,"L","Tarsalis","culex",2
"FC058|Pipiens|2025|27","FC-058","SW","FC",2025,27,2025-07-02,"L","Pipiens","culex",10
"FC058|Tarsalis|2025|27","FC-058","SW","FC",2025,27,2025-07-02,"L","Tarsalis","culex",13
"FC058|Pipiens|2025|28","FC-058","SW","FC",2025,28,2025-07-09,"L","Pipiens","culex",3
"FC058|Tarsalis|2025|28","FC-058","SW","FC",2025,28,2025-07-09,"L","Tarsalis","culex",29
"FC058|Pipiens|2025|29","FC-058","SW","FC",2025,29,2025-07-16,"L","Pipiens","culex",3
"FC058|Tarsalis|2025|29","FC-058","SW","FC",2025,29,2025-07-16,"L","Tarsalis","culex",13
"FC058|Pipiens|2025|30","FC-058","SW","FC",2025,30,2025-07-23,"L","Pipiens","culex",2
"FC058|Tarsalis|2025|30","FC-058","SW","FC",2025,30,2025-07-23,"L","Tarsalis","culex",6
"FC058|Pipiens|2025|31","FC-058","SW","FC",2025,31,2025-07-30,"L","Pipiens","culex",6
"FC058|Tarsalis|2025|31","FC-058","SW","FC",2025,31,2025-07-30,"L","Tarsalis","culex",19
"FC058|Pipiens|2025|32","FC-058","SW","FC",2025,32,2025-08-06,"L","Pipiens","culex",6
"FC058|Tarsalis|2025|32","FC-058","SW","FC",2025,32,2025-08-06,"L","Tarsalis","culex",43
"FC058|Pipiens|2025|33","FC-058","SW","FC",2025,33,2025-08-13,"L","Pipiens","culex",5
"FC058|Tarsalis|2025|33","FC-058","SW","FC",2025,33,2025-08-13,"L","Tarsalis","culex",16
"FC058|Pipiens|2025|34","FC-058","SW","FC",2025,34,2025-08-20,"L","Pipiens","culex",2
"FC058|Tarsalis|2025|34","FC-058","SW","FC",2025,34,2025-08-20,"L","Tarsalis","culex",6
"FC058|Pipiens|2025|35","FC-058","SW","FC",2025,35,2025-08-27,"L","Pipiens","culex",1
"FC058|Tarsalis|2025|35","FC-058","SW","FC",2025,35,2025-08-27,"L","Tarsalis","culex",0
"FC058|Pipiens|2025|36","FC-058","SW","FC",2025,36,2025-09-03,"L","Pipiens","culex",0
"FC058|Tarsalis|2025|36","FC-058","SW","FC",2025,36,2025-09-03,"L","Tarsalis","culex",3
"FC059|Pipiens|2020|22","FC-059","SE","FC",2020,22,2020-05-27,"L","Pipiens","culex",0
"FC059|Tarsalis|2020|22","FC-059","SE","FC",2020,22,2020-05-27,"L","Tarsalis","culex",1
"FC059|Pipiens|2020|23","FC-059","SE","FC",2020,23,2020-06-01,"L","Pipiens","culex",0
"FC059|Tarsalis|2020|23","FC-059","SE","FC",2020,23,2020-06-01,"L","Tarsalis","culex",2
"FC059|Pipiens|2020|25","FC-059","SE","FC",2020,25,2020-06-15,"L","Pipiens","culex",2
"FC059|Tarsalis|2020|25","FC-059","SE","FC",2020,25,2020-06-15,"L","Tarsalis","culex",3
"FC059|Pipiens|2020|26","FC-059","SE","FC",2020,26,2020-06-22,"L","Pipiens","culex",3
"FC059|Tarsalis|2020|26","FC-059","SE","FC",2020,26,2020-06-22,"L","Tarsalis","culex",4
"FC059|Pipiens|2020|27","FC-059","SE","FC",2020,27,2020-06-29,"L","Pipiens","culex",4
"FC059|Tarsalis|2020|27","FC-059","SE","FC",2020,27,2020-06-29,"L","Tarsalis","culex",8
"FC059|Pipiens|2020|28","FC-059","SE","FC",2020,28,2020-07-06,"L","Pipiens","culex",2
"FC059|Tarsalis|2020|28","FC-059","SE","FC",2020,28,2020-07-06,"L","Tarsalis","culex",13
"FC059|Pipiens|2020|29","FC-059","SE","FC",2020,29,2020-07-13,"L","Pipiens","culex",5
"FC059|Tarsalis|2020|29","FC-059","SE","FC",2020,29,2020-07-13,"L","Tarsalis","culex",5
"FC059|Pipiens|2020|30","FC-059","SE","FC",2020,30,2020-07-20,"L","Pipiens","culex",4
"FC059|Tarsalis|2020|30","FC-059","SE","FC",2020,30,2020-07-20,"L","Tarsalis","culex",6
"FC059|Pipiens|2020|31","FC-059","SE","FC",2020,31,2020-07-27,"L","Pipiens","culex",25
"FC059|Tarsalis|2020|31","FC-059","SE","FC",2020,31,2020-07-27,"L","Tarsalis","culex",21
"FC059|Pipiens|2020|32","FC-059","SE","FC",2020,32,2020-08-03,"L","Pipiens","culex",66
"FC059|Tarsalis|2020|32","FC-059","SE","FC",2020,32,2020-08-03,"L","Tarsalis","culex",56
"FC059|Pipiens|2020|33","FC-059","SE","FC",2020,33,2020-08-10,"L","Pipiens","culex",14
"FC059|Tarsalis|2020|33","FC-059","SE","FC",2020,33,2020-08-10,"L","Tarsalis","culex",7
"FC059|Pipiens|2020|34","FC-059","SE","FC",2020,34,2020-08-17,"L","Pipiens","culex",36
"FC059|Tarsalis|2020|34","FC-059","SE","FC",2020,34,2020-08-17,"L","Tarsalis","culex",5
"FC059|Pipiens|2020|35","FC-059","SE","FC",2020,35,2020-08-24,"L","Pipiens","culex",28
"FC059|Tarsalis|2020|35","FC-059","SE","FC",2020,35,2020-08-24,"L","Tarsalis","culex",14
"FC059|Pipiens|2021|25","FC-059","SE","FC",2021,25,2021-06-21,"L","Pipiens","culex",1
"FC059|Tarsalis|2021|25","FC-059","SE","FC",2021,25,2021-06-21,"L","Tarsalis","culex",7
"FC059|Pipiens|2021|26","FC-059","SE","FC",2021,26,2021-06-28,"L","Pipiens","culex",1
"FC059|Tarsalis|2021|26","FC-059","SE","FC",2021,26,2021-06-28,"L","Tarsalis","culex",2
"FC059|Pipiens|2021|27","FC-059","SE","FC",2021,27,2021-07-05,"L","Pipiens","culex",1
"FC059|Tarsalis|2021|27","FC-059","SE","FC",2021,27,2021-07-05,"L","Tarsalis","culex",10
"FC059|Pipiens|2021|28","FC-059","SE","FC",2021,28,2021-07-12,"L","Pipiens","culex",0
"FC059|Tarsalis|2021|28","FC-059","SE","FC",2021,28,2021-07-12,"L","Tarsalis","culex",24
"FC059|Pipiens|2021|29","FC-059","SE","FC",2021,29,2021-07-19,"L","Pipiens","culex",12
"FC059|Tarsalis|2021|29","FC-059","SE","FC",2021,29,2021-07-19,"L","Tarsalis","culex",25
"FC059|Pipiens|2021|30","FC-059","SE","FC",2021,30,2021-07-26,"L","Pipiens","culex",11
"FC059|Tarsalis|2021|30","FC-059","SE","FC",2021,30,2021-07-26,"L","Tarsalis","culex",40
"FC059|Pipiens|2021|31","FC-059","SE","FC",2021,31,2021-08-02,"L","Pipiens","culex",12
"FC059|Tarsalis|2021|31","FC-059","SE","FC",2021,31,2021-08-02,"L","Tarsalis","culex",13
"FC059|Pipiens|2021|32","FC-059","SE","FC",2021,32,2021-08-09,"L","Pipiens","culex",9
"FC059|Tarsalis|2021|32","FC-059","SE","FC",2021,32,2021-08-09,"L","Tarsalis","culex",16
"FC059|Pipiens|2021|33","FC-059","SE","FC",2021,33,2021-08-16,"L","Pipiens","culex",2
"FC059|Tarsalis|2021|33","FC-059","SE","FC",2021,33,2021-08-16,"L","Tarsalis","culex",1
"FC059|Pipiens|2021|34","FC-059","SE","FC",2021,34,2021-08-29,"L","Pipiens","culex",17
"FC059|Tarsalis|2021|34","FC-059","SE","FC",2021,34,2021-08-29,"L","Tarsalis","culex",0
"FC059|Pipiens|2021|36","FC-059","SE","FC",2021,36,2021-09-06,"L","Pipiens","culex",29
"FC059|Tarsalis|2021|36","FC-059","SE","FC",2021,36,2021-09-06,"L","Tarsalis","culex",0
"FC059|Pipiens|2022|23","FC-059","SE","FC",2022,23,2022-06-06,"L","Pipiens","culex",0
"FC059|Tarsalis|2022|23","FC-059","SE","FC",2022,23,2022-06-06,"L","Tarsalis","culex",1
"FC059|Pipiens|2022|24","FC-059","SE","FC",2022,24,2022-06-13,"L","Pipiens","culex",2
"FC059|Tarsalis|2022|24","FC-059","SE","FC",2022,24,2022-06-13,"L","Tarsalis","culex",4
"FC059|Pipiens|2022|25","FC-059","SE","FC",2022,25,2022-06-20,"L","Pipiens","culex",1
"FC059|Tarsalis|2022|25","FC-059","SE","FC",2022,25,2022-06-20,"L","Tarsalis","culex",2
"FC059|Pipiens|2022|26","FC-059","SE","FC",2022,26,2022-06-27,"L","Pipiens","culex",1
"FC059|Tarsalis|2022|26","FC-059","SE","FC",2022,26,2022-06-27,"L","Tarsalis","culex",15
"FC059|Pipiens|2022|27","FC-059","SE","FC",2022,27,2022-07-05,"L","Pipiens","culex",6
"FC059|Tarsalis|2022|27","FC-059","SE","FC",2022,27,2022-07-05,"L","Tarsalis","culex",67
"FC059|Pipiens|2022|28","FC-059","SE","FC",2022,28,2022-07-11,"L","Pipiens","culex",22
"FC059|Tarsalis|2022|28","FC-059","SE","FC",2022,28,2022-07-11,"L","Tarsalis","culex",123
"FC059|Pipiens|2022|29","FC-059","SE","FC",2022,29,2022-07-18,"L","Pipiens","culex",11
"FC059|Tarsalis|2022|29","FC-059","SE","FC",2022,29,2022-07-18,"L","Tarsalis","culex",104
"FC059|Pipiens|2022|30","FC-059","SE","FC",2022,30,2022-07-25,"L","Pipiens","culex",28
"FC059|Tarsalis|2022|30","FC-059","SE","FC",2022,30,2022-07-25,"L","Tarsalis","culex",65
"FC059|Pipiens|2022|31","FC-059","SE","FC",2022,31,2022-08-01,"L","Pipiens","culex",50
"FC059|Tarsalis|2022|31","FC-059","SE","FC",2022,31,2022-08-01,"L","Tarsalis","culex",23
"FC059|Pipiens|2022|32","FC-059","SE","FC",2022,32,2022-08-08,"L","Pipiens","culex",79
"FC059|Tarsalis|2022|32","FC-059","SE","FC",2022,32,2022-08-08,"L","Tarsalis","culex",35
"FC059|Pipiens|2022|33","FC-059","SE","FC",2022,33,2022-08-15,"L","Pipiens","culex",36
"FC059|Tarsalis|2022|33","FC-059","SE","FC",2022,33,2022-08-15,"L","Tarsalis","culex",19
"FC059|Pipiens|2022|34","FC-059","SE","FC",2022,34,2022-08-22,"L","Pipiens","culex",72
"FC059|Tarsalis|2022|34","FC-059","SE","FC",2022,34,2022-08-22,"L","Tarsalis","culex",40
"FC059|Pipiens|2022|35","FC-059","SE","FC",2022,35,2022-08-30,"L","Pipiens","culex",55
"FC059|Tarsalis|2022|35","FC-059","SE","FC",2022,35,2022-08-30,"L","Tarsalis","culex",17
"FC059|Pipiens|2022|36","FC-059","SE","FC",2022,36,2022-09-07,"L","Pipiens","culex",19
"FC059|Tarsalis|2022|36","FC-059","SE","FC",2022,36,2022-09-07,"L","Tarsalis","culex",3
"FC059|Pipiens|2022|37","FC-059","SE","FC",2022,37,2022-09-12,"L","Pipiens","culex",80
"FC059|Tarsalis|2022|37","FC-059","SE","FC",2022,37,2022-09-12,"L","Tarsalis","culex",4
"FC059|Pipiens|2023|23","FC-059","SE","FC",2023,23,2023-06-05,"L","Pipiens","culex",1
"FC059|Tarsalis|2023|23","FC-059","SE","FC",2023,23,2023-06-05,"L","Tarsalis","culex",2
"FC059|Pipiens|2023|24","FC-059","SE","FC",2023,24,2023-06-12,"L","Pipiens","culex",1
"FC059|Tarsalis|2023|24","FC-059","SE","FC",2023,24,2023-06-12,"L","Tarsalis","culex",3
"FC059|Pipiens|2023|25","FC-059","SE","FC",2023,25,2023-06-19,"L","Pipiens","culex",2
"FC059|Tarsalis|2023|25","FC-059","SE","FC",2023,25,2023-06-19,"L","Tarsalis","culex",10
"FC059|Pipiens|2023|26","FC-059","SE","FC",2023,26,2023-06-26,"L","Pipiens","culex",4
"FC059|Tarsalis|2023|26","FC-059","SE","FC",2023,26,2023-06-26,"L","Tarsalis","culex",152
"FC059|Pipiens|2023|27","FC-059","SE","FC",2023,27,2023-07-03,"L","Pipiens","culex",1
"FC059|Tarsalis|2023|27","FC-059","SE","FC",2023,27,2023-07-03,"L","Tarsalis","culex",159
"FC059|Pipiens|2023|28","FC-059","SE","FC",2023,28,2023-07-10,"L","Pipiens","culex",5
"FC059|Tarsalis|2023|28","FC-059","SE","FC",2023,28,2023-07-10,"L","Tarsalis","culex",234
"FC059|Pipiens|2023|29","FC-059","SE","FC",2023,29,2023-07-17,"L","Pipiens","culex",0
"FC059|Tarsalis|2023|29","FC-059","SE","FC",2023,29,2023-07-17,"L","Tarsalis","culex",311
"FC059|Pipiens|2023|30","FC-059","SE","FC",2023,30,2023-07-24,"L","Pipiens","culex",7
"FC059|Tarsalis|2023|30","FC-059","SE","FC",2023,30,2023-07-24,"L","Tarsalis","culex",96
"FC059|Pipiens|2023|32","FC-059","SE","FC",2023,32,2023-08-08,"L","Pipiens","culex",9
"FC059|Tarsalis|2023|32","FC-059","SE","FC",2023,32,2023-08-08,"L","Tarsalis","culex",33
"FC059|Pipiens|2023|33","FC-059","SE","FC",2023,33,2023-08-20,"L","Pipiens","culex",0
"FC059|Tarsalis|2023|33","FC-059","SE","FC",2023,33,2023-08-20,"L","Tarsalis","culex",6
"FC059|Pipiens|2023|35","FC-059","SE","FC",2023,35,2023-08-28,"L","Pipiens","culex",5
"FC059|Tarsalis|2023|35","FC-059","SE","FC",2023,35,2023-08-28,"L","Tarsalis","culex",2
"FC059|Pipiens|2023|36","FC-059","SE","FC",2023,36,2023-09-05,"L","Pipiens","culex",11
"FC059|Tarsalis|2023|36","FC-059","SE","FC",2023,36,2023-09-05,"L","Tarsalis","culex",3
"FC059|Pipiens|2023|37","FC-059","SE","FC",2023,37,2023-09-12,"L","Pipiens","culex",7
"FC059|Tarsalis|2023|37","FC-059","SE","FC",2023,37,2023-09-12,"L","Tarsalis","culex",0
"FC059|Pipiens|2024|25","FC-059","SE","FC",2024,25,2024-06-18,"L","Pipiens","culex",0
"FC059|Tarsalis|2024|25","FC-059","SE","FC",2024,25,2024-06-18,"L","Tarsalis","culex",3
"FC059|Pipiens|2024|26","FC-059","SE","FC",2024,26,2024-06-25,"L","Pipiens","culex",0
"FC059|Tarsalis|2024|26","FC-059","SE","FC",2024,26,2024-06-25,"L","Tarsalis","culex",2
"FC059|Pipiens|2024|29","FC-059","SE","FC",2024,29,2024-07-16,"L","Pipiens","culex",3
"FC059|Tarsalis|2024|29","FC-059","SE","FC",2024,29,2024-07-16,"L","Tarsalis","culex",5
"FC059|Pipiens|2024|30","FC-059","SE","FC",2024,30,2024-07-23,"L","Pipiens","culex",2
"FC059|Tarsalis|2024|30","FC-059","SE","FC",2024,30,2024-07-23,"L","Tarsalis","culex",2
"FC059|Pipiens|2024|31","FC-059","SE","FC",2024,31,2024-07-30,"L","Pipiens","culex",1
"FC059|Tarsalis|2024|31","FC-059","SE","FC",2024,31,2024-07-30,"L","Tarsalis","culex",9
"FC059|Pipiens|2024|32","FC-059","SE","FC",2024,32,2024-08-06,"L","Pipiens","culex",0
"FC059|Tarsalis|2024|32","FC-059","SE","FC",2024,32,2024-08-06,"L","Tarsalis","culex",3
"FC059|Pipiens|2024|33","FC-059","SE","FC",2024,33,2024-08-13,"L","Pipiens","culex",2
"FC059|Tarsalis|2024|33","FC-059","SE","FC",2024,33,2024-08-13,"L","Tarsalis","culex",3
"FC059|Pipiens|2024|34","FC-059","SE","FC",2024,34,2024-08-20,"L","Pipiens","culex",3
"FC059|Tarsalis|2024|34","FC-059","SE","FC",2024,34,2024-08-20,"L","Tarsalis","culex",8
"FC059|Pipiens|2024|36","FC-059","SE","FC",2024,36,2024-09-05,"L","Pipiens","culex",2
"FC059|Tarsalis|2024|36","FC-059","SE","FC",2024,36,2024-09-05,"L","Tarsalis","culex",1
"FC059|Pipiens|2024|37","FC-059","SE","FC",2024,37,2024-09-10,"L","Pipiens","culex",2
"FC059|Tarsalis|2024|37","FC-059","SE","FC",2024,37,2024-09-10,"L","Tarsalis","culex",2
"FC059|Pipiens|2025|25","FC-059","SE","FC",2025,25,2025-06-17,"L","Pipiens","culex",0
"FC059|Tarsalis|2025|25","FC-059","SE","FC",2025,25,2025-06-17,"L","Tarsalis","culex",18
"FC059|Pipiens|2025|27","FC-059","SE","FC",2025,27,2025-07-01,"L","Pipiens","culex",1
"FC059|Tarsalis|2025|27","FC-059","SE","FC",2025,27,2025-07-01,"L","Tarsalis","culex",13
"FC059|Pipiens|2025|28","FC-059","SE","FC",2025,28,2025-07-08,"L","Pipiens","culex",2
"FC059|Tarsalis|2025|28","FC-059","SE","FC",2025,28,2025-07-08,"L","Tarsalis","culex",7
"FC059|Pipiens|2025|30","FC-059","SE","FC",2025,30,2025-07-22,"L","Pipiens","culex",0
"FC059|Tarsalis|2025|30","FC-059","SE","FC",2025,30,2025-07-22,"L","Tarsalis","culex",20
"FC059|Pipiens|2025|31","FC-059","SE","FC",2025,31,2025-07-29,"L","Pipiens","culex",1
"FC059|Tarsalis|2025|31","FC-059","SE","FC",2025,31,2025-07-29,"L","Tarsalis","culex",17
"FC059|Pipiens|2025|32","FC-059","SE","FC",2025,32,2025-08-05,"L","Pipiens","culex",2
"FC059|Tarsalis|2025|32","FC-059","SE","FC",2025,32,2025-08-05,"L","Tarsalis","culex",10
"FC059|Pipiens|2025|33","FC-059","SE","FC",2025,33,2025-08-12,"L","Pipiens","culex",6
"FC059|Tarsalis|2025|33","FC-059","SE","FC",2025,33,2025-08-12,"L","Tarsalis","culex",12
"FC059|Pipiens|2025|34","FC-059","SE","FC",2025,34,2025-08-19,"L","Pipiens","culex",3
"FC059|Tarsalis|2025|34","FC-059","SE","FC",2025,34,2025-08-19,"L","Tarsalis","culex",9
"FC059|Pipiens|2025|35","FC-059","SE","FC",2025,35,2025-08-26,"L","Pipiens","culex",3
"FC059|Tarsalis|2025|35","FC-059","SE","FC",2025,35,2025-08-26,"L","Tarsalis","culex",1
"FC059|Pipiens|2025|36","FC-059","SE","FC",2025,36,2025-09-04,"L","Pipiens","culex",2
"FC059|Tarsalis|2025|36","FC-059","SE","FC",2025,36,2025-09-04,"L","Tarsalis","culex",10
"FC060|Pipiens|2020|23","FC-060","NW","FC",2020,23,2020-06-02,"L","Pipiens","culex",0
"FC060|Tarsalis|2020|23","FC-060","NW","FC",2020,23,2020-06-02,"L","Tarsalis","culex",1
"FC060|Pipiens|2020|26","FC-060","NW","FC",2020,26,2020-06-23,"L","Pipiens","culex",3
"FC060|Tarsalis|2020|26","FC-060","NW","FC",2020,26,2020-06-23,"L","Tarsalis","culex",0
"FC060|Pipiens|2020|27","FC-060","NW","FC",2020,27,2020-06-30,"L","Pipiens","culex",2
"FC060|Tarsalis|2020|27","FC-060","NW","FC",2020,27,2020-06-30,"L","Tarsalis","culex",1
"FC060|Pipiens|2020|28","FC-060","NW","FC",2020,28,2020-07-07,"L","Pipiens","culex",4
"FC060|Tarsalis|2020|28","FC-060","NW","FC",2020,28,2020-07-07,"L","Tarsalis","culex",1
"FC060|Pipiens|2020|29","FC-060","NW","FC",2020,29,2020-07-14,"L","Pipiens","culex",18
"FC060|Tarsalis|2020|29","FC-060","NW","FC",2020,29,2020-07-14,"L","Tarsalis","culex",1
"FC060|Pipiens|2020|30","FC-060","NW","FC",2020,30,2020-07-21,"L","Pipiens","culex",8
"FC060|Tarsalis|2020|30","FC-060","NW","FC",2020,30,2020-07-21,"L","Tarsalis","culex",16
"FC060|Pipiens|2020|31","FC-060","NW","FC",2020,31,2020-07-28,"L","Pipiens","culex",13
"FC060|Tarsalis|2020|31","FC-060","NW","FC",2020,31,2020-07-28,"L","Tarsalis","culex",5
"FC060|Pipiens|2020|32","FC-060","NW","FC",2020,32,2020-08-04,"L","Pipiens","culex",15
"FC060|Tarsalis|2020|32","FC-060","NW","FC",2020,32,2020-08-04,"L","Tarsalis","culex",7
"FC060|Pipiens|2020|33","FC-060","NW","FC",2020,33,2020-08-11,"L","Pipiens","culex",6
"FC060|Tarsalis|2020|33","FC-060","NW","FC",2020,33,2020-08-11,"L","Tarsalis","culex",0
"FC060|Pipiens|2020|34","FC-060","NW","FC",2020,34,2020-08-18,"L","Pipiens","culex",17
"FC060|Tarsalis|2020|34","FC-060","NW","FC",2020,34,2020-08-18,"L","Tarsalis","culex",0
"FC060|Pipiens|2020|35","FC-060","NW","FC",2020,35,2020-08-25,"L","Pipiens","culex",6
"FC060|Tarsalis|2020|35","FC-060","NW","FC",2020,35,2020-08-25,"L","Tarsalis","culex",0
"FC060|Pipiens|2020|36","FC-060","NW","FC",2020,36,2020-09-01,"L","Pipiens","culex",5
"FC060|Tarsalis|2020|36","FC-060","NW","FC",2020,36,2020-09-01,"L","Tarsalis","culex",0
"FC060|Pipiens|2021|25","FC-060","NW","FC",2021,25,2021-06-22,"L","Pipiens","culex",0
"FC060|Tarsalis|2021|25","FC-060","NW","FC",2021,25,2021-06-22,"L","Tarsalis","culex",4
"FC060|Pipiens|2021|26","FC-060","NW","FC",2021,26,2021-06-29,"L","Pipiens","culex",1
"FC060|Tarsalis|2021|26","FC-060","NW","FC",2021,26,2021-06-29,"L","Tarsalis","culex",9
"FC060|Pipiens|2021|27","FC-060","NW","FC",2021,27,2021-07-06,"L","Pipiens","culex",0
"FC060|Tarsalis|2021|27","FC-060","NW","FC",2021,27,2021-07-06,"L","Tarsalis","culex",21
"FC060|Pipiens|2021|28","FC-060","NW","FC",2021,28,2021-07-13,"L","Pipiens","culex",6
"FC060|Tarsalis|2021|28","FC-060","NW","FC",2021,28,2021-07-13,"L","Tarsalis","culex",28
"FC060|Pipiens|2021|29","FC-060","NW","FC",2021,29,2021-07-20,"L","Pipiens","culex",7
"FC060|Tarsalis|2021|29","FC-060","NW","FC",2021,29,2021-07-20,"L","Tarsalis","culex",6
"FC060|Pipiens|2021|30","FC-060","NW","FC",2021,30,2021-07-27,"L","Pipiens","culex",10
"FC060|Tarsalis|2021|30","FC-060","NW","FC",2021,30,2021-07-27,"L","Tarsalis","culex",25
"FC060|Pipiens|2021|31","FC-060","NW","FC",2021,31,2021-08-03,"L","Pipiens","culex",18
"FC060|Tarsalis|2021|31","FC-060","NW","FC",2021,31,2021-08-03,"L","Tarsalis","culex",15
"FC060|Pipiens|2021|32","FC-060","NW","FC",2021,32,2021-08-10,"L","Pipiens","culex",18
"FC060|Tarsalis|2021|32","FC-060","NW","FC",2021,32,2021-08-10,"L","Tarsalis","culex",15
"FC060|Pipiens|2021|33","FC-060","NW","FC",2021,33,2021-08-17,"L","Pipiens","culex",19
"FC060|Tarsalis|2021|33","FC-060","NW","FC",2021,33,2021-08-17,"L","Tarsalis","culex",6
"FC060|Pipiens|2021|34","FC-060","NW","FC",2021,34,2021-08-24,"L","Pipiens","culex",0
"FC060|Tarsalis|2021|34","FC-060","NW","FC",2021,34,2021-08-24,"L","Tarsalis","culex",2
"FC060|Pipiens|2021|35","FC-060","NW","FC",2021,35,2021-08-31,"L","Pipiens","culex",5
"FC060|Tarsalis|2021|35","FC-060","NW","FC",2021,35,2021-08-31,"L","Tarsalis","culex",0
"FC060|Pipiens|2021|36","FC-060","NW","FC",2021,36,2021-09-07,"L","Pipiens","culex",3
"FC060|Tarsalis|2021|36","FC-060","NW","FC",2021,36,2021-09-07,"L","Tarsalis","culex",0
"FC060|Pipiens|2022|24","FC-060","NW","FC",2022,24,2022-06-14,"L","Pipiens","culex",1
"FC060|Tarsalis|2022|24","FC-060","NW","FC",2022,24,2022-06-14,"L","Tarsalis","culex",1
"FC060|Pipiens|2022|26","FC-060","NW","FC",2022,26,2022-06-28,"L","Pipiens","culex",0
"FC060|Tarsalis|2022|26","FC-060","NW","FC",2022,26,2022-06-28,"L","Tarsalis","culex",1
"FC060|Pipiens|2022|27","FC-060","NW","FC",2022,27,2022-07-06,"L","Pipiens","culex",0
"FC060|Tarsalis|2022|27","FC-060","NW","FC",2022,27,2022-07-06,"L","Tarsalis","culex",3
"FC060|Pipiens|2022|28","FC-060","NW","FC",2022,28,2022-07-12,"L","Pipiens","culex",2
"FC060|Tarsalis|2022|28","FC-060","NW","FC",2022,28,2022-07-12,"L","Tarsalis","culex",8
"FC060|Pipiens|2022|29","FC-060","NW","FC",2022,29,2022-07-19,"L","Pipiens","culex",0
"FC060|Tarsalis|2022|29","FC-060","NW","FC",2022,29,2022-07-19,"L","Tarsalis","culex",7
"FC060|Pipiens|2022|31","FC-060","NW","FC",2022,31,2022-08-02,"L","Pipiens","culex",2
"FC060|Tarsalis|2022|31","FC-060","NW","FC",2022,31,2022-08-02,"L","Tarsalis","culex",8
"FC060|Pipiens|2022|32","FC-060","NW","FC",2022,32,2022-08-09,"L","Pipiens","culex",2
"FC060|Tarsalis|2022|32","FC-060","NW","FC",2022,32,2022-08-09,"L","Tarsalis","culex",7
"FC060|Pipiens|2022|33","FC-060","NW","FC",2022,33,2022-08-16,"L","Pipiens","culex",5
"FC060|Tarsalis|2022|33","FC-060","NW","FC",2022,33,2022-08-16,"L","Tarsalis","culex",8
"FC060|Pipiens|2022|34","FC-060","NW","FC",2022,34,2022-08-23,"L","Pipiens","culex",18
"FC060|Tarsalis|2022|34","FC-060","NW","FC",2022,34,2022-08-23,"L","Tarsalis","culex",18
"FC060|Pipiens|2022|35","FC-060","NW","FC",2022,35,2022-08-31,"L","Pipiens","culex",2
"FC060|Tarsalis|2022|35","FC-060","NW","FC",2022,35,2022-08-31,"L","Tarsalis","culex",8
"FC060|Pipiens|2022|36","FC-060","NW","FC",2022,36,2022-09-06,"L","Pipiens","culex",2
"FC060|Tarsalis|2022|36","FC-060","NW","FC",2022,36,2022-09-06,"L","Tarsalis","culex",0
"FC060|Pipiens|2022|37","FC-060","NW","FC",2022,37,2022-09-13,"L","Pipiens","culex",2
"FC060|Tarsalis|2022|37","FC-060","NW","FC",2022,37,2022-09-13,"L","Tarsalis","culex",0
"FC060|Pipiens|2023|23","FC-060","NW","FC",2023,23,2023-06-06,"L","Pipiens","culex",1
"FC060|Tarsalis|2023|23","FC-060","NW","FC",2023,23,2023-06-06,"L","Tarsalis","culex",2
"FC060|Pipiens|2023|24","FC-060","NW","FC",2023,24,2023-06-13,"L","Pipiens","culex",0
"FC060|Tarsalis|2023|24","FC-060","NW","FC",2023,24,2023-06-13,"L","Tarsalis","culex",2
"FC060|Pipiens|2023|25","FC-060","NW","FC",2023,25,2023-06-20,"L","Pipiens","culex",3
"FC060|Tarsalis|2023|25","FC-060","NW","FC",2023,25,2023-06-20,"L","Tarsalis","culex",6
"FC060|Pipiens|2023|26","FC-060","NW","FC",2023,26,2023-06-27,"L","Pipiens","culex",2
"FC060|Tarsalis|2023|26","FC-060","NW","FC",2023,26,2023-06-27,"L","Tarsalis","culex",30
"FC060|Pipiens|2023|27","FC-060","NW","FC",2023,27,2023-07-05,"L","Pipiens","culex",0
"FC060|Tarsalis|2023|27","FC-060","NW","FC",2023,27,2023-07-05,"L","Tarsalis","culex",7
"FC060|Pipiens|2023|28","FC-060","NW","FC",2023,28,2023-07-11,"L","Pipiens","culex",1
"FC060|Tarsalis|2023|28","FC-060","NW","FC",2023,28,2023-07-11,"L","Tarsalis","culex",21
"FC060|Pipiens|2023|30","FC-060","NW","FC",2023,30,2023-07-26,"L","Pipiens","culex",7
"FC060|Tarsalis|2023|30","FC-060","NW","FC",2023,30,2023-07-26,"L","Tarsalis","culex",19
"FC060|Pipiens|2023|31","FC-060","NW","FC",2023,31,2023-08-01,"L","Pipiens","culex",2
"FC060|Tarsalis|2023|31","FC-060","NW","FC",2023,31,2023-08-01,"L","Tarsalis","culex",15
"FC060|Pipiens|2023|32","FC-060","NW","FC",2023,32,2023-08-09,"L","Pipiens","culex",7
"FC060|Tarsalis|2023|32","FC-060","NW","FC",2023,32,2023-08-09,"L","Tarsalis","culex",22
"FC060|Pipiens|2023|33","FC-060","NW","FC",2023,33,2023-08-15,"L","Pipiens","culex",0
"FC060|Tarsalis|2023|33","FC-060","NW","FC",2023,33,2023-08-15,"L","Tarsalis","culex",3
"FC060|Pipiens|2023|34","FC-060","NW","FC",2023,34,2023-08-22,"L","Pipiens","culex",3
"FC060|Tarsalis|2023|34","FC-060","NW","FC",2023,34,2023-08-22,"L","Tarsalis","culex",20
"FC060|Pipiens|2023|37","FC-060","NW","FC",2023,37,2023-09-11,"L","Pipiens","culex",3
"FC060|Tarsalis|2023|37","FC-060","NW","FC",2023,37,2023-09-11,"L","Tarsalis","culex",0
"FC060|Pipiens|2024|23","FC-060","NW","FC",2024,23,2024-06-04,"L","Pipiens","culex",1
"FC060|Tarsalis|2024|23","FC-060","NW","FC",2024,23,2024-06-04,"L","Tarsalis","culex",0
"FC060|Pipiens|2024|24","FC-060","NW","FC",2024,24,2024-06-11,"L","Pipiens","culex",2
"FC060|Tarsalis|2024|24","FC-060","NW","FC",2024,24,2024-06-11,"L","Tarsalis","culex",0
"FC060|Pipiens|2024|25","FC-060","NW","FC",2024,25,2024-06-19,"L","Pipiens","culex",1
"FC060|Tarsalis|2024|25","FC-060","NW","FC",2024,25,2024-06-19,"L","Tarsalis","culex",0
"FC060|Pipiens|2024|26","FC-060","NW","FC",2024,26,2024-06-26,"L","Pipiens","culex",3
"FC060|Tarsalis|2024|26","FC-060","NW","FC",2024,26,2024-06-26,"L","Tarsalis","culex",1
"FC060|Pipiens|2024|27","FC-060","NW","FC",2024,27,2024-07-02,"L","Pipiens","culex",0
"FC060|Tarsalis|2024|27","FC-060","NW","FC",2024,27,2024-07-02,"L","Tarsalis","culex",1
"FC060|Pipiens|2024|28","FC-060","NW","FC",2024,28,2024-07-10,"L","Pipiens","culex",10
"FC060|Tarsalis|2024|28","FC-060","NW","FC",2024,28,2024-07-10,"L","Tarsalis","culex",5
"FC060|Pipiens|2024|29","FC-060","NW","FC",2024,29,2024-07-17,"L","Pipiens","culex",3
"FC060|Tarsalis|2024|29","FC-060","NW","FC",2024,29,2024-07-17,"L","Tarsalis","culex",3
"FC060|Pipiens|2024|30","FC-060","NW","FC",2024,30,2024-07-24,"L","Pipiens","culex",4
"FC060|Tarsalis|2024|30","FC-060","NW","FC",2024,30,2024-07-24,"L","Tarsalis","culex",8
"FC060|Pipiens|2024|31","FC-060","NW","FC",2024,31,2024-07-31,"L","Pipiens","culex",0
"FC060|Tarsalis|2024|31","FC-060","NW","FC",2024,31,2024-07-31,"L","Tarsalis","culex",5
"FC060|Pipiens|2024|32","FC-060","NW","FC",2024,32,2024-08-07,"L","Pipiens","culex",12
"FC060|Tarsalis|2024|32","FC-060","NW","FC",2024,32,2024-08-07,"L","Tarsalis","culex",2
"FC060|Pipiens|2024|33","FC-060","NW","FC",2024,33,2024-08-14,"L","Pipiens","culex",6
"FC060|Tarsalis|2024|33","FC-060","NW","FC",2024,33,2024-08-14,"L","Tarsalis","culex",6
"FC060|Pipiens|2024|34","FC-060","NW","FC",2024,34,2024-08-21,"L","Pipiens","culex",12
"FC060|Tarsalis|2024|34","FC-060","NW","FC",2024,34,2024-08-21,"L","Tarsalis","culex",9
"FC060|Pipiens|2024|35","FC-060","NW","FC",2024,35,2024-08-28,"L","Pipiens","culex",2
"FC060|Tarsalis|2024|35","FC-060","NW","FC",2024,35,2024-08-28,"L","Tarsalis","culex",3
"FC060|Pipiens|2024|36","FC-060","NW","FC",2024,36,2024-09-04,"L","Pipiens","culex",6
"FC060|Tarsalis|2024|36","FC-060","NW","FC",2024,36,2024-09-04,"L","Tarsalis","culex",1
"FC060|Pipiens|2024|37","FC-060","NW","FC",2024,37,2024-09-11,"L","Pipiens","culex",1
"FC060|Tarsalis|2024|37","FC-060","NW","FC",2024,37,2024-09-11,"L","Tarsalis","culex",0
"FC060|Pipiens|2025|25","FC-060","NW","FC",2025,25,2025-06-18,"L","Pipiens","culex",2
"FC060|Tarsalis|2025|25","FC-060","NW","FC",2025,25,2025-06-18,"L","Tarsalis","culex",0
"FC060|Pipiens|2025|26","FC-060","NW","FC",2025,26,2025-06-25,"L","Pipiens","culex",1
"FC060|Tarsalis|2025|26","FC-060","NW","FC",2025,26,2025-06-25,"L","Tarsalis","culex",0
"FC060|Pipiens|2025|27","FC-060","NW","FC",2025,27,2025-07-02,"L","Pipiens","culex",0
"FC060|Tarsalis|2025|27","FC-060","NW","FC",2025,27,2025-07-02,"L","Tarsalis","culex",2
"FC060|Pipiens|2025|29","FC-060","NW","FC",2025,29,2025-07-16,"L","Pipiens","culex",5
"FC060|Tarsalis|2025|29","FC-060","NW","FC",2025,29,2025-07-16,"L","Tarsalis","culex",39
"FC060|Pipiens|2025|30","FC-060","NW","FC",2025,30,2025-07-23,"L","Pipiens","culex",6
"FC060|Tarsalis|2025|30","FC-060","NW","FC",2025,30,2025-07-23,"L","Tarsalis","culex",11
"FC060|Pipiens|2025|32","FC-060","NW","FC",2025,32,2025-08-06,"L","Pipiens","culex",5
"FC060|Tarsalis|2025|32","FC-060","NW","FC",2025,32,2025-08-06,"L","Tarsalis","culex",25
"FC060|Pipiens|2025|33","FC-060","NW","FC",2025,33,2025-08-13,"L","Pipiens","culex",0
"FC060|Tarsalis|2025|33","FC-060","NW","FC",2025,33,2025-08-13,"L","Tarsalis","culex",4
"FC060|Pipiens|2025|34","FC-060","NW","FC",2025,34,2025-08-20,"L","Pipiens","culex",2
"FC060|Tarsalis|2025|34","FC-060","NW","FC",2025,34,2025-08-20,"L","Tarsalis","culex",2
"FC060|Pipiens|2025|35","FC-060","NW","FC",2025,35,2025-08-27,"L","Pipiens","culex",4
"FC060|Tarsalis|2025|35","FC-060","NW","FC",2025,35,2025-08-27,"L","Tarsalis","culex",2
"FC060|Pipiens|2025|36","FC-060","NW","FC",2025,36,2025-09-03,"L","Pipiens","culex",1
"FC060|Tarsalis|2025|36","FC-060","NW","FC",2025,36,2025-09-03,"L","Tarsalis","culex",7
"FC061|Pipiens|2020|26","FC-061","NW","FC",2020,26,2020-06-23,"L","Pipiens","culex",0
"FC061|Tarsalis|2020|26","FC-061","NW","FC",2020,26,2020-06-23,"L","Tarsalis","culex",3
"FC061|Pipiens|2020|27","FC-061","NW","FC",2020,27,2020-06-30,"L","Pipiens","culex",9
"FC061|Tarsalis|2020|27","FC-061","NW","FC",2020,27,2020-06-30,"L","Tarsalis","culex",6
"FC061|Pipiens|2020|28","FC-061","NW","FC",2020,28,2020-07-07,"L","Pipiens","culex",4
"FC061|Tarsalis|2020|28","FC-061","NW","FC",2020,28,2020-07-07,"L","Tarsalis","culex",33
"FC061|Pipiens|2020|29","FC-061","NW","FC",2020,29,2020-07-14,"L","Pipiens","culex",3
"FC061|Tarsalis|2020|29","FC-061","NW","FC",2020,29,2020-07-14,"L","Tarsalis","culex",11
"FC061|Pipiens|2020|30","FC-061","NW","FC",2020,30,2020-07-21,"L","Pipiens","culex",6
"FC061|Tarsalis|2020|30","FC-061","NW","FC",2020,30,2020-07-21,"L","Tarsalis","culex",28
"FC061|Pipiens|2020|31","FC-061","NW","FC",2020,31,2020-07-28,"L","Pipiens","culex",16
"FC061|Tarsalis|2020|31","FC-061","NW","FC",2020,31,2020-07-28,"L","Tarsalis","culex",16
"FC061|Pipiens|2020|32","FC-061","NW","FC",2020,32,2020-08-04,"L","Pipiens","culex",11
"FC061|Tarsalis|2020|32","FC-061","NW","FC",2020,32,2020-08-04,"L","Tarsalis","culex",18
"FC061|Pipiens|2020|33","FC-061","NW","FC",2020,33,2020-08-11,"L","Pipiens","culex",4
"FC061|Tarsalis|2020|33","FC-061","NW","FC",2020,33,2020-08-11,"L","Tarsalis","culex",22
"FC061|Pipiens|2020|34","FC-061","NW","FC",2020,34,2020-08-18,"L","Pipiens","culex",8
"FC061|Tarsalis|2020|34","FC-061","NW","FC",2020,34,2020-08-18,"L","Tarsalis","culex",4
"FC061|Pipiens|2020|36","FC-061","NW","FC",2020,36,2020-09-01,"L","Pipiens","culex",0
"FC061|Tarsalis|2020|36","FC-061","NW","FC",2020,36,2020-09-01,"L","Tarsalis","culex",1
"FC061|Pipiens|2021|25","FC-061","NW","FC",2021,25,2021-06-22,"L","Pipiens","culex",9
"FC061|Tarsalis|2021|25","FC-061","NW","FC",2021,25,2021-06-22,"L","Tarsalis","culex",11
"FC061|Pipiens|2021|26","FC-061","NW","FC",2021,26,2021-06-29,"L","Pipiens","culex",16
"FC061|Tarsalis|2021|26","FC-061","NW","FC",2021,26,2021-06-29,"L","Tarsalis","culex",41
"FC061|Pipiens|2021|27","FC-061","NW","FC",2021,27,2021-07-06,"L","Pipiens","culex",7
"FC061|Tarsalis|2021|27","FC-061","NW","FC",2021,27,2021-07-06,"L","Tarsalis","culex",37
"FC061|Pipiens|2021|28","FC-061","NW","FC",2021,28,2021-07-13,"L","Pipiens","culex",5
"FC061|Tarsalis|2021|28","FC-061","NW","FC",2021,28,2021-07-13,"L","Tarsalis","culex",88
"FC061|Pipiens|2021|29","FC-061","NW","FC",2021,29,2021-07-20,"L","Pipiens","culex",0
"FC061|Tarsalis|2021|29","FC-061","NW","FC",2021,29,2021-07-20,"L","Tarsalis","culex",63
"FC061|Pipiens|2021|30","FC-061","NW","FC",2021,30,2021-07-28,"L","Pipiens","culex",11
"FC061|Tarsalis|2021|30","FC-061","NW","FC",2021,30,2021-07-28,"L","Tarsalis","culex",138
"FC061|Pipiens|2021|31","FC-061","NW","FC",2021,31,2021-08-03,"L","Pipiens","culex",2
"FC061|Tarsalis|2021|31","FC-061","NW","FC",2021,31,2021-08-03,"L","Tarsalis","culex",19
"FC061|Pipiens|2021|32","FC-061","NW","FC",2021,32,2021-08-10,"L","Pipiens","culex",7
"FC061|Tarsalis|2021|32","FC-061","NW","FC",2021,32,2021-08-10,"L","Tarsalis","culex",7
"FC061|Pipiens|2021|33","FC-061","NW","FC",2021,33,2021-08-17,"L","Pipiens","culex",7
"FC061|Tarsalis|2021|33","FC-061","NW","FC",2021,33,2021-08-17,"L","Tarsalis","culex",24
"FC061|Pipiens|2021|34","FC-061","NW","FC",2021,34,2021-08-24,"L","Pipiens","culex",3
"FC061|Tarsalis|2021|34","FC-061","NW","FC",2021,34,2021-08-24,"L","Tarsalis","culex",9
"FC061|Pipiens|2021|35","FC-061","NW","FC",2021,35,2021-08-31,"L","Pipiens","culex",4
"FC061|Tarsalis|2021|35","FC-061","NW","FC",2021,35,2021-08-31,"L","Tarsalis","culex",7
"FC061|Pipiens|2021|36","FC-061","NW","FC",2021,36,2021-09-07,"L","Pipiens","culex",0
"FC061|Tarsalis|2021|36","FC-061","NW","FC",2021,36,2021-09-07,"L","Tarsalis","culex",3
"FC061|Pipiens|2022|23","FC-061","NW","FC",2022,23,2022-06-07,"L","Pipiens","culex",1
"FC061|Tarsalis|2022|23","FC-061","NW","FC",2022,23,2022-06-07,"L","Tarsalis","culex",7
"FC061|Pipiens|2022|24","FC-061","NW","FC",2022,24,2022-06-14,"L","Pipiens","culex",3
"FC061|Tarsalis|2022|24","FC-061","NW","FC",2022,24,2022-06-14,"L","Tarsalis","culex",8
"FC061|Pipiens|2022|25","FC-061","NW","FC",2022,25,2022-06-21,"L","Pipiens","culex",0
"FC061|Tarsalis|2022|25","FC-061","NW","FC",2022,25,2022-06-21,"L","Tarsalis","culex",1
"FC061|Pipiens|2022|26","FC-061","NW","FC",2022,26,2022-06-28,"L","Pipiens","culex",0
"FC061|Tarsalis|2022|26","FC-061","NW","FC",2022,26,2022-06-28,"L","Tarsalis","culex",6
"FC061|Pipiens|2022|27","FC-061","NW","FC",2022,27,2022-07-06,"L","Pipiens","culex",5
"FC061|Tarsalis|2022|27","FC-061","NW","FC",2022,27,2022-07-06,"L","Tarsalis","culex",4
"FC061|Pipiens|2022|28","FC-061","NW","FC",2022,28,2022-07-12,"L","Pipiens","culex",0
"FC061|Tarsalis|2022|28","FC-061","NW","FC",2022,28,2022-07-12,"L","Tarsalis","culex",1
"FC061|Pipiens|2022|29","FC-061","NW","FC",2022,29,2022-07-19,"L","Pipiens","culex",10
"FC061|Tarsalis|2022|29","FC-061","NW","FC",2022,29,2022-07-19,"L","Tarsalis","culex",89
"FC061|Pipiens|2022|30","FC-061","NW","FC",2022,30,2022-07-26,"L","Pipiens","culex",6
"FC061|Tarsalis|2022|30","FC-061","NW","FC",2022,30,2022-07-26,"L","Tarsalis","culex",29
"FC061|Pipiens|2022|31","FC-061","NW","FC",2022,31,2022-08-02,"L","Pipiens","culex",4
"FC061|Tarsalis|2022|31","FC-061","NW","FC",2022,31,2022-08-02,"L","Tarsalis","culex",15
"FC061|Pipiens|2022|32","FC-061","NW","FC",2022,32,2022-08-09,"L","Pipiens","culex",7
"FC061|Tarsalis|2022|32","FC-061","NW","FC",2022,32,2022-08-09,"L","Tarsalis","culex",20
"FC061|Pipiens|2022|33","FC-061","NW","FC",2022,33,2022-08-16,"L","Pipiens","culex",25
"FC061|Tarsalis|2022|33","FC-061","NW","FC",2022,33,2022-08-16,"L","Tarsalis","culex",17
"FC061|Pipiens|2022|34","FC-061","NW","FC",2022,34,2022-08-23,"L","Pipiens","culex",26
"FC061|Tarsalis|2022|34","FC-061","NW","FC",2022,34,2022-08-23,"L","Tarsalis","culex",144
"FC061|Pipiens|2022|35","FC-061","NW","FC",2022,35,2022-08-31,"L","Pipiens","culex",16
"FC061|Tarsalis|2022|35","FC-061","NW","FC",2022,35,2022-08-31,"L","Tarsalis","culex",45
"FC061|Pipiens|2022|36","FC-061","NW","FC",2022,36,2022-09-06,"L","Pipiens","culex",2
"FC061|Tarsalis|2022|36","FC-061","NW","FC",2022,36,2022-09-06,"L","Tarsalis","culex",6
"FC061|Pipiens|2022|37","FC-061","NW","FC",2022,37,2022-09-13,"L","Pipiens","culex",1
"FC061|Tarsalis|2022|37","FC-061","NW","FC",2022,37,2022-09-13,"L","Tarsalis","culex",0
"FC061|Pipiens|2023|23","FC-061","NW","FC",2023,23,2023-06-06,"L","Pipiens","culex",3
"FC061|Tarsalis|2023|23","FC-061","NW","FC",2023,23,2023-06-06,"L","Tarsalis","culex",16
"FC061|Pipiens|2023|24","FC-061","NW","FC",2023,24,2023-06-13,"L","Pipiens","culex",6
"FC061|Tarsalis|2023|24","FC-061","NW","FC",2023,24,2023-06-13,"L","Tarsalis","culex",11
"FC061|Pipiens|2023|25","FC-061","NW","FC",2023,25,2023-06-20,"L","Pipiens","culex",2
"FC061|Tarsalis|2023|25","FC-061","NW","FC",2023,25,2023-06-20,"L","Tarsalis","culex",66
"FC061|Pipiens|2023|26","FC-061","NW","FC",2023,26,2023-06-27,"L","Pipiens","culex",0
"FC061|Tarsalis|2023|26","FC-061","NW","FC",2023,26,2023-06-27,"L","Tarsalis","culex",179
"FC061|Pipiens|2023|27","FC-061","NW","FC",2023,27,2023-07-05,"L","Pipiens","culex",19
"FC061|Tarsalis|2023|27","FC-061","NW","FC",2023,27,2023-07-05,"L","Tarsalis","culex",30
"FC061|Pipiens|2023|28","FC-061","NW","FC",2023,28,2023-07-11,"L","Pipiens","culex",74
"FC061|Tarsalis|2023|28","FC-061","NW","FC",2023,28,2023-07-11,"L","Tarsalis","culex",945
"FC061|Pipiens|2023|29","FC-061","NW","FC",2023,29,2023-07-18,"L","Pipiens","culex",10
"FC061|Tarsalis|2023|29","FC-061","NW","FC",2023,29,2023-07-18,"L","Tarsalis","culex",512
"FC061|Pipiens|2023|30","FC-061","NW","FC",2023,30,2023-07-26,"L","Pipiens","culex",6
"FC061|Tarsalis|2023|30","FC-061","NW","FC",2023,30,2023-07-26,"L","Tarsalis","culex",186
"FC061|Pipiens|2023|31","FC-061","NW","FC",2023,31,2023-08-01,"L","Pipiens","culex",9
"FC061|Tarsalis|2023|31","FC-061","NW","FC",2023,31,2023-08-01,"L","Tarsalis","culex",74
"FC061|Pipiens|2023|32","FC-061","NW","FC",2023,32,2023-08-07,"L","Pipiens","culex",2
"FC061|Tarsalis|2023|32","FC-061","NW","FC",2023,32,2023-08-07,"L","Tarsalis","culex",27
"FC061|Pipiens|2023|33","FC-061","NW","FC",2023,33,2023-08-15,"L","Pipiens","culex",20
"FC061|Tarsalis|2023|33","FC-061","NW","FC",2023,33,2023-08-15,"L","Tarsalis","culex",57
"FC061|Pipiens|2023|34","FC-061","NW","FC",2023,34,2023-08-22,"L","Pipiens","culex",3
"FC061|Tarsalis|2023|34","FC-061","NW","FC",2023,34,2023-08-22,"L","Tarsalis","culex",21
"FC061|Pipiens|2023|35","FC-061","NW","FC",2023,35,2023-08-29,"L","Pipiens","culex",15
"FC061|Tarsalis|2023|35","FC-061","NW","FC",2023,35,2023-08-29,"L","Tarsalis","culex",10
"FC061|Pipiens|2023|36","FC-061","NW","FC",2023,36,2023-09-06,"L","Pipiens","culex",1
"FC061|Tarsalis|2023|36","FC-061","NW","FC",2023,36,2023-09-06,"L","Tarsalis","culex",2
"FC061|Pipiens|2023|37","FC-061","NW","FC",2023,37,2023-09-11,"L","Pipiens","culex",2
"FC061|Tarsalis|2023|37","FC-061","NW","FC",2023,37,2023-09-11,"L","Tarsalis","culex",0
"FC061|Pipiens|2024|23","FC-061","NW","FC",2024,23,2024-06-04,"L","Pipiens","culex",1
"FC061|Tarsalis|2024|23","FC-061","NW","FC",2024,23,2024-06-04,"L","Tarsalis","culex",4
"FC061|Pipiens|2024|24","FC-061","NW","FC",2024,24,2024-06-11,"L","Pipiens","culex",2
"FC061|Tarsalis|2024|24","FC-061","NW","FC",2024,24,2024-06-11,"L","Tarsalis","culex",3
"FC061|Pipiens|2024|25","FC-061","NW","FC",2024,25,2024-06-19,"L","Pipiens","culex",10
"FC061|Tarsalis|2024|25","FC-061","NW","FC",2024,25,2024-06-19,"L","Tarsalis","culex",2
"FC061|Pipiens|2024|26","FC-061","NW","FC",2024,26,2024-06-26,"L","Pipiens","culex",6
"FC061|Tarsalis|2024|26","FC-061","NW","FC",2024,26,2024-06-26,"L","Tarsalis","culex",10
"FC061|Pipiens|2024|27","FC-061","NW","FC",2024,27,2024-07-02,"L","Pipiens","culex",5
"FC061|Tarsalis|2024|27","FC-061","NW","FC",2024,27,2024-07-02,"L","Tarsalis","culex",7
"FC061|Pipiens|2024|28","FC-061","NW","FC",2024,28,2024-07-10,"L","Pipiens","culex",24
"FC061|Tarsalis|2024|28","FC-061","NW","FC",2024,28,2024-07-10,"L","Tarsalis","culex",49
"FC061|Pipiens|2024|29","FC-061","NW","FC",2024,29,2024-07-17,"L","Pipiens","culex",19
"FC061|Tarsalis|2024|29","FC-061","NW","FC",2024,29,2024-07-17,"L","Tarsalis","culex",23
"FC061|Pipiens|2024|30","FC-061","NW","FC",2024,30,2024-07-24,"L","Pipiens","culex",82
"FC061|Tarsalis|2024|30","FC-061","NW","FC",2024,30,2024-07-24,"L","Tarsalis","culex",18
"FC061|Pipiens|2024|31","FC-061","NW","FC",2024,31,2024-07-31,"L","Pipiens","culex",6
"FC061|Tarsalis|2024|31","FC-061","NW","FC",2024,31,2024-07-31,"L","Tarsalis","culex",37
"FC061|Pipiens|2024|32","FC-061","NW","FC",2024,32,2024-08-07,"L","Pipiens","culex",16
"FC061|Tarsalis|2024|32","FC-061","NW","FC",2024,32,2024-08-07,"L","Tarsalis","culex",34
"FC061|Pipiens|2024|33","FC-061","NW","FC",2024,33,2024-08-14,"L","Pipiens","culex",5
"FC061|Tarsalis|2024|33","FC-061","NW","FC",2024,33,2024-08-14,"L","Tarsalis","culex",13
"FC061|Pipiens|2024|34","FC-061","NW","FC",2024,34,2024-08-21,"L","Pipiens","culex",2
"FC061|Tarsalis|2024|34","FC-061","NW","FC",2024,34,2024-08-21,"L","Tarsalis","culex",7
"FC061|Pipiens|2024|35","FC-061","NW","FC",2024,35,2024-08-28,"L","Pipiens","culex",10
"FC061|Tarsalis|2024|35","FC-061","NW","FC",2024,35,2024-08-28,"L","Tarsalis","culex",4
"FC061|Pipiens|2024|36","FC-061","NW","FC",2024,36,2024-09-04,"L","Pipiens","culex",5
"FC061|Tarsalis|2024|36","FC-061","NW","FC",2024,36,2024-09-04,"L","Tarsalis","culex",1
"FC061|Pipiens|2024|37","FC-061","NW","FC",2024,37,2024-09-11,"L","Pipiens","culex",3
"FC061|Tarsalis|2024|37","FC-061","NW","FC",2024,37,2024-09-11,"L","Tarsalis","culex",0
"FC061|Pipiens|2025|25","FC-061","NW","FC",2025,25,2025-06-18,"L","Pipiens","culex",1
"FC061|Tarsalis|2025|25","FC-061","NW","FC",2025,25,2025-06-18,"L","Tarsalis","culex",0
"FC061|Pipiens|2025|26","FC-061","NW","FC",2025,26,2025-06-25,"L","Pipiens","culex",3
"FC061|Tarsalis|2025|26","FC-061","NW","FC",2025,26,2025-06-25,"L","Tarsalis","culex",18
"FC061|Pipiens|2025|27","FC-061","NW","FC",2025,27,2025-07-02,"L","Pipiens","culex",12
"FC061|Tarsalis|2025|27","FC-061","NW","FC",2025,27,2025-07-02,"L","Tarsalis","culex",73
"FC061|Pipiens|2025|28","FC-061","NW","FC",2025,28,2025-07-09,"L","Pipiens","culex",13
"FC061|Tarsalis|2025|28","FC-061","NW","FC",2025,28,2025-07-09,"L","Tarsalis","culex",32
"FC061|Pipiens|2025|29","FC-061","NW","FC",2025,29,2025-07-16,"L","Pipiens","culex",6
"FC061|Tarsalis|2025|29","FC-061","NW","FC",2025,29,2025-07-16,"L","Tarsalis","culex",97
"FC061|Pipiens|2025|30","FC-061","NW","FC",2025,30,2025-07-23,"L","Pipiens","culex",3
"FC061|Tarsalis|2025|30","FC-061","NW","FC",2025,30,2025-07-23,"L","Tarsalis","culex",48
"FC061|Pipiens|2025|31","FC-061","NW","FC",2025,31,2025-07-30,"L","Pipiens","culex",6
"FC061|Tarsalis|2025|31","FC-061","NW","FC",2025,31,2025-07-30,"L","Tarsalis","culex",43
"FC061|Pipiens|2025|32","FC-061","NW","FC",2025,32,2025-08-06,"L","Pipiens","culex",30
"FC061|Tarsalis|2025|32","FC-061","NW","FC",2025,32,2025-08-06,"L","Tarsalis","culex",123
"FC061|Pipiens|2025|33","FC-061","NW","FC",2025,33,2025-08-13,"L","Pipiens","culex",22
"FC061|Tarsalis|2025|33","FC-061","NW","FC",2025,33,2025-08-13,"L","Tarsalis","culex",49
"FC061|Pipiens|2025|34","FC-061","NW","FC",2025,34,2025-08-20,"L","Pipiens","culex",16
"FC061|Tarsalis|2025|34","FC-061","NW","FC",2025,34,2025-08-20,"L","Tarsalis","culex",15
"FC061|Pipiens|2025|35","FC-061","NW","FC",2025,35,2025-08-27,"L","Pipiens","culex",8
"FC061|Tarsalis|2025|35","FC-061","NW","FC",2025,35,2025-08-27,"L","Tarsalis","culex",2
"FC061|Pipiens|2025|36","FC-061","NW","FC",2025,36,2025-09-03,"L","Pipiens","culex",4
"FC061|Tarsalis|2025|36","FC-061","NW","FC",2025,36,2025-09-03,"L","Tarsalis","culex",17
"FC062|Pipiens|2020|23","FC-062","SW","FC",2020,23,2020-06-03,"L","Pipiens","culex",1
"FC062|Tarsalis|2020|23","FC-062","SW","FC",2020,23,2020-06-03,"L","Tarsalis","culex",0
"FC062|Pipiens|2020|25","FC-062","SW","FC",2020,25,2020-06-17,"L","Pipiens","culex",1
"FC062|Tarsalis|2020|25","FC-062","SW","FC",2020,25,2020-06-17,"L","Tarsalis","culex",1
"FC062|Pipiens|2020|27","FC-062","SW","FC",2020,27,2020-07-01,"L","Pipiens","culex",3
"FC062|Tarsalis|2020|27","FC-062","SW","FC",2020,27,2020-07-01,"L","Tarsalis","culex",7
"FC062|Pipiens|2020|28","FC-062","SW","FC",2020,28,2020-07-08,"L","Pipiens","culex",4
"FC062|Tarsalis|2020|28","FC-062","SW","FC",2020,28,2020-07-08,"L","Tarsalis","culex",7
"FC062|Pipiens|2020|29","FC-062","SW","FC",2020,29,2020-07-15,"L","Pipiens","culex",0
"FC062|Tarsalis|2020|29","FC-062","SW","FC",2020,29,2020-07-15,"L","Tarsalis","culex",1
"FC062|Pipiens|2020|30","FC-062","SW","FC",2020,30,2020-07-22,"L","Pipiens","culex",0
"FC062|Tarsalis|2020|30","FC-062","SW","FC",2020,30,2020-07-22,"L","Tarsalis","culex",10
"FC062|Pipiens|2020|31","FC-062","SW","FC",2020,31,2020-07-29,"L","Pipiens","culex",3
"FC062|Tarsalis|2020|31","FC-062","SW","FC",2020,31,2020-07-29,"L","Tarsalis","culex",12
"FC062|Pipiens|2020|32","FC-062","SW","FC",2020,32,2020-08-05,"L","Pipiens","culex",9
"FC062|Tarsalis|2020|32","FC-062","SW","FC",2020,32,2020-08-05,"L","Tarsalis","culex",10
"FC062|Pipiens|2020|33","FC-062","SW","FC",2020,33,2020-08-12,"L","Pipiens","culex",7
"FC062|Tarsalis|2020|33","FC-062","SW","FC",2020,33,2020-08-12,"L","Tarsalis","culex",6
"FC062|Pipiens|2020|34","FC-062","SW","FC",2020,34,2020-08-19,"L","Pipiens","culex",2
"FC062|Tarsalis|2020|34","FC-062","SW","FC",2020,34,2020-08-19,"L","Tarsalis","culex",0
"FC062|Pipiens|2020|36","FC-062","SW","FC",2020,36,2020-09-02,"L","Pipiens","culex",0
"FC062|Tarsalis|2020|36","FC-062","SW","FC",2020,36,2020-09-02,"L","Tarsalis","culex",2
"FC062|Pipiens|2021|25","FC-062","SW","FC",2021,25,2021-06-23,"L","Pipiens","culex",0
"FC062|Tarsalis|2021|25","FC-062","SW","FC",2021,25,2021-06-23,"L","Tarsalis","culex",7
"FC062|Pipiens|2021|26","FC-062","SW","FC",2021,26,2021-07-01,"L","Pipiens","culex",3
"FC062|Tarsalis|2021|26","FC-062","SW","FC",2021,26,2021-07-01,"L","Tarsalis","culex",9
"FC062|Pipiens|2021|27","FC-062","SW","FC",2021,27,2021-07-07,"L","Pipiens","culex",8
"FC062|Tarsalis|2021|27","FC-062","SW","FC",2021,27,2021-07-07,"L","Tarsalis","culex",18
"FC062|Pipiens|2021|28","FC-062","SW","FC",2021,28,2021-07-14,"L","Pipiens","culex",1
"FC062|Tarsalis|2021|28","FC-062","SW","FC",2021,28,2021-07-14,"L","Tarsalis","culex",19
"FC062|Pipiens|2021|29","FC-062","SW","FC",2021,29,2021-07-21,"L","Pipiens","culex",10
"FC062|Tarsalis|2021|29","FC-062","SW","FC",2021,29,2021-07-21,"L","Tarsalis","culex",38
"FC062|Pipiens|2021|30","FC-062","SW","FC",2021,30,2021-07-28,"L","Pipiens","culex",15
"FC062|Tarsalis|2021|30","FC-062","SW","FC",2021,30,2021-07-28,"L","Tarsalis","culex",83
"FC062|Pipiens|2021|31","FC-062","SW","FC",2021,31,2021-08-04,"L","Pipiens","culex",4
"FC062|Tarsalis|2021|31","FC-062","SW","FC",2021,31,2021-08-04,"L","Tarsalis","culex",7
"FC062|Pipiens|2021|32","FC-062","SW","FC",2021,32,2021-08-11,"L","Pipiens","culex",7
"FC062|Tarsalis|2021|32","FC-062","SW","FC",2021,32,2021-08-11,"L","Tarsalis","culex",5
"FC062|Pipiens|2021|33","FC-062","SW","FC",2021,33,2021-08-18,"L","Pipiens","culex",2
"FC062|Tarsalis|2021|33","FC-062","SW","FC",2021,33,2021-08-18,"L","Tarsalis","culex",3
"FC062|Pipiens|2021|34","FC-062","SW","FC",2021,34,2021-08-25,"L","Pipiens","culex",0
"FC062|Tarsalis|2021|34","FC-062","SW","FC",2021,34,2021-08-25,"L","Tarsalis","culex",1
"FC062|Pipiens|2021|36","FC-062","SW","FC",2021,36,2021-09-08,"L","Pipiens","culex",2
"FC062|Tarsalis|2021|36","FC-062","SW","FC",2021,36,2021-09-08,"L","Tarsalis","culex",0
"FC062|Pipiens|2022|23","FC-062","SW","FC",2022,23,2022-06-08,"L","Pipiens","culex",0
"FC062|Tarsalis|2022|23","FC-062","SW","FC",2022,23,2022-06-08,"L","Tarsalis","culex",2
"FC062|Pipiens|2022|26","FC-062","SW","FC",2022,26,2022-06-29,"L","Pipiens","culex",1
"FC062|Tarsalis|2022|26","FC-062","SW","FC",2022,26,2022-06-29,"L","Tarsalis","culex",1
"FC062|Pipiens|2022|27","FC-062","SW","FC",2022,27,2022-07-06,"L","Pipiens","culex",1
"FC062|Tarsalis|2022|27","FC-062","SW","FC",2022,27,2022-07-06,"L","Tarsalis","culex",18
"FC062|Pipiens|2022|28","FC-062","SW","FC",2022,28,2022-07-13,"L","Pipiens","culex",1
"FC062|Tarsalis|2022|28","FC-062","SW","FC",2022,28,2022-07-13,"L","Tarsalis","culex",35
"FC062|Pipiens|2022|29","FC-062","SW","FC",2022,29,2022-07-20,"L","Pipiens","culex",5
"FC062|Tarsalis|2022|29","FC-062","SW","FC",2022,29,2022-07-20,"L","Tarsalis","culex",9
"FC062|Pipiens|2022|30","FC-062","SW","FC",2022,30,2022-07-27,"L","Pipiens","culex",4
"FC062|Tarsalis|2022|30","FC-062","SW","FC",2022,30,2022-07-27,"L","Tarsalis","culex",10
"FC062|Pipiens|2022|31","FC-062","SW","FC",2022,31,2022-08-03,"L","Pipiens","culex",6
"FC062|Tarsalis|2022|31","FC-062","SW","FC",2022,31,2022-08-03,"L","Tarsalis","culex",21
"FC062|Pipiens|2022|32","FC-062","SW","FC",2022,32,2022-08-10,"L","Pipiens","culex",13
"FC062|Tarsalis|2022|32","FC-062","SW","FC",2022,32,2022-08-10,"L","Tarsalis","culex",75
"FC062|Pipiens|2022|33","FC-062","SW","FC",2022,33,2022-08-17,"L","Pipiens","culex",10
"FC062|Tarsalis|2022|33","FC-062","SW","FC",2022,33,2022-08-17,"L","Tarsalis","culex",11
"FC062|Pipiens|2022|34","FC-062","SW","FC",2022,34,2022-08-24,"L","Pipiens","culex",10
"FC062|Tarsalis|2022|34","FC-062","SW","FC",2022,34,2022-08-24,"L","Tarsalis","culex",10
"FC062|Pipiens|2022|36","FC-062","SW","FC",2022,36,2022-09-07,"L","Pipiens","culex",0
"FC062|Tarsalis|2022|36","FC-062","SW","FC",2022,36,2022-09-07,"L","Tarsalis","culex",2
"FC062|Pipiens|2022|37","FC-062","SW","FC",2022,37,2022-09-12,"L","Pipiens","culex",4
"FC062|Tarsalis|2022|37","FC-062","SW","FC",2022,37,2022-09-12,"L","Tarsalis","culex",3
"FC062|Pipiens|2023|23","FC-062","SW","FC",2023,23,2023-06-07,"L","Pipiens","culex",5
"FC062|Tarsalis|2023|23","FC-062","SW","FC",2023,23,2023-06-07,"L","Tarsalis","culex",2
"FC062|Pipiens|2023|24","FC-062","SW","FC",2023,24,2023-06-14,"L","Pipiens","culex",1
"FC062|Tarsalis|2023|24","FC-062","SW","FC",2023,24,2023-06-14,"L","Tarsalis","culex",1
"FC062|Pipiens|2023|25","FC-062","SW","FC",2023,25,2023-06-21,"L","Pipiens","culex",1
"FC062|Tarsalis|2023|25","FC-062","SW","FC",2023,25,2023-06-21,"L","Tarsalis","culex",7
"FC062|Pipiens|2023|26","FC-062","SW","FC",2023,26,2023-06-28,"L","Pipiens","culex",22
"FC062|Tarsalis|2023|26","FC-062","SW","FC",2023,26,2023-06-28,"L","Tarsalis","culex",142
"FC062|Pipiens|2023|27","FC-062","SW","FC",2023,27,2023-07-05,"L","Pipiens","culex",0
"FC062|Tarsalis|2023|27","FC-062","SW","FC",2023,27,2023-07-05,"L","Tarsalis","culex",18
"FC062|Pipiens|2023|28","FC-062","SW","FC",2023,28,2023-07-12,"L","Pipiens","culex",0
"FC062|Tarsalis|2023|28","FC-062","SW","FC",2023,28,2023-07-12,"L","Tarsalis","culex",44
"FC062|Pipiens|2023|29","FC-062","SW","FC",2023,29,2023-07-19,"L","Pipiens","culex",49
"FC062|Tarsalis|2023|29","FC-062","SW","FC",2023,29,2023-07-19,"L","Tarsalis","culex",319
"FC062|Pipiens|2023|31","FC-062","SW","FC",2023,31,2023-08-02,"L","Pipiens","culex",6
"FC062|Tarsalis|2023|31","FC-062","SW","FC",2023,31,2023-08-02,"L","Tarsalis","culex",11
"FC062|Pipiens|2023|33","FC-062","SW","FC",2023,33,2023-08-16,"L","Pipiens","culex",0
"FC062|Tarsalis|2023|33","FC-062","SW","FC",2023,33,2023-08-16,"L","Tarsalis","culex",18
"FC062|Pipiens|2023|34","FC-062","SW","FC",2023,34,2023-08-23,"L","Pipiens","culex",2
"FC062|Tarsalis|2023|34","FC-062","SW","FC",2023,34,2023-08-23,"L","Tarsalis","culex",29
"FC062|Pipiens|2023|35","FC-062","SW","FC",2023,35,2023-08-30,"L","Pipiens","culex",1
"FC062|Tarsalis|2023|35","FC-062","SW","FC",2023,35,2023-08-30,"L","Tarsalis","culex",3
"FC062|Pipiens|2023|36","FC-062","SW","FC",2023,36,2023-09-05,"L","Pipiens","culex",3
"FC062|Tarsalis|2023|36","FC-062","SW","FC",2023,36,2023-09-05,"L","Tarsalis","culex",0
"FC062|Pipiens|2023|37","FC-062","SW","FC",2023,37,2023-09-12,"L","Pipiens","culex",1
"FC062|Tarsalis|2023|37","FC-062","SW","FC",2023,37,2023-09-12,"L","Tarsalis","culex",0
"FC062|Pipiens|2024|24","FC-062","SW","FC",2024,24,2024-06-12,"L","Pipiens","culex",3
"FC062|Tarsalis|2024|24","FC-062","SW","FC",2024,24,2024-06-12,"L","Tarsalis","culex",1
"FC062|Pipiens|2024|26","FC-062","SW","FC",2024,26,2024-06-27,"L","Pipiens","culex",0
"FC062|Tarsalis|2024|26","FC-062","SW","FC",2024,26,2024-06-27,"L","Tarsalis","culex",1
"FC062|Pipiens|2024|27","FC-062","SW","FC",2024,27,2024-07-03,"L","Pipiens","culex",4
"FC062|Tarsalis|2024|27","FC-062","SW","FC",2024,27,2024-07-03,"L","Tarsalis","culex",0
"FC062|Pipiens|2024|29","FC-062","SW","FC",2024,29,2024-07-18,"L","Pipiens","culex",5
"FC062|Tarsalis|2024|29","FC-062","SW","FC",2024,29,2024-07-18,"L","Tarsalis","culex",2
"FC062|Pipiens|2024|30","FC-062","SW","FC",2024,30,2024-07-25,"L","Pipiens","culex",7
"FC062|Tarsalis|2024|30","FC-062","SW","FC",2024,30,2024-07-25,"L","Tarsalis","culex",6
"FC062|Pipiens|2024|31","FC-062","SW","FC",2024,31,2024-08-01,"L","Pipiens","culex",10
"FC062|Tarsalis|2024|31","FC-062","SW","FC",2024,31,2024-08-01,"L","Tarsalis","culex",3
"FC062|Pipiens|2024|32","FC-062","SW","FC",2024,32,2024-08-08,"L","Pipiens","culex",4
"FC062|Tarsalis|2024|32","FC-062","SW","FC",2024,32,2024-08-08,"L","Tarsalis","culex",9
"FC062|Pipiens|2024|33","FC-062","SW","FC",2024,33,2024-08-15,"L","Pipiens","culex",2
"FC062|Tarsalis|2024|33","FC-062","SW","FC",2024,33,2024-08-15,"L","Tarsalis","culex",10
"FC062|Pipiens|2024|34","FC-062","SW","FC",2024,34,2024-08-22,"L","Pipiens","culex",4
"FC062|Tarsalis|2024|34","FC-062","SW","FC",2024,34,2024-08-22,"L","Tarsalis","culex",1
"FC062|Pipiens|2024|35","FC-062","SW","FC",2024,35,2024-08-29,"L","Pipiens","culex",5
"FC062|Tarsalis|2024|35","FC-062","SW","FC",2024,35,2024-08-29,"L","Tarsalis","culex",2
"FC062|Pipiens|2024|36","FC-062","SW","FC",2024,36,2024-09-05,"L","Pipiens","culex",1
"FC062|Tarsalis|2024|36","FC-062","SW","FC",2024,36,2024-09-05,"L","Tarsalis","culex",2
"FC062|Pipiens|2025|25","FC-062","SW","FC",2025,25,2025-06-19,"L","Pipiens","culex",1
"FC062|Tarsalis|2025|25","FC-062","SW","FC",2025,25,2025-06-19,"L","Tarsalis","culex",2
"FC062|Pipiens|2025|26","FC-062","SW","FC",2025,26,2025-06-26,"L","Pipiens","culex",3
"FC062|Tarsalis|2025|26","FC-062","SW","FC",2025,26,2025-06-26,"L","Tarsalis","culex",7
"FC062|Pipiens|2025|27","FC-062","SW","FC",2025,27,2025-07-03,"L","Pipiens","culex",2
"FC062|Tarsalis|2025|27","FC-062","SW","FC",2025,27,2025-07-03,"L","Tarsalis","culex",21
"FC062|Pipiens|2025|28","FC-062","SW","FC",2025,28,2025-07-10,"L","Pipiens","culex",2
"FC062|Tarsalis|2025|28","FC-062","SW","FC",2025,28,2025-07-10,"L","Tarsalis","culex",112
"FC062|Pipiens|2025|29","FC-062","SW","FC",2025,29,2025-07-17,"L","Pipiens","culex",12
"FC062|Tarsalis|2025|29","FC-062","SW","FC",2025,29,2025-07-17,"L","Tarsalis","culex",37
"FC062|Pipiens|2025|30","FC-062","SW","FC",2025,30,2025-07-24,"L","Pipiens","culex",0
"FC062|Tarsalis|2025|30","FC-062","SW","FC",2025,30,2025-07-24,"L","Tarsalis","culex",12
"FC062|Pipiens|2025|31","FC-062","SW","FC",2025,31,2025-07-31,"L","Pipiens","culex",15
"FC062|Tarsalis|2025|31","FC-062","SW","FC",2025,31,2025-07-31,"L","Tarsalis","culex",20
"FC062|Pipiens|2025|32","FC-062","SW","FC",2025,32,2025-08-07,"L","Pipiens","culex",11
"FC062|Tarsalis|2025|32","FC-062","SW","FC",2025,32,2025-08-07,"L","Tarsalis","culex",12
"FC062|Pipiens|2025|33","FC-062","SW","FC",2025,33,2025-08-14,"L","Pipiens","culex",4
"FC062|Tarsalis|2025|33","FC-062","SW","FC",2025,33,2025-08-14,"L","Tarsalis","culex",23
"FC062|Pipiens|2025|34","FC-062","SW","FC",2025,34,2025-08-21,"L","Pipiens","culex",19
"FC062|Tarsalis|2025|34","FC-062","SW","FC",2025,34,2025-08-21,"L","Tarsalis","culex",5
"FC062|Pipiens|2025|35","FC-062","SW","FC",2025,35,2025-08-28,"L","Pipiens","culex",1
"FC062|Tarsalis|2025|35","FC-062","SW","FC",2025,35,2025-08-28,"L","Tarsalis","culex",9
"FC062|Pipiens|2025|36","FC-062","SW","FC",2025,36,2025-09-04,"L","Pipiens","culex",5
"FC062|Tarsalis|2025|36","FC-062","SW","FC",2025,36,2025-09-04,"L","Tarsalis","culex",4
"FC063|Pipiens|2020|23","FC-063","NW","FC",2020,23,2020-06-02,"L","Pipiens","culex",0
"FC063|Tarsalis|2020|23","FC-063","NW","FC",2020,23,2020-06-02,"L","Tarsalis","culex",1
"FC063|Pipiens|2020|27","FC-063","NW","FC",2020,27,2020-06-30,"L","Pipiens","culex",2
"FC063|Tarsalis|2020|27","FC-063","NW","FC",2020,27,2020-06-30,"L","Tarsalis","culex",1
"FC063|Pipiens|2020|29","FC-063","NW","FC",2020,29,2020-07-14,"L","Pipiens","culex",0
"FC063|Tarsalis|2020|29","FC-063","NW","FC",2020,29,2020-07-14,"L","Tarsalis","culex",3
"FC063|Pipiens|2020|30","FC-063","NW","FC",2020,30,2020-07-21,"L","Pipiens","culex",5
"FC063|Tarsalis|2020|30","FC-063","NW","FC",2020,30,2020-07-21,"L","Tarsalis","culex",6
"FC063|Pipiens|2020|31","FC-063","NW","FC",2020,31,2020-07-28,"L","Pipiens","culex",3
"FC063|Tarsalis|2020|31","FC-063","NW","FC",2020,31,2020-07-28,"L","Tarsalis","culex",2
"FC063|Pipiens|2020|32","FC-063","NW","FC",2020,32,2020-08-04,"L","Pipiens","culex",0
"FC063|Tarsalis|2020|32","FC-063","NW","FC",2020,32,2020-08-04,"L","Tarsalis","culex",6
"FC063|Pipiens|2020|33","FC-063","NW","FC",2020,33,2020-08-11,"L","Pipiens","culex",2
"FC063|Tarsalis|2020|33","FC-063","NW","FC",2020,33,2020-08-11,"L","Tarsalis","culex",3
"FC063|Pipiens|2020|34","FC-063","NW","FC",2020,34,2020-08-18,"L","Pipiens","culex",0
"FC063|Tarsalis|2020|34","FC-063","NW","FC",2020,34,2020-08-18,"L","Tarsalis","culex",2
"FC063|Pipiens|2020|35","FC-063","NW","FC",2020,35,2020-08-25,"L","Pipiens","culex",3
"FC063|Tarsalis|2020|35","FC-063","NW","FC",2020,35,2020-08-25,"L","Tarsalis","culex",2
"FC063|Pipiens|2020|36","FC-063","NW","FC",2020,36,2020-09-01,"L","Pipiens","culex",1
"FC063|Tarsalis|2020|36","FC-063","NW","FC",2020,36,2020-09-01,"L","Tarsalis","culex",1
"FC063|Pipiens|2021|25","FC-063","NW","FC",2021,25,2021-06-22,"L","Pipiens","culex",0
"FC063|Tarsalis|2021|25","FC-063","NW","FC",2021,25,2021-06-22,"L","Tarsalis","culex",3
"FC063|Pipiens|2021|26","FC-063","NW","FC",2021,26,2021-06-29,"L","Pipiens","culex",1
"FC063|Tarsalis|2021|26","FC-063","NW","FC",2021,26,2021-06-29,"L","Tarsalis","culex",8
"FC063|Pipiens|2021|27","FC-063","NW","FC",2021,27,2021-07-06,"L","Pipiens","culex",1
"FC063|Tarsalis|2021|27","FC-063","NW","FC",2021,27,2021-07-06,"L","Tarsalis","culex",1
"FC063|Pipiens|2021|28","FC-063","NW","FC",2021,28,2021-07-13,"L","Pipiens","culex",2
"FC063|Tarsalis|2021|28","FC-063","NW","FC",2021,28,2021-07-13,"L","Tarsalis","culex",8
"FC063|Pipiens|2021|29","FC-063","NW","FC",2021,29,2021-07-20,"L","Pipiens","culex",0
"FC063|Tarsalis|2021|29","FC-063","NW","FC",2021,29,2021-07-20,"L","Tarsalis","culex",15
"FC063|Pipiens|2021|30","FC-063","NW","FC",2021,30,2021-07-27,"L","Pipiens","culex",3
"FC063|Tarsalis|2021|30","FC-063","NW","FC",2021,30,2021-07-27,"L","Tarsalis","culex",10
"FC063|Pipiens|2021|31","FC-063","NW","FC",2021,31,2021-08-03,"L","Pipiens","culex",5
"FC063|Tarsalis|2021|31","FC-063","NW","FC",2021,31,2021-08-03,"L","Tarsalis","culex",3
"FC063|Pipiens|2021|32","FC-063","NW","FC",2021,32,2021-08-10,"L","Pipiens","culex",2
"FC063|Tarsalis|2021|32","FC-063","NW","FC",2021,32,2021-08-10,"L","Tarsalis","culex",3
"FC063|Pipiens|2021|33","FC-063","NW","FC",2021,33,2021-08-17,"L","Pipiens","culex",2
"FC063|Tarsalis|2021|33","FC-063","NW","FC",2021,33,2021-08-17,"L","Tarsalis","culex",5
"FC063|Pipiens|2021|34","FC-063","NW","FC",2021,34,2021-08-24,"L","Pipiens","culex",3
"FC063|Tarsalis|2021|34","FC-063","NW","FC",2021,34,2021-08-24,"L","Tarsalis","culex",2
"FC063|Pipiens|2021|35","FC-063","NW","FC",2021,35,2021-08-31,"L","Pipiens","culex",1
"FC063|Tarsalis|2021|35","FC-063","NW","FC",2021,35,2021-08-31,"L","Tarsalis","culex",0
"FC063|Pipiens|2021|36","FC-063","NW","FC",2021,36,2021-09-07,"L","Pipiens","culex",2
"FC063|Tarsalis|2021|36","FC-063","NW","FC",2021,36,2021-09-07,"L","Tarsalis","culex",0
"FC063|Pipiens|2022|23","FC-063","NW","FC",2022,23,2022-06-07,"L","Pipiens","culex",1
"FC063|Tarsalis|2022|23","FC-063","NW","FC",2022,23,2022-06-07,"L","Tarsalis","culex",2
"FC063|Pipiens|2022|24","FC-063","NW","FC",2022,24,2022-06-14,"L","Pipiens","culex",0
"FC063|Tarsalis|2022|24","FC-063","NW","FC",2022,24,2022-06-14,"L","Tarsalis","culex",3
"FC063|Pipiens|2022|27","FC-063","NW","FC",2022,27,2022-07-06,"L","Pipiens","culex",1
"FC063|Tarsalis|2022|27","FC-063","NW","FC",2022,27,2022-07-06,"L","Tarsalis","culex",2
"FC063|Pipiens|2022|28","FC-063","NW","FC",2022,28,2022-07-12,"L","Pipiens","culex",0
"FC063|Tarsalis|2022|28","FC-063","NW","FC",2022,28,2022-07-12,"L","Tarsalis","culex",6
"FC063|Pipiens|2022|29","FC-063","NW","FC",2022,29,2022-07-19,"L","Pipiens","culex",0
"FC063|Tarsalis|2022|29","FC-063","NW","FC",2022,29,2022-07-19,"L","Tarsalis","culex",24
"FC063|Pipiens|2022|30","FC-063","NW","FC",2022,30,2022-07-26,"L","Pipiens","culex",3
"FC063|Tarsalis|2022|30","FC-063","NW","FC",2022,30,2022-07-26,"L","Tarsalis","culex",18
"FC063|Pipiens|2022|31","FC-063","NW","FC",2022,31,2022-08-02,"L","Pipiens","culex",4
"FC063|Tarsalis|2022|31","FC-063","NW","FC",2022,31,2022-08-02,"L","Tarsalis","culex",8
"FC063|Pipiens|2022|32","FC-063","NW","FC",2022,32,2022-08-09,"L","Pipiens","culex",2
"FC063|Tarsalis|2022|32","FC-063","NW","FC",2022,32,2022-08-09,"L","Tarsalis","culex",5
"FC063|Pipiens|2022|33","FC-063","NW","FC",2022,33,2022-08-16,"L","Pipiens","culex",2
"FC063|Tarsalis|2022|33","FC-063","NW","FC",2022,33,2022-08-16,"L","Tarsalis","culex",2
"FC063|Pipiens|2022|34","FC-063","NW","FC",2022,34,2022-08-23,"L","Pipiens","culex",1
"FC063|Tarsalis|2022|34","FC-063","NW","FC",2022,34,2022-08-23,"L","Tarsalis","culex",10
"FC063|Pipiens|2022|35","FC-063","NW","FC",2022,35,2022-08-31,"L","Pipiens","culex",1
"FC063|Tarsalis|2022|35","FC-063","NW","FC",2022,35,2022-08-31,"L","Tarsalis","culex",1
"FC063|Pipiens|2022|36","FC-063","NW","FC",2022,36,2022-09-06,"L","Pipiens","culex",0
"FC063|Tarsalis|2022|36","FC-063","NW","FC",2022,36,2022-09-06,"L","Tarsalis","culex",1
"FC063|Pipiens|2022|37","FC-063","NW","FC",2022,37,2022-09-13,"L","Pipiens","culex",1
"FC063|Tarsalis|2022|37","FC-063","NW","FC",2022,37,2022-09-13,"L","Tarsalis","culex",0
"FC063|Pipiens|2023|26","FC-063","NW","FC",2023,26,2023-06-27,"L","Pipiens","culex",0
"FC063|Tarsalis|2023|26","FC-063","NW","FC",2023,26,2023-06-27,"L","Tarsalis","culex",11
"FC063|Pipiens|2023|27","FC-063","NW","FC",2023,27,2023-07-05,"L","Pipiens","culex",0
"FC063|Tarsalis|2023|27","FC-063","NW","FC",2023,27,2023-07-05,"L","Tarsalis","culex",10
"FC063|Pipiens|2023|28","FC-063","NW","FC",2023,28,2023-07-11,"L","Pipiens","culex",0
"FC063|Tarsalis|2023|28","FC-063","NW","FC",2023,28,2023-07-11,"L","Tarsalis","culex",6
"FC063|Pipiens|2023|29","FC-063","NW","FC",2023,29,2023-07-18,"L","Pipiens","culex",24
"FC063|Tarsalis|2023|29","FC-063","NW","FC",2023,29,2023-07-18,"L","Tarsalis","culex",132
"FC063|Pipiens|2023|30","FC-063","NW","FC",2023,30,2023-07-26,"L","Pipiens","culex",8
"FC063|Tarsalis|2023|30","FC-063","NW","FC",2023,30,2023-07-26,"L","Tarsalis","culex",35
"FC063|Pipiens|2023|33","FC-063","NW","FC",2023,33,2023-08-15,"L","Pipiens","culex",4
"FC063|Tarsalis|2023|33","FC-063","NW","FC",2023,33,2023-08-15,"L","Tarsalis","culex",0
"FC063|Pipiens|2023|34","FC-063","NW","FC",2023,34,2023-08-22,"L","Pipiens","culex",4
"FC063|Tarsalis|2023|34","FC-063","NW","FC",2023,34,2023-08-22,"L","Tarsalis","culex",11
"FC063|Pipiens|2023|35","FC-063","NW","FC",2023,35,2023-08-29,"L","Pipiens","culex",0
"FC063|Tarsalis|2023|35","FC-063","NW","FC",2023,35,2023-08-29,"L","Tarsalis","culex",3
"FC063|Pipiens|2023|36","FC-063","NW","FC",2023,36,2023-09-06,"L","Pipiens","culex",1
"FC063|Tarsalis|2023|36","FC-063","NW","FC",2023,36,2023-09-06,"L","Tarsalis","culex",0
"FC063|Pipiens|2023|37","FC-063","NW","FC",2023,37,2023-09-11,"L","Pipiens","culex",1
"FC063|Tarsalis|2023|37","FC-063","NW","FC",2023,37,2023-09-11,"L","Tarsalis","culex",0
"FC063|Pipiens|2024|23","FC-063","NW","FC",2024,23,2024-06-04,"L","Pipiens","culex",0
"FC063|Tarsalis|2024|23","FC-063","NW","FC",2024,23,2024-06-04,"L","Tarsalis","culex",1
"FC063|Pipiens|2024|26","FC-063","NW","FC",2024,26,2024-06-26,"L","Pipiens","culex",0
"FC063|Tarsalis|2024|26","FC-063","NW","FC",2024,26,2024-06-26,"L","Tarsalis","culex",1
"FC063|Pipiens|2024|28","FC-063","NW","FC",2024,28,2024-07-10,"L","Pipiens","culex",3
"FC063|Tarsalis|2024|28","FC-063","NW","FC",2024,28,2024-07-10,"L","Tarsalis","culex",3
"FC063|Pipiens|2024|29","FC-063","NW","FC",2024,29,2024-07-17,"L","Pipiens","culex",4
"FC063|Tarsalis|2024|29","FC-063","NW","FC",2024,29,2024-07-17,"L","Tarsalis","culex",3
"FC063|Pipiens|2024|30","FC-063","NW","FC",2024,30,2024-07-24,"L","Pipiens","culex",2
"FC063|Tarsalis|2024|30","FC-063","NW","FC",2024,30,2024-07-24,"L","Tarsalis","culex",0
"FC063|Pipiens|2024|31","FC-063","NW","FC",2024,31,2024-07-31,"L","Pipiens","culex",1
"FC063|Tarsalis|2024|31","FC-063","NW","FC",2024,31,2024-07-31,"L","Tarsalis","culex",1
"FC063|Pipiens|2024|32","FC-063","NW","FC",2024,32,2024-08-07,"L","Pipiens","culex",2
"FC063|Tarsalis|2024|32","FC-063","NW","FC",2024,32,2024-08-07,"L","Tarsalis","culex",5
"FC063|Pipiens|2024|33","FC-063","NW","FC",2024,33,2024-08-14,"L","Pipiens","culex",1
"FC063|Tarsalis|2024|33","FC-063","NW","FC",2024,33,2024-08-14,"L","Tarsalis","culex",2
"FC063|Pipiens|2024|34","FC-063","NW","FC",2024,34,2024-08-21,"L","Pipiens","culex",3
"FC063|Tarsalis|2024|34","FC-063","NW","FC",2024,34,2024-08-21,"L","Tarsalis","culex",3
"FC063|Pipiens|2024|35","FC-063","NW","FC",2024,35,2024-08-28,"L","Pipiens","culex",2
"FC063|Tarsalis|2024|35","FC-063","NW","FC",2024,35,2024-08-28,"L","Tarsalis","culex",4
"FC063|Pipiens|2024|37","FC-063","NW","FC",2024,37,2024-09-11,"L","Pipiens","culex",1
"FC063|Tarsalis|2024|37","FC-063","NW","FC",2024,37,2024-09-11,"L","Tarsalis","culex",0
"FC063|Pipiens|2025|25","FC-063","NW","FC",2025,25,2025-06-18,"L","Pipiens","culex",0
"FC063|Tarsalis|2025|25","FC-063","NW","FC",2025,25,2025-06-18,"L","Tarsalis","culex",1
"FC063|Pipiens|2025|26","FC-063","NW","FC",2025,26,2025-06-25,"L","Pipiens","culex",0
"FC063|Tarsalis|2025|26","FC-063","NW","FC",2025,26,2025-06-25,"L","Tarsalis","culex",11
"FC063|Pipiens|2025|27","FC-063","NW","FC",2025,27,2025-07-02,"L","Pipiens","culex",3
"FC063|Tarsalis|2025|27","FC-063","NW","FC",2025,27,2025-07-02,"L","Tarsalis","culex",5
"FC063|Pipiens|2025|28","FC-063","NW","FC",2025,28,2025-07-09,"L","Pipiens","culex",2
"FC063|Tarsalis|2025|28","FC-063","NW","FC",2025,28,2025-07-09,"L","Tarsalis","culex",3
"FC063|Pipiens|2025|29","FC-063","NW","FC",2025,29,2025-07-16,"L","Pipiens","culex",4
"FC063|Tarsalis|2025|29","FC-063","NW","FC",2025,29,2025-07-16,"L","Tarsalis","culex",13
"FC063|Pipiens|2025|30","FC-063","NW","FC",2025,30,2025-07-23,"L","Pipiens","culex",1
"FC063|Tarsalis|2025|30","FC-063","NW","FC",2025,30,2025-07-23,"L","Tarsalis","culex",6
"FC063|Pipiens|2025|31","FC-063","NW","FC",2025,31,2025-07-30,"L","Pipiens","culex",2
"FC063|Tarsalis|2025|31","FC-063","NW","FC",2025,31,2025-07-30,"L","Tarsalis","culex",4
"FC063|Pipiens|2025|32","FC-063","NW","FC",2025,32,2025-08-06,"L","Pipiens","culex",0
"FC063|Tarsalis|2025|32","FC-063","NW","FC",2025,32,2025-08-06,"L","Tarsalis","culex",8
"FC063|Pipiens|2025|33","FC-063","NW","FC",2025,33,2025-08-13,"L","Pipiens","culex",3
"FC063|Tarsalis|2025|33","FC-063","NW","FC",2025,33,2025-08-13,"L","Tarsalis","culex",2
"FC063|Pipiens|2025|35","FC-063","NW","FC",2025,35,2025-08-27,"L","Pipiens","culex",2
"FC063|Tarsalis|2025|35","FC-063","NW","FC",2025,35,2025-08-27,"L","Tarsalis","culex",2
"FC063|Pipiens|2025|36","FC-063","NW","FC",2025,36,2025-09-03,"L","Pipiens","culex",0
"FC063|Tarsalis|2025|36","FC-063","NW","FC",2025,36,2025-09-03,"L","Tarsalis","culex",3
"FC063GR|Pipiens|2020|23","FC-063GR","NW","FC",2020,23,2020-06-02,"G","Pipiens","culex",6
"FC063GR|Tarsalis|2020|23","FC-063GR","NW","FC",2020,23,2020-06-02,"G","Tarsalis","culex",0
"FC063GR|Pipiens|2020|24","FC-063GR","NW","FC",2020,24,2020-06-09,"G","Pipiens","culex",3
"FC063GR|Tarsalis|2020|24","FC-063GR","NW","FC",2020,24,2020-06-09,"G","Tarsalis","culex",0
"FC063GR|Pipiens|2020|25","FC-063GR","NW","FC",2020,25,2020-06-16,"G","Pipiens","culex",17
"FC063GR|Tarsalis|2020|25","FC-063GR","NW","FC",2020,25,2020-06-16,"G","Tarsalis","culex",0
"FC063GR|Pipiens|2020|26","FC-063GR","NW","FC",2020,26,2020-06-23,"G","Pipiens","culex",2
"FC063GR|Tarsalis|2020|26","FC-063GR","NW","FC",2020,26,2020-06-23,"G","Tarsalis","culex",0
"FC063GR|Pipiens|2020|27","FC-063GR","NW","FC",2020,27,2020-06-30,"G","Pipiens","culex",9
"FC063GR|Tarsalis|2020|27","FC-063GR","NW","FC",2020,27,2020-06-30,"G","Tarsalis","culex",0
"FC063GR|Pipiens|2020|28","FC-063GR","NW","FC",2020,28,2020-07-07,"G","Pipiens","culex",82
"FC063GR|Tarsalis|2020|28","FC-063GR","NW","FC",2020,28,2020-07-07,"G","Tarsalis","culex",0
"FC063GR|Pipiens|2020|29","FC-063GR","NW","FC",2020,29,2020-07-14,"G","Pipiens","culex",46
"FC063GR|Tarsalis|2020|29","FC-063GR","NW","FC",2020,29,2020-07-14,"G","Tarsalis","culex",0
"FC063GR|Pipiens|2020|30","FC-063GR","NW","FC",2020,30,2020-07-21,"G","Pipiens","culex",24
"FC063GR|Tarsalis|2020|30","FC-063GR","NW","FC",2020,30,2020-07-21,"G","Tarsalis","culex",0
"FC063GR|Pipiens|2020|31","FC-063GR","NW","FC",2020,31,2020-07-28,"G","Pipiens","culex",60
"FC063GR|Tarsalis|2020|31","FC-063GR","NW","FC",2020,31,2020-07-28,"G","Tarsalis","culex",0
"FC063GR|Pipiens|2020|32","FC-063GR","NW","FC",2020,32,2020-08-04,"G","Pipiens","culex",50
"FC063GR|Tarsalis|2020|32","FC-063GR","NW","FC",2020,32,2020-08-04,"G","Tarsalis","culex",0
"FC063GR|Pipiens|2020|33","FC-063GR","NW","FC",2020,33,2020-08-11,"G","Pipiens","culex",78
"FC063GR|Tarsalis|2020|33","FC-063GR","NW","FC",2020,33,2020-08-11,"G","Tarsalis","culex",0
"FC063GR|Pipiens|2020|34","FC-063GR","NW","FC",2020,34,2020-08-18,"G","Pipiens","culex",245
"FC063GR|Tarsalis|2020|34","FC-063GR","NW","FC",2020,34,2020-08-18,"G","Tarsalis","culex",0
"FC063GR|Pipiens|2020|35","FC-063GR","NW","FC",2020,35,2020-08-25,"G","Pipiens","culex",47
"FC063GR|Tarsalis|2020|35","FC-063GR","NW","FC",2020,35,2020-08-25,"G","Tarsalis","culex",0
"FC063GR|Pipiens|2020|36","FC-063GR","NW","FC",2020,36,2020-09-01,"G","Pipiens","culex",29
"FC063GR|Tarsalis|2020|36","FC-063GR","NW","FC",2020,36,2020-09-01,"G","Tarsalis","culex",0
"FC063GR|Pipiens|2021|25","FC-063GR","NW","FC",2021,25,2021-06-22,"G","Pipiens","culex",25
"FC063GR|Tarsalis|2021|25","FC-063GR","NW","FC",2021,25,2021-06-22,"G","Tarsalis","culex",0
"FC063GR|Pipiens|2021|26","FC-063GR","NW","FC",2021,26,2021-06-29,"G","Pipiens","culex",2
"FC063GR|Tarsalis|2021|26","FC-063GR","NW","FC",2021,26,2021-06-29,"G","Tarsalis","culex",0
"FC063GR|Pipiens|2021|27","FC-063GR","NW","FC",2021,27,2021-07-06,"G","Pipiens","culex",169
"FC063GR|Tarsalis|2021|27","FC-063GR","NW","FC",2021,27,2021-07-06,"G","Tarsalis","culex",0
"FC063GR|Pipiens|2021|28","FC-063GR","NW","FC",2021,28,2021-07-13,"G","Pipiens","culex",22
"FC063GR|Tarsalis|2021|28","FC-063GR","NW","FC",2021,28,2021-07-13,"G","Tarsalis","culex",0
"FC063GR|Pipiens|2021|29","FC-063GR","NW","FC",2021,29,2021-07-20,"G","Pipiens","culex",4
"FC063GR|Tarsalis|2021|29","FC-063GR","NW","FC",2021,29,2021-07-20,"G","Tarsalis","culex",0
"FC063GR|Pipiens|2021|30","FC-063GR","NW","FC",2021,30,2021-07-27,"G","Pipiens","culex",106
"FC063GR|Tarsalis|2021|30","FC-063GR","NW","FC",2021,30,2021-07-27,"G","Tarsalis","culex",1
"FC063GR|Pipiens|2021|31","FC-063GR","NW","FC",2021,31,2021-08-03,"G","Pipiens","culex",4
"FC063GR|Tarsalis|2021|31","FC-063GR","NW","FC",2021,31,2021-08-03,"G","Tarsalis","culex",0
"FC063GR|Pipiens|2021|32","FC-063GR","NW","FC",2021,32,2021-08-10,"G","Pipiens","culex",76
"FC063GR|Tarsalis|2021|32","FC-063GR","NW","FC",2021,32,2021-08-10,"G","Tarsalis","culex",0
"FC063GR|Pipiens|2021|33","FC-063GR","NW","FC",2021,33,2021-08-17,"G","Pipiens","culex",63
"FC063GR|Tarsalis|2021|33","FC-063GR","NW","FC",2021,33,2021-08-17,"G","Tarsalis","culex",0
"FC063GR|Pipiens|2021|34","FC-063GR","NW","FC",2021,34,2021-08-24,"G","Pipiens","culex",93
"FC063GR|Tarsalis|2021|34","FC-063GR","NW","FC",2021,34,2021-08-24,"G","Tarsalis","culex",0
"FC063GR|Pipiens|2021|35","FC-063GR","NW","FC",2021,35,2021-08-31,"G","Pipiens","culex",48
"FC063GR|Tarsalis|2021|35","FC-063GR","NW","FC",2021,35,2021-08-31,"G","Tarsalis","culex",0
"FC063GR|Pipiens|2021|36","FC-063GR","NW","FC",2021,36,2021-09-07,"G","Pipiens","culex",35
"FC063GR|Tarsalis|2021|36","FC-063GR","NW","FC",2021,36,2021-09-07,"G","Tarsalis","culex",0
"FC063GR|Pipiens|2022|23","FC-063GR","NW","FC",2022,23,2022-06-07,"G","Pipiens","culex",1
"FC063GR|Tarsalis|2022|23","FC-063GR","NW","FC",2022,23,2022-06-07,"G","Tarsalis","culex",0
"FC063GR|Pipiens|2022|24","FC-063GR","NW","FC",2022,24,2022-06-14,"G","Pipiens","culex",2
"FC063GR|Tarsalis|2022|24","FC-063GR","NW","FC",2022,24,2022-06-14,"G","Tarsalis","culex",1
"FC063GR|Pipiens|2022|26","FC-063GR","NW","FC",2022,26,2022-06-29,"G","Pipiens","culex",16
"FC063GR|Tarsalis|2022|26","FC-063GR","NW","FC",2022,26,2022-06-29,"G","Tarsalis","culex",0
"FC063GR|Pipiens|2022|27","FC-063GR","NW","FC",2022,27,2022-07-06,"G","Pipiens","culex",12
"FC063GR|Tarsalis|2022|27","FC-063GR","NW","FC",2022,27,2022-07-06,"G","Tarsalis","culex",0
"FC063GR|Pipiens|2022|28","FC-063GR","NW","FC",2022,28,2022-07-12,"G","Pipiens","culex",19
"FC063GR|Tarsalis|2022|28","FC-063GR","NW","FC",2022,28,2022-07-12,"G","Tarsalis","culex",0
"FC063GR|Pipiens|2022|29","FC-063GR","NW","FC",2022,29,2022-07-19,"G","Pipiens","culex",67
"FC063GR|Tarsalis|2022|29","FC-063GR","NW","FC",2022,29,2022-07-19,"G","Tarsalis","culex",0
"FC063GR|Pipiens|2022|30","FC-063GR","NW","FC",2022,30,2022-07-26,"G","Pipiens","culex",25
"FC063GR|Tarsalis|2022|30","FC-063GR","NW","FC",2022,30,2022-07-26,"G","Tarsalis","culex",0
"FC063GR|Pipiens|2022|31","FC-063GR","NW","FC",2022,31,2022-08-02,"G","Pipiens","culex",16
"FC063GR|Tarsalis|2022|31","FC-063GR","NW","FC",2022,31,2022-08-02,"G","Tarsalis","culex",0
"FC063GR|Pipiens|2022|32","FC-063GR","NW","FC",2022,32,2022-08-09,"G","Pipiens","culex",30
"FC063GR|Tarsalis|2022|32","FC-063GR","NW","FC",2022,32,2022-08-09,"G","Tarsalis","culex",0
"FC063GR|Pipiens|2022|33","FC-063GR","NW","FC",2022,33,2022-08-16,"G","Pipiens","culex",7
"FC063GR|Tarsalis|2022|33","FC-063GR","NW","FC",2022,33,2022-08-16,"G","Tarsalis","culex",0
"FC063GR|Pipiens|2022|34","FC-063GR","NW","FC",2022,34,2022-08-23,"G","Pipiens","culex",43
"FC063GR|Tarsalis|2022|34","FC-063GR","NW","FC",2022,34,2022-08-23,"G","Tarsalis","culex",0
"FC063GR|Pipiens|2022|35","FC-063GR","NW","FC",2022,35,2022-08-31,"G","Pipiens","culex",21
"FC063GR|Tarsalis|2022|35","FC-063GR","NW","FC",2022,35,2022-08-31,"G","Tarsalis","culex",0
"FC063GR|Pipiens|2022|36","FC-063GR","NW","FC",2022,36,2022-09-06,"G","Pipiens","culex",10
"FC063GR|Tarsalis|2022|36","FC-063GR","NW","FC",2022,36,2022-09-06,"G","Tarsalis","culex",0
"FC063GR|Pipiens|2022|37","FC-063GR","NW","FC",2022,37,2022-09-13,"G","Pipiens","culex",4
"FC063GR|Tarsalis|2022|37","FC-063GR","NW","FC",2022,37,2022-09-13,"G","Tarsalis","culex",0
"FC063GR|Pipiens|2023|23","FC-063GR","NW","FC",2023,23,2023-06-06,"G","Pipiens","culex",1
"FC063GR|Tarsalis|2023|23","FC-063GR","NW","FC",2023,23,2023-06-06,"G","Tarsalis","culex",0
"FC063GR|Pipiens|2023|24","FC-063GR","NW","FC",2023,24,2023-06-13,"G","Pipiens","culex",2
"FC063GR|Tarsalis|2023|24","FC-063GR","NW","FC",2023,24,2023-06-13,"G","Tarsalis","culex",0
"FC063GR|Pipiens|2023|25","FC-063GR","NW","FC",2023,25,2023-06-20,"G","Pipiens","culex",5
"FC063GR|Tarsalis|2023|25","FC-063GR","NW","FC",2023,25,2023-06-20,"G","Tarsalis","culex",0
"FC063GR|Pipiens|2023|26","FC-063GR","NW","FC",2023,26,2023-06-27,"G","Pipiens","culex",18
"FC063GR|Tarsalis|2023|26","FC-063GR","NW","FC",2023,26,2023-06-27,"G","Tarsalis","culex",0
"FC063GR|Pipiens|2023|28","FC-063GR","NW","FC",2023,28,2023-07-11,"G","Pipiens","culex",33
"FC063GR|Tarsalis|2023|28","FC-063GR","NW","FC",2023,28,2023-07-11,"G","Tarsalis","culex",0
"FC063GR|Pipiens|2023|29","FC-063GR","NW","FC",2023,29,2023-07-18,"G","Pipiens","culex",274
"FC063GR|Tarsalis|2023|29","FC-063GR","NW","FC",2023,29,2023-07-18,"G","Tarsalis","culex",3
"FC063GR|Pipiens|2023|30","FC-063GR","NW","FC",2023,30,2023-07-26,"G","Pipiens","culex",22
"FC063GR|Tarsalis|2023|30","FC-063GR","NW","FC",2023,30,2023-07-26,"G","Tarsalis","culex",0
"FC063GR|Pipiens|2023|31","FC-063GR","NW","FC",2023,31,2023-08-01,"G","Pipiens","culex",86
"FC063GR|Tarsalis|2023|31","FC-063GR","NW","FC",2023,31,2023-08-01,"G","Tarsalis","culex",1
"FC063GR|Pipiens|2023|32","FC-063GR","NW","FC",2023,32,2023-08-07,"G","Pipiens","culex",36
"FC063GR|Tarsalis|2023|32","FC-063GR","NW","FC",2023,32,2023-08-07,"G","Tarsalis","culex",0
"FC063GR|Pipiens|2023|33","FC-063GR","NW","FC",2023,33,2023-08-15,"G","Pipiens","culex",56
"FC063GR|Tarsalis|2023|33","FC-063GR","NW","FC",2023,33,2023-08-15,"G","Tarsalis","culex",0
"FC063GR|Pipiens|2023|34","FC-063GR","NW","FC",2023,34,2023-08-22,"G","Pipiens","culex",137
"FC063GR|Tarsalis|2023|34","FC-063GR","NW","FC",2023,34,2023-08-22,"G","Tarsalis","culex",1
"FC063GR|Pipiens|2023|35","FC-063GR","NW","FC",2023,35,2023-08-29,"G","Pipiens","culex",40
"FC063GR|Tarsalis|2023|35","FC-063GR","NW","FC",2023,35,2023-08-29,"G","Tarsalis","culex",0
"FC063GR|Pipiens|2023|36","FC-063GR","NW","FC",2023,36,2023-09-06,"G","Pipiens","culex",36
"FC063GR|Tarsalis|2023|36","FC-063GR","NW","FC",2023,36,2023-09-06,"G","Tarsalis","culex",0
"FC063GR|Pipiens|2023|37","FC-063GR","NW","FC",2023,37,2023-09-11,"G","Pipiens","culex",8
"FC063GR|Tarsalis|2023|37","FC-063GR","NW","FC",2023,37,2023-09-11,"G","Tarsalis","culex",0
"FC063GR|Pipiens|2024|24","FC-063GR","NW","FC",2024,24,2024-06-11,"G","Pipiens","culex",16
"FC063GR|Tarsalis|2024|24","FC-063GR","NW","FC",2024,24,2024-06-11,"G","Tarsalis","culex",0
"FC063GR|Pipiens|2024|26","FC-063GR","NW","FC",2024,26,2024-06-26,"G","Pipiens","culex",10
"FC063GR|Tarsalis|2024|26","FC-063GR","NW","FC",2024,26,2024-06-26,"G","Tarsalis","culex",0
"FC063GR|Pipiens|2024|27","FC-063GR","NW","FC",2024,27,2024-07-02,"G","Pipiens","culex",6
"FC063GR|Tarsalis|2024|27","FC-063GR","NW","FC",2024,27,2024-07-02,"G","Tarsalis","culex",0
"FC063GR|Pipiens|2024|28","FC-063GR","NW","FC",2024,28,2024-07-10,"G","Pipiens","culex",16
"FC063GR|Tarsalis|2024|28","FC-063GR","NW","FC",2024,28,2024-07-10,"G","Tarsalis","culex",0
"FC063GR|Pipiens|2024|29","FC-063GR","NW","FC",2024,29,2024-07-17,"G","Pipiens","culex",18
"FC063GR|Tarsalis|2024|29","FC-063GR","NW","FC",2024,29,2024-07-17,"G","Tarsalis","culex",0
"FC063GR|Pipiens|2024|30","FC-063GR","NW","FC",2024,30,2024-07-24,"G","Pipiens","culex",28
"FC063GR|Tarsalis|2024|30","FC-063GR","NW","FC",2024,30,2024-07-24,"G","Tarsalis","culex",0
"FC063GR|Pipiens|2024|31","FC-063GR","NW","FC",2024,31,2024-07-31,"G","Pipiens","culex",42
"FC063GR|Tarsalis|2024|31","FC-063GR","NW","FC",2024,31,2024-07-31,"G","Tarsalis","culex",1
"FC063GR|Pipiens|2024|32","FC-063GR","NW","FC",2024,32,2024-08-07,"G","Pipiens","culex",14
"FC063GR|Tarsalis|2024|32","FC-063GR","NW","FC",2024,32,2024-08-07,"G","Tarsalis","culex",0
"FC063GR|Pipiens|2024|33","FC-063GR","NW","FC",2024,33,2024-08-14,"G","Pipiens","culex",17
"FC063GR|Tarsalis|2024|33","FC-063GR","NW","FC",2024,33,2024-08-14,"G","Tarsalis","culex",0
"FC063GR|Pipiens|2024|34","FC-063GR","NW","FC",2024,34,2024-08-21,"G","Pipiens","culex",46
"FC063GR|Tarsalis|2024|34","FC-063GR","NW","FC",2024,34,2024-08-21,"G","Tarsalis","culex",0
"FC063GR|Pipiens|2024|35","FC-063GR","NW","FC",2024,35,2024-08-28,"G","Pipiens","culex",40
"FC063GR|Tarsalis|2024|35","FC-063GR","NW","FC",2024,35,2024-08-28,"G","Tarsalis","culex",1
"FC063GR|Pipiens|2024|36","FC-063GR","NW","FC",2024,36,2024-09-04,"G","Pipiens","culex",116
"FC063GR|Tarsalis|2024|36","FC-063GR","NW","FC",2024,36,2024-09-04,"G","Tarsalis","culex",0
"FC063GR|Pipiens|2024|37","FC-063GR","NW","FC",2024,37,2024-09-11,"G","Pipiens","culex",13
"FC063GR|Tarsalis|2024|37","FC-063GR","NW","FC",2024,37,2024-09-11,"G","Tarsalis","culex",0
"FC063GR|Pipiens|2025|26","FC-063GR","NW","FC",2025,26,2025-06-25,"G","Pipiens","culex",1
"FC063GR|Tarsalis|2025|26","FC-063GR","NW","FC",2025,26,2025-06-25,"G","Tarsalis","culex",1
"FC063GR|Pipiens|2025|27","FC-063GR","NW","FC",2025,27,2025-07-02,"G","Pipiens","culex",11
"FC063GR|Tarsalis|2025|27","FC-063GR","NW","FC",2025,27,2025-07-02,"G","Tarsalis","culex",0
"FC063GR|Pipiens|2025|28","FC-063GR","NW","FC",2025,28,2025-07-09,"G","Pipiens","culex",102
"FC063GR|Tarsalis|2025|28","FC-063GR","NW","FC",2025,28,2025-07-09,"G","Tarsalis","culex",0
"FC063GR|Pipiens|2025|29","FC-063GR","NW","FC",2025,29,2025-07-16,"G","Pipiens","culex",79
"FC063GR|Tarsalis|2025|29","FC-063GR","NW","FC",2025,29,2025-07-16,"G","Tarsalis","culex",1
"FC063GR|Pipiens|2025|30","FC-063GR","NW","FC",2025,30,2025-07-23,"G","Pipiens","culex",2
"FC063GR|Tarsalis|2025|30","FC-063GR","NW","FC",2025,30,2025-07-23,"G","Tarsalis","culex",0
"FC063GR|Pipiens|2025|31","FC-063GR","NW","FC",2025,31,2025-07-30,"G","Pipiens","culex",19
"FC063GR|Tarsalis|2025|31","FC-063GR","NW","FC",2025,31,2025-07-30,"G","Tarsalis","culex",0
"FC063GR|Pipiens|2025|32","FC-063GR","NW","FC",2025,32,2025-08-06,"G","Pipiens","culex",72
"FC063GR|Tarsalis|2025|32","FC-063GR","NW","FC",2025,32,2025-08-06,"G","Tarsalis","culex",0
"FC063GR|Pipiens|2025|33","FC-063GR","NW","FC",2025,33,2025-08-13,"G","Pipiens","culex",61
"FC063GR|Tarsalis|2025|33","FC-063GR","NW","FC",2025,33,2025-08-13,"G","Tarsalis","culex",0
"FC063GR|Pipiens|2025|34","FC-063GR","NW","FC",2025,34,2025-08-20,"G","Pipiens","culex",29
"FC063GR|Tarsalis|2025|34","FC-063GR","NW","FC",2025,34,2025-08-20,"G","Tarsalis","culex",0
"FC063GR|Pipiens|2025|35","FC-063GR","NW","FC",2025,35,2025-08-27,"G","Pipiens","culex",15
"FC063GR|Tarsalis|2025|35","FC-063GR","NW","FC",2025,35,2025-08-27,"G","Tarsalis","culex",0
"FC063GR|Pipiens|2025|36","FC-063GR","NW","FC",2025,36,2025-09-03,"G","Pipiens","culex",31
"FC063GR|Tarsalis|2025|36","FC-063GR","NW","FC",2025,36,2025-09-03,"G","Tarsalis","culex",0
"FC064|Pipiens|2020|22","FC-064","SE","FC",2020,22,2020-05-27,"L","Pipiens","culex",0
"FC064|Tarsalis|2020|22","FC-064","SE","FC",2020,22,2020-05-27,"L","Tarsalis","culex",5
"FC064|Pipiens|2020|23","FC-064","SE","FC",2020,23,2020-06-01,"L","Pipiens","culex",0
"FC064|Tarsalis|2020|23","FC-064","SE","FC",2020,23,2020-06-01,"L","Tarsalis","culex",7
"FC064|Pipiens|2020|25","FC-064","SE","FC",2020,25,2020-06-15,"L","Pipiens","culex",0
"FC064|Tarsalis|2020|25","FC-064","SE","FC",2020,25,2020-06-15,"L","Tarsalis","culex",2
"FC064|Pipiens|2020|26","FC-064","SE","FC",2020,26,2020-06-22,"L","Pipiens","culex",1
"FC064|Tarsalis|2020|26","FC-064","SE","FC",2020,26,2020-06-22,"L","Tarsalis","culex",79
"FC064|Pipiens|2020|27","FC-064","SE","FC",2020,27,2020-06-29,"L","Pipiens","culex",0
"FC064|Tarsalis|2020|27","FC-064","SE","FC",2020,27,2020-06-29,"L","Tarsalis","culex",31
"FC064|Pipiens|2020|28","FC-064","SE","FC",2020,28,2020-07-06,"L","Pipiens","culex",4
"FC064|Tarsalis|2020|28","FC-064","SE","FC",2020,28,2020-07-06,"L","Tarsalis","culex",37
"FC064|Pipiens|2020|29","FC-064","SE","FC",2020,29,2020-07-13,"L","Pipiens","culex",0
"FC064|Tarsalis|2020|29","FC-064","SE","FC",2020,29,2020-07-13,"L","Tarsalis","culex",21
"FC064|Pipiens|2020|30","FC-064","SE","FC",2020,30,2020-07-20,"L","Pipiens","culex",2
"FC064|Tarsalis|2020|30","FC-064","SE","FC",2020,30,2020-07-20,"L","Tarsalis","culex",119
"FC064|Pipiens|2020|31","FC-064","SE","FC",2020,31,2020-07-27,"L","Pipiens","culex",5
"FC064|Tarsalis|2020|31","FC-064","SE","FC",2020,31,2020-07-27,"L","Tarsalis","culex",32
"FC064|Pipiens|2020|32","FC-064","SE","FC",2020,32,2020-08-03,"L","Pipiens","culex",0
"FC064|Tarsalis|2020|32","FC-064","SE","FC",2020,32,2020-08-03,"L","Tarsalis","culex",48
"FC064|Pipiens|2020|33","FC-064","SE","FC",2020,33,2020-08-10,"L","Pipiens","culex",8
"FC064|Tarsalis|2020|33","FC-064","SE","FC",2020,33,2020-08-10,"L","Tarsalis","culex",9
"FC064|Pipiens|2020|34","FC-064","SE","FC",2020,34,2020-08-17,"L","Pipiens","culex",8
"FC064|Tarsalis|2020|34","FC-064","SE","FC",2020,34,2020-08-17,"L","Tarsalis","culex",10
"FC064|Pipiens|2020|35","FC-064","SE","FC",2020,35,2020-08-24,"L","Pipiens","culex",8
"FC064|Tarsalis|2020|35","FC-064","SE","FC",2020,35,2020-08-24,"L","Tarsalis","culex",16
"FC064|Pipiens|2020|36","FC-064","SE","FC",2020,36,2020-08-31,"L","Pipiens","culex",0
"FC064|Tarsalis|2020|36","FC-064","SE","FC",2020,36,2020-08-31,"L","Tarsalis","culex",1
"FC064|Pipiens|2021|25","FC-064","SE","FC",2021,25,2021-06-21,"L","Pipiens","culex",4
"FC064|Tarsalis|2021|25","FC-064","SE","FC",2021,25,2021-06-21,"L","Tarsalis","culex",89
"FC064|Pipiens|2021|26","FC-064","SE","FC",2021,26,2021-06-28,"L","Pipiens","culex",13
"FC064|Tarsalis|2021|26","FC-064","SE","FC",2021,26,2021-06-28,"L","Tarsalis","culex",50
"FC064|Pipiens|2021|27","FC-064","SE","FC",2021,27,2021-07-05,"L","Pipiens","culex",0
"FC064|Tarsalis|2021|27","FC-064","SE","FC",2021,27,2021-07-05,"L","Tarsalis","culex",15
"FC064|Pipiens|2021|28","FC-064","SE","FC",2021,28,2021-07-12,"L","Pipiens","culex",7
"FC064|Tarsalis|2021|28","FC-064","SE","FC",2021,28,2021-07-12,"L","Tarsalis","culex",284
"FC064|Pipiens|2021|29","FC-064","SE","FC",2021,29,2021-07-19,"L","Pipiens","culex",17
"FC064|Tarsalis|2021|29","FC-064","SE","FC",2021,29,2021-07-19,"L","Tarsalis","culex",117
"FC064|Pipiens|2021|30","FC-064","SE","FC",2021,30,2021-07-26,"L","Pipiens","culex",7
"FC064|Tarsalis|2021|30","FC-064","SE","FC",2021,30,2021-07-26,"L","Tarsalis","culex",227
"FC064|Pipiens|2021|31","FC-064","SE","FC",2021,31,2021-08-02,"L","Pipiens","culex",0
"FC064|Tarsalis|2021|31","FC-064","SE","FC",2021,31,2021-08-02,"L","Tarsalis","culex",56
"FC064|Pipiens|2021|32","FC-064","SE","FC",2021,32,2021-08-09,"L","Pipiens","culex",6
"FC064|Tarsalis|2021|32","FC-064","SE","FC",2021,32,2021-08-09,"L","Tarsalis","culex",22
"FC064|Pipiens|2021|33","FC-064","SE","FC",2021,33,2021-08-16,"L","Pipiens","culex",7
"FC064|Tarsalis|2021|33","FC-064","SE","FC",2021,33,2021-08-16,"L","Tarsalis","culex",3
"FC064|Pipiens|2021|34","FC-064","SE","FC",2021,34,2021-08-29,"L","Pipiens","culex",7
"FC064|Tarsalis|2021|34","FC-064","SE","FC",2021,34,2021-08-29,"L","Tarsalis","culex",11
"FC064|Pipiens|2021|36","FC-064","SE","FC",2021,36,2021-09-06,"L","Pipiens","culex",2
"FC064|Tarsalis|2021|36","FC-064","SE","FC",2021,36,2021-09-06,"L","Tarsalis","culex",0
"FC064|Pipiens|2022|23","FC-064","SE","FC",2022,23,2022-06-06,"L","Pipiens","culex",0
"FC064|Tarsalis|2022|23","FC-064","SE","FC",2022,23,2022-06-06,"L","Tarsalis","culex",3
"FC064|Pipiens|2022|24","FC-064","SE","FC",2022,24,2022-06-13,"L","Pipiens","culex",0
"FC064|Tarsalis|2022|24","FC-064","SE","FC",2022,24,2022-06-13,"L","Tarsalis","culex",8
"FC064|Pipiens|2022|25","FC-064","SE","FC",2022,25,2022-06-20,"L","Pipiens","culex",1
"FC064|Tarsalis|2022|25","FC-064","SE","FC",2022,25,2022-06-20,"L","Tarsalis","culex",19
"FC064|Pipiens|2022|26","FC-064","SE","FC",2022,26,2022-06-27,"L","Pipiens","culex",0
"FC064|Tarsalis|2022|26","FC-064","SE","FC",2022,26,2022-06-27,"L","Tarsalis","culex",44
"FC064|Pipiens|2022|27","FC-064","SE","FC",2022,27,2022-07-05,"L","Pipiens","culex",3
"FC064|Tarsalis|2022|27","FC-064","SE","FC",2022,27,2022-07-05,"L","Tarsalis","culex",111
"FC064|Pipiens|2022|28","FC-064","SE","FC",2022,28,2022-07-11,"L","Pipiens","culex",4
"FC064|Tarsalis|2022|28","FC-064","SE","FC",2022,28,2022-07-11,"L","Tarsalis","culex",140
"FC064|Pipiens|2022|29","FC-064","SE","FC",2022,29,2022-07-18,"L","Pipiens","culex",2
"FC064|Tarsalis|2022|29","FC-064","SE","FC",2022,29,2022-07-18,"L","Tarsalis","culex",83
"FC064|Pipiens|2022|30","FC-064","SE","FC",2022,30,2022-07-25,"L","Pipiens","culex",3
"FC064|Tarsalis|2022|30","FC-064","SE","FC",2022,30,2022-07-25,"L","Tarsalis","culex",34
"FC064|Pipiens|2022|31","FC-064","SE","FC",2022,31,2022-08-01,"L","Pipiens","culex",2
"FC064|Tarsalis|2022|31","FC-064","SE","FC",2022,31,2022-08-01,"L","Tarsalis","culex",42
"FC064|Pipiens|2022|32","FC-064","SE","FC",2022,32,2022-08-08,"L","Pipiens","culex",3
"FC064|Tarsalis|2022|32","FC-064","SE","FC",2022,32,2022-08-08,"L","Tarsalis","culex",62
"FC064|Pipiens|2022|33","FC-064","SE","FC",2022,33,2022-08-15,"L","Pipiens","culex",8
"FC064|Tarsalis|2022|33","FC-064","SE","FC",2022,33,2022-08-15,"L","Tarsalis","culex",31
"FC064|Pipiens|2022|34","FC-064","SE","FC",2022,34,2022-08-22,"L","Pipiens","culex",7
"FC064|Tarsalis|2022|34","FC-064","SE","FC",2022,34,2022-08-22,"L","Tarsalis","culex",16
"FC064|Pipiens|2022|35","FC-064","SE","FC",2022,35,2022-08-30,"L","Pipiens","culex",10
"FC064|Tarsalis|2022|35","FC-064","SE","FC",2022,35,2022-08-30,"L","Tarsalis","culex",9
"FC064|Pipiens|2022|36","FC-064","SE","FC",2022,36,2022-09-07,"L","Pipiens","culex",1
"FC064|Tarsalis|2022|36","FC-064","SE","FC",2022,36,2022-09-07,"L","Tarsalis","culex",4
"FC064|Pipiens|2022|37","FC-064","SE","FC",2022,37,2022-09-12,"L","Pipiens","culex",2
"FC064|Tarsalis|2022|37","FC-064","SE","FC",2022,37,2022-09-12,"L","Tarsalis","culex",1
"FC064|Pipiens|2023|23","FC-064","SE","FC",2023,23,2023-06-05,"L","Pipiens","culex",1
"FC064|Tarsalis|2023|23","FC-064","SE","FC",2023,23,2023-06-05,"L","Tarsalis","culex",14
"FC064|Pipiens|2023|24","FC-064","SE","FC",2023,24,2023-06-12,"L","Pipiens","culex",2
"FC064|Tarsalis|2023|24","FC-064","SE","FC",2023,24,2023-06-12,"L","Tarsalis","culex",10
"FC064|Pipiens|2023|25","FC-064","SE","FC",2023,25,2023-06-19,"L","Pipiens","culex",0
"FC064|Tarsalis|2023|25","FC-064","SE","FC",2023,25,2023-06-19,"L","Tarsalis","culex",106
"FC064|Pipiens|2023|26","FC-064","SE","FC",2023,26,2023-06-26,"L","Pipiens","culex",18
"FC064|Tarsalis|2023|26","FC-064","SE","FC",2023,26,2023-06-26,"L","Tarsalis","culex",610
"FC064|Pipiens|2023|27","FC-064","SE","FC",2023,27,2023-07-03,"L","Pipiens","culex",20
"FC064|Tarsalis|2023|27","FC-064","SE","FC",2023,27,2023-07-03,"L","Tarsalis","culex",611
"FC064|Pipiens|2023|28","FC-064","SE","FC",2023,28,2023-07-10,"L","Pipiens","culex",17
"FC064|Tarsalis|2023|28","FC-064","SE","FC",2023,28,2023-07-10,"L","Tarsalis","culex",353
"FC064|Pipiens|2023|29","FC-064","SE","FC",2023,29,2023-07-17,"L","Pipiens","culex",35
"FC064|Tarsalis|2023|29","FC-064","SE","FC",2023,29,2023-07-17,"L","Tarsalis","culex",767
"FC064|Pipiens|2023|30","FC-064","SE","FC",2023,30,2023-07-30,"L","Pipiens","culex",45
"FC064|Tarsalis|2023|30","FC-064","SE","FC",2023,30,2023-07-30,"L","Tarsalis","culex",181
"FC064|Pipiens|2023|32","FC-064","SE","FC",2023,32,2023-08-08,"L","Pipiens","culex",9
"FC064|Tarsalis|2023|32","FC-064","SE","FC",2023,32,2023-08-08,"L","Tarsalis","culex",20
"FC064|Pipiens|2023|33","FC-064","SE","FC",2023,33,2023-08-20,"L","Pipiens","culex",4
"FC064|Tarsalis|2023|33","FC-064","SE","FC",2023,33,2023-08-20,"L","Tarsalis","culex",50
"FC064|Pipiens|2023|35","FC-064","SE","FC",2023,35,2023-08-28,"L","Pipiens","culex",1
"FC064|Tarsalis|2023|35","FC-064","SE","FC",2023,35,2023-08-28,"L","Tarsalis","culex",2
"FC064|Pipiens|2023|37","FC-064","SE","FC",2023,37,2023-09-12,"L","Pipiens","culex",6
"FC064|Tarsalis|2023|37","FC-064","SE","FC",2023,37,2023-09-12,"L","Tarsalis","culex",0
"FC064|Pipiens|2024|25","FC-064","SE","FC",2024,25,2024-06-18,"L","Pipiens","culex",0
"FC064|Tarsalis|2024|25","FC-064","SE","FC",2024,25,2024-06-18,"L","Tarsalis","culex",12
"FC064|Pipiens|2024|26","FC-064","SE","FC",2024,26,2024-06-25,"L","Pipiens","culex",6
"FC064|Tarsalis|2024|26","FC-064","SE","FC",2024,26,2024-06-25,"L","Tarsalis","culex",52
"FC064|Pipiens|2024|27","FC-064","SE","FC",2024,27,2024-07-02,"L","Pipiens","culex",3
"FC064|Tarsalis|2024|27","FC-064","SE","FC",2024,27,2024-07-02,"L","Tarsalis","culex",15
"FC064|Pipiens|2024|28","FC-064","SE","FC",2024,28,2024-07-09,"L","Pipiens","culex",20
"FC064|Tarsalis|2024|28","FC-064","SE","FC",2024,28,2024-07-09,"L","Tarsalis","culex",47
"FC064|Pipiens|2024|29","FC-064","SE","FC",2024,29,2024-07-16,"L","Pipiens","culex",5
"FC064|Tarsalis|2024|29","FC-064","SE","FC",2024,29,2024-07-16,"L","Tarsalis","culex",14
"FC064|Pipiens|2024|30","FC-064","SE","FC",2024,30,2024-07-23,"L","Pipiens","culex",7
"FC064|Tarsalis|2024|30","FC-064","SE","FC",2024,30,2024-07-23,"L","Tarsalis","culex",11
"FC064|Pipiens|2024|31","FC-064","SE","FC",2024,31,2024-07-30,"L","Pipiens","culex",5
"FC064|Tarsalis|2024|31","FC-064","SE","FC",2024,31,2024-07-30,"L","Tarsalis","culex",34
"FC064|Pipiens|2024|32","FC-064","SE","FC",2024,32,2024-08-06,"L","Pipiens","culex",0
"FC064|Tarsalis|2024|32","FC-064","SE","FC",2024,32,2024-08-06,"L","Tarsalis","culex",2
"FC064|Pipiens|2024|33","FC-064","SE","FC",2024,33,2024-08-13,"L","Pipiens","culex",1
"FC064|Tarsalis|2024|33","FC-064","SE","FC",2024,33,2024-08-13,"L","Tarsalis","culex",38
"FC064|Pipiens|2024|34","FC-064","SE","FC",2024,34,2024-08-20,"L","Pipiens","culex",15
"FC064|Tarsalis|2024|34","FC-064","SE","FC",2024,34,2024-08-20,"L","Tarsalis","culex",19
"FC064|Pipiens|2024|35","FC-064","SE","FC",2024,35,2024-08-27,"L","Pipiens","culex",7
"FC064|Tarsalis|2024|35","FC-064","SE","FC",2024,35,2024-08-27,"L","Tarsalis","culex",8
"FC064|Pipiens|2024|36","FC-064","SE","FC",2024,36,2024-09-05,"L","Pipiens","culex",9
"FC064|Tarsalis|2024|36","FC-064","SE","FC",2024,36,2024-09-05,"L","Tarsalis","culex",4
"FC064|Pipiens|2024|37","FC-064","SE","FC",2024,37,2024-09-10,"L","Pipiens","culex",1
"FC064|Tarsalis|2024|37","FC-064","SE","FC",2024,37,2024-09-10,"L","Tarsalis","culex",4
"FC064|Pipiens|2025|25","FC-064","SE","FC",2025,25,2025-06-17,"L","Pipiens","culex",3
"FC064|Tarsalis|2025|25","FC-064","SE","FC",2025,25,2025-06-17,"L","Tarsalis","culex",63
"FC064|Pipiens|2025|26","FC-064","SE","FC",2025,26,2025-06-24,"L","Pipiens","culex",3
"FC064|Tarsalis|2025|26","FC-064","SE","FC",2025,26,2025-06-24,"L","Tarsalis","culex",38
"FC064|Pipiens|2025|27","FC-064","SE","FC",2025,27,2025-07-01,"L","Pipiens","culex",2
"FC064|Tarsalis|2025|27","FC-064","SE","FC",2025,27,2025-07-01,"L","Tarsalis","culex",23
"FC064|Pipiens|2025|28","FC-064","SE","FC",2025,28,2025-07-08,"L","Pipiens","culex",9
"FC064|Tarsalis|2025|28","FC-064","SE","FC",2025,28,2025-07-08,"L","Tarsalis","culex",251
"FC064|Pipiens|2025|29","FC-064","SE","FC",2025,29,2025-07-15,"L","Pipiens","culex",1
"FC064|Tarsalis|2025|29","FC-064","SE","FC",2025,29,2025-07-15,"L","Tarsalis","culex",50
"FC064|Pipiens|2025|30","FC-064","SE","FC",2025,30,2025-07-22,"L","Pipiens","culex",0
"FC064|Tarsalis|2025|30","FC-064","SE","FC",2025,30,2025-07-22,"L","Tarsalis","culex",7
"FC064|Pipiens|2025|31","FC-064","SE","FC",2025,31,2025-07-29,"L","Pipiens","culex",9
"FC064|Tarsalis|2025|31","FC-064","SE","FC",2025,31,2025-07-29,"L","Tarsalis","culex",57
"FC064|Pipiens|2025|32","FC-064","SE","FC",2025,32,2025-08-05,"L","Pipiens","culex",4
"FC064|Tarsalis|2025|32","FC-064","SE","FC",2025,32,2025-08-05,"L","Tarsalis","culex",32
"FC064|Pipiens|2025|33","FC-064","SE","FC",2025,33,2025-08-12,"L","Pipiens","culex",1
"FC064|Tarsalis|2025|33","FC-064","SE","FC",2025,33,2025-08-12,"L","Tarsalis","culex",10
"FC064|Pipiens|2025|34","FC-064","SE","FC",2025,34,2025-08-19,"L","Pipiens","culex",5
"FC064|Tarsalis|2025|34","FC-064","SE","FC",2025,34,2025-08-19,"L","Tarsalis","culex",19
"FC064|Pipiens|2025|35","FC-064","SE","FC",2025,35,2025-08-26,"L","Pipiens","culex",3
"FC064|Tarsalis|2025|35","FC-064","SE","FC",2025,35,2025-08-26,"L","Tarsalis","culex",3
"FC064|Pipiens|2025|36","FC-064","SE","FC",2025,36,2025-09-04,"L","Pipiens","culex",3
"FC064|Tarsalis|2025|36","FC-064","SE","FC",2025,36,2025-09-04,"L","Tarsalis","culex",13
"FC066|Pipiens|2020|22","FC-066","NE","FC",2020,22,2020-05-31,"L","Pipiens","culex",0
"FC066|Tarsalis|2020|22","FC-066","NE","FC",2020,22,2020-05-31,"L","Tarsalis","culex",5
"FC066|Pipiens|2020|24","FC-066","NE","FC",2020,24,2020-06-14,"L","Pipiens","culex",1
"FC066|Tarsalis|2020|24","FC-066","NE","FC",2020,24,2020-06-14,"L","Tarsalis","culex",7
"FC066|Pipiens|2020|25","FC-066","NE","FC",2020,25,2020-06-21,"L","Pipiens","culex",2
"FC066|Tarsalis|2020|25","FC-066","NE","FC",2020,25,2020-06-21,"L","Tarsalis","culex",1
"FC066|Pipiens|2020|26","FC-066","NE","FC",2020,26,2020-06-28,"L","Pipiens","culex",0
"FC066|Tarsalis|2020|26","FC-066","NE","FC",2020,26,2020-06-28,"L","Tarsalis","culex",11
"FC066|Pipiens|2020|27","FC-066","NE","FC",2020,27,2020-07-05,"L","Pipiens","culex",3
"FC066|Tarsalis|2020|27","FC-066","NE","FC",2020,27,2020-07-05,"L","Tarsalis","culex",18
"FC066|Pipiens|2020|28","FC-066","NE","FC",2020,28,2020-07-12,"L","Pipiens","culex",5
"FC066|Tarsalis|2020|28","FC-066","NE","FC",2020,28,2020-07-12,"L","Tarsalis","culex",105
"FC066|Pipiens|2020|29","FC-066","NE","FC",2020,29,2020-07-19,"L","Pipiens","culex",8
"FC066|Tarsalis|2020|29","FC-066","NE","FC",2020,29,2020-07-19,"L","Tarsalis","culex",22
"FC066|Pipiens|2020|30","FC-066","NE","FC",2020,30,2020-07-26,"L","Pipiens","culex",14
"FC066|Tarsalis|2020|30","FC-066","NE","FC",2020,30,2020-07-26,"L","Tarsalis","culex",50
"FC066|Pipiens|2020|31","FC-066","NE","FC",2020,31,2020-08-02,"L","Pipiens","culex",43
"FC066|Tarsalis|2020|31","FC-066","NE","FC",2020,31,2020-08-02,"L","Tarsalis","culex",25
"FC066|Pipiens|2020|32","FC-066","NE","FC",2020,32,2020-08-09,"L","Pipiens","culex",21
"FC066|Tarsalis|2020|32","FC-066","NE","FC",2020,32,2020-08-09,"L","Tarsalis","culex",18
"FC066|Pipiens|2020|33","FC-066","NE","FC",2020,33,2020-08-16,"L","Pipiens","culex",22
"FC066|Tarsalis|2020|33","FC-066","NE","FC",2020,33,2020-08-16,"L","Tarsalis","culex",47
"FC066|Pipiens|2020|34","FC-066","NE","FC",2020,34,2020-08-23,"L","Pipiens","culex",112
"FC066|Tarsalis|2020|34","FC-066","NE","FC",2020,34,2020-08-23,"L","Tarsalis","culex",34
"FC066|Pipiens|2021|24","FC-066","NE","FC",2021,24,2021-06-20,"L","Pipiens","culex",0
"FC066|Tarsalis|2021|24","FC-066","NE","FC",2021,24,2021-06-20,"L","Tarsalis","culex",4
"FC066|Pipiens|2021|25","FC-066","NE","FC",2021,25,2021-06-27,"L","Pipiens","culex",26
"FC066|Tarsalis|2021|25","FC-066","NE","FC",2021,25,2021-06-27,"L","Tarsalis","culex",6
"FC066|Pipiens|2021|26","FC-066","NE","FC",2021,26,2021-07-04,"L","Pipiens","culex",60
"FC066|Tarsalis|2021|26","FC-066","NE","FC",2021,26,2021-07-04,"L","Tarsalis","culex",221
"FC066|Pipiens|2021|27","FC-066","NE","FC",2021,27,2021-07-11,"L","Pipiens","culex",24
"FC066|Tarsalis|2021|27","FC-066","NE","FC",2021,27,2021-07-11,"L","Tarsalis","culex",31
"FC066|Pipiens|2021|29","FC-066","NE","FC",2021,29,2021-07-25,"L","Pipiens","culex",255
"FC066|Tarsalis|2021|29","FC-066","NE","FC",2021,29,2021-07-25,"L","Tarsalis","culex",172
"FC066|Pipiens|2021|30","FC-066","NE","FC",2021,30,2021-08-01,"L","Pipiens","culex",375
"FC066|Tarsalis|2021|30","FC-066","NE","FC",2021,30,2021-08-01,"L","Tarsalis","culex",116
"FC066|Pipiens|2021|31","FC-066","NE","FC",2021,31,2021-08-08,"L","Pipiens","culex",450
"FC066|Tarsalis|2021|31","FC-066","NE","FC",2021,31,2021-08-08,"L","Tarsalis","culex",50
"FC066|Pipiens|2021|33","FC-066","NE","FC",2021,33,2021-08-22,"L","Pipiens","culex",348
"FC066|Tarsalis|2021|33","FC-066","NE","FC",2021,33,2021-08-22,"L","Tarsalis","culex",8
"FC066|Pipiens|2021|35","FC-066","NE","FC",2021,35,2021-08-30,"L","Pipiens","culex",335
"FC066|Tarsalis|2021|35","FC-066","NE","FC",2021,35,2021-08-30,"L","Tarsalis","culex",7
"FC066|Pipiens|2021|36","FC-066","NE","FC",2021,36,2021-09-06,"L","Pipiens","culex",576
"FC066|Tarsalis|2021|36","FC-066","NE","FC",2021,36,2021-09-06,"L","Tarsalis","culex",0
"FC066|Pipiens|2022|22","FC-066","NE","FC",2022,22,2022-06-05,"L","Pipiens","culex",0
"FC066|Tarsalis|2022|22","FC-066","NE","FC",2022,22,2022-06-05,"L","Tarsalis","culex",32
"FC066|Pipiens|2022|23","FC-066","NE","FC",2022,23,2022-06-12,"L","Pipiens","culex",4
"FC066|Tarsalis|2022|23","FC-066","NE","FC",2022,23,2022-06-12,"L","Tarsalis","culex",32
"FC066|Pipiens|2022|24","FC-066","NE","FC",2022,24,2022-06-19,"L","Pipiens","culex",33
"FC066|Tarsalis|2022|24","FC-066","NE","FC",2022,24,2022-06-19,"L","Tarsalis","culex",97
"FC066|Pipiens|2022|25","FC-066","NE","FC",2022,25,2022-06-26,"L","Pipiens","culex",21
"FC066|Tarsalis|2022|25","FC-066","NE","FC",2022,25,2022-06-26,"L","Tarsalis","culex",10
"FC066|Pipiens|2022|26","FC-066","NE","FC",2022,26,2022-07-03,"L","Pipiens","culex",98
"FC066|Tarsalis|2022|26","FC-066","NE","FC",2022,26,2022-07-03,"L","Tarsalis","culex",75
"FC066|Pipiens|2022|27","FC-066","NE","FC",2022,27,2022-07-10,"L","Pipiens","culex",186
"FC066|Tarsalis|2022|27","FC-066","NE","FC",2022,27,2022-07-10,"L","Tarsalis","culex",109
"FC066|Pipiens|2022|28","FC-066","NE","FC",2022,28,2022-07-17,"L","Pipiens","culex",210
"FC066|Tarsalis|2022|28","FC-066","NE","FC",2022,28,2022-07-17,"L","Tarsalis","culex",206
"FC066|Pipiens|2022|29","FC-066","NE","FC",2022,29,2022-07-24,"L","Pipiens","culex",171
"FC066|Tarsalis|2022|29","FC-066","NE","FC",2022,29,2022-07-24,"L","Tarsalis","culex",56
"FC066|Pipiens|2022|30","FC-066","NE","FC",2022,30,2022-07-31,"L","Pipiens","culex",105
"FC066|Tarsalis|2022|30","FC-066","NE","FC",2022,30,2022-07-31,"L","Tarsalis","culex",22
"FC066|Pipiens|2022|31","FC-066","NE","FC",2022,31,2022-08-07,"L","Pipiens","culex",886
"FC066|Tarsalis|2022|31","FC-066","NE","FC",2022,31,2022-08-07,"L","Tarsalis","culex",79
"FC066|Pipiens|2022|32","FC-066","NE","FC",2022,32,2022-08-14,"L","Pipiens","culex",357
"FC066|Tarsalis|2022|32","FC-066","NE","FC",2022,32,2022-08-14,"L","Tarsalis","culex",132
"FC066|Pipiens|2022|33","FC-066","NE","FC",2022,33,2022-08-21,"L","Pipiens","culex",848
"FC066|Tarsalis|2022|33","FC-066","NE","FC",2022,33,2022-08-21,"L","Tarsalis","culex",113
"FC066|Pipiens|2022|35","FC-066","NE","FC",2022,35,2022-08-29,"L","Pipiens","culex",93
"FC066|Tarsalis|2022|35","FC-066","NE","FC",2022,35,2022-08-29,"L","Tarsalis","culex",12
"FC066|Pipiens|2022|36","FC-066","NE","FC",2022,36,2022-09-06,"L","Pipiens","culex",376
"FC066|Tarsalis|2022|36","FC-066","NE","FC",2022,36,2022-09-06,"L","Tarsalis","culex",12
"FC066|Pipiens|2022|37","FC-066","NE","FC",2022,37,2022-09-13,"L","Pipiens","culex",476
"FC066|Tarsalis|2022|37","FC-066","NE","FC",2022,37,2022-09-13,"L","Tarsalis","culex",3
"FC066|Pipiens|2023|22","FC-066","NE","FC",2023,22,2023-06-04,"L","Pipiens","culex",2
"FC066|Tarsalis|2023|22","FC-066","NE","FC",2023,22,2023-06-04,"L","Tarsalis","culex",1
"FC066|Pipiens|2023|23","FC-066","NE","FC",2023,23,2023-06-11,"L","Pipiens","culex",0
"FC066|Tarsalis|2023|23","FC-066","NE","FC",2023,23,2023-06-11,"L","Tarsalis","culex",6
"FC066|Pipiens|2023|24","FC-066","NE","FC",2023,24,2023-06-18,"L","Pipiens","culex",6
"FC066|Tarsalis|2023|24","FC-066","NE","FC",2023,24,2023-06-18,"L","Tarsalis","culex",11
"FC066|Pipiens|2023|25","FC-066","NE","FC",2023,25,2023-06-25,"L","Pipiens","culex",30
"FC066|Tarsalis|2023|25","FC-066","NE","FC",2023,25,2023-06-25,"L","Tarsalis","culex",120
"FC066|Pipiens|2023|26","FC-066","NE","FC",2023,26,2023-07-02,"L","Pipiens","culex",60
"FC066|Tarsalis|2023|26","FC-066","NE","FC",2023,26,2023-07-02,"L","Tarsalis","culex",445
"FC066|Pipiens|2023|27","FC-066","NE","FC",2023,27,2023-07-09,"L","Pipiens","culex",2
"FC066|Tarsalis|2023|27","FC-066","NE","FC",2023,27,2023-07-09,"L","Tarsalis","culex",8
"FC066|Pipiens|2023|28","FC-066","NE","FC",2023,28,2023-07-16,"L","Pipiens","culex",90
"FC066|Tarsalis|2023|28","FC-066","NE","FC",2023,28,2023-07-16,"L","Tarsalis","culex",344
"FC066|Pipiens|2023|29","FC-066","NE","FC",2023,29,2023-07-23,"L","Pipiens","culex",221
"FC066|Tarsalis|2023|29","FC-066","NE","FC",2023,29,2023-07-23,"L","Tarsalis","culex",407
"FC066|Pipiens|2023|31","FC-066","NE","FC",2023,31,2023-07-31,"L","Pipiens","culex",65
"FC066|Tarsalis|2023|31","FC-066","NE","FC",2023,31,2023-07-31,"L","Tarsalis","culex",51
"FC066|Pipiens|2023|32","FC-066","NE","FC",2023,32,2023-08-13,"L","Pipiens","culex",52
"FC066|Tarsalis|2023|32","FC-066","NE","FC",2023,32,2023-08-13,"L","Tarsalis","culex",10
"FC066|Pipiens|2023|34","FC-066","NE","FC",2023,34,2023-08-27,"L","Pipiens","culex",77
"FC066|Tarsalis|2023|34","FC-066","NE","FC",2023,34,2023-08-27,"L","Tarsalis","culex",5
"FC066|Pipiens|2023|36","FC-066","NE","FC",2023,36,2023-09-04,"L","Pipiens","culex",179
"FC066|Tarsalis|2023|36","FC-066","NE","FC",2023,36,2023-09-04,"L","Tarsalis","culex",5
"FC066|Pipiens|2023|37","FC-066","NE","FC",2023,37,2023-09-11,"L","Pipiens","culex",77
"FC066|Tarsalis|2023|37","FC-066","NE","FC",2023,37,2023-09-11,"L","Tarsalis","culex",1
"FC066|Pipiens|2024|22","FC-066","NE","FC",2024,22,2024-06-02,"L","Pipiens","culex",1
"FC066|Tarsalis|2024|22","FC-066","NE","FC",2024,22,2024-06-02,"L","Tarsalis","culex",3
"FC066|Pipiens|2024|23","FC-066","NE","FC",2024,23,2024-06-09,"L","Pipiens","culex",1
"FC066|Tarsalis|2024|23","FC-066","NE","FC",2024,23,2024-06-09,"L","Tarsalis","culex",9
"FC066|Pipiens|2024|25","FC-066","NE","FC",2024,25,2024-06-17,"L","Pipiens","culex",8
"FC066|Tarsalis|2024|25","FC-066","NE","FC",2024,25,2024-06-17,"L","Tarsalis","culex",47
"FC066|Pipiens|2024|26","FC-066","NE","FC",2024,26,2024-06-24,"L","Pipiens","culex",8
"FC066|Tarsalis|2024|26","FC-066","NE","FC",2024,26,2024-06-24,"L","Tarsalis","culex",59
"FC066|Pipiens|2024|27","FC-066","NE","FC",2024,27,2024-07-01,"L","Pipiens","culex",12
"FC066|Tarsalis|2024|27","FC-066","NE","FC",2024,27,2024-07-01,"L","Tarsalis","culex",47
"FC066|Pipiens|2024|28","FC-066","NE","FC",2024,28,2024-07-08,"L","Pipiens","culex",12
"FC066|Tarsalis|2024|28","FC-066","NE","FC",2024,28,2024-07-08,"L","Tarsalis","culex",25
"FC066|Pipiens|2024|29","FC-066","NE","FC",2024,29,2024-07-15,"L","Pipiens","culex",24
"FC066|Tarsalis|2024|29","FC-066","NE","FC",2024,29,2024-07-15,"L","Tarsalis","culex",110
"FC066|Pipiens|2024|30","FC-066","NE","FC",2024,30,2024-07-22,"L","Pipiens","culex",7
"FC066|Tarsalis|2024|30","FC-066","NE","FC",2024,30,2024-07-22,"L","Tarsalis","culex",14
"FC066|Pipiens|2024|31","FC-066","NE","FC",2024,31,2024-07-29,"L","Pipiens","culex",16
"FC066|Tarsalis|2024|31","FC-066","NE","FC",2024,31,2024-07-29,"L","Tarsalis","culex",56
"FC066|Pipiens|2024|32","FC-066","NE","FC",2024,32,2024-08-05,"L","Pipiens","culex",35
"FC066|Tarsalis|2024|32","FC-066","NE","FC",2024,32,2024-08-05,"L","Tarsalis","culex",69
"FC066|Pipiens|2024|33","FC-066","NE","FC",2024,33,2024-08-12,"L","Pipiens","culex",36
"FC066|Tarsalis|2024|33","FC-066","NE","FC",2024,33,2024-08-12,"L","Tarsalis","culex",29
"FC066|Pipiens|2024|34","FC-066","NE","FC",2024,34,2024-08-19,"L","Pipiens","culex",11
"FC066|Tarsalis|2024|34","FC-066","NE","FC",2024,34,2024-08-19,"L","Tarsalis","culex",14
"FC066|Pipiens|2024|35","FC-066","NE","FC",2024,35,2024-08-26,"L","Pipiens","culex",11
"FC066|Tarsalis|2024|35","FC-066","NE","FC",2024,35,2024-08-26,"L","Tarsalis","culex",8
"FC066|Pipiens|2024|36","FC-066","NE","FC",2024,36,2024-09-04,"L","Pipiens","culex",88
"FC066|Tarsalis|2024|36","FC-066","NE","FC",2024,36,2024-09-04,"L","Tarsalis","culex",13
"FC066|Pipiens|2024|37","FC-066","NE","FC",2024,37,2024-09-09,"L","Pipiens","culex",73
"FC066|Tarsalis|2024|37","FC-066","NE","FC",2024,37,2024-09-09,"L","Tarsalis","culex",3
"FC066|Pipiens|2025|25","FC-066","NE","FC",2025,25,2025-06-16,"L","Pipiens","culex",0
"FC066|Tarsalis|2025|25","FC-066","NE","FC",2025,25,2025-06-16,"L","Tarsalis","culex",18
"FC066|Pipiens|2025|26","FC-066","NE","FC",2025,26,2025-06-23,"L","Pipiens","culex",1
"FC066|Tarsalis|2025|26","FC-066","NE","FC",2025,26,2025-06-23,"L","Tarsalis","culex",80
"FC066|Pipiens|2025|27","FC-066","NE","FC",2025,27,2025-06-30,"L","Pipiens","culex",38
"FC066|Tarsalis|2025|27","FC-066","NE","FC",2025,27,2025-06-30,"L","Tarsalis","culex",150
"FC066|Pipiens|2025|28","FC-066","NE","FC",2025,28,2025-07-07,"L","Pipiens","culex",33
"FC066|Tarsalis|2025|28","FC-066","NE","FC",2025,28,2025-07-07,"L","Tarsalis","culex",35
"FC066|Pipiens|2025|29","FC-066","NE","FC",2025,29,2025-07-14,"L","Pipiens","culex",70
"FC066|Tarsalis|2025|29","FC-066","NE","FC",2025,29,2025-07-14,"L","Tarsalis","culex",88
"FC066|Pipiens|2025|30","FC-066","NE","FC",2025,30,2025-07-21,"L","Pipiens","culex",57
"FC066|Tarsalis|2025|30","FC-066","NE","FC",2025,30,2025-07-21,"L","Tarsalis","culex",42
"FC066|Pipiens|2025|31","FC-066","NE","FC",2025,31,2025-07-28,"L","Pipiens","culex",83
"FC066|Tarsalis|2025|31","FC-066","NE","FC",2025,31,2025-07-28,"L","Tarsalis","culex",106
"FC066|Pipiens|2025|33","FC-066","NE","FC",2025,33,2025-08-11,"L","Pipiens","culex",45
"FC066|Tarsalis|2025|33","FC-066","NE","FC",2025,33,2025-08-11,"L","Tarsalis","culex",13
"FC066|Pipiens|2025|34","FC-066","NE","FC",2025,34,2025-08-18,"L","Pipiens","culex",2
"FC066|Tarsalis|2025|34","FC-066","NE","FC",2025,34,2025-08-18,"L","Tarsalis","culex",5
"FC066|Pipiens|2025|35","FC-066","NE","FC",2025,35,2025-08-25,"L","Pipiens","culex",105
"FC066|Tarsalis|2025|35","FC-066","NE","FC",2025,35,2025-08-25,"L","Tarsalis","culex",2
"FC066|Pipiens|2025|36","FC-066","NE","FC",2025,36,2025-09-03,"L","Pipiens","culex",97
"FC066|Tarsalis|2025|36","FC-066","NE","FC",2025,36,2025-09-03,"L","Tarsalis","culex",21
"FC066GR|Pipiens|2020|23","FC-066GR","NE","FC",2020,23,2020-06-07,"G","Pipiens","culex",4
"FC066GR|Tarsalis|2020|23","FC-066GR","NE","FC",2020,23,2020-06-07,"G","Tarsalis","culex",0
"FC066GR|Pipiens|2020|24","FC-066GR","NE","FC",2020,24,2020-06-14,"G","Pipiens","culex",2
"FC066GR|Tarsalis|2020|24","FC-066GR","NE","FC",2020,24,2020-06-14,"G","Tarsalis","culex",0
"FC066GR|Pipiens|2020|25","FC-066GR","NE","FC",2020,25,2020-06-21,"G","Pipiens","culex",6
"FC066GR|Tarsalis|2020|25","FC-066GR","NE","FC",2020,25,2020-06-21,"G","Tarsalis","culex",0
"FC066GR|Pipiens|2020|26","FC-066GR","NE","FC",2020,26,2020-06-28,"G","Pipiens","culex",2
"FC066GR|Tarsalis|2020|26","FC-066GR","NE","FC",2020,26,2020-06-28,"G","Tarsalis","culex",0
"FC066GR|Pipiens|2020|27","FC-066GR","NE","FC",2020,27,2020-07-05,"G","Pipiens","culex",9
"FC066GR|Tarsalis|2020|27","FC-066GR","NE","FC",2020,27,2020-07-05,"G","Tarsalis","culex",0
"FC066GR|Pipiens|2020|28","FC-066GR","NE","FC",2020,28,2020-07-12,"G","Pipiens","culex",142
"FC066GR|Tarsalis|2020|28","FC-066GR","NE","FC",2020,28,2020-07-12,"G","Tarsalis","culex",0
"FC066GR|Pipiens|2020|29","FC-066GR","NE","FC",2020,29,2020-07-19,"G","Pipiens","culex",28
"FC066GR|Tarsalis|2020|29","FC-066GR","NE","FC",2020,29,2020-07-19,"G","Tarsalis","culex",0
"FC066GR|Pipiens|2020|30","FC-066GR","NE","FC",2020,30,2020-07-26,"G","Pipiens","culex",49
"FC066GR|Tarsalis|2020|30","FC-066GR","NE","FC",2020,30,2020-07-26,"G","Tarsalis","culex",0
"FC066GR|Pipiens|2020|31","FC-066GR","NE","FC",2020,31,2020-08-02,"G","Pipiens","culex",24
"FC066GR|Tarsalis|2020|31","FC-066GR","NE","FC",2020,31,2020-08-02,"G","Tarsalis","culex",0
"FC066GR|Pipiens|2020|32","FC-066GR","NE","FC",2020,32,2020-08-09,"G","Pipiens","culex",56
"FC066GR|Tarsalis|2020|32","FC-066GR","NE","FC",2020,32,2020-08-09,"G","Tarsalis","culex",0
"FC066GR|Pipiens|2020|33","FC-066GR","NE","FC",2020,33,2020-08-16,"G","Pipiens","culex",45
"FC066GR|Tarsalis|2020|33","FC-066GR","NE","FC",2020,33,2020-08-16,"G","Tarsalis","culex",0
"FC066GR|Pipiens|2020|34","FC-066GR","NE","FC",2020,34,2020-08-23,"G","Pipiens","culex",31
"FC066GR|Tarsalis|2020|34","FC-066GR","NE","FC",2020,34,2020-08-23,"G","Tarsalis","culex",0
"FC066GR|Pipiens|2020|35","FC-066GR","NE","FC",2020,35,2020-08-30,"G","Pipiens","culex",26
"FC066GR|Tarsalis|2020|35","FC-066GR","NE","FC",2020,35,2020-08-30,"G","Tarsalis","culex",0
"FC066GR|Pipiens|2021|24","FC-066GR","NE","FC",2021,24,2021-06-20,"G","Pipiens","culex",16
"FC066GR|Tarsalis|2021|24","FC-066GR","NE","FC",2021,24,2021-06-20,"G","Tarsalis","culex",0
"FC066GR|Pipiens|2021|25","FC-066GR","NE","FC",2021,25,2021-06-27,"G","Pipiens","culex",13
"FC066GR|Tarsalis|2021|25","FC-066GR","NE","FC",2021,25,2021-06-27,"G","Tarsalis","culex",0
"FC066GR|Pipiens|2021|26","FC-066GR","NE","FC",2021,26,2021-07-04,"G","Pipiens","culex",3
"FC066GR|Tarsalis|2021|26","FC-066GR","NE","FC",2021,26,2021-07-04,"G","Tarsalis","culex",0
"FC066GR|Pipiens|2021|27","FC-066GR","NE","FC",2021,27,2021-07-11,"G","Pipiens","culex",14
"FC066GR|Tarsalis|2021|27","FC-066GR","NE","FC",2021,27,2021-07-11,"G","Tarsalis","culex",0
"FC066GR|Pipiens|2021|29","FC-066GR","NE","FC",2021,29,2021-07-19,"G","Pipiens","culex",63
"FC066GR|Tarsalis|2021|29","FC-066GR","NE","FC",2021,29,2021-07-19,"G","Tarsalis","culex",17
"FC066GR|Pipiens|2021|30","FC-066GR","NE","FC",2021,30,2021-08-01,"G","Pipiens","culex",7
"FC066GR|Tarsalis|2021|30","FC-066GR","NE","FC",2021,30,2021-08-01,"G","Tarsalis","culex",0
"FC066GR|Pipiens|2021|31","FC-066GR","NE","FC",2021,31,2021-08-08,"G","Pipiens","culex",55
"FC066GR|Tarsalis|2021|31","FC-066GR","NE","FC",2021,31,2021-08-08,"G","Tarsalis","culex",4
"FC066GR|Pipiens|2021|33","FC-066GR","NE","FC",2021,33,2021-08-22,"G","Pipiens","culex",36
"FC066GR|Tarsalis|2021|33","FC-066GR","NE","FC",2021,33,2021-08-22,"G","Tarsalis","culex",0
"FC066GR|Pipiens|2021|35","FC-066GR","NE","FC",2021,35,2021-08-30,"G","Pipiens","culex",7
"FC066GR|Tarsalis|2021|35","FC-066GR","NE","FC",2021,35,2021-08-30,"G","Tarsalis","culex",0
"FC066GR|Pipiens|2021|36","FC-066GR","NE","FC",2021,36,2021-09-06,"G","Pipiens","culex",4
"FC066GR|Tarsalis|2021|36","FC-066GR","NE","FC",2021,36,2021-09-06,"G","Tarsalis","culex",0
"FC066GR|Pipiens|2022|22","FC-066GR","NE","FC",2022,22,2022-06-05,"G","Pipiens","culex",1
"FC066GR|Tarsalis|2022|22","FC-066GR","NE","FC",2022,22,2022-06-05,"G","Tarsalis","culex",1
"FC066GR|Pipiens|2022|23","FC-066GR","NE","FC",2022,23,2022-06-12,"G","Pipiens","culex",3
"FC066GR|Tarsalis|2022|23","FC-066GR","NE","FC",2022,23,2022-06-12,"G","Tarsalis","culex",1
"FC066GR|Pipiens|2022|24","FC-066GR","NE","FC",2022,24,2022-06-19,"G","Pipiens","culex",0
"FC066GR|Tarsalis|2022|24","FC-066GR","NE","FC",2022,24,2022-06-19,"G","Tarsalis","culex",1
"FC066GR|Pipiens|2022|26","FC-066GR","NE","FC",2022,26,2022-07-03,"G","Pipiens","culex",10
"FC066GR|Tarsalis|2022|26","FC-066GR","NE","FC",2022,26,2022-07-03,"G","Tarsalis","culex",0
"FC066GR|Pipiens|2022|27","FC-066GR","NE","FC",2022,27,2022-07-10,"G","Pipiens","culex",1
"FC066GR|Tarsalis|2022|27","FC-066GR","NE","FC",2022,27,2022-07-10,"G","Tarsalis","culex",0
"FC066GR|Pipiens|2022|28","FC-066GR","NE","FC",2022,28,2022-07-17,"G","Pipiens","culex",31
"FC066GR|Tarsalis|2022|28","FC-066GR","NE","FC",2022,28,2022-07-17,"G","Tarsalis","culex",0
"FC066GR|Pipiens|2022|29","FC-066GR","NE","FC",2022,29,2022-07-24,"G","Pipiens","culex",5
"FC066GR|Tarsalis|2022|29","FC-066GR","NE","FC",2022,29,2022-07-24,"G","Tarsalis","culex",0
"FC066GR|Pipiens|2022|30","FC-066GR","NE","FC",2022,30,2022-07-31,"G","Pipiens","culex",4
"FC066GR|Tarsalis|2022|30","FC-066GR","NE","FC",2022,30,2022-07-31,"G","Tarsalis","culex",1
"FC066GR|Pipiens|2022|32","FC-066GR","NE","FC",2022,32,2022-08-14,"G","Pipiens","culex",10
"FC066GR|Tarsalis|2022|32","FC-066GR","NE","FC",2022,32,2022-08-14,"G","Tarsalis","culex",4
"FC066GR|Pipiens|2022|33","FC-066GR","NE","FC",2022,33,2022-08-21,"G","Pipiens","culex",31
"FC066GR|Tarsalis|2022|33","FC-066GR","NE","FC",2022,33,2022-08-21,"G","Tarsalis","culex",0
"FC066GR|Pipiens|2022|35","FC-066GR","NE","FC",2022,35,2022-08-29,"G","Pipiens","culex",5
"FC066GR|Tarsalis|2022|35","FC-066GR","NE","FC",2022,35,2022-08-29,"G","Tarsalis","culex",0
"FC066GR|Pipiens|2022|36","FC-066GR","NE","FC",2022,36,2022-09-06,"G","Pipiens","culex",24
"FC066GR|Tarsalis|2022|36","FC-066GR","NE","FC",2022,36,2022-09-06,"G","Tarsalis","culex",2
"FC066GR|Pipiens|2022|37","FC-066GR","NE","FC",2022,37,2022-09-13,"G","Pipiens","culex",8
"FC066GR|Tarsalis|2022|37","FC-066GR","NE","FC",2022,37,2022-09-13,"G","Tarsalis","culex",1
"FC066GR|Pipiens|2023|22","FC-066GR","NE","FC",2023,22,2023-06-04,"G","Pipiens","culex",1
"FC066GR|Tarsalis|2023|22","FC-066GR","NE","FC",2023,22,2023-06-04,"G","Tarsalis","culex",2
"FC066GR|Pipiens|2023|24","FC-066GR","NE","FC",2023,24,2023-06-18,"G","Pipiens","culex",3
"FC066GR|Tarsalis|2023|24","FC-066GR","NE","FC",2023,24,2023-06-18,"G","Tarsalis","culex",0
"FC066GR|Pipiens|2023|25","FC-066GR","NE","FC",2023,25,2023-06-25,"G","Pipiens","culex",24
"FC066GR|Tarsalis|2023|25","FC-066GR","NE","FC",2023,25,2023-06-25,"G","Tarsalis","culex",0
"FC066GR|Pipiens|2023|26","FC-066GR","NE","FC",2023,26,2023-07-02,"G","Pipiens","culex",2
"FC066GR|Tarsalis|2023|26","FC-066GR","NE","FC",2023,26,2023-07-02,"G","Tarsalis","culex",0
"FC066GR|Pipiens|2023|27","FC-066GR","NE","FC",2023,27,2023-07-09,"G","Pipiens","culex",11
"FC066GR|Tarsalis|2023|27","FC-066GR","NE","FC",2023,27,2023-07-09,"G","Tarsalis","culex",0
"FC066GR|Pipiens|2023|28","FC-066GR","NE","FC",2023,28,2023-07-16,"G","Pipiens","culex",3
"FC066GR|Tarsalis|2023|28","FC-066GR","NE","FC",2023,28,2023-07-16,"G","Tarsalis","culex",0
"FC066GR|Pipiens|2023|29","FC-066GR","NE","FC",2023,29,2023-07-23,"G","Pipiens","culex",5
"FC066GR|Tarsalis|2023|29","FC-066GR","NE","FC",2023,29,2023-07-23,"G","Tarsalis","culex",2
"FC066GR|Pipiens|2023|31","FC-066GR","NE","FC",2023,31,2023-08-06,"G","Pipiens","culex",9
"FC066GR|Tarsalis|2023|31","FC-066GR","NE","FC",2023,31,2023-08-06,"G","Tarsalis","culex",0
"FC066GR|Pipiens|2023|32","FC-066GR","NE","FC",2023,32,2023-08-13,"G","Pipiens","culex",14
"FC066GR|Tarsalis|2023|32","FC-066GR","NE","FC",2023,32,2023-08-13,"G","Tarsalis","culex",1
"FC066GR|Pipiens|2023|34","FC-066GR","NE","FC",2023,34,2023-08-27,"G","Pipiens","culex",15
"FC066GR|Tarsalis|2023|34","FC-066GR","NE","FC",2023,34,2023-08-27,"G","Tarsalis","culex",0
"FC066GR|Pipiens|2023|36","FC-066GR","NE","FC",2023,36,2023-09-04,"G","Pipiens","culex",3
"FC066GR|Tarsalis|2023|36","FC-066GR","NE","FC",2023,36,2023-09-04,"G","Tarsalis","culex",0
"FC066GR|Pipiens|2024|22","FC-066GR","NE","FC",2024,22,2024-06-02,"G","Pipiens","culex",0
"FC066GR|Tarsalis|2024|22","FC-066GR","NE","FC",2024,22,2024-06-02,"G","Tarsalis","culex",1
"FC066GR|Pipiens|2024|26","FC-066GR","NE","FC",2024,26,2024-06-24,"G","Pipiens","culex",1
"FC066GR|Tarsalis|2024|26","FC-066GR","NE","FC",2024,26,2024-06-24,"G","Tarsalis","culex",0
"FC066GR|Pipiens|2024|27","FC-066GR","NE","FC",2024,27,2024-07-01,"G","Pipiens","culex",9
"FC066GR|Tarsalis|2024|27","FC-066GR","NE","FC",2024,27,2024-07-01,"G","Tarsalis","culex",0
"FC066GR|Pipiens|2024|28","FC-066GR","NE","FC",2024,28,2024-07-08,"G","Pipiens","culex",4
"FC066GR|Tarsalis|2024|28","FC-066GR","NE","FC",2024,28,2024-07-08,"G","Tarsalis","culex",0
"FC066GR|Pipiens|2024|29","FC-066GR","NE","FC",2024,29,2024-07-15,"G","Pipiens","culex",30
"FC066GR|Tarsalis|2024|29","FC-066GR","NE","FC",2024,29,2024-07-15,"G","Tarsalis","culex",1
"FC066GR|Pipiens|2024|30","FC-066GR","NE","FC",2024,30,2024-07-22,"G","Pipiens","culex",8
"FC066GR|Tarsalis|2024|30","FC-066GR","NE","FC",2024,30,2024-07-22,"G","Tarsalis","culex",1
"FC066GR|Pipiens|2024|31","FC-066GR","NE","FC",2024,31,2024-07-29,"G","Pipiens","culex",27
"FC066GR|Tarsalis|2024|31","FC-066GR","NE","FC",2024,31,2024-07-29,"G","Tarsalis","culex",0
"FC066GR|Pipiens|2024|32","FC-066GR","NE","FC",2024,32,2024-08-05,"G","Pipiens","culex",7
"FC066GR|Tarsalis|2024|32","FC-066GR","NE","FC",2024,32,2024-08-05,"G","Tarsalis","culex",0
"FC066GR|Pipiens|2024|33","FC-066GR","NE","FC",2024,33,2024-08-12,"G","Pipiens","culex",37
"FC066GR|Tarsalis|2024|33","FC-066GR","NE","FC",2024,33,2024-08-12,"G","Tarsalis","culex",0
"FC066GR|Pipiens|2024|34","FC-066GR","NE","FC",2024,34,2024-08-19,"G","Pipiens","culex",42
"FC066GR|Tarsalis|2024|34","FC-066GR","NE","FC",2024,34,2024-08-19,"G","Tarsalis","culex",1
"FC066GR|Pipiens|2024|35","FC-066GR","NE","FC",2024,35,2024-08-26,"G","Pipiens","culex",5
"FC066GR|Tarsalis|2024|35","FC-066GR","NE","FC",2024,35,2024-08-26,"G","Tarsalis","culex",0
"FC066GR|Pipiens|2024|36","FC-066GR","NE","FC",2024,36,2024-09-04,"G","Pipiens","culex",22
"FC066GR|Tarsalis|2024|36","FC-066GR","NE","FC",2024,36,2024-09-04,"G","Tarsalis","culex",0
"FC066GR|Pipiens|2024|37","FC-066GR","NE","FC",2024,37,2024-09-09,"G","Pipiens","culex",3
"FC066GR|Tarsalis|2024|37","FC-066GR","NE","FC",2024,37,2024-09-09,"G","Tarsalis","culex",0
"FC066GR|Pipiens|2025|25","FC-066GR","NE","FC",2025,25,2025-06-16,"G","Pipiens","culex",0
"FC066GR|Tarsalis|2025|25","FC-066GR","NE","FC",2025,25,2025-06-16,"G","Tarsalis","culex",1
"FC066GR|Pipiens|2025|27","FC-066GR","NE","FC",2025,27,2025-06-30,"G","Pipiens","culex",4
"FC066GR|Tarsalis|2025|27","FC-066GR","NE","FC",2025,27,2025-06-30,"G","Tarsalis","culex",0
"FC066GR|Pipiens|2025|28","FC-066GR","NE","FC",2025,28,2025-07-07,"G","Pipiens","culex",5
"FC066GR|Tarsalis|2025|28","FC-066GR","NE","FC",2025,28,2025-07-07,"G","Tarsalis","culex",0
"FC066GR|Pipiens|2025|29","FC-066GR","NE","FC",2025,29,2025-07-14,"G","Pipiens","culex",5
"FC066GR|Tarsalis|2025|29","FC-066GR","NE","FC",2025,29,2025-07-14,"G","Tarsalis","culex",0
"FC066GR|Pipiens|2025|30","FC-066GR","NE","FC",2025,30,2025-07-21,"G","Pipiens","culex",12
"FC066GR|Tarsalis|2025|30","FC-066GR","NE","FC",2025,30,2025-07-21,"G","Tarsalis","culex",0
"FC066GR|Pipiens|2025|31","FC-066GR","NE","FC",2025,31,2025-07-28,"G","Pipiens","culex",5
"FC066GR|Tarsalis|2025|31","FC-066GR","NE","FC",2025,31,2025-07-28,"G","Tarsalis","culex",0
"FC066GR|Pipiens|2025|32","FC-066GR","NE","FC",2025,32,2025-08-04,"G","Pipiens","culex",1
"FC066GR|Tarsalis|2025|32","FC-066GR","NE","FC",2025,32,2025-08-04,"G","Tarsalis","culex",0
"FC066GR|Pipiens|2025|33","FC-066GR","NE","FC",2025,33,2025-08-11,"G","Pipiens","culex",9
"FC066GR|Tarsalis|2025|33","FC-066GR","NE","FC",2025,33,2025-08-11,"G","Tarsalis","culex",0
"FC066GR|Pipiens|2025|34","FC-066GR","NE","FC",2025,34,2025-08-18,"G","Pipiens","culex",6
"FC066GR|Tarsalis|2025|34","FC-066GR","NE","FC",2025,34,2025-08-18,"G","Tarsalis","culex",0
"FC066GR|Pipiens|2025|35","FC-066GR","NE","FC",2025,35,2025-08-25,"G","Pipiens","culex",8
"FC066GR|Tarsalis|2025|35","FC-066GR","NE","FC",2025,35,2025-08-25,"G","Tarsalis","culex",0
"FC066GR|Pipiens|2025|36","FC-066GR","NE","FC",2025,36,2025-09-03,"G","Pipiens","culex",7
"FC066GR|Tarsalis|2025|36","FC-066GR","NE","FC",2025,36,2025-09-03,"G","Tarsalis","culex",1
"FC067|Pipiens|2020|22","FC-067","NE","FC",2020,22,2020-05-31,"L","Pipiens","culex",0
"FC067|Tarsalis|2020|22","FC-067","NE","FC",2020,22,2020-05-31,"L","Tarsalis","culex",5
"FC067|Pipiens|2020|23","FC-067","NE","FC",2020,23,2020-06-07,"L","Pipiens","culex",0
"FC067|Tarsalis|2020|23","FC-067","NE","FC",2020,23,2020-06-07,"L","Tarsalis","culex",1
"FC067|Pipiens|2020|24","FC-067","NE","FC",2020,24,2020-06-14,"L","Pipiens","culex",1
"FC067|Tarsalis|2020|24","FC-067","NE","FC",2020,24,2020-06-14,"L","Tarsalis","culex",8
"FC067|Pipiens|2020|25","FC-067","NE","FC",2020,25,2020-06-21,"L","Pipiens","culex",0
"FC067|Tarsalis|2020|25","FC-067","NE","FC",2020,25,2020-06-21,"L","Tarsalis","culex",2
"FC067|Pipiens|2020|26","FC-067","NE","FC",2020,26,2020-06-28,"L","Pipiens","culex",0
"FC067|Tarsalis|2020|26","FC-067","NE","FC",2020,26,2020-06-28,"L","Tarsalis","culex",16
"FC067|Pipiens|2020|27","FC-067","NE","FC",2020,27,2020-07-05,"L","Pipiens","culex",4
"FC067|Tarsalis|2020|27","FC-067","NE","FC",2020,27,2020-07-05,"L","Tarsalis","culex",61
"FC067|Pipiens|2020|28","FC-067","NE","FC",2020,28,2020-07-12,"L","Pipiens","culex",0
"FC067|Tarsalis|2020|28","FC-067","NE","FC",2020,28,2020-07-12,"L","Tarsalis","culex",5
"FC067|Pipiens|2020|29","FC-067","NE","FC",2020,29,2020-07-19,"L","Pipiens","culex",13
"FC067|Tarsalis|2020|29","FC-067","NE","FC",2020,29,2020-07-19,"L","Tarsalis","culex",157
"FC067|Pipiens|2020|30","FC-067","NE","FC",2020,30,2020-07-26,"L","Pipiens","culex",26
"FC067|Tarsalis|2020|30","FC-067","NE","FC",2020,30,2020-07-26,"L","Tarsalis","culex",50
"FC067|Pipiens|2020|31","FC-067","NE","FC",2020,31,2020-08-02,"L","Pipiens","culex",30
"FC067|Tarsalis|2020|31","FC-067","NE","FC",2020,31,2020-08-02,"L","Tarsalis","culex",100
"FC067|Pipiens|2020|32","FC-067","NE","FC",2020,32,2020-08-09,"L","Pipiens","culex",9
"FC067|Tarsalis|2020|32","FC-067","NE","FC",2020,32,2020-08-09,"L","Tarsalis","culex",5
"FC067|Pipiens|2020|34","FC-067","NE","FC",2020,34,2020-08-18,"L","Pipiens","culex",4
"FC067|Tarsalis|2020|34","FC-067","NE","FC",2020,34,2020-08-18,"L","Tarsalis","culex",20
"FC067|Pipiens|2021|25","FC-067","NE","FC",2021,25,2021-06-27,"L","Pipiens","culex",7
"FC067|Tarsalis|2021|25","FC-067","NE","FC",2021,25,2021-06-27,"L","Tarsalis","culex",18
"FC067|Pipiens|2021|26","FC-067","NE","FC",2021,26,2021-07-04,"L","Pipiens","culex",2
"FC067|Tarsalis|2021|26","FC-067","NE","FC",2021,26,2021-07-04,"L","Tarsalis","culex",50
"FC067|Pipiens|2021|27","FC-067","NE","FC",2021,27,2021-07-11,"L","Pipiens","culex",9
"FC067|Tarsalis|2021|27","FC-067","NE","FC",2021,27,2021-07-11,"L","Tarsalis","culex",100
"FC067|Pipiens|2021|28","FC-067","NE","FC",2021,28,2021-07-18,"L","Pipiens","culex",31
"FC067|Tarsalis|2021|28","FC-067","NE","FC",2021,28,2021-07-18,"L","Tarsalis","culex",110
"FC067|Pipiens|2021|29","FC-067","NE","FC",2021,29,2021-07-25,"L","Pipiens","culex",9
"FC067|Tarsalis|2021|29","FC-067","NE","FC",2021,29,2021-07-25,"L","Tarsalis","culex",71
"FC067|Pipiens|2021|30","FC-067","NE","FC",2021,30,2021-08-01,"L","Pipiens","culex",35
"FC067|Tarsalis|2021|30","FC-067","NE","FC",2021,30,2021-08-01,"L","Tarsalis","culex",110
"FC067|Pipiens|2021|31","FC-067","NE","FC",2021,31,2021-08-08,"L","Pipiens","culex",1
"FC067|Tarsalis|2021|31","FC-067","NE","FC",2021,31,2021-08-08,"L","Tarsalis","culex",9
"FC067|Pipiens|2021|32","FC-067","NE","FC",2021,32,2021-08-15,"L","Pipiens","culex",2
"FC067|Tarsalis|2021|32","FC-067","NE","FC",2021,32,2021-08-15,"L","Tarsalis","culex",7
"FC067|Pipiens|2021|33","FC-067","NE","FC",2021,33,2021-08-22,"L","Pipiens","culex",4
"FC067|Tarsalis|2021|33","FC-067","NE","FC",2021,33,2021-08-22,"L","Tarsalis","culex",25
"FC067|Pipiens|2021|35","FC-067","NE","FC",2021,35,2021-08-30,"L","Pipiens","culex",0
"FC067|Tarsalis|2021|35","FC-067","NE","FC",2021,35,2021-08-30,"L","Tarsalis","culex",3
"FC067|Pipiens|2022|23","FC-067","NE","FC",2022,23,2022-06-12,"L","Pipiens","culex",0
"FC067|Tarsalis|2022|23","FC-067","NE","FC",2022,23,2022-06-12,"L","Tarsalis","culex",8
"FC067|Pipiens|2022|24","FC-067","NE","FC",2022,24,2022-06-19,"L","Pipiens","culex",0
"FC067|Tarsalis|2022|24","FC-067","NE","FC",2022,24,2022-06-19,"L","Tarsalis","culex",3
"FC067|Pipiens|2022|25","FC-067","NE","FC",2022,25,2022-06-26,"L","Pipiens","culex",1
"FC067|Tarsalis|2022|25","FC-067","NE","FC",2022,25,2022-06-26,"L","Tarsalis","culex",6
"FC067|Pipiens|2022|26","FC-067","NE","FC",2022,26,2022-07-03,"L","Pipiens","culex",3
"FC067|Tarsalis|2022|26","FC-067","NE","FC",2022,26,2022-07-03,"L","Tarsalis","culex",37
"FC067|Pipiens|2022|27","FC-067","NE","FC",2022,27,2022-07-10,"L","Pipiens","culex",9
"FC067|Tarsalis|2022|27","FC-067","NE","FC",2022,27,2022-07-10,"L","Tarsalis","culex",190
"FC067|Pipiens|2022|28","FC-067","NE","FC",2022,28,2022-07-17,"L","Pipiens","culex",13
"FC067|Tarsalis|2022|28","FC-067","NE","FC",2022,28,2022-07-17,"L","Tarsalis","culex",178
"FC067|Pipiens|2022|29","FC-067","NE","FC",2022,29,2022-07-24,"L","Pipiens","culex",10
"FC067|Tarsalis|2022|29","FC-067","NE","FC",2022,29,2022-07-24,"L","Tarsalis","culex",76
"FC067|Pipiens|2022|30","FC-067","NE","FC",2022,30,2022-07-31,"L","Pipiens","culex",47
"FC067|Tarsalis|2022|30","FC-067","NE","FC",2022,30,2022-07-31,"L","Tarsalis","culex",180
"FC067|Pipiens|2022|31","FC-067","NE","FC",2022,31,2022-08-07,"L","Pipiens","culex",11
"FC067|Tarsalis|2022|31","FC-067","NE","FC",2022,31,2022-08-07,"L","Tarsalis","culex",47
"FC067|Pipiens|2022|32","FC-067","NE","FC",2022,32,2022-08-14,"L","Pipiens","culex",22
"FC067|Tarsalis|2022|32","FC-067","NE","FC",2022,32,2022-08-14,"L","Tarsalis","culex",111
"FC067|Pipiens|2022|33","FC-067","NE","FC",2022,33,2022-08-21,"L","Pipiens","culex",48
"FC067|Tarsalis|2022|33","FC-067","NE","FC",2022,33,2022-08-21,"L","Tarsalis","culex",112
"FC067|Pipiens|2022|35","FC-067","NE","FC",2022,35,2022-08-29,"L","Pipiens","culex",22
"FC067|Tarsalis|2022|35","FC-067","NE","FC",2022,35,2022-08-29,"L","Tarsalis","culex",22
"FC067|Pipiens|2022|36","FC-067","NE","FC",2022,36,2022-09-06,"L","Pipiens","culex",4
"FC067|Tarsalis|2022|36","FC-067","NE","FC",2022,36,2022-09-06,"L","Tarsalis","culex",21
"FC067|Pipiens|2022|37","FC-067","NE","FC",2022,37,2022-09-13,"L","Pipiens","culex",35
"FC067|Tarsalis|2022|37","FC-067","NE","FC",2022,37,2022-09-13,"L","Tarsalis","culex",8
"FC067|Pipiens|2023|23","FC-067","NE","FC",2023,23,2023-06-11,"L","Pipiens","culex",0
"FC067|Tarsalis|2023|23","FC-067","NE","FC",2023,23,2023-06-11,"L","Tarsalis","culex",6
"FC067|Pipiens|2023|24","FC-067","NE","FC",2023,24,2023-06-18,"L","Pipiens","culex",0
"FC067|Tarsalis|2023|24","FC-067","NE","FC",2023,24,2023-06-18,"L","Tarsalis","culex",2
"FC067|Pipiens|2023|25","FC-067","NE","FC",2023,25,2023-06-25,"L","Pipiens","culex",4
"FC067|Tarsalis|2023|25","FC-067","NE","FC",2023,25,2023-06-25,"L","Tarsalis","culex",29
"FC067|Pipiens|2023|26","FC-067","NE","FC",2023,26,2023-07-02,"L","Pipiens","culex",0
"FC067|Tarsalis|2023|26","FC-067","NE","FC",2023,26,2023-07-02,"L","Tarsalis","culex",9
"FC067|Pipiens|2023|27","FC-067","NE","FC",2023,27,2023-07-09,"L","Pipiens","culex",9
"FC067|Tarsalis|2023|27","FC-067","NE","FC",2023,27,2023-07-09,"L","Tarsalis","culex",34
"FC067|Pipiens|2023|28","FC-067","NE","FC",2023,28,2023-07-16,"L","Pipiens","culex",0
"FC067|Tarsalis|2023|28","FC-067","NE","FC",2023,28,2023-07-16,"L","Tarsalis","culex",30
"FC067|Pipiens|2023|29","FC-067","NE","FC",2023,29,2023-07-23,"L","Pipiens","culex",14
"FC067|Tarsalis|2023|29","FC-067","NE","FC",2023,29,2023-07-23,"L","Tarsalis","culex",229
"FC067|Pipiens|2023|31","FC-067","NE","FC",2023,31,2023-07-31,"L","Pipiens","culex",1
"FC067|Tarsalis|2023|31","FC-067","NE","FC",2023,31,2023-07-31,"L","Tarsalis","culex",12
"FC067|Pipiens|2023|32","FC-067","NE","FC",2023,32,2023-08-13,"L","Pipiens","culex",1
"FC067|Tarsalis|2023|32","FC-067","NE","FC",2023,32,2023-08-13,"L","Tarsalis","culex",0
"FC067|Pipiens|2023|34","FC-067","NE","FC",2023,34,2023-08-21,"L","Pipiens","culex",0
"FC067|Tarsalis|2023|34","FC-067","NE","FC",2023,34,2023-08-21,"L","Tarsalis","culex",2
"FC067|Pipiens|2024|25","FC-067","NE","FC",2024,25,2024-06-17,"L","Pipiens","culex",1
"FC067|Tarsalis|2024|25","FC-067","NE","FC",2024,25,2024-06-17,"L","Tarsalis","culex",1
"FC067|Pipiens|2024|26","FC-067","NE","FC",2024,26,2024-06-24,"L","Pipiens","culex",0
"FC067|Tarsalis|2024|26","FC-067","NE","FC",2024,26,2024-06-24,"L","Tarsalis","culex",3
"FC067|Pipiens|2024|27","FC-067","NE","FC",2024,27,2024-07-01,"L","Pipiens","culex",0
"FC067|Tarsalis|2024|27","FC-067","NE","FC",2024,27,2024-07-01,"L","Tarsalis","culex",1
"FC067|Pipiens|2024|28","FC-067","NE","FC",2024,28,2024-07-08,"L","Pipiens","culex",0
"FC067|Tarsalis|2024|28","FC-067","NE","FC",2024,28,2024-07-08,"L","Tarsalis","culex",1
"FC067|Pipiens|2024|29","FC-067","NE","FC",2024,29,2024-07-15,"L","Pipiens","culex",0
"FC067|Tarsalis|2024|29","FC-067","NE","FC",2024,29,2024-07-15,"L","Tarsalis","culex",4
"FC067|Pipiens|2024|30","FC-067","NE","FC",2024,30,2024-07-22,"L","Pipiens","culex",2
"FC067|Tarsalis|2024|30","FC-067","NE","FC",2024,30,2024-07-22,"L","Tarsalis","culex",3
"FC067|Pipiens|2024|31","FC-067","NE","FC",2024,31,2024-07-29,"L","Pipiens","culex",2
"FC067|Tarsalis|2024|31","FC-067","NE","FC",2024,31,2024-07-29,"L","Tarsalis","culex",5
"FC067|Pipiens|2024|32","FC-067","NE","FC",2024,32,2024-08-05,"L","Pipiens","culex",0
"FC067|Tarsalis|2024|32","FC-067","NE","FC",2024,32,2024-08-05,"L","Tarsalis","culex",14
"FC067|Pipiens|2024|33","FC-067","NE","FC",2024,33,2024-08-12,"L","Pipiens","culex",2
"FC067|Tarsalis|2024|33","FC-067","NE","FC",2024,33,2024-08-12,"L","Tarsalis","culex",9
"FC067|Pipiens|2024|34","FC-067","NE","FC",2024,34,2024-08-19,"L","Pipiens","culex",0
"FC067|Tarsalis|2024|34","FC-067","NE","FC",2024,34,2024-08-19,"L","Tarsalis","culex",8
"FC067|Pipiens|2024|36","FC-067","NE","FC",2024,36,2024-09-04,"L","Pipiens","culex",2
"FC067|Tarsalis|2024|36","FC-067","NE","FC",2024,36,2024-09-04,"L","Tarsalis","culex",7
"FC067|Pipiens|2024|37","FC-067","NE","FC",2024,37,2024-09-09,"L","Pipiens","culex",3
"FC067|Tarsalis|2024|37","FC-067","NE","FC",2024,37,2024-09-09,"L","Tarsalis","culex",6
"FC067|Pipiens|2025|25","FC-067","NE","FC",2025,25,2025-06-16,"L","Pipiens","culex",4
"FC067|Tarsalis|2025|25","FC-067","NE","FC",2025,25,2025-06-16,"L","Tarsalis","culex",31
"FC067|Pipiens|2025|26","FC-067","NE","FC",2025,26,2025-06-23,"L","Pipiens","culex",0
"FC067|Tarsalis|2025|26","FC-067","NE","FC",2025,26,2025-06-23,"L","Tarsalis","culex",27
"FC067|Pipiens|2025|27","FC-067","NE","FC",2025,27,2025-06-30,"L","Pipiens","culex",0
"FC067|Tarsalis|2025|27","FC-067","NE","FC",2025,27,2025-06-30,"L","Tarsalis","culex",31
"FC067|Pipiens|2025|28","FC-067","NE","FC",2025,28,2025-07-07,"L","Pipiens","culex",2
"FC067|Tarsalis|2025|28","FC-067","NE","FC",2025,28,2025-07-07,"L","Tarsalis","culex",46
"FC067|Pipiens|2025|29","FC-067","NE","FC",2025,29,2025-07-14,"L","Pipiens","culex",4
"FC067|Tarsalis|2025|29","FC-067","NE","FC",2025,29,2025-07-14,"L","Tarsalis","culex",22
"FC067|Pipiens|2025|30","FC-067","NE","FC",2025,30,2025-07-21,"L","Pipiens","culex",1
"FC067|Tarsalis|2025|30","FC-067","NE","FC",2025,30,2025-07-21,"L","Tarsalis","culex",21
"FC067|Pipiens|2025|31","FC-067","NE","FC",2025,31,2025-07-28,"L","Pipiens","culex",5
"FC067|Tarsalis|2025|31","FC-067","NE","FC",2025,31,2025-07-28,"L","Tarsalis","culex",50
"FC067|Pipiens|2025|32","FC-067","NE","FC",2025,32,2025-08-04,"L","Pipiens","culex",32
"FC067|Tarsalis|2025|32","FC-067","NE","FC",2025,32,2025-08-04,"L","Tarsalis","culex",75
"FC067|Pipiens|2025|33","FC-067","NE","FC",2025,33,2025-08-11,"L","Pipiens","culex",4
"FC067|Tarsalis|2025|33","FC-067","NE","FC",2025,33,2025-08-11,"L","Tarsalis","culex",7
"FC067|Pipiens|2025|34","FC-067","NE","FC",2025,34,2025-08-18,"L","Pipiens","culex",7
"FC067|Tarsalis|2025|34","FC-067","NE","FC",2025,34,2025-08-18,"L","Tarsalis","culex",13
"FC067|Pipiens|2025|35","FC-067","NE","FC",2025,35,2025-08-25,"L","Pipiens","culex",17
"FC067|Tarsalis|2025|35","FC-067","NE","FC",2025,35,2025-08-25,"L","Tarsalis","culex",4
"FC067|Pipiens|2025|36","FC-067","NE","FC",2025,36,2025-09-03,"L","Pipiens","culex",10
"FC067|Tarsalis|2025|36","FC-067","NE","FC",2025,36,2025-09-03,"L","Tarsalis","culex",6
"FC068|Pipiens|2020|24","FC-068","SW","FC",2020,24,2020-06-10,"L","Pipiens","culex",0
"FC068|Tarsalis|2020|24","FC-068","SW","FC",2020,24,2020-06-10,"L","Tarsalis","culex",1
"FC068|Pipiens|2020|27","FC-068","SW","FC",2020,27,2020-07-01,"L","Pipiens","culex",0
"FC068|Tarsalis|2020|27","FC-068","SW","FC",2020,27,2020-07-01,"L","Tarsalis","culex",2
"FC068|Pipiens|2020|29","FC-068","SW","FC",2020,29,2020-07-15,"L","Pipiens","culex",0
"FC068|Tarsalis|2020|29","FC-068","SW","FC",2020,29,2020-07-15,"L","Tarsalis","culex",1
"FC068|Pipiens|2020|30","FC-068","SW","FC",2020,30,2020-07-22,"L","Pipiens","culex",3
"FC068|Tarsalis|2020|30","FC-068","SW","FC",2020,30,2020-07-22,"L","Tarsalis","culex",12
"FC068|Pipiens|2020|31","FC-068","SW","FC",2020,31,2020-07-29,"L","Pipiens","culex",0
"FC068|Tarsalis|2020|31","FC-068","SW","FC",2020,31,2020-07-29,"L","Tarsalis","culex",5
"FC068|Pipiens|2020|32","FC-068","SW","FC",2020,32,2020-08-05,"L","Pipiens","culex",1
"FC068|Tarsalis|2020|32","FC-068","SW","FC",2020,32,2020-08-05,"L","Tarsalis","culex",0
"FC068|Pipiens|2020|33","FC-068","SW","FC",2020,33,2020-08-12,"L","Pipiens","culex",0
"FC068|Tarsalis|2020|33","FC-068","SW","FC",2020,33,2020-08-12,"L","Tarsalis","culex",6
"FC068|Pipiens|2020|34","FC-068","SW","FC",2020,34,2020-08-19,"L","Pipiens","culex",20
"FC068|Tarsalis|2020|34","FC-068","SW","FC",2020,34,2020-08-19,"L","Tarsalis","culex",3
"FC068|Pipiens|2020|35","FC-068","SW","FC",2020,35,2020-08-26,"L","Pipiens","culex",0
"FC068|Tarsalis|2020|35","FC-068","SW","FC",2020,35,2020-08-26,"L","Tarsalis","culex",1
"FC068|Pipiens|2020|36","FC-068","SW","FC",2020,36,2020-09-02,"L","Pipiens","culex",2
"FC068|Tarsalis|2020|36","FC-068","SW","FC",2020,36,2020-09-02,"L","Tarsalis","culex",1
"FC068|Pipiens|2021|25","FC-068","SW","FC",2021,25,2021-06-23,"L","Pipiens","culex",0
"FC068|Tarsalis|2021|25","FC-068","SW","FC",2021,25,2021-06-23,"L","Tarsalis","culex",13
"FC068|Pipiens|2021|26","FC-068","SW","FC",2021,26,2021-06-30,"L","Pipiens","culex",2
"FC068|Tarsalis|2021|26","FC-068","SW","FC",2021,26,2021-06-30,"L","Tarsalis","culex",17
"FC068|Pipiens|2021|27","FC-068","SW","FC",2021,27,2021-07-07,"L","Pipiens","culex",0
"FC068|Tarsalis|2021|27","FC-068","SW","FC",2021,27,2021-07-07,"L","Tarsalis","culex",1
"FC068|Pipiens|2021|28","FC-068","SW","FC",2021,28,2021-07-14,"L","Pipiens","culex",4
"FC068|Tarsalis|2021|28","FC-068","SW","FC",2021,28,2021-07-14,"L","Tarsalis","culex",13
"FC068|Pipiens|2021|30","FC-068","SW","FC",2021,30,2021-07-28,"L","Pipiens","culex",2
"FC068|Tarsalis|2021|30","FC-068","SW","FC",2021,30,2021-07-28,"L","Tarsalis","culex",62
"FC068|Pipiens|2021|31","FC-068","SW","FC",2021,31,2021-08-04,"L","Pipiens","culex",2
"FC068|Tarsalis|2021|31","FC-068","SW","FC",2021,31,2021-08-04,"L","Tarsalis","culex",12
"FC068|Pipiens|2021|32","FC-068","SW","FC",2021,32,2021-08-11,"L","Pipiens","culex",0
"FC068|Tarsalis|2021|32","FC-068","SW","FC",2021,32,2021-08-11,"L","Tarsalis","culex",8
"FC068|Pipiens|2021|33","FC-068","SW","FC",2021,33,2021-08-18,"L","Pipiens","culex",5
"FC068|Tarsalis|2021|33","FC-068","SW","FC",2021,33,2021-08-18,"L","Tarsalis","culex",13
"FC068|Pipiens|2021|34","FC-068","SW","FC",2021,34,2021-08-25,"L","Pipiens","culex",1
"FC068|Tarsalis|2021|34","FC-068","SW","FC",2021,34,2021-08-25,"L","Tarsalis","culex",3
"FC068|Pipiens|2021|35","FC-068","SW","FC",2021,35,2021-09-01,"L","Pipiens","culex",3
"FC068|Tarsalis|2021|35","FC-068","SW","FC",2021,35,2021-09-01,"L","Tarsalis","culex",3
"FC068|Pipiens|2021|36","FC-068","SW","FC",2021,36,2021-09-08,"L","Pipiens","culex",1
"FC068|Tarsalis|2021|36","FC-068","SW","FC",2021,36,2021-09-08,"L","Tarsalis","culex",2
"FC068|Pipiens|2022|23","FC-068","SW","FC",2022,23,2022-06-08,"L","Pipiens","culex",1
"FC068|Tarsalis|2022|23","FC-068","SW","FC",2022,23,2022-06-08,"L","Tarsalis","culex",0
"FC068|Pipiens|2022|25","FC-068","SW","FC",2022,25,2022-06-22,"L","Pipiens","culex",0
"FC068|Tarsalis|2022|25","FC-068","SW","FC",2022,25,2022-06-22,"L","Tarsalis","culex",1
"FC068|Pipiens|2022|26","FC-068","SW","FC",2022,26,2022-06-29,"L","Pipiens","culex",0
"FC068|Tarsalis|2022|26","FC-068","SW","FC",2022,26,2022-06-29,"L","Tarsalis","culex",1
"FC068|Pipiens|2022|27","FC-068","SW","FC",2022,27,2022-07-06,"L","Pipiens","culex",3
"FC068|Tarsalis|2022|27","FC-068","SW","FC",2022,27,2022-07-06,"L","Tarsalis","culex",18
"FC068|Pipiens|2022|28","FC-068","SW","FC",2022,28,2022-07-13,"L","Pipiens","culex",1
"FC068|Tarsalis|2022|28","FC-068","SW","FC",2022,28,2022-07-13,"L","Tarsalis","culex",55
"FC068|Pipiens|2022|29","FC-068","SW","FC",2022,29,2022-07-20,"L","Pipiens","culex",0
"FC068|Tarsalis|2022|29","FC-068","SW","FC",2022,29,2022-07-20,"L","Tarsalis","culex",26
"FC068|Pipiens|2022|30","FC-068","SW","FC",2022,30,2022-07-27,"L","Pipiens","culex",0
"FC068|Tarsalis|2022|30","FC-068","SW","FC",2022,30,2022-07-27,"L","Tarsalis","culex",15
"FC068|Pipiens|2022|31","FC-068","SW","FC",2022,31,2022-08-03,"L","Pipiens","culex",4
"FC068|Tarsalis|2022|31","FC-068","SW","FC",2022,31,2022-08-03,"L","Tarsalis","culex",5
"FC068|Pipiens|2022|32","FC-068","SW","FC",2022,32,2022-08-10,"L","Pipiens","culex",0
"FC068|Tarsalis|2022|32","FC-068","SW","FC",2022,32,2022-08-10,"L","Tarsalis","culex",12
"FC068|Pipiens|2022|33","FC-068","SW","FC",2022,33,2022-08-17,"L","Pipiens","culex",10
"FC068|Tarsalis|2022|33","FC-068","SW","FC",2022,33,2022-08-17,"L","Tarsalis","culex",23
"FC068|Pipiens|2022|34","FC-068","SW","FC",2022,34,2022-08-24,"L","Pipiens","culex",9
"FC068|Tarsalis|2022|34","FC-068","SW","FC",2022,34,2022-08-24,"L","Tarsalis","culex",31
"FC068|Pipiens|2022|36","FC-068","SW","FC",2022,36,2022-09-07,"L","Pipiens","culex",2
"FC068|Tarsalis|2022|36","FC-068","SW","FC",2022,36,2022-09-07,"L","Tarsalis","culex",3
"FC068|Pipiens|2022|37","FC-068","SW","FC",2022,37,2022-09-12,"L","Pipiens","culex",2
"FC068|Tarsalis|2022|37","FC-068","SW","FC",2022,37,2022-09-12,"L","Tarsalis","culex",3
"FC068|Pipiens|2023|24","FC-068","SW","FC",2023,24,2023-06-14,"L","Pipiens","culex",0
"FC068|Tarsalis|2023|24","FC-068","SW","FC",2023,24,2023-06-14,"L","Tarsalis","culex",1
"FC068|Pipiens|2023|25","FC-068","SW","FC",2023,25,2023-06-21,"L","Pipiens","culex",1
"FC068|Tarsalis|2023|25","FC-068","SW","FC",2023,25,2023-06-21,"L","Tarsalis","culex",8
"FC068|Pipiens|2023|26","FC-068","SW","FC",2023,26,2023-06-28,"L","Pipiens","culex",0
"FC068|Tarsalis|2023|26","FC-068","SW","FC",2023,26,2023-06-28,"L","Tarsalis","culex",8
"FC068|Pipiens|2023|27","FC-068","SW","FC",2023,27,2023-07-05,"L","Pipiens","culex",2
"FC068|Tarsalis|2023|27","FC-068","SW","FC",2023,27,2023-07-05,"L","Tarsalis","culex",35
"FC068|Pipiens|2023|28","FC-068","SW","FC",2023,28,2023-07-12,"L","Pipiens","culex",0
"FC068|Tarsalis|2023|28","FC-068","SW","FC",2023,28,2023-07-12,"L","Tarsalis","culex",12
"FC068|Pipiens|2023|29","FC-068","SW","FC",2023,29,2023-07-19,"L","Pipiens","culex",3
"FC068|Tarsalis|2023|29","FC-068","SW","FC",2023,29,2023-07-19,"L","Tarsalis","culex",263
"FC068|Pipiens|2023|30","FC-068","SW","FC",2023,30,2023-07-25,"L","Pipiens","culex",0
"FC068|Tarsalis|2023|30","FC-068","SW","FC",2023,30,2023-07-25,"L","Tarsalis","culex",58
"FC068|Pipiens|2023|31","FC-068","SW","FC",2023,31,2023-08-02,"L","Pipiens","culex",4
"FC068|Tarsalis|2023|31","FC-068","SW","FC",2023,31,2023-08-02,"L","Tarsalis","culex",19
"FC068|Pipiens|2023|32","FC-068","SW","FC",2023,32,2023-08-07,"L","Pipiens","culex",0
"FC068|Tarsalis|2023|32","FC-068","SW","FC",2023,32,2023-08-07,"L","Tarsalis","culex",7
"FC068|Pipiens|2023|33","FC-068","SW","FC",2023,33,2023-08-16,"L","Pipiens","culex",3
"FC068|Tarsalis|2023|33","FC-068","SW","FC",2023,33,2023-08-16,"L","Tarsalis","culex",19
"FC068|Pipiens|2023|34","FC-068","SW","FC",2023,34,2023-08-23,"L","Pipiens","culex",1
"FC068|Tarsalis|2023|34","FC-068","SW","FC",2023,34,2023-08-23,"L","Tarsalis","culex",18
"FC068|Pipiens|2023|35","FC-068","SW","FC",2023,35,2023-08-30,"L","Pipiens","culex",0
"FC068|Tarsalis|2023|35","FC-068","SW","FC",2023,35,2023-08-30,"L","Tarsalis","culex",4
"FC068|Pipiens|2024|23","FC-068","SW","FC",2024,23,2024-06-05,"L","Pipiens","culex",0
"FC068|Tarsalis|2024|23","FC-068","SW","FC",2024,23,2024-06-05,"L","Tarsalis","culex",1
"FC068|Pipiens|2024|26","FC-068","SW","FC",2024,26,2024-06-27,"L","Pipiens","culex",1
"FC068|Tarsalis|2024|26","FC-068","SW","FC",2024,26,2024-06-27,"L","Tarsalis","culex",2
"FC068|Pipiens|2024|27","FC-068","SW","FC",2024,27,2024-07-03,"L","Pipiens","culex",0
"FC068|Tarsalis|2024|27","FC-068","SW","FC",2024,27,2024-07-03,"L","Tarsalis","culex",1
"FC068|Pipiens|2024|28","FC-068","SW","FC",2024,28,2024-07-11,"L","Pipiens","culex",2
"FC068|Tarsalis|2024|28","FC-068","SW","FC",2024,28,2024-07-11,"L","Tarsalis","culex",5
"FC068|Pipiens|2024|29","FC-068","SW","FC",2024,29,2024-07-18,"L","Pipiens","culex",0
"FC068|Tarsalis|2024|29","FC-068","SW","FC",2024,29,2024-07-18,"L","Tarsalis","culex",3
"FC068|Pipiens|2024|31","FC-068","SW","FC",2024,31,2024-08-01,"L","Pipiens","culex",1
"FC068|Tarsalis|2024|31","FC-068","SW","FC",2024,31,2024-08-01,"L","Tarsalis","culex",5
"FC068|Pipiens|2024|32","FC-068","SW","FC",2024,32,2024-08-08,"L","Pipiens","culex",0
"FC068|Tarsalis|2024|32","FC-068","SW","FC",2024,32,2024-08-08,"L","Tarsalis","culex",6
"FC068|Pipiens|2024|33","FC-068","SW","FC",2024,33,2024-08-15,"L","Pipiens","culex",1
"FC068|Tarsalis|2024|33","FC-068","SW","FC",2024,33,2024-08-15,"L","Tarsalis","culex",0
"FC068|Pipiens|2024|34","FC-068","SW","FC",2024,34,2024-08-22,"L","Pipiens","culex",1
"FC068|Tarsalis|2024|34","FC-068","SW","FC",2024,34,2024-08-22,"L","Tarsalis","culex",2
"FC068|Pipiens|2024|35","FC-068","SW","FC",2024,35,2024-08-29,"L","Pipiens","culex",1
"FC068|Tarsalis|2024|35","FC-068","SW","FC",2024,35,2024-08-29,"L","Tarsalis","culex",2
"FC068|Pipiens|2024|36","FC-068","SW","FC",2024,36,2024-09-05,"L","Pipiens","culex",0
"FC068|Tarsalis|2024|36","FC-068","SW","FC",2024,36,2024-09-05,"L","Tarsalis","culex",1
"FC068|Pipiens|2024|37","FC-068","SW","FC",2024,37,2024-09-12,"L","Pipiens","culex",1
"FC068|Tarsalis|2024|37","FC-068","SW","FC",2024,37,2024-09-12,"L","Tarsalis","culex",1
"FC068|Pipiens|2025|25","FC-068","SW","FC",2025,25,2025-06-19,"L","Pipiens","culex",0
"FC068|Tarsalis|2025|25","FC-068","SW","FC",2025,25,2025-06-19,"L","Tarsalis","culex",2
"FC068|Pipiens|2025|26","FC-068","SW","FC",2025,26,2025-06-26,"L","Pipiens","culex",0
"FC068|Tarsalis|2025|26","FC-068","SW","FC",2025,26,2025-06-26,"L","Tarsalis","culex",4
"FC068|Pipiens|2025|27","FC-068","SW","FC",2025,27,2025-07-03,"L","Pipiens","culex",0
"FC068|Tarsalis|2025|27","FC-068","SW","FC",2025,27,2025-07-03,"L","Tarsalis","culex",8
"FC068|Pipiens|2025|28","FC-068","SW","FC",2025,28,2025-07-10,"L","Pipiens","culex",0
"FC068|Tarsalis|2025|28","FC-068","SW","FC",2025,28,2025-07-10,"L","Tarsalis","culex",23
"FC068|Pipiens|2025|29","FC-068","SW","FC",2025,29,2025-07-17,"L","Pipiens","culex",4
"FC068|Tarsalis|2025|29","FC-068","SW","FC",2025,29,2025-07-17,"L","Tarsalis","culex",32
"FC068|Pipiens|2025|30","FC-068","SW","FC",2025,30,2025-07-24,"L","Pipiens","culex",4
"FC068|Tarsalis|2025|30","FC-068","SW","FC",2025,30,2025-07-24,"L","Tarsalis","culex",12
"FC068|Pipiens|2025|31","FC-068","SW","FC",2025,31,2025-07-31,"L","Pipiens","culex",2
"FC068|Tarsalis|2025|31","FC-068","SW","FC",2025,31,2025-07-31,"L","Tarsalis","culex",3
"FC068|Pipiens|2025|33","FC-068","SW","FC",2025,33,2025-08-14,"L","Pipiens","culex",1
"FC068|Tarsalis|2025|33","FC-068","SW","FC",2025,33,2025-08-14,"L","Tarsalis","culex",13
"FC068|Pipiens|2025|34","FC-068","SW","FC",2025,34,2025-08-21,"L","Pipiens","culex",0
"FC068|Tarsalis|2025|34","FC-068","SW","FC",2025,34,2025-08-21,"L","Tarsalis","culex",2
"FC068|Pipiens|2025|35","FC-068","SW","FC",2025,35,2025-08-28,"L","Pipiens","culex",1
"FC068|Tarsalis|2025|35","FC-068","SW","FC",2025,35,2025-08-28,"L","Tarsalis","culex",3
"FC068|Pipiens|2025|36","FC-068","SW","FC",2025,36,2025-09-04,"L","Pipiens","culex",0
"FC068|Tarsalis|2025|36","FC-068","SW","FC",2025,36,2025-09-04,"L","Tarsalis","culex",3
"FC069|Pipiens|2020|22","FC-069","NE","FC",2020,22,2020-05-31,"L","Pipiens","culex",0
"FC069|Tarsalis|2020|22","FC-069","NE","FC",2020,22,2020-05-31,"L","Tarsalis","culex",2
"FC069|Pipiens|2020|23","FC-069","NE","FC",2020,23,2020-06-07,"L","Pipiens","culex",0
"FC069|Tarsalis|2020|23","FC-069","NE","FC",2020,23,2020-06-07,"L","Tarsalis","culex",2
"FC069|Pipiens|2020|24","FC-069","NE","FC",2020,24,2020-06-14,"L","Pipiens","culex",1
"FC069|Tarsalis|2020|24","FC-069","NE","FC",2020,24,2020-06-14,"L","Tarsalis","culex",1
"FC069|Pipiens|2020|25","FC-069","NE","FC",2020,25,2020-06-21,"L","Pipiens","culex",0
"FC069|Tarsalis|2020|25","FC-069","NE","FC",2020,25,2020-06-21,"L","Tarsalis","culex",4
"FC069|Pipiens|2020|26","FC-069","NE","FC",2020,26,2020-06-28,"L","Pipiens","culex",0
"FC069|Tarsalis|2020|26","FC-069","NE","FC",2020,26,2020-06-28,"L","Tarsalis","culex",1
"FC069|Pipiens|2020|27","FC-069","NE","FC",2020,27,2020-07-05,"L","Pipiens","culex",2
"FC069|Tarsalis|2020|27","FC-069","NE","FC",2020,27,2020-07-05,"L","Tarsalis","culex",9
"FC069|Pipiens|2020|28","FC-069","NE","FC",2020,28,2020-07-12,"L","Pipiens","culex",6
"FC069|Tarsalis|2020|28","FC-069","NE","FC",2020,28,2020-07-12,"L","Tarsalis","culex",22
"FC069|Pipiens|2020|29","FC-069","NE","FC",2020,29,2020-07-19,"L","Pipiens","culex",0
"FC069|Tarsalis|2020|29","FC-069","NE","FC",2020,29,2020-07-19,"L","Tarsalis","culex",7
"FC069|Pipiens|2020|30","FC-069","NE","FC",2020,30,2020-07-26,"L","Pipiens","culex",2
"FC069|Tarsalis|2020|30","FC-069","NE","FC",2020,30,2020-07-26,"L","Tarsalis","culex",9
"FC069|Pipiens|2020|31","FC-069","NE","FC",2020,31,2020-08-02,"L","Pipiens","culex",0
"FC069|Tarsalis|2020|31","FC-069","NE","FC",2020,31,2020-08-02,"L","Tarsalis","culex",17
"FC069|Pipiens|2020|32","FC-069","NE","FC",2020,32,2020-08-09,"L","Pipiens","culex",4
"FC069|Tarsalis|2020|32","FC-069","NE","FC",2020,32,2020-08-09,"L","Tarsalis","culex",100
"FC069|Pipiens|2020|33","FC-069","NE","FC",2020,33,2020-08-16,"L","Pipiens","culex",4
"FC069|Tarsalis|2020|33","FC-069","NE","FC",2020,33,2020-08-16,"L","Tarsalis","culex",72
"FC069|Pipiens|2020|34","FC-069","NE","FC",2020,34,2020-08-23,"L","Pipiens","culex",0
"FC069|Tarsalis|2020|34","FC-069","NE","FC",2020,34,2020-08-23,"L","Tarsalis","culex",20
"FC069|Pipiens|2020|35","FC-069","NE","FC",2020,35,2020-08-30,"L","Pipiens","culex",0
"FC069|Tarsalis|2020|35","FC-069","NE","FC",2020,35,2020-08-30,"L","Tarsalis","culex",6
"FC069|Pipiens|2021|24","FC-069","NE","FC",2021,24,2021-06-20,"L","Pipiens","culex",0
"FC069|Tarsalis|2021|24","FC-069","NE","FC",2021,24,2021-06-20,"L","Tarsalis","culex",21
"FC069|Pipiens|2021|25","FC-069","NE","FC",2021,25,2021-06-27,"L","Pipiens","culex",2
"FC069|Tarsalis|2021|25","FC-069","NE","FC",2021,25,2021-06-27,"L","Tarsalis","culex",40
"FC069|Pipiens|2021|26","FC-069","NE","FC",2021,26,2021-07-04,"L","Pipiens","culex",1
"FC069|Tarsalis|2021|26","FC-069","NE","FC",2021,26,2021-07-04,"L","Tarsalis","culex",36
"FC069|Pipiens|2021|27","FC-069","NE","FC",2021,27,2021-07-11,"L","Pipiens","culex",0
"FC069|Tarsalis|2021|27","FC-069","NE","FC",2021,27,2021-07-11,"L","Tarsalis","culex",230
"FC069|Pipiens|2021|28","FC-069","NE","FC",2021,28,2021-07-18,"L","Pipiens","culex",6
"FC069|Tarsalis|2021|28","FC-069","NE","FC",2021,28,2021-07-18,"L","Tarsalis","culex",250
"FC069|Pipiens|2021|29","FC-069","NE","FC",2021,29,2021-07-25,"L","Pipiens","culex",0
"FC069|Tarsalis|2021|29","FC-069","NE","FC",2021,29,2021-07-25,"L","Tarsalis","culex",38
"FC069|Pipiens|2021|30","FC-069","NE","FC",2021,30,2021-08-01,"L","Pipiens","culex",2
"FC069|Tarsalis|2021|30","FC-069","NE","FC",2021,30,2021-08-01,"L","Tarsalis","culex",25
"FC069|Pipiens|2021|31","FC-069","NE","FC",2021,31,2021-08-08,"L","Pipiens","culex",2
"FC069|Tarsalis|2021|31","FC-069","NE","FC",2021,31,2021-08-08,"L","Tarsalis","culex",23
"FC069|Pipiens|2021|32","FC-069","NE","FC",2021,32,2021-08-15,"L","Pipiens","culex",1
"FC069|Tarsalis|2021|32","FC-069","NE","FC",2021,32,2021-08-15,"L","Tarsalis","culex",65
"FC069|Pipiens|2021|33","FC-069","NE","FC",2021,33,2021-08-22,"L","Pipiens","culex",3
"FC069|Tarsalis|2021|33","FC-069","NE","FC",2021,33,2021-08-22,"L","Tarsalis","culex",13
"FC069|Pipiens|2021|35","FC-069","NE","FC",2021,35,2021-08-30,"L","Pipiens","culex",0
"FC069|Tarsalis|2021|35","FC-069","NE","FC",2021,35,2021-08-30,"L","Tarsalis","culex",2
"FC069|Pipiens|2021|36","FC-069","NE","FC",2021,36,2021-09-06,"L","Pipiens","culex",0
"FC069|Tarsalis|2021|36","FC-069","NE","FC",2021,36,2021-09-06,"L","Tarsalis","culex",3
"FC069|Pipiens|2022|23","FC-069","NE","FC",2022,23,2022-06-12,"L","Pipiens","culex",0
"FC069|Tarsalis|2022|23","FC-069","NE","FC",2022,23,2022-06-12,"L","Tarsalis","culex",23
"FC069|Pipiens|2022|24","FC-069","NE","FC",2022,24,2022-06-19,"L","Pipiens","culex",1
"FC069|Tarsalis|2022|24","FC-069","NE","FC",2022,24,2022-06-19,"L","Tarsalis","culex",7
"FC069|Pipiens|2022|25","FC-069","NE","FC",2022,25,2022-06-26,"L","Pipiens","culex",1
"FC069|Tarsalis|2022|25","FC-069","NE","FC",2022,25,2022-06-26,"L","Tarsalis","culex",6
"FC069|Pipiens|2022|26","FC-069","NE","FC",2022,26,2022-07-03,"L","Pipiens","culex",0
"FC069|Tarsalis|2022|26","FC-069","NE","FC",2022,26,2022-07-03,"L","Tarsalis","culex",21
"FC069|Pipiens|2022|27","FC-069","NE","FC",2022,27,2022-07-10,"L","Pipiens","culex",0
"FC069|Tarsalis|2022|27","FC-069","NE","FC",2022,27,2022-07-10,"L","Tarsalis","culex",100
"FC069|Pipiens|2022|28","FC-069","NE","FC",2022,28,2022-07-17,"L","Pipiens","culex",4
"FC069|Tarsalis|2022|28","FC-069","NE","FC",2022,28,2022-07-17,"L","Tarsalis","culex",95
"FC069|Pipiens|2022|29","FC-069","NE","FC",2022,29,2022-07-24,"L","Pipiens","culex",4
"FC069|Tarsalis|2022|29","FC-069","NE","FC",2022,29,2022-07-24,"L","Tarsalis","culex",18
"FC069|Pipiens|2022|30","FC-069","NE","FC",2022,30,2022-07-31,"L","Pipiens","culex",7
"FC069|Tarsalis|2022|30","FC-069","NE","FC",2022,30,2022-07-31,"L","Tarsalis","culex",32
"FC069|Pipiens|2022|31","FC-069","NE","FC",2022,31,2022-08-07,"L","Pipiens","culex",2
"FC069|Tarsalis|2022|31","FC-069","NE","FC",2022,31,2022-08-07,"L","Tarsalis","culex",20
"FC069|Pipiens|2022|32","FC-069","NE","FC",2022,32,2022-08-14,"L","Pipiens","culex",0
"FC069|Tarsalis|2022|32","FC-069","NE","FC",2022,32,2022-08-14,"L","Tarsalis","culex",69
"FC069|Pipiens|2022|33","FC-069","NE","FC",2022,33,2022-08-21,"L","Pipiens","culex",2
"FC069|Tarsalis|2022|33","FC-069","NE","FC",2022,33,2022-08-21,"L","Tarsalis","culex",24
"FC069|Pipiens|2022|35","FC-069","NE","FC",2022,35,2022-08-29,"L","Pipiens","culex",3
"FC069|Tarsalis|2022|35","FC-069","NE","FC",2022,35,2022-08-29,"L","Tarsalis","culex",4
"FC069|Pipiens|2022|36","FC-069","NE","FC",2022,36,2022-09-06,"L","Pipiens","culex",3
"FC069|Tarsalis|2022|36","FC-069","NE","FC",2022,36,2022-09-06,"L","Tarsalis","culex",25
"FC069|Pipiens|2022|37","FC-069","NE","FC",2022,37,2022-09-13,"L","Pipiens","culex",1
"FC069|Tarsalis|2022|37","FC-069","NE","FC",2022,37,2022-09-13,"L","Tarsalis","culex",3
"FC069|Pipiens|2023|22","FC-069","NE","FC",2023,22,2023-06-04,"L","Pipiens","culex",0
"FC069|Tarsalis|2023|22","FC-069","NE","FC",2023,22,2023-06-04,"L","Tarsalis","culex",1
"FC069|Pipiens|2023|23","FC-069","NE","FC",2023,23,2023-06-11,"L","Pipiens","culex",1
"FC069|Tarsalis|2023|23","FC-069","NE","FC",2023,23,2023-06-11,"L","Tarsalis","culex",0
"FC069|Pipiens|2023|24","FC-069","NE","FC",2023,24,2023-06-18,"L","Pipiens","culex",2
"FC069|Tarsalis|2023|24","FC-069","NE","FC",2023,24,2023-06-18,"L","Tarsalis","culex",8
"FC069|Pipiens|2023|25","FC-069","NE","FC",2023,25,2023-06-25,"L","Pipiens","culex",1
"FC069|Tarsalis|2023|25","FC-069","NE","FC",2023,25,2023-06-25,"L","Tarsalis","culex",67
"FC069|Pipiens|2023|26","FC-069","NE","FC",2023,26,2023-07-02,"L","Pipiens","culex",2
"FC069|Tarsalis|2023|26","FC-069","NE","FC",2023,26,2023-07-02,"L","Tarsalis","culex",59
"FC069|Pipiens|2023|27","FC-069","NE","FC",2023,27,2023-07-09,"L","Pipiens","culex",2
"FC069|Tarsalis|2023|27","FC-069","NE","FC",2023,27,2023-07-09,"L","Tarsalis","culex",14
"FC069|Pipiens|2023|28","FC-069","NE","FC",2023,28,2023-07-16,"L","Pipiens","culex",3
"FC069|Tarsalis|2023|28","FC-069","NE","FC",2023,28,2023-07-16,"L","Tarsalis","culex",203
"FC069|Pipiens|2023|29","FC-069","NE","FC",2023,29,2023-07-23,"L","Pipiens","culex",10
"FC069|Tarsalis|2023|29","FC-069","NE","FC",2023,29,2023-07-23,"L","Tarsalis","culex",121
"FC069|Pipiens|2023|31","FC-069","NE","FC",2023,31,2023-08-06,"L","Pipiens","culex",5
"FC069|Tarsalis|2023|31","FC-069","NE","FC",2023,31,2023-08-06,"L","Tarsalis","culex",18
"FC069|Pipiens|2023|32","FC-069","NE","FC",2023,32,2023-08-13,"L","Pipiens","culex",4
"FC069|Tarsalis|2023|32","FC-069","NE","FC",2023,32,2023-08-13,"L","Tarsalis","culex",10
"FC069|Pipiens|2023|34","FC-069","NE","FC",2023,34,2023-08-27,"L","Pipiens","culex",1
"FC069|Tarsalis|2023|34","FC-069","NE","FC",2023,34,2023-08-27,"L","Tarsalis","culex",3
"FC069|Pipiens|2023|36","FC-069","NE","FC",2023,36,2023-09-04,"L","Pipiens","culex",0
"FC069|Tarsalis|2023|36","FC-069","NE","FC",2023,36,2023-09-04,"L","Tarsalis","culex",2
"FC069|Pipiens|2024|23","FC-069","NE","FC",2024,23,2024-06-09,"L","Pipiens","culex",0
"FC069|Tarsalis|2024|23","FC-069","NE","FC",2024,23,2024-06-09,"L","Tarsalis","culex",2
"FC069|Pipiens|2024|25","FC-069","NE","FC",2024,25,2024-06-17,"L","Pipiens","culex",1
"FC069|Tarsalis|2024|25","FC-069","NE","FC",2024,25,2024-06-17,"L","Tarsalis","culex",6
"FC069|Pipiens|2024|26","FC-069","NE","FC",2024,26,2024-06-24,"L","Pipiens","culex",0
"FC069|Tarsalis|2024|26","FC-069","NE","FC",2024,26,2024-06-24,"L","Tarsalis","culex",12
"FC069|Pipiens|2024|27","FC-069","NE","FC",2024,27,2024-07-01,"L","Pipiens","culex",1
"FC069|Tarsalis|2024|27","FC-069","NE","FC",2024,27,2024-07-01,"L","Tarsalis","culex",17
"FC069|Pipiens|2024|28","FC-069","NE","FC",2024,28,2024-07-08,"L","Pipiens","culex",2
"FC069|Tarsalis|2024|28","FC-069","NE","FC",2024,28,2024-07-08,"L","Tarsalis","culex",2
"FC069|Pipiens|2024|30","FC-069","NE","FC",2024,30,2024-07-22,"L","Pipiens","culex",0
"FC069|Tarsalis|2024|30","FC-069","NE","FC",2024,30,2024-07-22,"L","Tarsalis","culex",4
"FC069|Pipiens|2024|31","FC-069","NE","FC",2024,31,2024-07-29,"L","Pipiens","culex",1
"FC069|Tarsalis|2024|31","FC-069","NE","FC",2024,31,2024-07-29,"L","Tarsalis","culex",3
"FC069|Pipiens|2024|32","FC-069","NE","FC",2024,32,2024-08-05,"L","Pipiens","culex",0
"FC069|Tarsalis|2024|32","FC-069","NE","FC",2024,32,2024-08-05,"L","Tarsalis","culex",15
"FC069|Pipiens|2024|33","FC-069","NE","FC",2024,33,2024-08-12,"L","Pipiens","culex",0
"FC069|Tarsalis|2024|33","FC-069","NE","FC",2024,33,2024-08-12,"L","Tarsalis","culex",8
"FC069|Pipiens|2024|34","FC-069","NE","FC",2024,34,2024-08-19,"L","Pipiens","culex",0
"FC069|Tarsalis|2024|34","FC-069","NE","FC",2024,34,2024-08-19,"L","Tarsalis","culex",4
"FC069|Pipiens|2024|35","FC-069","NE","FC",2024,35,2024-08-26,"L","Pipiens","culex",1
"FC069|Tarsalis|2024|35","FC-069","NE","FC",2024,35,2024-08-26,"L","Tarsalis","culex",2
"FC069|Pipiens|2024|36","FC-069","NE","FC",2024,36,2024-09-04,"L","Pipiens","culex",0
"FC069|Tarsalis|2024|36","FC-069","NE","FC",2024,36,2024-09-04,"L","Tarsalis","culex",6
"FC069|Pipiens|2024|37","FC-069","NE","FC",2024,37,2024-09-09,"L","Pipiens","culex",2
"FC069|Tarsalis|2024|37","FC-069","NE","FC",2024,37,2024-09-09,"L","Tarsalis","culex",1
"FC069|Pipiens|2025|25","FC-069","NE","FC",2025,25,2025-06-16,"L","Pipiens","culex",2
"FC069|Tarsalis|2025|25","FC-069","NE","FC",2025,25,2025-06-16,"L","Tarsalis","culex",14
"FC069|Pipiens|2025|26","FC-069","NE","FC",2025,26,2025-06-23,"L","Pipiens","culex",4
"FC069|Tarsalis|2025|26","FC-069","NE","FC",2025,26,2025-06-23,"L","Tarsalis","culex",56
"FC069|Pipiens|2025|27","FC-069","NE","FC",2025,27,2025-06-30,"L","Pipiens","culex",2
"FC069|Tarsalis|2025|27","FC-069","NE","FC",2025,27,2025-06-30,"L","Tarsalis","culex",22
"FC069|Pipiens|2025|28","FC-069","NE","FC",2025,28,2025-07-07,"L","Pipiens","culex",0
"FC069|Tarsalis|2025|28","FC-069","NE","FC",2025,28,2025-07-07,"L","Tarsalis","culex",16
"FC069|Pipiens|2025|29","FC-069","NE","FC",2025,29,2025-07-14,"L","Pipiens","culex",1
"FC069|Tarsalis|2025|29","FC-069","NE","FC",2025,29,2025-07-14,"L","Tarsalis","culex",5
"FC069|Pipiens|2025|31","FC-069","NE","FC",2025,31,2025-07-28,"L","Pipiens","culex",0
"FC069|Tarsalis|2025|31","FC-069","NE","FC",2025,31,2025-07-28,"L","Tarsalis","culex",16
"FC069|Pipiens|2025|32","FC-069","NE","FC",2025,32,2025-08-04,"L","Pipiens","culex",2
"FC069|Tarsalis|2025|32","FC-069","NE","FC",2025,32,2025-08-04,"L","Tarsalis","culex",11
"FC069|Pipiens|2025|34","FC-069","NE","FC",2025,34,2025-08-18,"L","Pipiens","culex",1
"FC069|Tarsalis|2025|34","FC-069","NE","FC",2025,34,2025-08-18,"L","Tarsalis","culex",6
"FC069|Pipiens|2025|35","FC-069","NE","FC",2025,35,2025-08-25,"L","Pipiens","culex",0
"FC069|Tarsalis|2025|35","FC-069","NE","FC",2025,35,2025-08-25,"L","Tarsalis","culex",4
"FC069|Pipiens|2025|36","FC-069","NE","FC",2025,36,2025-09-03,"L","Pipiens","culex",2
"FC069|Tarsalis|2025|36","FC-069","NE","FC",2025,36,2025-09-03,"L","Tarsalis","culex",9
"FC071|Pipiens|2020|27","FC-071","SW","FC",2020,27,2020-07-01,"L","Pipiens","culex",0
"FC071|Tarsalis|2020|27","FC-071","SW","FC",2020,27,2020-07-01,"L","Tarsalis","culex",5
"FC071|Pipiens|2020|28","FC-071","SW","FC",2020,28,2020-07-08,"L","Pipiens","culex",2
"FC071|Tarsalis|2020|28","FC-071","SW","FC",2020,28,2020-07-08,"L","Tarsalis","culex",6
"FC071|Pipiens|2020|29","FC-071","SW","FC",2020,29,2020-07-15,"L","Pipiens","culex",0
"FC071|Tarsalis|2020|29","FC-071","SW","FC",2020,29,2020-07-15,"L","Tarsalis","culex",4
"FC071|Pipiens|2020|31","FC-071","SW","FC",2020,31,2020-07-29,"L","Pipiens","culex",6
"FC071|Tarsalis|2020|31","FC-071","SW","FC",2020,31,2020-07-29,"L","Tarsalis","culex",9
"FC071|Pipiens|2020|32","FC-071","SW","FC",2020,32,2020-08-05,"L","Pipiens","culex",7
"FC071|Tarsalis|2020|32","FC-071","SW","FC",2020,32,2020-08-05,"L","Tarsalis","culex",3
"FC071|Pipiens|2020|33","FC-071","SW","FC",2020,33,2020-08-12,"L","Pipiens","culex",10
"FC071|Tarsalis|2020|33","FC-071","SW","FC",2020,33,2020-08-12,"L","Tarsalis","culex",5
"FC071|Pipiens|2020|34","FC-071","SW","FC",2020,34,2020-08-19,"L","Pipiens","culex",12
"FC071|Tarsalis|2020|34","FC-071","SW","FC",2020,34,2020-08-19,"L","Tarsalis","culex",10
"FC071|Pipiens|2020|35","FC-071","SW","FC",2020,35,2020-08-26,"L","Pipiens","culex",5
"FC071|Tarsalis|2020|35","FC-071","SW","FC",2020,35,2020-08-26,"L","Tarsalis","culex",0
"FC071|Pipiens|2021|25","FC-071","SW","FC",2021,25,2021-06-23,"L","Pipiens","culex",0
"FC071|Tarsalis|2021|25","FC-071","SW","FC",2021,25,2021-06-23,"L","Tarsalis","culex",2
"FC071|Pipiens|2021|26","FC-071","SW","FC",2021,26,2021-07-01,"L","Pipiens","culex",0
"FC071|Tarsalis|2021|26","FC-071","SW","FC",2021,26,2021-07-01,"L","Tarsalis","culex",4
"FC071|Pipiens|2021|27","FC-071","SW","FC",2021,27,2021-07-07,"L","Pipiens","culex",0
"FC071|Tarsalis|2021|27","FC-071","SW","FC",2021,27,2021-07-07,"L","Tarsalis","culex",1
"FC071|Pipiens|2021|30","FC-071","SW","FC",2021,30,2021-07-28,"L","Pipiens","culex",0
"FC071|Tarsalis|2021|30","FC-071","SW","FC",2021,30,2021-07-28,"L","Tarsalis","culex",18
"FC071|Pipiens|2021|31","FC-071","SW","FC",2021,31,2021-08-04,"L","Pipiens","culex",2
"FC071|Tarsalis|2021|31","FC-071","SW","FC",2021,31,2021-08-04,"L","Tarsalis","culex",1
"FC071|Pipiens|2021|32","FC-071","SW","FC",2021,32,2021-08-11,"L","Pipiens","culex",1
"FC071|Tarsalis|2021|32","FC-071","SW","FC",2021,32,2021-08-11,"L","Tarsalis","culex",4
"FC071|Pipiens|2021|34","FC-071","SW","FC",2021,34,2021-08-25,"L","Pipiens","culex",0
"FC071|Tarsalis|2021|34","FC-071","SW","FC",2021,34,2021-08-25,"L","Tarsalis","culex",2
"FC071|Pipiens|2021|36","FC-071","SW","FC",2021,36,2021-09-08,"L","Pipiens","culex",3
"FC071|Tarsalis|2021|36","FC-071","SW","FC",2021,36,2021-09-08,"L","Tarsalis","culex",0
"FC071|Pipiens|2022|23","FC-071","SW","FC",2022,23,2022-06-08,"L","Pipiens","culex",0
"FC071|Tarsalis|2022|23","FC-071","SW","FC",2022,23,2022-06-08,"L","Tarsalis","culex",1
"FC071|Pipiens|2022|24","FC-071","SW","FC",2022,24,2022-06-15,"L","Pipiens","culex",1
"FC071|Tarsalis|2022|24","FC-071","SW","FC",2022,24,2022-06-15,"L","Tarsalis","culex",3
"FC071|Pipiens|2022|25","FC-071","SW","FC",2022,25,2022-06-22,"L","Pipiens","culex",0
"FC071|Tarsalis|2022|25","FC-071","SW","FC",2022,25,2022-06-22,"L","Tarsalis","culex",2
"FC071|Pipiens|2022|27","FC-071","SW","FC",2022,27,2022-07-06,"L","Pipiens","culex",0
"FC071|Tarsalis|2022|27","FC-071","SW","FC",2022,27,2022-07-06,"L","Tarsalis","culex",1
"FC071|Pipiens|2022|28","FC-071","SW","FC",2022,28,2022-07-13,"L","Pipiens","culex",1
"FC071|Tarsalis|2022|28","FC-071","SW","FC",2022,28,2022-07-13,"L","Tarsalis","culex",5
"FC071|Pipiens|2022|29","FC-071","SW","FC",2022,29,2022-07-20,"L","Pipiens","culex",2
"FC071|Tarsalis|2022|29","FC-071","SW","FC",2022,29,2022-07-20,"L","Tarsalis","culex",15
"FC071|Pipiens|2022|30","FC-071","SW","FC",2022,30,2022-07-27,"L","Pipiens","culex",2
"FC071|Tarsalis|2022|30","FC-071","SW","FC",2022,30,2022-07-27,"L","Tarsalis","culex",6
"FC071|Pipiens|2022|31","FC-071","SW","FC",2022,31,2022-08-03,"L","Pipiens","culex",0
"FC071|Tarsalis|2022|31","FC-071","SW","FC",2022,31,2022-08-03,"L","Tarsalis","culex",8
"FC071|Pipiens|2022|32","FC-071","SW","FC",2022,32,2022-08-10,"L","Pipiens","culex",0
"FC071|Tarsalis|2022|32","FC-071","SW","FC",2022,32,2022-08-10,"L","Tarsalis","culex",16
"FC071|Pipiens|2022|33","FC-071","SW","FC",2022,33,2022-08-17,"L","Pipiens","culex",6
"FC071|Tarsalis|2022|33","FC-071","SW","FC",2022,33,2022-08-17,"L","Tarsalis","culex",9
"FC071|Pipiens|2022|34","FC-071","SW","FC",2022,34,2022-08-24,"L","Pipiens","culex",8
"FC071|Tarsalis|2022|34","FC-071","SW","FC",2022,34,2022-08-24,"L","Tarsalis","culex",11
"FC071|Pipiens|2022|36","FC-071","SW","FC",2022,36,2022-09-07,"L","Pipiens","culex",1
"FC071|Tarsalis|2022|36","FC-071","SW","FC",2022,36,2022-09-07,"L","Tarsalis","culex",0
"FC071|Pipiens|2022|37","FC-071","SW","FC",2022,37,2022-09-12,"L","Pipiens","culex",1
"FC071|Tarsalis|2022|37","FC-071","SW","FC",2022,37,2022-09-12,"L","Tarsalis","culex",1
"FC071|Pipiens|2023|23","FC-071","SW","FC",2023,23,2023-06-07,"L","Pipiens","culex",1
"FC071|Tarsalis|2023|23","FC-071","SW","FC",2023,23,2023-06-07,"L","Tarsalis","culex",1
"FC071|Pipiens|2023|24","FC-071","SW","FC",2023,24,2023-06-14,"L","Pipiens","culex",1
"FC071|Tarsalis|2023|24","FC-071","SW","FC",2023,24,2023-06-14,"L","Tarsalis","culex",3
"FC071|Pipiens|2023|25","FC-071","SW","FC",2023,25,2023-06-21,"L","Pipiens","culex",0
"FC071|Tarsalis|2023|25","FC-071","SW","FC",2023,25,2023-06-21,"L","Tarsalis","culex",4
"FC071|Pipiens|2023|26","FC-071","SW","FC",2023,26,2023-06-28,"L","Pipiens","culex",2
"FC071|Tarsalis|2023|26","FC-071","SW","FC",2023,26,2023-06-28,"L","Tarsalis","culex",130
"FC071|Pipiens|2023|27","FC-071","SW","FC",2023,27,2023-07-05,"L","Pipiens","culex",0
"FC071|Tarsalis|2023|27","FC-071","SW","FC",2023,27,2023-07-05,"L","Tarsalis","culex",28
"FC071|Pipiens|2023|28","FC-071","SW","FC",2023,28,2023-07-12,"L","Pipiens","culex",5
"FC071|Tarsalis|2023|28","FC-071","SW","FC",2023,28,2023-07-12,"L","Tarsalis","culex",115
"FC071|Pipiens|2023|29","FC-071","SW","FC",2023,29,2023-07-19,"L","Pipiens","culex",0
"FC071|Tarsalis|2023|29","FC-071","SW","FC",2023,29,2023-07-19,"L","Tarsalis","culex",127
"FC071|Pipiens|2023|30","FC-071","SW","FC",2023,30,2023-07-25,"L","Pipiens","culex",2
"FC071|Tarsalis|2023|30","FC-071","SW","FC",2023,30,2023-07-25,"L","Tarsalis","culex",59
"FC071|Pipiens|2023|31","FC-071","SW","FC",2023,31,2023-08-02,"L","Pipiens","culex",4
"FC071|Tarsalis|2023|31","FC-071","SW","FC",2023,31,2023-08-02,"L","Tarsalis","culex",18
"FC071|Pipiens|2023|32","FC-071","SW","FC",2023,32,2023-08-07,"L","Pipiens","culex",4
"FC071|Tarsalis|2023|32","FC-071","SW","FC",2023,32,2023-08-07,"L","Tarsalis","culex",11
"FC071|Pipiens|2023|33","FC-071","SW","FC",2023,33,2023-08-16,"L","Pipiens","culex",0
"FC071|Tarsalis|2023|33","FC-071","SW","FC",2023,33,2023-08-16,"L","Tarsalis","culex",11
"FC071|Pipiens|2023|34","FC-071","SW","FC",2023,34,2023-08-23,"L","Pipiens","culex",4
"FC071|Tarsalis|2023|34","FC-071","SW","FC",2023,34,2023-08-23,"L","Tarsalis","culex",7
"FC071|Pipiens|2023|35","FC-071","SW","FC",2023,35,2023-08-30,"L","Pipiens","culex",1
"FC071|Tarsalis|2023|35","FC-071","SW","FC",2023,35,2023-08-30,"L","Tarsalis","culex",3
"FC071|Pipiens|2023|36","FC-071","SW","FC",2023,36,2023-09-05,"L","Pipiens","culex",0
"FC071|Tarsalis|2023|36","FC-071","SW","FC",2023,36,2023-09-05,"L","Tarsalis","culex",1
"FC071|Pipiens|2024|23","FC-071","SW","FC",2024,23,2024-06-05,"L","Pipiens","culex",0
"FC071|Tarsalis|2024|23","FC-071","SW","FC",2024,23,2024-06-05,"L","Tarsalis","culex",1
"FC071|Pipiens|2024|26","FC-071","SW","FC",2024,26,2024-06-27,"L","Pipiens","culex",1
"FC071|Tarsalis|2024|26","FC-071","SW","FC",2024,26,2024-06-27,"L","Tarsalis","culex",2
"FC071|Pipiens|2024|27","FC-071","SW","FC",2024,27,2024-07-03,"L","Pipiens","culex",1
"FC071|Tarsalis|2024|27","FC-071","SW","FC",2024,27,2024-07-03,"L","Tarsalis","culex",0
"FC071|Pipiens|2024|28","FC-071","SW","FC",2024,28,2024-07-11,"L","Pipiens","culex",0
"FC071|Tarsalis|2024|28","FC-071","SW","FC",2024,28,2024-07-11,"L","Tarsalis","culex",2
"FC071|Pipiens|2024|29","FC-071","SW","FC",2024,29,2024-07-18,"L","Pipiens","culex",1
"FC071|Tarsalis|2024|29","FC-071","SW","FC",2024,29,2024-07-18,"L","Tarsalis","culex",0
"FC071|Pipiens|2024|30","FC-071","SW","FC",2024,30,2024-07-25,"L","Pipiens","culex",2
"FC071|Tarsalis|2024|30","FC-071","SW","FC",2024,30,2024-07-25,"L","Tarsalis","culex",0
"FC071|Pipiens|2024|31","FC-071","SW","FC",2024,31,2024-08-01,"L","Pipiens","culex",3
"FC071|Tarsalis|2024|31","FC-071","SW","FC",2024,31,2024-08-01,"L","Tarsalis","culex",2
"FC071|Pipiens|2024|33","FC-071","SW","FC",2024,33,2024-08-15,"L","Pipiens","culex",1
"FC071|Tarsalis|2024|33","FC-071","SW","FC",2024,33,2024-08-15,"L","Tarsalis","culex",1
"FC071|Pipiens|2024|35","FC-071","SW","FC",2024,35,2024-08-29,"L","Pipiens","culex",0
"FC071|Tarsalis|2024|35","FC-071","SW","FC",2024,35,2024-08-29,"L","Tarsalis","culex",2
"FC071|Pipiens|2024|36","FC-071","SW","FC",2024,36,2024-09-05,"L","Pipiens","culex",1
"FC071|Tarsalis|2024|36","FC-071","SW","FC",2024,36,2024-09-05,"L","Tarsalis","culex",0
"FC071|Pipiens|2025|25","FC-071","SW","FC",2025,25,2025-06-19,"L","Pipiens","culex",1
"FC071|Tarsalis|2025|25","FC-071","SW","FC",2025,25,2025-06-19,"L","Tarsalis","culex",3
"FC071|Pipiens|2025|26","FC-071","SW","FC",2025,26,2025-06-26,"L","Pipiens","culex",1
"FC071|Tarsalis|2025|26","FC-071","SW","FC",2025,26,2025-06-26,"L","Tarsalis","culex",1
"FC071|Pipiens|2025|27","FC-071","SW","FC",2025,27,2025-07-03,"L","Pipiens","culex",0
"FC071|Tarsalis|2025|27","FC-071","SW","FC",2025,27,2025-07-03,"L","Tarsalis","culex",12
"FC071|Pipiens|2025|28","FC-071","SW","FC",2025,28,2025-07-10,"L","Pipiens","culex",0
"FC071|Tarsalis|2025|28","FC-071","SW","FC",2025,28,2025-07-10,"L","Tarsalis","culex",28
"FC071|Pipiens|2025|29","FC-071","SW","FC",2025,29,2025-07-17,"L","Pipiens","culex",6
"FC071|Tarsalis|2025|29","FC-071","SW","FC",2025,29,2025-07-17,"L","Tarsalis","culex",8
"FC071|Pipiens|2025|30","FC-071","SW","FC",2025,30,2025-07-24,"L","Pipiens","culex",3
"FC071|Tarsalis|2025|30","FC-071","SW","FC",2025,30,2025-07-24,"L","Tarsalis","culex",4
"FC071|Pipiens|2025|31","FC-071","SW","FC",2025,31,2025-07-31,"L","Pipiens","culex",2
"FC071|Tarsalis|2025|31","FC-071","SW","FC",2025,31,2025-07-31,"L","Tarsalis","culex",1
"FC071|Pipiens|2025|32","FC-071","SW","FC",2025,32,2025-08-07,"L","Pipiens","culex",2
"FC071|Tarsalis|2025|32","FC-071","SW","FC",2025,32,2025-08-07,"L","Tarsalis","culex",8
"FC071|Pipiens|2025|33","FC-071","SW","FC",2025,33,2025-08-14,"L","Pipiens","culex",0
"FC071|Tarsalis|2025|33","FC-071","SW","FC",2025,33,2025-08-14,"L","Tarsalis","culex",6
"FC071|Pipiens|2025|34","FC-071","SW","FC",2025,34,2025-08-21,"L","Pipiens","culex",4
"FC071|Tarsalis|2025|34","FC-071","SW","FC",2025,34,2025-08-21,"L","Tarsalis","culex",2
"FC071|Pipiens|2025|35","FC-071","SW","FC",2025,35,2025-08-28,"L","Pipiens","culex",1
"FC071|Tarsalis|2025|35","FC-071","SW","FC",2025,35,2025-08-28,"L","Tarsalis","culex",0
"FC071|Pipiens|2025|36","FC-071","SW","FC",2025,36,2025-09-04,"L","Pipiens","culex",4
"FC071|Tarsalis|2025|36","FC-071","SW","FC",2025,36,2025-09-04,"L","Tarsalis","culex",3
"FC072|Pipiens|2020|22","FC-072","NE","FC",2020,22,2020-05-31,"L","Pipiens","culex",0
"FC072|Tarsalis|2020|22","FC-072","NE","FC",2020,22,2020-05-31,"L","Tarsalis","culex",1
"FC072|Pipiens|2020|23","FC-072","NE","FC",2020,23,2020-06-07,"L","Pipiens","culex",0
"FC072|Tarsalis|2020|23","FC-072","NE","FC",2020,23,2020-06-07,"L","Tarsalis","culex",1
"FC072|Pipiens|2020|24","FC-072","NE","FC",2020,24,2020-06-14,"L","Pipiens","culex",0
"FC072|Tarsalis|2020|24","FC-072","NE","FC",2020,24,2020-06-14,"L","Tarsalis","culex",1
"FC072|Pipiens|2020|25","FC-072","NE","FC",2020,25,2020-06-21,"L","Pipiens","culex",2
"FC072|Tarsalis|2020|25","FC-072","NE","FC",2020,25,2020-06-21,"L","Tarsalis","culex",1
"FC072|Pipiens|2020|26","FC-072","NE","FC",2020,26,2020-06-28,"L","Pipiens","culex",2
"FC072|Tarsalis|2020|26","FC-072","NE","FC",2020,26,2020-06-28,"L","Tarsalis","culex",9
"FC072|Pipiens|2020|27","FC-072","NE","FC",2020,27,2020-07-05,"L","Pipiens","culex",10
"FC072|Tarsalis|2020|27","FC-072","NE","FC",2020,27,2020-07-05,"L","Tarsalis","culex",31
"FC072|Pipiens|2020|28","FC-072","NE","FC",2020,28,2020-07-12,"L","Pipiens","culex",4
"FC072|Tarsalis|2020|28","FC-072","NE","FC",2020,28,2020-07-12,"L","Tarsalis","culex",11
"FC072|Pipiens|2020|29","FC-072","NE","FC",2020,29,2020-07-19,"L","Pipiens","culex",0
"FC072|Tarsalis|2020|29","FC-072","NE","FC",2020,29,2020-07-19,"L","Tarsalis","culex",14
"FC072|Pipiens|2020|30","FC-072","NE","FC",2020,30,2020-07-26,"L","Pipiens","culex",9
"FC072|Tarsalis|2020|30","FC-072","NE","FC",2020,30,2020-07-26,"L","Tarsalis","culex",8
"FC072|Pipiens|2020|31","FC-072","NE","FC",2020,31,2020-08-02,"L","Pipiens","culex",9
"FC072|Tarsalis|2020|31","FC-072","NE","FC",2020,31,2020-08-02,"L","Tarsalis","culex",21
"FC072|Pipiens|2020|32","FC-072","NE","FC",2020,32,2020-08-09,"L","Pipiens","culex",15
"FC072|Tarsalis|2020|32","FC-072","NE","FC",2020,32,2020-08-09,"L","Tarsalis","culex",33
"FC072|Pipiens|2020|33","FC-072","NE","FC",2020,33,2020-08-16,"L","Pipiens","culex",16
"FC072|Tarsalis|2020|33","FC-072","NE","FC",2020,33,2020-08-16,"L","Tarsalis","culex",16
"FC072|Pipiens|2020|34","FC-072","NE","FC",2020,34,2020-08-23,"L","Pipiens","culex",5
"FC072|Tarsalis|2020|34","FC-072","NE","FC",2020,34,2020-08-23,"L","Tarsalis","culex",17
"FC072|Pipiens|2021|25","FC-072","NE","FC",2021,25,2021-06-27,"L","Pipiens","culex",3
"FC072|Tarsalis|2021|25","FC-072","NE","FC",2021,25,2021-06-27,"L","Tarsalis","culex",10
"FC072|Pipiens|2021|26","FC-072","NE","FC",2021,26,2021-07-04,"L","Pipiens","culex",8
"FC072|Tarsalis|2021|26","FC-072","NE","FC",2021,26,2021-07-04,"L","Tarsalis","culex",200
"FC072|Pipiens|2021|27","FC-072","NE","FC",2021,27,2021-07-11,"L","Pipiens","culex",3
"FC072|Tarsalis|2021|27","FC-072","NE","FC",2021,27,2021-07-11,"L","Tarsalis","culex",111
"FC072|Pipiens|2021|28","FC-072","NE","FC",2021,28,2021-07-18,"L","Pipiens","culex",13
"FC072|Tarsalis|2021|28","FC-072","NE","FC",2021,28,2021-07-18,"L","Tarsalis","culex",89
"FC072|Pipiens|2021|29","FC-072","NE","FC",2021,29,2021-07-25,"L","Pipiens","culex",19
"FC072|Tarsalis|2021|29","FC-072","NE","FC",2021,29,2021-07-25,"L","Tarsalis","culex",200
"FC072|Pipiens|2021|30","FC-072","NE","FC",2021,30,2021-08-01,"L","Pipiens","culex",50
"FC072|Tarsalis|2021|30","FC-072","NE","FC",2021,30,2021-08-01,"L","Tarsalis","culex",138
"FC072|Pipiens|2021|31","FC-072","NE","FC",2021,31,2021-08-08,"L","Pipiens","culex",17
"FC072|Tarsalis|2021|31","FC-072","NE","FC",2021,31,2021-08-08,"L","Tarsalis","culex",49
"FC072|Pipiens|2021|32","FC-072","NE","FC",2021,32,2021-08-15,"L","Pipiens","culex",2
"FC072|Tarsalis|2021|32","FC-072","NE","FC",2021,32,2021-08-15,"L","Tarsalis","culex",12
"FC072|Pipiens|2021|33","FC-072","NE","FC",2021,33,2021-08-22,"L","Pipiens","culex",0
"FC072|Tarsalis|2021|33","FC-072","NE","FC",2021,33,2021-08-22,"L","Tarsalis","culex",1
"FC072|Pipiens|2021|35","FC-072","NE","FC",2021,35,2021-08-30,"L","Pipiens","culex",6
"FC072|Tarsalis|2021|35","FC-072","NE","FC",2021,35,2021-08-30,"L","Tarsalis","culex",15
"FC072|Pipiens|2021|36","FC-072","NE","FC",2021,36,2021-09-06,"L","Pipiens","culex",0
"FC072|Tarsalis|2021|36","FC-072","NE","FC",2021,36,2021-09-06,"L","Tarsalis","culex",2
"FC072|Pipiens|2022|22","FC-072","NE","FC",2022,22,2022-06-05,"L","Pipiens","culex",0
"FC072|Tarsalis|2022|22","FC-072","NE","FC",2022,22,2022-06-05,"L","Tarsalis","culex",20
"FC072|Pipiens|2022|23","FC-072","NE","FC",2022,23,2022-06-12,"L","Pipiens","culex",0
"FC072|Tarsalis|2022|23","FC-072","NE","FC",2022,23,2022-06-12,"L","Tarsalis","culex",2
"FC072|Pipiens|2022|24","FC-072","NE","FC",2022,24,2022-06-19,"L","Pipiens","culex",2
"FC072|Tarsalis|2022|24","FC-072","NE","FC",2022,24,2022-06-19,"L","Tarsalis","culex",16
"FC072|Pipiens|2022|25","FC-072","NE","FC",2022,25,2022-06-26,"L","Pipiens","culex",4
"FC072|Tarsalis|2022|25","FC-072","NE","FC",2022,25,2022-06-26,"L","Tarsalis","culex",14
"FC072|Pipiens|2022|26","FC-072","NE","FC",2022,26,2022-07-03,"L","Pipiens","culex",2
"FC072|Tarsalis|2022|26","FC-072","NE","FC",2022,26,2022-07-03,"L","Tarsalis","culex",17
"FC072|Pipiens|2022|27","FC-072","NE","FC",2022,27,2022-07-10,"L","Pipiens","culex",9
"FC072|Tarsalis|2022|27","FC-072","NE","FC",2022,27,2022-07-10,"L","Tarsalis","culex",134
"FC072|Pipiens|2022|28","FC-072","NE","FC",2022,28,2022-07-17,"L","Pipiens","culex",2
"FC072|Tarsalis|2022|28","FC-072","NE","FC",2022,28,2022-07-17,"L","Tarsalis","culex",146
"FC072|Pipiens|2022|29","FC-072","NE","FC",2022,29,2022-07-24,"L","Pipiens","culex",9
"FC072|Tarsalis|2022|29","FC-072","NE","FC",2022,29,2022-07-24,"L","Tarsalis","culex",72
"FC072|Pipiens|2022|30","FC-072","NE","FC",2022,30,2022-07-31,"L","Pipiens","culex",10
"FC072|Tarsalis|2022|30","FC-072","NE","FC",2022,30,2022-07-31,"L","Tarsalis","culex",100
"FC072|Pipiens|2022|31","FC-072","NE","FC",2022,31,2022-08-07,"L","Pipiens","culex",0
"FC072|Tarsalis|2022|31","FC-072","NE","FC",2022,31,2022-08-07,"L","Tarsalis","culex",24
"FC072|Pipiens|2022|32","FC-072","NE","FC",2022,32,2022-08-14,"L","Pipiens","culex",0
"FC072|Tarsalis|2022|32","FC-072","NE","FC",2022,32,2022-08-14,"L","Tarsalis","culex",72
"FC072|Pipiens|2022|33","FC-072","NE","FC",2022,33,2022-08-21,"L","Pipiens","culex",24
"FC072|Tarsalis|2022|33","FC-072","NE","FC",2022,33,2022-08-21,"L","Tarsalis","culex",148
"FC072|Pipiens|2022|35","FC-072","NE","FC",2022,35,2022-08-29,"L","Pipiens","culex",5
"FC072|Tarsalis|2022|35","FC-072","NE","FC",2022,35,2022-08-29,"L","Tarsalis","culex",11
"FC072|Pipiens|2022|36","FC-072","NE","FC",2022,36,2022-09-06,"L","Pipiens","culex",4
"FC072|Tarsalis|2022|36","FC-072","NE","FC",2022,36,2022-09-06,"L","Tarsalis","culex",8
"FC072|Pipiens|2022|37","FC-072","NE","FC",2022,37,2022-09-13,"L","Pipiens","culex",7
"FC072|Tarsalis|2022|37","FC-072","NE","FC",2022,37,2022-09-13,"L","Tarsalis","culex",7
"FC072|Pipiens|2023|23","FC-072","NE","FC",2023,23,2023-06-11,"L","Pipiens","culex",0
"FC072|Tarsalis|2023|23","FC-072","NE","FC",2023,23,2023-06-11,"L","Tarsalis","culex",3
"FC072|Pipiens|2023|24","FC-072","NE","FC",2023,24,2023-06-18,"L","Pipiens","culex",2
"FC072|Tarsalis|2023|24","FC-072","NE","FC",2023,24,2023-06-18,"L","Tarsalis","culex",17
"FC072|Pipiens|2023|25","FC-072","NE","FC",2023,25,2023-06-25,"L","Pipiens","culex",16
"FC072|Tarsalis|2023|25","FC-072","NE","FC",2023,25,2023-06-25,"L","Tarsalis","culex",212
"FC072|Pipiens|2023|26","FC-072","NE","FC",2023,26,2023-07-02,"L","Pipiens","culex",0
"FC072|Tarsalis|2023|26","FC-072","NE","FC",2023,26,2023-07-02,"L","Tarsalis","culex",191
"FC072|Pipiens|2023|27","FC-072","NE","FC",2023,27,2023-07-09,"L","Pipiens","culex",0
"FC072|Tarsalis|2023|27","FC-072","NE","FC",2023,27,2023-07-09,"L","Tarsalis","culex",173
"FC072|Pipiens|2023|28","FC-072","NE","FC",2023,28,2023-07-16,"L","Pipiens","culex",32
"FC072|Tarsalis|2023|28","FC-072","NE","FC",2023,28,2023-07-16,"L","Tarsalis","culex",1347
"FC072|Pipiens|2023|29","FC-072","NE","FC",2023,29,2023-07-23,"L","Pipiens","culex",19
"FC072|Tarsalis|2023|29","FC-072","NE","FC",2023,29,2023-07-23,"L","Tarsalis","culex",497
"FC072|Pipiens|2023|31","FC-072","NE","FC",2023,31,2023-08-06,"L","Pipiens","culex",8
"FC072|Tarsalis|2023|31","FC-072","NE","FC",2023,31,2023-08-06,"L","Tarsalis","culex",29
"FC072|Pipiens|2023|32","FC-072","NE","FC",2023,32,2023-08-13,"L","Pipiens","culex",8
"FC072|Tarsalis|2023|32","FC-072","NE","FC",2023,32,2023-08-13,"L","Tarsalis","culex",33
"FC072|Pipiens|2023|34","FC-072","NE","FC",2023,34,2023-08-21,"L","Pipiens","culex",1
"FC072|Tarsalis|2023|34","FC-072","NE","FC",2023,34,2023-08-21,"L","Tarsalis","culex",13
"FC072|Pipiens|2023|36","FC-072","NE","FC",2023,36,2023-09-04,"L","Pipiens","culex",2
"FC072|Tarsalis|2023|36","FC-072","NE","FC",2023,36,2023-09-04,"L","Tarsalis","culex",6
"FC072|Pipiens|2024|22","FC-072","NE","FC",2024,22,2024-06-02,"L","Pipiens","culex",0
"FC072|Tarsalis|2024|22","FC-072","NE","FC",2024,22,2024-06-02,"L","Tarsalis","culex",4
"FC072|Pipiens|2024|25","FC-072","NE","FC",2024,25,2024-06-17,"L","Pipiens","culex",0
"FC072|Tarsalis|2024|25","FC-072","NE","FC",2024,25,2024-06-17,"L","Tarsalis","culex",8
"FC072|Pipiens|2024|26","FC-072","NE","FC",2024,26,2024-06-24,"L","Pipiens","culex",3
"FC072|Tarsalis|2024|26","FC-072","NE","FC",2024,26,2024-06-24,"L","Tarsalis","culex",13
"FC072|Pipiens|2024|27","FC-072","NE","FC",2024,27,2024-07-01,"L","Pipiens","culex",14
"FC072|Tarsalis|2024|27","FC-072","NE","FC",2024,27,2024-07-01,"L","Tarsalis","culex",17
"FC072|Pipiens|2024|28","FC-072","NE","FC",2024,28,2024-07-08,"L","Pipiens","culex",15
"FC072|Tarsalis|2024|28","FC-072","NE","FC",2024,28,2024-07-08,"L","Tarsalis","culex",19
"FC072|Pipiens|2024|29","FC-072","NE","FC",2024,29,2024-07-15,"L","Pipiens","culex",13
"FC072|Tarsalis|2024|29","FC-072","NE","FC",2024,29,2024-07-15,"L","Tarsalis","culex",18
"FC072|Pipiens|2024|30","FC-072","NE","FC",2024,30,2024-07-22,"L","Pipiens","culex",23
"FC072|Tarsalis|2024|30","FC-072","NE","FC",2024,30,2024-07-22,"L","Tarsalis","culex",10
"FC072|Pipiens|2024|31","FC-072","NE","FC",2024,31,2024-07-29,"L","Pipiens","culex",10
"FC072|Tarsalis|2024|31","FC-072","NE","FC",2024,31,2024-07-29,"L","Tarsalis","culex",38
"FC072|Pipiens|2024|32","FC-072","NE","FC",2024,32,2024-08-05,"L","Pipiens","culex",8
"FC072|Tarsalis|2024|32","FC-072","NE","FC",2024,32,2024-08-05,"L","Tarsalis","culex",6
"FC072|Pipiens|2024|33","FC-072","NE","FC",2024,33,2024-08-12,"L","Pipiens","culex",22
"FC072|Tarsalis|2024|33","FC-072","NE","FC",2024,33,2024-08-12,"L","Tarsalis","culex",28
"FC072|Pipiens|2024|34","FC-072","NE","FC",2024,34,2024-08-19,"L","Pipiens","culex",4
"FC072|Tarsalis|2024|34","FC-072","NE","FC",2024,34,2024-08-19,"L","Tarsalis","culex",13
"FC072|Pipiens|2024|35","FC-072","NE","FC",2024,35,2024-08-26,"L","Pipiens","culex",7
"FC072|Tarsalis|2024|35","FC-072","NE","FC",2024,35,2024-08-26,"L","Tarsalis","culex",5
"FC072|Pipiens|2024|36","FC-072","NE","FC",2024,36,2024-09-04,"L","Pipiens","culex",17
"FC072|Tarsalis|2024|36","FC-072","NE","FC",2024,36,2024-09-04,"L","Tarsalis","culex",3
"FC072|Pipiens|2024|37","FC-072","NE","FC",2024,37,2024-09-09,"L","Pipiens","culex",3
"FC072|Tarsalis|2024|37","FC-072","NE","FC",2024,37,2024-09-09,"L","Tarsalis","culex",6
"FC072|Pipiens|2025|25","FC-072","NE","FC",2025,25,2025-06-16,"L","Pipiens","culex",3
"FC072|Tarsalis|2025|25","FC-072","NE","FC",2025,25,2025-06-16,"L","Tarsalis","culex",26
"FC072|Pipiens|2025|26","FC-072","NE","FC",2025,26,2025-06-23,"L","Pipiens","culex",5
"FC072|Tarsalis|2025|26","FC-072","NE","FC",2025,26,2025-06-23,"L","Tarsalis","culex",12
"FC072|Pipiens|2025|27","FC-072","NE","FC",2025,27,2025-06-30,"L","Pipiens","culex",6
"FC072|Tarsalis|2025|27","FC-072","NE","FC",2025,27,2025-06-30,"L","Tarsalis","culex",52
"FC072|Pipiens|2025|28","FC-072","NE","FC",2025,28,2025-07-07,"L","Pipiens","culex",16
"FC072|Tarsalis|2025|28","FC-072","NE","FC",2025,28,2025-07-07,"L","Tarsalis","culex",68
"FC072|Pipiens|2025|29","FC-072","NE","FC",2025,29,2025-07-14,"L","Pipiens","culex",13
"FC072|Tarsalis|2025|29","FC-072","NE","FC",2025,29,2025-07-14,"L","Tarsalis","culex",49
"FC072|Pipiens|2025|30","FC-072","NE","FC",2025,30,2025-07-21,"L","Pipiens","culex",5
"FC072|Tarsalis|2025|30","FC-072","NE","FC",2025,30,2025-07-21,"L","Tarsalis","culex",44
"FC072|Pipiens|2025|31","FC-072","NE","FC",2025,31,2025-07-28,"L","Pipiens","culex",0
"FC072|Tarsalis|2025|31","FC-072","NE","FC",2025,31,2025-07-28,"L","Tarsalis","culex",10
"FC072|Pipiens|2025|32","FC-072","NE","FC",2025,32,2025-08-04,"L","Pipiens","culex",16
"FC072|Tarsalis|2025|32","FC-072","NE","FC",2025,32,2025-08-04,"L","Tarsalis","culex",44
"FC072|Pipiens|2025|33","FC-072","NE","FC",2025,33,2025-08-11,"L","Pipiens","culex",4
"FC072|Tarsalis|2025|33","FC-072","NE","FC",2025,33,2025-08-11,"L","Tarsalis","culex",9
"FC072|Pipiens|2025|34","FC-072","NE","FC",2025,34,2025-08-18,"L","Pipiens","culex",5
"FC072|Tarsalis|2025|34","FC-072","NE","FC",2025,34,2025-08-18,"L","Tarsalis","culex",9
"FC072|Pipiens|2025|35","FC-072","NE","FC",2025,35,2025-08-25,"L","Pipiens","culex",2
"FC072|Tarsalis|2025|35","FC-072","NE","FC",2025,35,2025-08-25,"L","Tarsalis","culex",7
"FC072|Pipiens|2025|36","FC-072","NE","FC",2025,36,2025-09-03,"L","Pipiens","culex",11
"FC072|Tarsalis|2025|36","FC-072","NE","FC",2025,36,2025-09-03,"L","Tarsalis","culex",17
"FC073|Pipiens|2020|23","FC-073","NW","FC",2020,23,2020-06-02,"L","Pipiens","culex",2
"FC073|Tarsalis|2020|23","FC-073","NW","FC",2020,23,2020-06-02,"L","Tarsalis","culex",0
"FC073|Pipiens|2020|24","FC-073","NW","FC",2020,24,2020-06-09,"L","Pipiens","culex",4
"FC073|Tarsalis|2020|24","FC-073","NW","FC",2020,24,2020-06-09,"L","Tarsalis","culex",0
"FC073|Pipiens|2020|26","FC-073","NW","FC",2020,26,2020-06-23,"L","Pipiens","culex",2
"FC073|Tarsalis|2020|26","FC-073","NW","FC",2020,26,2020-06-23,"L","Tarsalis","culex",0
"FC073|Pipiens|2020|27","FC-073","NW","FC",2020,27,2020-06-30,"L","Pipiens","culex",8
"FC073|Tarsalis|2020|27","FC-073","NW","FC",2020,27,2020-06-30,"L","Tarsalis","culex",0
"FC073|Pipiens|2020|28","FC-073","NW","FC",2020,28,2020-07-07,"L","Pipiens","culex",14
"FC073|Tarsalis|2020|28","FC-073","NW","FC",2020,28,2020-07-07,"L","Tarsalis","culex",9
"FC073|Pipiens|2020|29","FC-073","NW","FC",2020,29,2020-07-14,"L","Pipiens","culex",7
"FC073|Tarsalis|2020|29","FC-073","NW","FC",2020,29,2020-07-14,"L","Tarsalis","culex",2
"FC073|Pipiens|2020|30","FC-073","NW","FC",2020,30,2020-07-21,"L","Pipiens","culex",7
"FC073|Tarsalis|2020|30","FC-073","NW","FC",2020,30,2020-07-21,"L","Tarsalis","culex",8
"FC073|Pipiens|2020|31","FC-073","NW","FC",2020,31,2020-07-28,"L","Pipiens","culex",22
"FC073|Tarsalis|2020|31","FC-073","NW","FC",2020,31,2020-07-28,"L","Tarsalis","culex",21
"FC073|Pipiens|2020|32","FC-073","NW","FC",2020,32,2020-08-04,"L","Pipiens","culex",21
"FC073|Tarsalis|2020|32","FC-073","NW","FC",2020,32,2020-08-04,"L","Tarsalis","culex",16
"FC073|Pipiens|2020|33","FC-073","NW","FC",2020,33,2020-08-11,"L","Pipiens","culex",12
"FC073|Tarsalis|2020|33","FC-073","NW","FC",2020,33,2020-08-11,"L","Tarsalis","culex",8
"FC073|Pipiens|2020|34","FC-073","NW","FC",2020,34,2020-08-18,"L","Pipiens","culex",11
"FC073|Tarsalis|2020|34","FC-073","NW","FC",2020,34,2020-08-18,"L","Tarsalis","culex",19
"FC073|Pipiens|2020|35","FC-073","NW","FC",2020,35,2020-08-25,"L","Pipiens","culex",24
"FC073|Tarsalis|2020|35","FC-073","NW","FC",2020,35,2020-08-25,"L","Tarsalis","culex",6
"FC073|Pipiens|2020|36","FC-073","NW","FC",2020,36,2020-09-01,"L","Pipiens","culex",29
"FC073|Tarsalis|2020|36","FC-073","NW","FC",2020,36,2020-09-01,"L","Tarsalis","culex",0
"FC073|Pipiens|2021|26","FC-073","NW","FC",2021,26,2021-06-29,"L","Pipiens","culex",18
"FC073|Tarsalis|2021|26","FC-073","NW","FC",2021,26,2021-06-29,"L","Tarsalis","culex",42
"FC073|Pipiens|2021|27","FC-073","NW","FC",2021,27,2021-07-06,"L","Pipiens","culex",42
"FC073|Tarsalis|2021|27","FC-073","NW","FC",2021,27,2021-07-06,"L","Tarsalis","culex",89
"FC073|Pipiens|2021|28","FC-073","NW","FC",2021,28,2021-07-13,"L","Pipiens","culex",0
"FC073|Tarsalis|2021|28","FC-073","NW","FC",2021,28,2021-07-13,"L","Tarsalis","culex",79
"FC073|Pipiens|2021|29","FC-073","NW","FC",2021,29,2021-07-20,"L","Pipiens","culex",7
"FC073|Tarsalis|2021|29","FC-073","NW","FC",2021,29,2021-07-20,"L","Tarsalis","culex",34
"FC073|Pipiens|2021|30","FC-073","NW","FC",2021,30,2021-07-28,"L","Pipiens","culex",25
"FC073|Tarsalis|2021|30","FC-073","NW","FC",2021,30,2021-07-28,"L","Tarsalis","culex",56
"FC073|Pipiens|2021|31","FC-073","NW","FC",2021,31,2021-08-03,"L","Pipiens","culex",3
"FC073|Tarsalis|2021|31","FC-073","NW","FC",2021,31,2021-08-03,"L","Tarsalis","culex",7
"FC073|Pipiens|2021|32","FC-073","NW","FC",2021,32,2021-08-10,"L","Pipiens","culex",28
"FC073|Tarsalis|2021|32","FC-073","NW","FC",2021,32,2021-08-10,"L","Tarsalis","culex",19
"FC073|Pipiens|2021|33","FC-073","NW","FC",2021,33,2021-08-17,"L","Pipiens","culex",0
"FC073|Tarsalis|2021|33","FC-073","NW","FC",2021,33,2021-08-17,"L","Tarsalis","culex",9
"FC073|Pipiens|2021|34","FC-073","NW","FC",2021,34,2021-08-24,"L","Pipiens","culex",0
"FC073|Tarsalis|2021|34","FC-073","NW","FC",2021,34,2021-08-24,"L","Tarsalis","culex",5
"FC073|Pipiens|2021|35","FC-073","NW","FC",2021,35,2021-08-31,"L","Pipiens","culex",7
"FC073|Tarsalis|2021|35","FC-073","NW","FC",2021,35,2021-08-31,"L","Tarsalis","culex",5
"FC073|Pipiens|2021|36","FC-073","NW","FC",2021,36,2021-09-07,"L","Pipiens","culex",10
"FC073|Tarsalis|2021|36","FC-073","NW","FC",2021,36,2021-09-07,"L","Tarsalis","culex",1
"FC073|Pipiens|2022|23","FC-073","NW","FC",2022,23,2022-06-07,"L","Pipiens","culex",0
"FC073|Tarsalis|2022|23","FC-073","NW","FC",2022,23,2022-06-07,"L","Tarsalis","culex",2
"FC073|Pipiens|2022|24","FC-073","NW","FC",2022,24,2022-06-14,"L","Pipiens","culex",8
"FC073|Tarsalis|2022|24","FC-073","NW","FC",2022,24,2022-06-14,"L","Tarsalis","culex",6
"FC073|Pipiens|2022|25","FC-073","NW","FC",2022,25,2022-06-21,"L","Pipiens","culex",4
"FC073|Tarsalis|2022|25","FC-073","NW","FC",2022,25,2022-06-21,"L","Tarsalis","culex",8
"FC073|Pipiens|2022|26","FC-073","NW","FC",2022,26,2022-06-28,"L","Pipiens","culex",21
"FC073|Tarsalis|2022|26","FC-073","NW","FC",2022,26,2022-06-28,"L","Tarsalis","culex",8
"FC073|Pipiens|2022|27","FC-073","NW","FC",2022,27,2022-07-06,"L","Pipiens","culex",0
"FC073|Tarsalis|2022|27","FC-073","NW","FC",2022,27,2022-07-06,"L","Tarsalis","culex",21
"FC073|Pipiens|2022|28","FC-073","NW","FC",2022,28,2022-07-12,"L","Pipiens","culex",5
"FC073|Tarsalis|2022|28","FC-073","NW","FC",2022,28,2022-07-12,"L","Tarsalis","culex",157
"FC073|Pipiens|2022|29","FC-073","NW","FC",2022,29,2022-07-19,"L","Pipiens","culex",7
"FC073|Tarsalis|2022|29","FC-073","NW","FC",2022,29,2022-07-19,"L","Tarsalis","culex",62
"FC073|Pipiens|2022|30","FC-073","NW","FC",2022,30,2022-07-26,"L","Pipiens","culex",5
"FC073|Tarsalis|2022|30","FC-073","NW","FC",2022,30,2022-07-26,"L","Tarsalis","culex",29
"FC073|Pipiens|2022|31","FC-073","NW","FC",2022,31,2022-08-02,"L","Pipiens","culex",5
"FC073|Tarsalis|2022|31","FC-073","NW","FC",2022,31,2022-08-02,"L","Tarsalis","culex",53
"FC073|Pipiens|2022|32","FC-073","NW","FC",2022,32,2022-08-09,"L","Pipiens","culex",5
"FC073|Tarsalis|2022|32","FC-073","NW","FC",2022,32,2022-08-09,"L","Tarsalis","culex",42
"FC073|Pipiens|2022|33","FC-073","NW","FC",2022,33,2022-08-16,"L","Pipiens","culex",19
"FC073|Tarsalis|2022|33","FC-073","NW","FC",2022,33,2022-08-16,"L","Tarsalis","culex",33
"FC073|Pipiens|2022|34","FC-073","NW","FC",2022,34,2022-08-23,"L","Pipiens","culex",18
"FC073|Tarsalis|2022|34","FC-073","NW","FC",2022,34,2022-08-23,"L","Tarsalis","culex",43
"FC073|Pipiens|2022|35","FC-073","NW","FC",2022,35,2022-08-31,"L","Pipiens","culex",8
"FC073|Tarsalis|2022|35","FC-073","NW","FC",2022,35,2022-08-31,"L","Tarsalis","culex",7
"FC073|Pipiens|2022|36","FC-073","NW","FC",2022,36,2022-09-06,"L","Pipiens","culex",9
"FC073|Tarsalis|2022|36","FC-073","NW","FC",2022,36,2022-09-06,"L","Tarsalis","culex",8
"FC073|Pipiens|2022|37","FC-073","NW","FC",2022,37,2022-09-13,"L","Pipiens","culex",3
"FC073|Tarsalis|2022|37","FC-073","NW","FC",2022,37,2022-09-13,"L","Tarsalis","culex",0
"FC073|Pipiens|2023|23","FC-073","NW","FC",2023,23,2023-06-06,"L","Pipiens","culex",4
"FC073|Tarsalis|2023|23","FC-073","NW","FC",2023,23,2023-06-06,"L","Tarsalis","culex",10
"FC073|Pipiens|2023|24","FC-073","NW","FC",2023,24,2023-06-13,"L","Pipiens","culex",2
"FC073|Tarsalis|2023|24","FC-073","NW","FC",2023,24,2023-06-13,"L","Tarsalis","culex",1
"FC073|Pipiens|2023|25","FC-073","NW","FC",2023,25,2023-06-20,"L","Pipiens","culex",4
"FC073|Tarsalis|2023|25","FC-073","NW","FC",2023,25,2023-06-20,"L","Tarsalis","culex",9
"FC073|Pipiens|2023|26","FC-073","NW","FC",2023,26,2023-06-27,"L","Pipiens","culex",9
"FC073|Tarsalis|2023|26","FC-073","NW","FC",2023,26,2023-06-27,"L","Tarsalis","culex",251
"FC073|Pipiens|2023|27","FC-073","NW","FC",2023,27,2023-07-05,"L","Pipiens","culex",13
"FC073|Tarsalis|2023|27","FC-073","NW","FC",2023,27,2023-07-05,"L","Tarsalis","culex",26
"FC073|Pipiens|2023|29","FC-073","NW","FC",2023,29,2023-07-18,"L","Pipiens","culex",1
"FC073|Tarsalis|2023|29","FC-073","NW","FC",2023,29,2023-07-18,"L","Tarsalis","culex",171
"FC073|Pipiens|2023|30","FC-073","NW","FC",2023,30,2023-07-26,"L","Pipiens","culex",9
"FC073|Tarsalis|2023|30","FC-073","NW","FC",2023,30,2023-07-26,"L","Tarsalis","culex",110
"FC073|Pipiens|2023|31","FC-073","NW","FC",2023,31,2023-08-01,"L","Pipiens","culex",1
"FC073|Tarsalis|2023|31","FC-073","NW","FC",2023,31,2023-08-01,"L","Tarsalis","culex",45
"FC073|Pipiens|2023|32","FC-073","NW","FC",2023,32,2023-08-09,"L","Pipiens","culex",17
"FC073|Tarsalis|2023|32","FC-073","NW","FC",2023,32,2023-08-09,"L","Tarsalis","culex",54
"FC073|Pipiens|2023|33","FC-073","NW","FC",2023,33,2023-08-15,"L","Pipiens","culex",10
"FC073|Tarsalis|2023|33","FC-073","NW","FC",2023,33,2023-08-15,"L","Tarsalis","culex",26
"FC073|Pipiens|2023|34","FC-073","NW","FC",2023,34,2023-08-22,"L","Pipiens","culex",25
"FC073|Tarsalis|2023|34","FC-073","NW","FC",2023,34,2023-08-22,"L","Tarsalis","culex",31
"FC073|Pipiens|2023|35","FC-073","NW","FC",2023,35,2023-08-29,"L","Pipiens","culex",2
"FC073|Tarsalis|2023|35","FC-073","NW","FC",2023,35,2023-08-29,"L","Tarsalis","culex",2
"FC073|Pipiens|2023|36","FC-073","NW","FC",2023,36,2023-09-06,"L","Pipiens","culex",0
"FC073|Tarsalis|2023|36","FC-073","NW","FC",2023,36,2023-09-06,"L","Tarsalis","culex",3
"FC073|Pipiens|2023|37","FC-073","NW","FC",2023,37,2023-09-11,"L","Pipiens","culex",2
"FC073|Tarsalis|2023|37","FC-073","NW","FC",2023,37,2023-09-11,"L","Tarsalis","culex",0
"FC073|Pipiens|2024|24","FC-073","NW","FC",2024,24,2024-06-11,"L","Pipiens","culex",3
"FC073|Tarsalis|2024|24","FC-073","NW","FC",2024,24,2024-06-11,"L","Tarsalis","culex",2
"FC073|Pipiens|2024|25","FC-073","NW","FC",2024,25,2024-06-19,"L","Pipiens","culex",1
"FC073|Tarsalis|2024|25","FC-073","NW","FC",2024,25,2024-06-19,"L","Tarsalis","culex",3
"FC073|Pipiens|2024|26","FC-073","NW","FC",2024,26,2024-06-26,"L","Pipiens","culex",1
"FC073|Tarsalis|2024|26","FC-073","NW","FC",2024,26,2024-06-26,"L","Tarsalis","culex",2
"FC073|Pipiens|2024|27","FC-073","NW","FC",2024,27,2024-07-02,"L","Pipiens","culex",3
"FC073|Tarsalis|2024|27","FC-073","NW","FC",2024,27,2024-07-02,"L","Tarsalis","culex",0
"FC073|Pipiens|2024|28","FC-073","NW","FC",2024,28,2024-07-10,"L","Pipiens","culex",4
"FC073|Tarsalis|2024|28","FC-073","NW","FC",2024,28,2024-07-10,"L","Tarsalis","culex",9
"FC073|Pipiens|2024|29","FC-073","NW","FC",2024,29,2024-07-17,"L","Pipiens","culex",10
"FC073|Tarsalis|2024|29","FC-073","NW","FC",2024,29,2024-07-17,"L","Tarsalis","culex",0
"FC073|Pipiens|2024|30","FC-073","NW","FC",2024,30,2024-07-24,"L","Pipiens","culex",25
"FC073|Tarsalis|2024|30","FC-073","NW","FC",2024,30,2024-07-24,"L","Tarsalis","culex",8
"FC073|Pipiens|2024|31","FC-073","NW","FC",2024,31,2024-07-31,"L","Pipiens","culex",6
"FC073|Tarsalis|2024|31","FC-073","NW","FC",2024,31,2024-07-31,"L","Tarsalis","culex",8
"FC073|Pipiens|2024|32","FC-073","NW","FC",2024,32,2024-08-07,"L","Pipiens","culex",20
"FC073|Tarsalis|2024|32","FC-073","NW","FC",2024,32,2024-08-07,"L","Tarsalis","culex",10
"FC073|Pipiens|2024|33","FC-073","NW","FC",2024,33,2024-08-14,"L","Pipiens","culex",2
"FC073|Tarsalis|2024|33","FC-073","NW","FC",2024,33,2024-08-14,"L","Tarsalis","culex",4
"FC073|Pipiens|2024|34","FC-073","NW","FC",2024,34,2024-08-21,"L","Pipiens","culex",2
"FC073|Tarsalis|2024|34","FC-073","NW","FC",2024,34,2024-08-21,"L","Tarsalis","culex",0
"FC073|Pipiens|2024|35","FC-073","NW","FC",2024,35,2024-08-28,"L","Pipiens","culex",6
"FC073|Tarsalis|2024|35","FC-073","NW","FC",2024,35,2024-08-28,"L","Tarsalis","culex",2
"FC073|Pipiens|2024|36","FC-073","NW","FC",2024,36,2024-09-04,"L","Pipiens","culex",1
"FC073|Tarsalis|2024|36","FC-073","NW","FC",2024,36,2024-09-04,"L","Tarsalis","culex",0
"FC073|Pipiens|2024|37","FC-073","NW","FC",2024,37,2024-09-11,"L","Pipiens","culex",3
"FC073|Tarsalis|2024|37","FC-073","NW","FC",2024,37,2024-09-11,"L","Tarsalis","culex",1
"FC073|Pipiens|2025|25","FC-073","NW","FC",2025,25,2025-06-18,"L","Pipiens","culex",0
"FC073|Tarsalis|2025|25","FC-073","NW","FC",2025,25,2025-06-18,"L","Tarsalis","culex",1
"FC073|Pipiens|2025|26","FC-073","NW","FC",2025,26,2025-06-25,"L","Pipiens","culex",1
"FC073|Tarsalis|2025|26","FC-073","NW","FC",2025,26,2025-06-25,"L","Tarsalis","culex",4
"FC073|Pipiens|2025|27","FC-073","NW","FC",2025,27,2025-07-02,"L","Pipiens","culex",3
"FC073|Tarsalis|2025|27","FC-073","NW","FC",2025,27,2025-07-02,"L","Tarsalis","culex",20
"FC073|Pipiens|2025|29","FC-073","NW","FC",2025,29,2025-07-16,"L","Pipiens","culex",4
"FC073|Tarsalis|2025|29","FC-073","NW","FC",2025,29,2025-07-16,"L","Tarsalis","culex",48
"FC073|Pipiens|2025|30","FC-073","NW","FC",2025,30,2025-07-23,"L","Pipiens","culex",3
"FC073|Tarsalis|2025|30","FC-073","NW","FC",2025,30,2025-07-23,"L","Tarsalis","culex",16
"FC073|Pipiens|2025|31","FC-073","NW","FC",2025,31,2025-07-30,"L","Pipiens","culex",0
"FC073|Tarsalis|2025|31","FC-073","NW","FC",2025,31,2025-07-30,"L","Tarsalis","culex",35
"FC073|Pipiens|2025|32","FC-073","NW","FC",2025,32,2025-08-06,"L","Pipiens","culex",0
"FC073|Tarsalis|2025|32","FC-073","NW","FC",2025,32,2025-08-06,"L","Tarsalis","culex",4
"FC073|Pipiens|2025|33","FC-073","NW","FC",2025,33,2025-08-13,"L","Pipiens","culex",1
"FC073|Tarsalis|2025|33","FC-073","NW","FC",2025,33,2025-08-13,"L","Tarsalis","culex",1
"FC073|Pipiens|2025|34","FC-073","NW","FC",2025,34,2025-08-20,"L","Pipiens","culex",10
"FC073|Tarsalis|2025|34","FC-073","NW","FC",2025,34,2025-08-20,"L","Tarsalis","culex",8
"FC073|Pipiens|2025|35","FC-073","NW","FC",2025,35,2025-08-27,"L","Pipiens","culex",9
"FC073|Tarsalis|2025|35","FC-073","NW","FC",2025,35,2025-08-27,"L","Tarsalis","culex",2
"FC073|Pipiens|2025|36","FC-073","NW","FC",2025,36,2025-09-03,"L","Pipiens","culex",2
"FC073|Tarsalis|2025|36","FC-073","NW","FC",2025,36,2025-09-03,"L","Tarsalis","culex",1
"FC074|Pipiens|2020|23","FC-074","SE","FC",2020,23,2020-06-01,"L","Pipiens","culex",0
"FC074|Tarsalis|2020|23","FC-074","SE","FC",2020,23,2020-06-01,"L","Tarsalis","culex",1
"FC074|Pipiens|2020|25","FC-074","SE","FC",2020,25,2020-06-15,"L","Pipiens","culex",0
"FC074|Tarsalis|2020|25","FC-074","SE","FC",2020,25,2020-06-15,"L","Tarsalis","culex",5
"FC074|Pipiens|2020|26","FC-074","SE","FC",2020,26,2020-06-22,"L","Pipiens","culex",0
"FC074|Tarsalis|2020|26","FC-074","SE","FC",2020,26,2020-06-22,"L","Tarsalis","culex",1
"FC074|Pipiens|2020|27","FC-074","SE","FC",2020,27,2020-06-29,"L","Pipiens","culex",0
"FC074|Tarsalis|2020|27","FC-074","SE","FC",2020,27,2020-06-29,"L","Tarsalis","culex",17
"FC074|Pipiens|2020|28","FC-074","SE","FC",2020,28,2020-07-06,"L","Pipiens","culex",1
"FC074|Tarsalis|2020|28","FC-074","SE","FC",2020,28,2020-07-06,"L","Tarsalis","culex",9
"FC074|Pipiens|2020|29","FC-074","SE","FC",2020,29,2020-07-13,"L","Pipiens","culex",0
"FC074|Tarsalis|2020|29","FC-074","SE","FC",2020,29,2020-07-13,"L","Tarsalis","culex",3
"FC074|Pipiens|2020|30","FC-074","SE","FC",2020,30,2020-07-20,"L","Pipiens","culex",0
"FC074|Tarsalis|2020|30","FC-074","SE","FC",2020,30,2020-07-20,"L","Tarsalis","culex",58
"FC074|Pipiens|2020|31","FC-074","SE","FC",2020,31,2020-07-27,"L","Pipiens","culex",1
"FC074|Tarsalis|2020|31","FC-074","SE","FC",2020,31,2020-07-27,"L","Tarsalis","culex",23
"FC074|Pipiens|2020|32","FC-074","SE","FC",2020,32,2020-08-03,"L","Pipiens","culex",0
"FC074|Tarsalis|2020|32","FC-074","SE","FC",2020,32,2020-08-03,"L","Tarsalis","culex",7
"FC074|Pipiens|2020|33","FC-074","SE","FC",2020,33,2020-08-10,"L","Pipiens","culex",27
"FC074|Tarsalis|2020|33","FC-074","SE","FC",2020,33,2020-08-10,"L","Tarsalis","culex",19
"FC074|Pipiens|2020|34","FC-074","SE","FC",2020,34,2020-08-17,"L","Pipiens","culex",21
"FC074|Tarsalis|2020|34","FC-074","SE","FC",2020,34,2020-08-17,"L","Tarsalis","culex",27
"FC074|Pipiens|2020|35","FC-074","SE","FC",2020,35,2020-08-24,"L","Pipiens","culex",9
"FC074|Tarsalis|2020|35","FC-074","SE","FC",2020,35,2020-08-24,"L","Tarsalis","culex",25
"FC074|Pipiens|2020|36","FC-074","SE","FC",2020,36,2020-08-31,"L","Pipiens","culex",0
"FC074|Tarsalis|2020|36","FC-074","SE","FC",2020,36,2020-08-31,"L","Tarsalis","culex",1
"FC074|Pipiens|2021|25","FC-074","SE","FC",2021,25,2021-06-21,"L","Pipiens","culex",0
"FC074|Tarsalis|2021|25","FC-074","SE","FC",2021,25,2021-06-21,"L","Tarsalis","culex",20
"FC074|Pipiens|2021|26","FC-074","SE","FC",2021,26,2021-06-28,"L","Pipiens","culex",4
"FC074|Tarsalis|2021|26","FC-074","SE","FC",2021,26,2021-06-28,"L","Tarsalis","culex",21
"FC074|Pipiens|2021|27","FC-074","SE","FC",2021,27,2021-07-05,"L","Pipiens","culex",3
"FC074|Tarsalis|2021|27","FC-074","SE","FC",2021,27,2021-07-05,"L","Tarsalis","culex",15
"FC074|Pipiens|2021|28","FC-074","SE","FC",2021,28,2021-07-12,"L","Pipiens","culex",3
"FC074|Tarsalis|2021|28","FC-074","SE","FC",2021,28,2021-07-12,"L","Tarsalis","culex",230
"FC074|Pipiens|2021|29","FC-074","SE","FC",2021,29,2021-07-19,"L","Pipiens","culex",9
"FC074|Tarsalis|2021|29","FC-074","SE","FC",2021,29,2021-07-19,"L","Tarsalis","culex",525
"FC074|Pipiens|2021|30","FC-074","SE","FC",2021,30,2021-07-26,"L","Pipiens","culex",17
"FC074|Tarsalis|2021|30","FC-074","SE","FC",2021,30,2021-07-26,"L","Tarsalis","culex",268
"FC074|Pipiens|2021|31","FC-074","SE","FC",2021,31,2021-08-02,"L","Pipiens","culex",14
"FC074|Tarsalis|2021|31","FC-074","SE","FC",2021,31,2021-08-02,"L","Tarsalis","culex",72
"FC074|Pipiens|2021|32","FC-074","SE","FC",2021,32,2021-08-09,"L","Pipiens","culex",15
"FC074|Tarsalis|2021|32","FC-074","SE","FC",2021,32,2021-08-09,"L","Tarsalis","culex",78
"FC074|Pipiens|2021|33","FC-074","SE","FC",2021,33,2021-08-16,"L","Pipiens","culex",2
"FC074|Tarsalis|2021|33","FC-074","SE","FC",2021,33,2021-08-16,"L","Tarsalis","culex",12
"FC074|Pipiens|2021|34","FC-074","SE","FC",2021,34,2021-08-29,"L","Pipiens","culex",4
"FC074|Tarsalis|2021|34","FC-074","SE","FC",2021,34,2021-08-29,"L","Tarsalis","culex",27
"FC074|Pipiens|2021|36","FC-074","SE","FC",2021,36,2021-09-06,"L","Pipiens","culex",3
"FC074|Tarsalis|2021|36","FC-074","SE","FC",2021,36,2021-09-06,"L","Tarsalis","culex",0
"FC074|Pipiens|2022|23","FC-074","SE","FC",2022,23,2022-06-06,"L","Pipiens","culex",0
"FC074|Tarsalis|2022|23","FC-074","SE","FC",2022,23,2022-06-06,"L","Tarsalis","culex",27
"FC074|Pipiens|2022|24","FC-074","SE","FC",2022,24,2022-06-13,"L","Pipiens","culex",0
"FC074|Tarsalis|2022|24","FC-074","SE","FC",2022,24,2022-06-13,"L","Tarsalis","culex",1
"FC074|Pipiens|2022|26","FC-074","SE","FC",2022,26,2022-06-27,"L","Pipiens","culex",3
"FC074|Tarsalis|2022|26","FC-074","SE","FC",2022,26,2022-06-27,"L","Tarsalis","culex",66
"FC074|Pipiens|2022|27","FC-074","SE","FC",2022,27,2022-07-05,"L","Pipiens","culex",1
"FC074|Tarsalis|2022|27","FC-074","SE","FC",2022,27,2022-07-05,"L","Tarsalis","culex",118
"FC074|Pipiens|2022|28","FC-074","SE","FC",2022,28,2022-07-11,"L","Pipiens","culex",7
"FC074|Tarsalis|2022|28","FC-074","SE","FC",2022,28,2022-07-11,"L","Tarsalis","culex",220
"FC074|Pipiens|2022|29","FC-074","SE","FC",2022,29,2022-07-18,"L","Pipiens","culex",20
"FC074|Tarsalis|2022|29","FC-074","SE","FC",2022,29,2022-07-18,"L","Tarsalis","culex",492
"FC074|Pipiens|2022|30","FC-074","SE","FC",2022,30,2022-07-25,"L","Pipiens","culex",12
"FC074|Tarsalis|2022|30","FC-074","SE","FC",2022,30,2022-07-25,"L","Tarsalis","culex",35
"FC074|Pipiens|2022|31","FC-074","SE","FC",2022,31,2022-08-01,"L","Pipiens","culex",14
"FC074|Tarsalis|2022|31","FC-074","SE","FC",2022,31,2022-08-01,"L","Tarsalis","culex",76
"FC074|Pipiens|2022|32","FC-074","SE","FC",2022,32,2022-08-08,"L","Pipiens","culex",30
"FC074|Tarsalis|2022|32","FC-074","SE","FC",2022,32,2022-08-08,"L","Tarsalis","culex",81
"FC074|Pipiens|2022|33","FC-074","SE","FC",2022,33,2022-08-15,"L","Pipiens","culex",12
"FC074|Tarsalis|2022|33","FC-074","SE","FC",2022,33,2022-08-15,"L","Tarsalis","culex",55
"FC074|Pipiens|2022|34","FC-074","SE","FC",2022,34,2022-08-22,"L","Pipiens","culex",25
"FC074|Tarsalis|2022|34","FC-074","SE","FC",2022,34,2022-08-22,"L","Tarsalis","culex",78
"FC074|Pipiens|2022|35","FC-074","SE","FC",2022,35,2022-08-30,"L","Pipiens","culex",26
"FC074|Tarsalis|2022|35","FC-074","SE","FC",2022,35,2022-08-30,"L","Tarsalis","culex",60
"FC074|Pipiens|2022|36","FC-074","SE","FC",2022,36,2022-09-07,"L","Pipiens","culex",18
"FC074|Tarsalis|2022|36","FC-074","SE","FC",2022,36,2022-09-07,"L","Tarsalis","culex",14
"FC074|Pipiens|2022|37","FC-074","SE","FC",2022,37,2022-09-12,"L","Pipiens","culex",17
"FC074|Tarsalis|2022|37","FC-074","SE","FC",2022,37,2022-09-12,"L","Tarsalis","culex",8
"FC074|Pipiens|2023|23","FC-074","SE","FC",2023,23,2023-06-05,"L","Pipiens","culex",0
"FC074|Tarsalis|2023|23","FC-074","SE","FC",2023,23,2023-06-05,"L","Tarsalis","culex",8
"FC074|Pipiens|2023|24","FC-074","SE","FC",2023,24,2023-06-12,"L","Pipiens","culex",2
"FC074|Tarsalis|2023|24","FC-074","SE","FC",2023,24,2023-06-12,"L","Tarsalis","culex",21
"FC074|Pipiens|2023|25","FC-074","SE","FC",2023,25,2023-06-19,"L","Pipiens","culex",1
"FC074|Tarsalis|2023|25","FC-074","SE","FC",2023,25,2023-06-19,"L","Tarsalis","culex",61
"FC074|Pipiens|2023|26","FC-074","SE","FC",2023,26,2023-06-26,"L","Pipiens","culex",0
"FC074|Tarsalis|2023|26","FC-074","SE","FC",2023,26,2023-06-26,"L","Tarsalis","culex",336
"FC074|Pipiens|2023|27","FC-074","SE","FC",2023,27,2023-07-03,"L","Pipiens","culex",5
"FC074|Tarsalis|2023|27","FC-074","SE","FC",2023,27,2023-07-03,"L","Tarsalis","culex",459
"FC074|Pipiens|2023|28","FC-074","SE","FC",2023,28,2023-07-10,"L","Pipiens","culex",19
"FC074|Tarsalis|2023|28","FC-074","SE","FC",2023,28,2023-07-10,"L","Tarsalis","culex",303
"FC074|Pipiens|2023|29","FC-074","SE","FC",2023,29,2023-07-17,"L","Pipiens","culex",2
"FC074|Tarsalis|2023|29","FC-074","SE","FC",2023,29,2023-07-17,"L","Tarsalis","culex",380
"FC074|Pipiens|2023|30","FC-074","SE","FC",2023,30,2023-07-30,"L","Pipiens","culex",2
"FC074|Tarsalis|2023|30","FC-074","SE","FC",2023,30,2023-07-30,"L","Tarsalis","culex",62
"FC074|Pipiens|2023|32","FC-074","SE","FC",2023,32,2023-08-08,"L","Pipiens","culex",11
"FC074|Tarsalis|2023|32","FC-074","SE","FC",2023,32,2023-08-08,"L","Tarsalis","culex",42
"FC074|Pipiens|2023|33","FC-074","SE","FC",2023,33,2023-08-20,"L","Pipiens","culex",0
"FC074|Tarsalis|2023|33","FC-074","SE","FC",2023,33,2023-08-20,"L","Tarsalis","culex",4
"FC074|Pipiens|2023|35","FC-074","SE","FC",2023,35,2023-08-28,"L","Pipiens","culex",1
"FC074|Tarsalis|2023|35","FC-074","SE","FC",2023,35,2023-08-28,"L","Tarsalis","culex",1
"FC074|Pipiens|2023|36","FC-074","SE","FC",2023,36,2023-09-05,"L","Pipiens","culex",0
"FC074|Tarsalis|2023|36","FC-074","SE","FC",2023,36,2023-09-05,"L","Tarsalis","culex",2
"FC074|Pipiens|2023|37","FC-074","SE","FC",2023,37,2023-09-12,"L","Pipiens","culex",5
"FC074|Tarsalis|2023|37","FC-074","SE","FC",2023,37,2023-09-12,"L","Tarsalis","culex",1
"FC074|Pipiens|2024|23","FC-074","SE","FC",2024,23,2024-06-03,"L","Pipiens","culex",0
"FC074|Tarsalis|2024|23","FC-074","SE","FC",2024,23,2024-06-03,"L","Tarsalis","culex",7
"FC074|Pipiens|2024|24","FC-074","SE","FC",2024,24,2024-06-10,"L","Pipiens","culex",0
"FC074|Tarsalis|2024|24","FC-074","SE","FC",2024,24,2024-06-10,"L","Tarsalis","culex",6
"FC074|Pipiens|2024|25","FC-074","SE","FC",2024,25,2024-06-18,"L","Pipiens","culex",0
"FC074|Tarsalis|2024|25","FC-074","SE","FC",2024,25,2024-06-18,"L","Tarsalis","culex",13
"FC074|Pipiens|2024|26","FC-074","SE","FC",2024,26,2024-06-25,"L","Pipiens","culex",1
"FC074|Tarsalis|2024|26","FC-074","SE","FC",2024,26,2024-06-25,"L","Tarsalis","culex",38
"FC074|Pipiens|2024|27","FC-074","SE","FC",2024,27,2024-07-02,"L","Pipiens","culex",0
"FC074|Tarsalis|2024|27","FC-074","SE","FC",2024,27,2024-07-02,"L","Tarsalis","culex",4
"FC074|Pipiens|2024|28","FC-074","SE","FC",2024,28,2024-07-09,"L","Pipiens","culex",2
"FC074|Tarsalis|2024|28","FC-074","SE","FC",2024,28,2024-07-09,"L","Tarsalis","culex",58
"FC074|Pipiens|2024|29","FC-074","SE","FC",2024,29,2024-07-16,"L","Pipiens","culex",0
"FC074|Tarsalis|2024|29","FC-074","SE","FC",2024,29,2024-07-16,"L","Tarsalis","culex",20
"FC074|Pipiens|2024|30","FC-074","SE","FC",2024,30,2024-07-23,"L","Pipiens","culex",1
"FC074|Tarsalis|2024|30","FC-074","SE","FC",2024,30,2024-07-23,"L","Tarsalis","culex",17
"FC074|Pipiens|2024|31","FC-074","SE","FC",2024,31,2024-07-30,"L","Pipiens","culex",6
"FC074|Tarsalis|2024|31","FC-074","SE","FC",2024,31,2024-07-30,"L","Tarsalis","culex",91
"FC074|Pipiens|2024|32","FC-074","SE","FC",2024,32,2024-08-06,"L","Pipiens","culex",0
"FC074|Tarsalis|2024|32","FC-074","SE","FC",2024,32,2024-08-06,"L","Tarsalis","culex",19
"FC074|Pipiens|2024|33","FC-074","SE","FC",2024,33,2024-08-13,"L","Pipiens","culex",0
"FC074|Tarsalis|2024|33","FC-074","SE","FC",2024,33,2024-08-13,"L","Tarsalis","culex",12
"FC074|Pipiens|2024|34","FC-074","SE","FC",2024,34,2024-08-20,"L","Pipiens","culex",0
"FC074|Tarsalis|2024|34","FC-074","SE","FC",2024,34,2024-08-20,"L","Tarsalis","culex",3
"FC074|Pipiens|2024|35","FC-074","SE","FC",2024,35,2024-08-27,"L","Pipiens","culex",11
"FC074|Tarsalis|2024|35","FC-074","SE","FC",2024,35,2024-08-27,"L","Tarsalis","culex",30
"FC074|Pipiens|2024|36","FC-074","SE","FC",2024,36,2024-09-05,"L","Pipiens","culex",4
"FC074|Tarsalis|2024|36","FC-074","SE","FC",2024,36,2024-09-05,"L","Tarsalis","culex",11
"FC074|Pipiens|2025|25","FC-074","SE","FC",2025,25,2025-06-17,"L","Pipiens","culex",1
"FC074|Tarsalis|2025|25","FC-074","SE","FC",2025,25,2025-06-17,"L","Tarsalis","culex",58
"FC074|Pipiens|2025|26","FC-074","SE","FC",2025,26,2025-06-24,"L","Pipiens","culex",0
"FC074|Tarsalis|2025|26","FC-074","SE","FC",2025,26,2025-06-24,"L","Tarsalis","culex",41
"FC074|Pipiens|2025|27","FC-074","SE","FC",2025,27,2025-07-01,"L","Pipiens","culex",1
"FC074|Tarsalis|2025|27","FC-074","SE","FC",2025,27,2025-07-01,"L","Tarsalis","culex",56
"FC074|Pipiens|2025|29","FC-074","SE","FC",2025,29,2025-07-15,"L","Pipiens","culex",7
"FC074|Tarsalis|2025|29","FC-074","SE","FC",2025,29,2025-07-15,"L","Tarsalis","culex",105
"FC074|Pipiens|2025|30","FC-074","SE","FC",2025,30,2025-07-22,"L","Pipiens","culex",4
"FC074|Tarsalis|2025|30","FC-074","SE","FC",2025,30,2025-07-22,"L","Tarsalis","culex",55
"FC074|Pipiens|2025|31","FC-074","SE","FC",2025,31,2025-07-29,"L","Pipiens","culex",9
"FC074|Tarsalis|2025|31","FC-074","SE","FC",2025,31,2025-07-29,"L","Tarsalis","culex",39
"FC074|Pipiens|2025|32","FC-074","SE","FC",2025,32,2025-08-05,"L","Pipiens","culex",3
"FC074|Tarsalis|2025|32","FC-074","SE","FC",2025,32,2025-08-05,"L","Tarsalis","culex",32
"FC074|Pipiens|2025|33","FC-074","SE","FC",2025,33,2025-08-12,"L","Pipiens","culex",4
"FC074|Tarsalis|2025|33","FC-074","SE","FC",2025,33,2025-08-12,"L","Tarsalis","culex",15
"FC074|Pipiens|2025|34","FC-074","SE","FC",2025,34,2025-08-19,"L","Pipiens","culex",12
"FC074|Tarsalis|2025|34","FC-074","SE","FC",2025,34,2025-08-19,"L","Tarsalis","culex",9
"FC074|Pipiens|2025|35","FC-074","SE","FC",2025,35,2025-08-26,"L","Pipiens","culex",9
"FC074|Tarsalis|2025|35","FC-074","SE","FC",2025,35,2025-08-26,"L","Tarsalis","culex",10
"FC074|Pipiens|2025|36","FC-074","SE","FC",2025,36,2025-09-04,"L","Pipiens","culex",4
"FC074|Tarsalis|2025|36","FC-074","SE","FC",2025,36,2025-09-04,"L","Tarsalis","culex",25
"FC075|Pipiens|2020|22","FC-075","SE","FC",2020,22,2020-05-27,"L","Pipiens","culex",0
"FC075|Tarsalis|2020|22","FC-075","SE","FC",2020,22,2020-05-27,"L","Tarsalis","culex",4
"FC075|Pipiens|2020|23","FC-075","SE","FC",2020,23,2020-06-01,"L","Pipiens","culex",0
"FC075|Tarsalis|2020|23","FC-075","SE","FC",2020,23,2020-06-01,"L","Tarsalis","culex",1
"FC075|Pipiens|2020|25","FC-075","SE","FC",2020,25,2020-06-15,"L","Pipiens","culex",0
"FC075|Tarsalis|2020|25","FC-075","SE","FC",2020,25,2020-06-15,"L","Tarsalis","culex",2
"FC075|Pipiens|2020|26","FC-075","SE","FC",2020,26,2020-06-22,"L","Pipiens","culex",0
"FC075|Tarsalis|2020|26","FC-075","SE","FC",2020,26,2020-06-22,"L","Tarsalis","culex",3
"FC075|Pipiens|2020|27","FC-075","SE","FC",2020,27,2020-06-29,"L","Pipiens","culex",0
"FC075|Tarsalis|2020|27","FC-075","SE","FC",2020,27,2020-06-29,"L","Tarsalis","culex",9
"FC075|Pipiens|2020|28","FC-075","SE","FC",2020,28,2020-07-06,"L","Pipiens","culex",3
"FC075|Tarsalis|2020|28","FC-075","SE","FC",2020,28,2020-07-06,"L","Tarsalis","culex",20
"FC075|Pipiens|2020|29","FC-075","SE","FC",2020,29,2020-07-13,"L","Pipiens","culex",0
"FC075|Tarsalis|2020|29","FC-075","SE","FC",2020,29,2020-07-13,"L","Tarsalis","culex",3
"FC075|Pipiens|2020|30","FC-075","SE","FC",2020,30,2020-07-20,"L","Pipiens","culex",6
"FC075|Tarsalis|2020|30","FC-075","SE","FC",2020,30,2020-07-20,"L","Tarsalis","culex",34
"FC075|Pipiens|2020|31","FC-075","SE","FC",2020,31,2020-07-27,"L","Pipiens","culex",2
"FC075|Tarsalis|2020|31","FC-075","SE","FC",2020,31,2020-07-27,"L","Tarsalis","culex",21
"FC075|Pipiens|2020|32","FC-075","SE","FC",2020,32,2020-08-03,"L","Pipiens","culex",32
"FC075|Tarsalis|2020|32","FC-075","SE","FC",2020,32,2020-08-03,"L","Tarsalis","culex",39
"FC075|Pipiens|2020|33","FC-075","SE","FC",2020,33,2020-08-10,"L","Pipiens","culex",17
"FC075|Tarsalis|2020|33","FC-075","SE","FC",2020,33,2020-08-10,"L","Tarsalis","culex",7
"FC075|Pipiens|2020|34","FC-075","SE","FC",2020,34,2020-08-17,"L","Pipiens","culex",3
"FC075|Tarsalis|2020|34","FC-075","SE","FC",2020,34,2020-08-17,"L","Tarsalis","culex",3
"FC075|Pipiens|2020|35","FC-075","SE","FC",2020,35,2020-08-24,"L","Pipiens","culex",11
"FC075|Tarsalis|2020|35","FC-075","SE","FC",2020,35,2020-08-24,"L","Tarsalis","culex",5
"FC075|Pipiens|2021|25","FC-075","SE","FC",2021,25,2021-06-21,"L","Pipiens","culex",1
"FC075|Tarsalis|2021|25","FC-075","SE","FC",2021,25,2021-06-21,"L","Tarsalis","culex",20
"FC075|Pipiens|2021|26","FC-075","SE","FC",2021,26,2021-06-28,"L","Pipiens","culex",2
"FC075|Tarsalis|2021|26","FC-075","SE","FC",2021,26,2021-06-28,"L","Tarsalis","culex",16
"FC075|Pipiens|2021|27","FC-075","SE","FC",2021,27,2021-07-05,"L","Pipiens","culex",3
"FC075|Tarsalis|2021|27","FC-075","SE","FC",2021,27,2021-07-05,"L","Tarsalis","culex",9
"FC075|Pipiens|2021|28","FC-075","SE","FC",2021,28,2021-07-12,"L","Pipiens","culex",15
"FC075|Tarsalis|2021|28","FC-075","SE","FC",2021,28,2021-07-12,"L","Tarsalis","culex",163
"FC075|Pipiens|2021|29","FC-075","SE","FC",2021,29,2021-07-19,"L","Pipiens","culex",3
"FC075|Tarsalis|2021|29","FC-075","SE","FC",2021,29,2021-07-19,"L","Tarsalis","culex",93
"FC075|Pipiens|2021|30","FC-075","SE","FC",2021,30,2021-07-26,"L","Pipiens","culex",11
"FC075|Tarsalis|2021|30","FC-075","SE","FC",2021,30,2021-07-26,"L","Tarsalis","culex",141
"FC075|Pipiens|2021|31","FC-075","SE","FC",2021,31,2021-08-02,"L","Pipiens","culex",36
"FC075|Tarsalis|2021|31","FC-075","SE","FC",2021,31,2021-08-02,"L","Tarsalis","culex",88
"FC075|Pipiens|2021|32","FC-075","SE","FC",2021,32,2021-08-09,"L","Pipiens","culex",42
"FC075|Tarsalis|2021|32","FC-075","SE","FC",2021,32,2021-08-09,"L","Tarsalis","culex",44
"FC075|Pipiens|2021|33","FC-075","SE","FC",2021,33,2021-08-16,"L","Pipiens","culex",2
"FC075|Tarsalis|2021|33","FC-075","SE","FC",2021,33,2021-08-16,"L","Tarsalis","culex",0
"FC075|Pipiens|2021|34","FC-075","SE","FC",2021,34,2021-08-29,"L","Pipiens","culex",36
"FC075|Tarsalis|2021|34","FC-075","SE","FC",2021,34,2021-08-29,"L","Tarsalis","culex",15
"FC075|Pipiens|2021|36","FC-075","SE","FC",2021,36,2021-09-06,"L","Pipiens","culex",20
"FC075|Tarsalis|2021|36","FC-075","SE","FC",2021,36,2021-09-06,"L","Tarsalis","culex",3
"FC075|Pipiens|2022|23","FC-075","SE","FC",2022,23,2022-06-06,"L","Pipiens","culex",0
"FC075|Tarsalis|2022|23","FC-075","SE","FC",2022,23,2022-06-06,"L","Tarsalis","culex",1
"FC075|Pipiens|2022|24","FC-075","SE","FC",2022,24,2022-06-13,"L","Pipiens","culex",0
"FC075|Tarsalis|2022|24","FC-075","SE","FC",2022,24,2022-06-13,"L","Tarsalis","culex",28
"FC075|Pipiens|2022|25","FC-075","SE","FC",2022,25,2022-06-20,"L","Pipiens","culex",2
"FC075|Tarsalis|2022|25","FC-075","SE","FC",2022,25,2022-06-20,"L","Tarsalis","culex",33
"FC075|Pipiens|2022|26","FC-075","SE","FC",2022,26,2022-06-27,"L","Pipiens","culex",0
"FC075|Tarsalis|2022|26","FC-075","SE","FC",2022,26,2022-06-27,"L","Tarsalis","culex",58
"FC075|Pipiens|2022|27","FC-075","SE","FC",2022,27,2022-07-05,"L","Pipiens","culex",0
"FC075|Tarsalis|2022|27","FC-075","SE","FC",2022,27,2022-07-05,"L","Tarsalis","culex",88
"FC075|Pipiens|2022|28","FC-075","SE","FC",2022,28,2022-07-11,"L","Pipiens","culex",2
"FC075|Tarsalis|2022|28","FC-075","SE","FC",2022,28,2022-07-11,"L","Tarsalis","culex",35
"FC075|Pipiens|2022|29","FC-075","SE","FC",2022,29,2022-07-18,"L","Pipiens","culex",4
"FC075|Tarsalis|2022|29","FC-075","SE","FC",2022,29,2022-07-18,"L","Tarsalis","culex",22
"FC075|Pipiens|2022|30","FC-075","SE","FC",2022,30,2022-07-25,"L","Pipiens","culex",12
"FC075|Tarsalis|2022|30","FC-075","SE","FC",2022,30,2022-07-25,"L","Tarsalis","culex",20
"FC075|Pipiens|2022|31","FC-075","SE","FC",2022,31,2022-08-01,"L","Pipiens","culex",2
"FC075|Tarsalis|2022|31","FC-075","SE","FC",2022,31,2022-08-01,"L","Tarsalis","culex",4
"FC075|Pipiens|2022|32","FC-075","SE","FC",2022,32,2022-08-08,"L","Pipiens","culex",30
"FC075|Tarsalis|2022|32","FC-075","SE","FC",2022,32,2022-08-08,"L","Tarsalis","culex",50
"FC075|Pipiens|2022|33","FC-075","SE","FC",2022,33,2022-08-15,"L","Pipiens","culex",39
"FC075|Tarsalis|2022|33","FC-075","SE","FC",2022,33,2022-08-15,"L","Tarsalis","culex",18
"FC075|Pipiens|2022|34","FC-075","SE","FC",2022,34,2022-08-22,"L","Pipiens","culex",9
"FC075|Tarsalis|2022|34","FC-075","SE","FC",2022,34,2022-08-22,"L","Tarsalis","culex",11
"FC075|Pipiens|2022|35","FC-075","SE","FC",2022,35,2022-08-30,"L","Pipiens","culex",72
"FC075|Tarsalis|2022|35","FC-075","SE","FC",2022,35,2022-08-30,"L","Tarsalis","culex",1
"FC075|Pipiens|2022|36","FC-075","SE","FC",2022,36,2022-09-07,"L","Pipiens","culex",45
"FC075|Tarsalis|2022|36","FC-075","SE","FC",2022,36,2022-09-07,"L","Tarsalis","culex",1
"FC075|Pipiens|2022|37","FC-075","SE","FC",2022,37,2022-09-12,"L","Pipiens","culex",1
"FC075|Tarsalis|2022|37","FC-075","SE","FC",2022,37,2022-09-12,"L","Tarsalis","culex",0
"FC075|Pipiens|2023|23","FC-075","SE","FC",2023,23,2023-06-05,"L","Pipiens","culex",3
"FC075|Tarsalis|2023|23","FC-075","SE","FC",2023,23,2023-06-05,"L","Tarsalis","culex",7
"FC075|Pipiens|2023|24","FC-075","SE","FC",2023,24,2023-06-12,"L","Pipiens","culex",3
"FC075|Tarsalis|2023|24","FC-075","SE","FC",2023,24,2023-06-12,"L","Tarsalis","culex",15
"FC075|Pipiens|2023|25","FC-075","SE","FC",2023,25,2023-06-19,"L","Pipiens","culex",0
"FC075|Tarsalis|2023|25","FC-075","SE","FC",2023,25,2023-06-19,"L","Tarsalis","culex",5
"FC075|Pipiens|2023|26","FC-075","SE","FC",2023,26,2023-06-26,"L","Pipiens","culex",20
"FC075|Tarsalis|2023|26","FC-075","SE","FC",2023,26,2023-06-26,"L","Tarsalis","culex",271
"FC075|Pipiens|2023|27","FC-075","SE","FC",2023,27,2023-07-03,"L","Pipiens","culex",0
"FC075|Tarsalis|2023|27","FC-075","SE","FC",2023,27,2023-07-03,"L","Tarsalis","culex",64
"FC075|Pipiens|2023|28","FC-075","SE","FC",2023,28,2023-07-10,"L","Pipiens","culex",10
"FC075|Tarsalis|2023|28","FC-075","SE","FC",2023,28,2023-07-10,"L","Tarsalis","culex",136
"FC075|Pipiens|2023|29","FC-075","SE","FC",2023,29,2023-07-17,"L","Pipiens","culex",6
"FC075|Tarsalis|2023|29","FC-075","SE","FC",2023,29,2023-07-17,"L","Tarsalis","culex",138
"FC075|Pipiens|2023|30","FC-075","SE","FC",2023,30,2023-07-30,"L","Pipiens","culex",20
"FC075|Tarsalis|2023|30","FC-075","SE","FC",2023,30,2023-07-30,"L","Tarsalis","culex",79
"FC075|Pipiens|2023|32","FC-075","SE","FC",2023,32,2023-08-08,"L","Pipiens","culex",10
"FC075|Tarsalis|2023|32","FC-075","SE","FC",2023,32,2023-08-08,"L","Tarsalis","culex",44
"FC075|Pipiens|2023|33","FC-075","SE","FC",2023,33,2023-08-20,"L","Pipiens","culex",8
"FC075|Tarsalis|2023|33","FC-075","SE","FC",2023,33,2023-08-20,"L","Tarsalis","culex",4
"FC075|Pipiens|2023|35","FC-075","SE","FC",2023,35,2023-08-28,"L","Pipiens","culex",4
"FC075|Tarsalis|2023|35","FC-075","SE","FC",2023,35,2023-08-28,"L","Tarsalis","culex",5
"FC075|Pipiens|2023|36","FC-075","SE","FC",2023,36,2023-09-05,"L","Pipiens","culex",9
"FC075|Tarsalis|2023|36","FC-075","SE","FC",2023,36,2023-09-05,"L","Tarsalis","culex",3
"FC075|Pipiens|2023|37","FC-075","SE","FC",2023,37,2023-09-12,"L","Pipiens","culex",11
"FC075|Tarsalis|2023|37","FC-075","SE","FC",2023,37,2023-09-12,"L","Tarsalis","culex",0
"FC075|Pipiens|2024|25","FC-075","SE","FC",2024,25,2024-06-18,"L","Pipiens","culex",0
"FC075|Tarsalis|2024|25","FC-075","SE","FC",2024,25,2024-06-18,"L","Tarsalis","culex",2
"FC075|Pipiens|2024|26","FC-075","SE","FC",2024,26,2024-06-25,"L","Pipiens","culex",0
"FC075|Tarsalis|2024|26","FC-075","SE","FC",2024,26,2024-06-25,"L","Tarsalis","culex",3
"FC075|Pipiens|2024|27","FC-075","SE","FC",2024,27,2024-07-02,"L","Pipiens","culex",3
"FC075|Tarsalis|2024|27","FC-075","SE","FC",2024,27,2024-07-02,"L","Tarsalis","culex",2
"FC075|Pipiens|2024|28","FC-075","SE","FC",2024,28,2024-07-09,"L","Pipiens","culex",6
"FC075|Tarsalis|2024|28","FC-075","SE","FC",2024,28,2024-07-09,"L","Tarsalis","culex",7
"FC075|Pipiens|2024|29","FC-075","SE","FC",2024,29,2024-07-16,"L","Pipiens","culex",15
"FC075|Tarsalis|2024|29","FC-075","SE","FC",2024,29,2024-07-16,"L","Tarsalis","culex",42
"FC075|Pipiens|2024|30","FC-075","SE","FC",2024,30,2024-07-23,"L","Pipiens","culex",5
"FC075|Tarsalis|2024|30","FC-075","SE","FC",2024,30,2024-07-23,"L","Tarsalis","culex",5
"FC075|Pipiens|2024|31","FC-075","SE","FC",2024,31,2024-07-30,"L","Pipiens","culex",12
"FC075|Tarsalis|2024|31","FC-075","SE","FC",2024,31,2024-07-30,"L","Tarsalis","culex",15
"FC075|Pipiens|2024|32","FC-075","SE","FC",2024,32,2024-08-06,"L","Pipiens","culex",46
"FC075|Tarsalis|2024|32","FC-075","SE","FC",2024,32,2024-08-06,"L","Tarsalis","culex",50
"FC075|Pipiens|2024|33","FC-075","SE","FC",2024,33,2024-08-13,"L","Pipiens","culex",22
"FC075|Tarsalis|2024|33","FC-075","SE","FC",2024,33,2024-08-13,"L","Tarsalis","culex",38
"FC075|Pipiens|2024|34","FC-075","SE","FC",2024,34,2024-08-20,"L","Pipiens","culex",14
"FC075|Tarsalis|2024|34","FC-075","SE","FC",2024,34,2024-08-20,"L","Tarsalis","culex",14
"FC075|Pipiens|2024|35","FC-075","SE","FC",2024,35,2024-08-27,"L","Pipiens","culex",9
"FC075|Tarsalis|2024|35","FC-075","SE","FC",2024,35,2024-08-27,"L","Tarsalis","culex",7
"FC075|Pipiens|2024|36","FC-075","SE","FC",2024,36,2024-09-05,"L","Pipiens","culex",18
"FC075|Tarsalis|2024|36","FC-075","SE","FC",2024,36,2024-09-05,"L","Tarsalis","culex",2
"FC075|Pipiens|2024|37","FC-075","SE","FC",2024,37,2024-09-10,"L","Pipiens","culex",16
"FC075|Tarsalis|2024|37","FC-075","SE","FC",2024,37,2024-09-10,"L","Tarsalis","culex",2
"FC075|Pipiens|2025|25","FC-075","SE","FC",2025,25,2025-06-17,"L","Pipiens","culex",0
"FC075|Tarsalis|2025|25","FC-075","SE","FC",2025,25,2025-06-17,"L","Tarsalis","culex",21
"FC075|Pipiens|2025|26","FC-075","SE","FC",2025,26,2025-06-24,"L","Pipiens","culex",2
"FC075|Tarsalis|2025|26","FC-075","SE","FC",2025,26,2025-06-24,"L","Tarsalis","culex",37
"FC075|Pipiens|2025|27","FC-075","SE","FC",2025,27,2025-07-01,"L","Pipiens","culex",2
"FC075|Tarsalis|2025|27","FC-075","SE","FC",2025,27,2025-07-01,"L","Tarsalis","culex",71
"FC075|Pipiens|2025|28","FC-075","SE","FC",2025,28,2025-07-08,"L","Pipiens","culex",8
"FC075|Tarsalis|2025|28","FC-075","SE","FC",2025,28,2025-07-08,"L","Tarsalis","culex",122
"FC075|Pipiens|2025|29","FC-075","SE","FC",2025,29,2025-07-15,"L","Pipiens","culex",0
"FC075|Tarsalis|2025|29","FC-075","SE","FC",2025,29,2025-07-15,"L","Tarsalis","culex",16
"FC075|Pipiens|2025|30","FC-075","SE","FC",2025,30,2025-07-22,"L","Pipiens","culex",3
"FC075|Tarsalis|2025|30","FC-075","SE","FC",2025,30,2025-07-22,"L","Tarsalis","culex",22
"FC075|Pipiens|2025|31","FC-075","SE","FC",2025,31,2025-07-29,"L","Pipiens","culex",26
"FC075|Tarsalis|2025|31","FC-075","SE","FC",2025,31,2025-07-29,"L","Tarsalis","culex",70
"FC075|Pipiens|2025|32","FC-075","SE","FC",2025,32,2025-08-05,"L","Pipiens","culex",10
"FC075|Tarsalis|2025|32","FC-075","SE","FC",2025,32,2025-08-05,"L","Tarsalis","culex",12
"FC075|Pipiens|2025|33","FC-075","SE","FC",2025,33,2025-08-12,"L","Pipiens","culex",20
"FC075|Tarsalis|2025|33","FC-075","SE","FC",2025,33,2025-08-12,"L","Tarsalis","culex",1
"FC075|Pipiens|2025|34","FC-075","SE","FC",2025,34,2025-08-19,"L","Pipiens","culex",25
"FC075|Tarsalis|2025|34","FC-075","SE","FC",2025,34,2025-08-19,"L","Tarsalis","culex",18
"FC075|Pipiens|2025|35","FC-075","SE","FC",2025,35,2025-08-26,"L","Pipiens","culex",30
"FC075|Tarsalis|2025|35","FC-075","SE","FC",2025,35,2025-08-26,"L","Tarsalis","culex",7
"FC075|Pipiens|2025|36","FC-075","SE","FC",2025,36,2025-09-04,"L","Pipiens","culex",11
"FC075|Tarsalis|2025|36","FC-075","SE","FC",2025,36,2025-09-04,"L","Tarsalis","culex",3
"FC075GR|Pipiens|2020|22","FC-075GR","SE","FC",2020,22,2020-05-27,"G","Pipiens","culex",5
"FC075GR|Tarsalis|2020|22","FC-075GR","SE","FC",2020,22,2020-05-27,"G","Tarsalis","culex",0
"FC075GR|Pipiens|2020|23","FC-075GR","SE","FC",2020,23,2020-06-01,"G","Pipiens","culex",11
"FC075GR|Tarsalis|2020|23","FC-075GR","SE","FC",2020,23,2020-06-01,"G","Tarsalis","culex",0
"FC075GR|Pipiens|2020|25","FC-075GR","SE","FC",2020,25,2020-06-15,"G","Pipiens","culex",14
"FC075GR|Tarsalis|2020|25","FC-075GR","SE","FC",2020,25,2020-06-15,"G","Tarsalis","culex",0
"FC075GR|Pipiens|2020|26","FC-075GR","SE","FC",2020,26,2020-06-22,"G","Pipiens","culex",50
"FC075GR|Tarsalis|2020|26","FC-075GR","SE","FC",2020,26,2020-06-22,"G","Tarsalis","culex",0
"FC075GR|Pipiens|2020|27","FC-075GR","SE","FC",2020,27,2020-06-29,"G","Pipiens","culex",1
"FC075GR|Tarsalis|2020|27","FC-075GR","SE","FC",2020,27,2020-06-29,"G","Tarsalis","culex",0
"FC075GR|Pipiens|2020|28","FC-075GR","SE","FC",2020,28,2020-07-06,"G","Pipiens","culex",90
"FC075GR|Tarsalis|2020|28","FC-075GR","SE","FC",2020,28,2020-07-06,"G","Tarsalis","culex",0
"FC075GR|Pipiens|2020|29","FC-075GR","SE","FC",2020,29,2020-07-13,"G","Pipiens","culex",2
"FC075GR|Tarsalis|2020|29","FC-075GR","SE","FC",2020,29,2020-07-13,"G","Tarsalis","culex",0
"FC075GR|Pipiens|2020|31","FC-075GR","SE","FC",2020,31,2020-07-27,"G","Pipiens","culex",32
"FC075GR|Tarsalis|2020|31","FC-075GR","SE","FC",2020,31,2020-07-27,"G","Tarsalis","culex",0
"FC075GR|Pipiens|2020|32","FC-075GR","SE","FC",2020,32,2020-08-03,"G","Pipiens","culex",45
"FC075GR|Tarsalis|2020|32","FC-075GR","SE","FC",2020,32,2020-08-03,"G","Tarsalis","culex",0
"FC075GR|Pipiens|2020|33","FC-075GR","SE","FC",2020,33,2020-08-10,"G","Pipiens","culex",71
"FC075GR|Tarsalis|2020|33","FC-075GR","SE","FC",2020,33,2020-08-10,"G","Tarsalis","culex",0
"FC075GR|Pipiens|2020|34","FC-075GR","SE","FC",2020,34,2020-08-17,"G","Pipiens","culex",148
"FC075GR|Tarsalis|2020|34","FC-075GR","SE","FC",2020,34,2020-08-17,"G","Tarsalis","culex",0
"FC075GR|Pipiens|2020|35","FC-075GR","SE","FC",2020,35,2020-08-24,"G","Pipiens","culex",145
"FC075GR|Tarsalis|2020|35","FC-075GR","SE","FC",2020,35,2020-08-24,"G","Tarsalis","culex",0
"FC075GR|Pipiens|2020|36","FC-075GR","SE","FC",2020,36,2020-08-31,"G","Pipiens","culex",9
"FC075GR|Tarsalis|2020|36","FC-075GR","SE","FC",2020,36,2020-08-31,"G","Tarsalis","culex",0
"FC075GR|Pipiens|2021|25","FC-075GR","SE","FC",2021,25,2021-06-21,"G","Pipiens","culex",9
"FC075GR|Tarsalis|2021|25","FC-075GR","SE","FC",2021,25,2021-06-21,"G","Tarsalis","culex",1
"FC075GR|Pipiens|2021|26","FC-075GR","SE","FC",2021,26,2021-06-28,"G","Pipiens","culex",34
"FC075GR|Tarsalis|2021|26","FC-075GR","SE","FC",2021,26,2021-06-28,"G","Tarsalis","culex",0
"FC075GR|Pipiens|2021|27","FC-075GR","SE","FC",2021,27,2021-07-05,"G","Pipiens","culex",30
"FC075GR|Tarsalis|2021|27","FC-075GR","SE","FC",2021,27,2021-07-05,"G","Tarsalis","culex",0
"FC075GR|Pipiens|2021|28","FC-075GR","SE","FC",2021,28,2021-07-12,"G","Pipiens","culex",115
"FC075GR|Tarsalis|2021|28","FC-075GR","SE","FC",2021,28,2021-07-12,"G","Tarsalis","culex",0
"FC075GR|Pipiens|2021|29","FC-075GR","SE","FC",2021,29,2021-07-19,"G","Pipiens","culex",13
"FC075GR|Tarsalis|2021|29","FC-075GR","SE","FC",2021,29,2021-07-19,"G","Tarsalis","culex",0
"FC075GR|Pipiens|2021|30","FC-075GR","SE","FC",2021,30,2021-07-26,"G","Pipiens","culex",33
"FC075GR|Tarsalis|2021|30","FC-075GR","SE","FC",2021,30,2021-07-26,"G","Tarsalis","culex",0
"FC075GR|Pipiens|2021|31","FC-075GR","SE","FC",2021,31,2021-08-02,"G","Pipiens","culex",54
"FC075GR|Tarsalis|2021|31","FC-075GR","SE","FC",2021,31,2021-08-02,"G","Tarsalis","culex",0
"FC075GR|Pipiens|2021|32","FC-075GR","SE","FC",2021,32,2021-08-09,"G","Pipiens","culex",65
"FC075GR|Tarsalis|2021|32","FC-075GR","SE","FC",2021,32,2021-08-09,"G","Tarsalis","culex",0
"FC075GR|Pipiens|2021|33","FC-075GR","SE","FC",2021,33,2021-08-16,"G","Pipiens","culex",14
"FC075GR|Tarsalis|2021|33","FC-075GR","SE","FC",2021,33,2021-08-16,"G","Tarsalis","culex",0
"FC075GR|Pipiens|2021|34","FC-075GR","SE","FC",2021,34,2021-08-29,"G","Pipiens","culex",49
"FC075GR|Tarsalis|2021|34","FC-075GR","SE","FC",2021,34,2021-08-29,"G","Tarsalis","culex",0
"FC075GR|Pipiens|2021|36","FC-075GR","SE","FC",2021,36,2021-09-06,"G","Pipiens","culex",19
"FC075GR|Tarsalis|2021|36","FC-075GR","SE","FC",2021,36,2021-09-06,"G","Tarsalis","culex",0
"FC075GR|Pipiens|2022|24","FC-075GR","SE","FC",2022,24,2022-06-13,"G","Pipiens","culex",3
"FC075GR|Tarsalis|2022|24","FC-075GR","SE","FC",2022,24,2022-06-13,"G","Tarsalis","culex",0
"FC075GR|Pipiens|2022|25","FC-075GR","SE","FC",2022,25,2022-06-20,"G","Pipiens","culex",4
"FC075GR|Tarsalis|2022|25","FC-075GR","SE","FC",2022,25,2022-06-20,"G","Tarsalis","culex",0
"FC075GR|Pipiens|2022|26","FC-075GR","SE","FC",2022,26,2022-06-27,"G","Pipiens","culex",3
"FC075GR|Tarsalis|2022|26","FC-075GR","SE","FC",2022,26,2022-06-27,"G","Tarsalis","culex",0
"FC075GR|Pipiens|2022|27","FC-075GR","SE","FC",2022,27,2022-07-05,"G","Pipiens","culex",3
"FC075GR|Tarsalis|2022|27","FC-075GR","SE","FC",2022,27,2022-07-05,"G","Tarsalis","culex",0
"FC075GR|Pipiens|2022|28","FC-075GR","SE","FC",2022,28,2022-07-11,"G","Pipiens","culex",6
"FC075GR|Tarsalis|2022|28","FC-075GR","SE","FC",2022,28,2022-07-11,"G","Tarsalis","culex",0
"FC075GR|Pipiens|2022|29","FC-075GR","SE","FC",2022,29,2022-07-18,"G","Pipiens","culex",41
"FC075GR|Tarsalis|2022|29","FC-075GR","SE","FC",2022,29,2022-07-18,"G","Tarsalis","culex",2
"FC075GR|Pipiens|2022|30","FC-075GR","SE","FC",2022,30,2022-07-25,"G","Pipiens","culex",34
"FC075GR|Tarsalis|2022|30","FC-075GR","SE","FC",2022,30,2022-07-25,"G","Tarsalis","culex",0
"FC075GR|Pipiens|2022|31","FC-075GR","SE","FC",2022,31,2022-08-01,"G","Pipiens","culex",4
"FC075GR|Tarsalis|2022|31","FC-075GR","SE","FC",2022,31,2022-08-01,"G","Tarsalis","culex",1
"FC075GR|Pipiens|2022|32","FC-075GR","SE","FC",2022,32,2022-08-08,"G","Pipiens","culex",15
"FC075GR|Tarsalis|2022|32","FC-075GR","SE","FC",2022,32,2022-08-08,"G","Tarsalis","culex",0
"FC075GR|Pipiens|2022|33","FC-075GR","SE","FC",2022,33,2022-08-15,"G","Pipiens","culex",3
"FC075GR|Tarsalis|2022|33","FC-075GR","SE","FC",2022,33,2022-08-15,"G","Tarsalis","culex",0
"FC075GR|Pipiens|2022|34","FC-075GR","SE","FC",2022,34,2022-08-22,"G","Pipiens","culex",66
"FC075GR|Tarsalis|2022|34","FC-075GR","SE","FC",2022,34,2022-08-22,"G","Tarsalis","culex",0
"FC075GR|Pipiens|2022|35","FC-075GR","SE","FC",2022,35,2022-08-30,"G","Pipiens","culex",17
"FC075GR|Tarsalis|2022|35","FC-075GR","SE","FC",2022,35,2022-08-30,"G","Tarsalis","culex",0
"FC075GR|Pipiens|2022|36","FC-075GR","SE","FC",2022,36,2022-09-07,"G","Pipiens","culex",8
"FC075GR|Tarsalis|2022|36","FC-075GR","SE","FC",2022,36,2022-09-07,"G","Tarsalis","culex",0
"FC075GR|Pipiens|2022|37","FC-075GR","SE","FC",2022,37,2022-09-12,"G","Pipiens","culex",2
"FC075GR|Tarsalis|2022|37","FC-075GR","SE","FC",2022,37,2022-09-12,"G","Tarsalis","culex",0
"FC075GR|Pipiens|2023|23","FC-075GR","SE","FC",2023,23,2023-06-05,"G","Pipiens","culex",0
"FC075GR|Tarsalis|2023|23","FC-075GR","SE","FC",2023,23,2023-06-05,"G","Tarsalis","culex",1
"FC075GR|Pipiens|2023|24","FC-075GR","SE","FC",2023,24,2023-06-12,"G","Pipiens","culex",5
"FC075GR|Tarsalis|2023|24","FC-075GR","SE","FC",2023,24,2023-06-12,"G","Tarsalis","culex",0
"FC075GR|Pipiens|2023|25","FC-075GR","SE","FC",2023,25,2023-06-19,"G","Pipiens","culex",10
"FC075GR|Tarsalis|2023|25","FC-075GR","SE","FC",2023,25,2023-06-19,"G","Tarsalis","culex",0
"FC075GR|Pipiens|2023|26","FC-075GR","SE","FC",2023,26,2023-06-26,"G","Pipiens","culex",21
"FC075GR|Tarsalis|2023|26","FC-075GR","SE","FC",2023,26,2023-06-26,"G","Tarsalis","culex",4
"FC075GR|Pipiens|2023|27","FC-075GR","SE","FC",2023,27,2023-07-03,"G","Pipiens","culex",4
"FC075GR|Tarsalis|2023|27","FC-075GR","SE","FC",2023,27,2023-07-03,"G","Tarsalis","culex",0
"FC075GR|Pipiens|2023|28","FC-075GR","SE","FC",2023,28,2023-07-10,"G","Pipiens","culex",21
"FC075GR|Tarsalis|2023|28","FC-075GR","SE","FC",2023,28,2023-07-10,"G","Tarsalis","culex",0
"FC075GR|Pipiens|2023|29","FC-075GR","SE","FC",2023,29,2023-07-17,"G","Pipiens","culex",57
"FC075GR|Tarsalis|2023|29","FC-075GR","SE","FC",2023,29,2023-07-17,"G","Tarsalis","culex",11
"FC075GR|Pipiens|2023|30","FC-075GR","SE","FC",2023,30,2023-07-24,"G","Pipiens","culex",50
"FC075GR|Tarsalis|2023|30","FC-075GR","SE","FC",2023,30,2023-07-24,"G","Tarsalis","culex",5
"FC075GR|Pipiens|2023|32","FC-075GR","SE","FC",2023,32,2023-08-08,"G","Pipiens","culex",57
"FC075GR|Tarsalis|2023|32","FC-075GR","SE","FC",2023,32,2023-08-08,"G","Tarsalis","culex",4
"FC075GR|Pipiens|2023|33","FC-075GR","SE","FC",2023,33,2023-08-20,"G","Pipiens","culex",31
"FC075GR|Tarsalis|2023|33","FC-075GR","SE","FC",2023,33,2023-08-20,"G","Tarsalis","culex",0
"FC075GR|Pipiens|2023|35","FC-075GR","SE","FC",2023,35,2023-08-28,"G","Pipiens","culex",2
"FC075GR|Tarsalis|2023|35","FC-075GR","SE","FC",2023,35,2023-08-28,"G","Tarsalis","culex",0
"FC075GR|Pipiens|2023|36","FC-075GR","SE","FC",2023,36,2023-09-05,"G","Pipiens","culex",26
"FC075GR|Tarsalis|2023|36","FC-075GR","SE","FC",2023,36,2023-09-05,"G","Tarsalis","culex",0
"FC075GR|Pipiens|2023|37","FC-075GR","SE","FC",2023,37,2023-09-12,"G","Pipiens","culex",9
"FC075GR|Tarsalis|2023|37","FC-075GR","SE","FC",2023,37,2023-09-12,"G","Tarsalis","culex",0
"FC075GR|Pipiens|2024|23","FC-075GR","SE","FC",2024,23,2024-06-03,"G","Pipiens","culex",2
"FC075GR|Tarsalis|2024|23","FC-075GR","SE","FC",2024,23,2024-06-03,"G","Tarsalis","culex",0
"FC075GR|Pipiens|2024|24","FC-075GR","SE","FC",2024,24,2024-06-10,"G","Pipiens","culex",6
"FC075GR|Tarsalis|2024|24","FC-075GR","SE","FC",2024,24,2024-06-10,"G","Tarsalis","culex",0
"FC075GR|Pipiens|2024|25","FC-075GR","SE","FC",2024,25,2024-06-18,"G","Pipiens","culex",8
"FC075GR|Tarsalis|2024|25","FC-075GR","SE","FC",2024,25,2024-06-18,"G","Tarsalis","culex",2
"FC075GR|Pipiens|2024|27","FC-075GR","SE","FC",2024,27,2024-07-02,"G","Pipiens","culex",13
"FC075GR|Tarsalis|2024|27","FC-075GR","SE","FC",2024,27,2024-07-02,"G","Tarsalis","culex",0
"FC075GR|Pipiens|2024|28","FC-075GR","SE","FC",2024,28,2024-07-09,"G","Pipiens","culex",13
"FC075GR|Tarsalis|2024|28","FC-075GR","SE","FC",2024,28,2024-07-09,"G","Tarsalis","culex",0
"FC075GR|Pipiens|2024|29","FC-075GR","SE","FC",2024,29,2024-07-16,"G","Pipiens","culex",15
"FC075GR|Tarsalis|2024|29","FC-075GR","SE","FC",2024,29,2024-07-16,"G","Tarsalis","culex",1
"FC075GR|Pipiens|2024|30","FC-075GR","SE","FC",2024,30,2024-07-23,"G","Pipiens","culex",9
"FC075GR|Tarsalis|2024|30","FC-075GR","SE","FC",2024,30,2024-07-23,"G","Tarsalis","culex",0
"FC075GR|Pipiens|2024|31","FC-075GR","SE","FC",2024,31,2024-07-30,"G","Pipiens","culex",6
"FC075GR|Tarsalis|2024|31","FC-075GR","SE","FC",2024,31,2024-07-30,"G","Tarsalis","culex",1
"FC075GR|Pipiens|2024|32","FC-075GR","SE","FC",2024,32,2024-08-06,"G","Pipiens","culex",18
"FC075GR|Tarsalis|2024|32","FC-075GR","SE","FC",2024,32,2024-08-06,"G","Tarsalis","culex",1
"FC075GR|Pipiens|2024|33","FC-075GR","SE","FC",2024,33,2024-08-13,"G","Pipiens","culex",13
"FC075GR|Tarsalis|2024|33","FC-075GR","SE","FC",2024,33,2024-08-13,"G","Tarsalis","culex",0
"FC075GR|Pipiens|2024|34","FC-075GR","SE","FC",2024,34,2024-08-20,"G","Pipiens","culex",9
"FC075GR|Tarsalis|2024|34","FC-075GR","SE","FC",2024,34,2024-08-20,"G","Tarsalis","culex",0
"FC075GR|Pipiens|2024|35","FC-075GR","SE","FC",2024,35,2024-08-27,"G","Pipiens","culex",19
"FC075GR|Tarsalis|2024|35","FC-075GR","SE","FC",2024,35,2024-08-27,"G","Tarsalis","culex",0
"FC075GR|Pipiens|2024|36","FC-075GR","SE","FC",2024,36,2024-09-05,"G","Pipiens","culex",5
"FC075GR|Tarsalis|2024|36","FC-075GR","SE","FC",2024,36,2024-09-05,"G","Tarsalis","culex",0
"FC075GR|Pipiens|2024|37","FC-075GR","SE","FC",2024,37,2024-09-10,"G","Pipiens","culex",8
"FC075GR|Tarsalis|2024|37","FC-075GR","SE","FC",2024,37,2024-09-10,"G","Tarsalis","culex",0
"FC075GR|Pipiens|2025|25","FC-075GR","SE","FC",2025,25,2025-06-17,"G","Pipiens","culex",7
"FC075GR|Tarsalis|2025|25","FC-075GR","SE","FC",2025,25,2025-06-17,"G","Tarsalis","culex",1
"FC075GR|Pipiens|2025|26","FC-075GR","SE","FC",2025,26,2025-06-24,"G","Pipiens","culex",4
"FC075GR|Tarsalis|2025|26","FC-075GR","SE","FC",2025,26,2025-06-24,"G","Tarsalis","culex",0
"FC075GR|Pipiens|2025|27","FC-075GR","SE","FC",2025,27,2025-07-01,"G","Pipiens","culex",4
"FC075GR|Tarsalis|2025|27","FC-075GR","SE","FC",2025,27,2025-07-01,"G","Tarsalis","culex",0
"FC075GR|Pipiens|2025|28","FC-075GR","SE","FC",2025,28,2025-07-08,"G","Pipiens","culex",11
"FC075GR|Tarsalis|2025|28","FC-075GR","SE","FC",2025,28,2025-07-08,"G","Tarsalis","culex",1
"FC075GR|Pipiens|2025|29","FC-075GR","SE","FC",2025,29,2025-07-15,"G","Pipiens","culex",22
"FC075GR|Tarsalis|2025|29","FC-075GR","SE","FC",2025,29,2025-07-15,"G","Tarsalis","culex",0
"FC075GR|Pipiens|2025|30","FC-075GR","SE","FC",2025,30,2025-07-22,"G","Pipiens","culex",53
"FC075GR|Tarsalis|2025|30","FC-075GR","SE","FC",2025,30,2025-07-22,"G","Tarsalis","culex",0
"FC075GR|Pipiens|2025|31","FC-075GR","SE","FC",2025,31,2025-07-29,"G","Pipiens","culex",61
"FC075GR|Tarsalis|2025|31","FC-075GR","SE","FC",2025,31,2025-07-29,"G","Tarsalis","culex",0
"FC075GR|Pipiens|2025|32","FC-075GR","SE","FC",2025,32,2025-08-05,"G","Pipiens","culex",53
"FC075GR|Tarsalis|2025|32","FC-075GR","SE","FC",2025,32,2025-08-05,"G","Tarsalis","culex",0
"FC075GR|Pipiens|2025|33","FC-075GR","SE","FC",2025,33,2025-08-12,"G","Pipiens","culex",73
"FC075GR|Tarsalis|2025|33","FC-075GR","SE","FC",2025,33,2025-08-12,"G","Tarsalis","culex",1
"FC075GR|Pipiens|2025|34","FC-075GR","SE","FC",2025,34,2025-08-19,"G","Pipiens","culex",27
"FC075GR|Tarsalis|2025|34","FC-075GR","SE","FC",2025,34,2025-08-19,"G","Tarsalis","culex",0
"FC075GR|Pipiens|2025|35","FC-075GR","SE","FC",2025,35,2025-08-26,"G","Pipiens","culex",6
"FC075GR|Tarsalis|2025|35","FC-075GR","SE","FC",2025,35,2025-08-26,"G","Tarsalis","culex",0
"FC075GR|Pipiens|2025|36","FC-075GR","SE","FC",2025,36,2025-09-04,"G","Pipiens","culex",17
"FC075GR|Tarsalis|2025|36","FC-075GR","SE","FC",2025,36,2025-09-04,"G","Tarsalis","culex",0
"FC088GR|Pipiens|2020|22","FC-088GR","SE","FC",2020,22,2020-05-27,"G","Pipiens","culex",9
"FC088GR|Tarsalis|2020|22","FC-088GR","SE","FC",2020,22,2020-05-27,"G","Tarsalis","culex",0
"FC088GR|Pipiens|2020|23","FC-088GR","SE","FC",2020,23,2020-06-01,"G","Pipiens","culex",60
"FC088GR|Tarsalis|2020|23","FC-088GR","SE","FC",2020,23,2020-06-01,"G","Tarsalis","culex",0
"FC088GR|Pipiens|2020|25","FC-088GR","SE","FC",2020,25,2020-06-15,"G","Pipiens","culex",46
"FC088GR|Tarsalis|2020|25","FC-088GR","SE","FC",2020,25,2020-06-15,"G","Tarsalis","culex",0
"FC088GR|Pipiens|2020|26","FC-088GR","SE","FC",2020,26,2020-06-22,"G","Pipiens","culex",118
"FC088GR|Tarsalis|2020|26","FC-088GR","SE","FC",2020,26,2020-06-22,"G","Tarsalis","culex",0
"FC088GR|Pipiens|2020|27","FC-088GR","SE","FC",2020,27,2020-06-29,"G","Pipiens","culex",100
"FC088GR|Tarsalis|2020|27","FC-088GR","SE","FC",2020,27,2020-06-29,"G","Tarsalis","culex",0
"FC088GR|Pipiens|2020|28","FC-088GR","SE","FC",2020,28,2020-07-06,"G","Pipiens","culex",475
"FC088GR|Tarsalis|2020|28","FC-088GR","SE","FC",2020,28,2020-07-06,"G","Tarsalis","culex",0
"FC088GR|Pipiens|2020|29","FC-088GR","SE","FC",2020,29,2020-07-13,"G","Pipiens","culex",54
"FC088GR|Tarsalis|2020|29","FC-088GR","SE","FC",2020,29,2020-07-13,"G","Tarsalis","culex",0
"FC088GR|Pipiens|2020|30","FC-088GR","SE","FC",2020,30,2020-07-20,"G","Pipiens","culex",48
"FC088GR|Tarsalis|2020|30","FC-088GR","SE","FC",2020,30,2020-07-20,"G","Tarsalis","culex",0
"FC088GR|Pipiens|2020|31","FC-088GR","SE","FC",2020,31,2020-07-27,"G","Pipiens","culex",356
"FC088GR|Tarsalis|2020|31","FC-088GR","SE","FC",2020,31,2020-07-27,"G","Tarsalis","culex",0
"FC088GR|Pipiens|2020|32","FC-088GR","SE","FC",2020,32,2020-08-03,"G","Pipiens","culex",348
"FC088GR|Tarsalis|2020|32","FC-088GR","SE","FC",2020,32,2020-08-03,"G","Tarsalis","culex",0
"FC088GR|Pipiens|2020|33","FC-088GR","SE","FC",2020,33,2020-08-10,"G","Pipiens","culex",342
"FC088GR|Tarsalis|2020|33","FC-088GR","SE","FC",2020,33,2020-08-10,"G","Tarsalis","culex",0
"FC088GR|Pipiens|2020|34","FC-088GR","SE","FC",2020,34,2020-08-17,"G","Pipiens","culex",227
"FC088GR|Tarsalis|2020|34","FC-088GR","SE","FC",2020,34,2020-08-17,"G","Tarsalis","culex",0
"FC088GR|Pipiens|2020|35","FC-088GR","SE","FC",2020,35,2020-08-24,"G","Pipiens","culex",150
"FC088GR|Tarsalis|2020|35","FC-088GR","SE","FC",2020,35,2020-08-24,"G","Tarsalis","culex",0
"FC088GR|Pipiens|2020|36","FC-088GR","SE","FC",2020,36,2020-08-31,"G","Pipiens","culex",23
"FC088GR|Tarsalis|2020|36","FC-088GR","SE","FC",2020,36,2020-08-31,"G","Tarsalis","culex",0
"FC088GR|Pipiens|2021|25","FC-088GR","SE","FC",2021,25,2021-06-21,"G","Pipiens","culex",41
"FC088GR|Tarsalis|2021|25","FC-088GR","SE","FC",2021,25,2021-06-21,"G","Tarsalis","culex",0
"FC088GR|Pipiens|2021|26","FC-088GR","SE","FC",2021,26,2021-06-28,"G","Pipiens","culex",17
"FC088GR|Tarsalis|2021|26","FC-088GR","SE","FC",2021,26,2021-06-28,"G","Tarsalis","culex",0
"FC088GR|Pipiens|2021|27","FC-088GR","SE","FC",2021,27,2021-07-05,"G","Pipiens","culex",127
"FC088GR|Tarsalis|2021|27","FC-088GR","SE","FC",2021,27,2021-07-05,"G","Tarsalis","culex",0
"FC088GR|Pipiens|2021|28","FC-088GR","SE","FC",2021,28,2021-07-12,"G","Pipiens","culex",150
"FC088GR|Tarsalis|2021|28","FC-088GR","SE","FC",2021,28,2021-07-12,"G","Tarsalis","culex",0
"FC088GR|Pipiens|2021|29","FC-088GR","SE","FC",2021,29,2021-07-19,"G","Pipiens","culex",184
"FC088GR|Tarsalis|2021|29","FC-088GR","SE","FC",2021,29,2021-07-19,"G","Tarsalis","culex",0
"FC088GR|Pipiens|2021|30","FC-088GR","SE","FC",2021,30,2021-07-26,"G","Pipiens","culex",356
"FC088GR|Tarsalis|2021|30","FC-088GR","SE","FC",2021,30,2021-07-26,"G","Tarsalis","culex",0
"FC088GR|Pipiens|2021|31","FC-088GR","SE","FC",2021,31,2021-08-02,"G","Pipiens","culex",92
"FC088GR|Tarsalis|2021|31","FC-088GR","SE","FC",2021,31,2021-08-02,"G","Tarsalis","culex",0
"FC088GR|Pipiens|2021|32","FC-088GR","SE","FC",2021,32,2021-08-09,"G","Pipiens","culex",89
"FC088GR|Tarsalis|2021|32","FC-088GR","SE","FC",2021,32,2021-08-09,"G","Tarsalis","culex",0
"FC088GR|Pipiens|2021|33","FC-088GR","SE","FC",2021,33,2021-08-16,"G","Pipiens","culex",79
"FC088GR|Tarsalis|2021|33","FC-088GR","SE","FC",2021,33,2021-08-16,"G","Tarsalis","culex",0
"FC088GR|Pipiens|2021|34","FC-088GR","SE","FC",2021,34,2021-08-23,"G","Pipiens","culex",120
"FC088GR|Tarsalis|2021|34","FC-088GR","SE","FC",2021,34,2021-08-23,"G","Tarsalis","culex",0
"FC088GR|Pipiens|2021|36","FC-088GR","SE","FC",2021,36,2021-09-06,"G","Pipiens","culex",26
"FC088GR|Tarsalis|2021|36","FC-088GR","SE","FC",2021,36,2021-09-06,"G","Tarsalis","culex",0
"FC088GR|Pipiens|2022|23","FC-088GR","SE","FC",2022,23,2022-06-06,"G","Pipiens","culex",8
"FC088GR|Tarsalis|2022|23","FC-088GR","SE","FC",2022,23,2022-06-06,"G","Tarsalis","culex",0
"FC088GR|Pipiens|2022|24","FC-088GR","SE","FC",2022,24,2022-06-13,"G","Pipiens","culex",13
"FC088GR|Tarsalis|2022|24","FC-088GR","SE","FC",2022,24,2022-06-13,"G","Tarsalis","culex",1
"FC088GR|Pipiens|2022|25","FC-088GR","SE","FC",2022,25,2022-06-20,"G","Pipiens","culex",19
"FC088GR|Tarsalis|2022|25","FC-088GR","SE","FC",2022,25,2022-06-20,"G","Tarsalis","culex",0
"FC088GR|Pipiens|2022|26","FC-088GR","SE","FC",2022,26,2022-06-27,"G","Pipiens","culex",21
"FC088GR|Tarsalis|2022|26","FC-088GR","SE","FC",2022,26,2022-06-27,"G","Tarsalis","culex",0
"FC088GR|Pipiens|2022|27","FC-088GR","SE","FC",2022,27,2022-07-05,"G","Pipiens","culex",47
"FC088GR|Tarsalis|2022|27","FC-088GR","SE","FC",2022,27,2022-07-05,"G","Tarsalis","culex",0
"FC088GR|Pipiens|2022|28","FC-088GR","SE","FC",2022,28,2022-07-11,"G","Pipiens","culex",58
"FC088GR|Tarsalis|2022|28","FC-088GR","SE","FC",2022,28,2022-07-11,"G","Tarsalis","culex",2
"FC088GR|Pipiens|2022|29","FC-088GR","SE","FC",2022,29,2022-07-18,"G","Pipiens","culex",122
"FC088GR|Tarsalis|2022|29","FC-088GR","SE","FC",2022,29,2022-07-18,"G","Tarsalis","culex",5
"FC088GR|Pipiens|2022|30","FC-088GR","SE","FC",2022,30,2022-07-25,"G","Pipiens","culex",57
"FC088GR|Tarsalis|2022|30","FC-088GR","SE","FC",2022,30,2022-07-25,"G","Tarsalis","culex",0
"FC088GR|Pipiens|2022|31","FC-088GR","SE","FC",2022,31,2022-08-01,"G","Pipiens","culex",176
"FC088GR|Tarsalis|2022|31","FC-088GR","SE","FC",2022,31,2022-08-01,"G","Tarsalis","culex",2
"FC088GR|Pipiens|2022|32","FC-088GR","SE","FC",2022,32,2022-08-08,"G","Pipiens","culex",41
"FC088GR|Tarsalis|2022|32","FC-088GR","SE","FC",2022,32,2022-08-08,"G","Tarsalis","culex",0
"FC088GR|Pipiens|2022|33","FC-088GR","SE","FC",2022,33,2022-08-15,"G","Pipiens","culex",34
"FC088GR|Tarsalis|2022|33","FC-088GR","SE","FC",2022,33,2022-08-15,"G","Tarsalis","culex",1
"FC088GR|Pipiens|2022|34","FC-088GR","SE","FC",2022,34,2022-08-22,"G","Pipiens","culex",169
"FC088GR|Tarsalis|2022|34","FC-088GR","SE","FC",2022,34,2022-08-22,"G","Tarsalis","culex",0
"FC088GR|Pipiens|2022|35","FC-088GR","SE","FC",2022,35,2022-08-30,"G","Pipiens","culex",122
"FC088GR|Tarsalis|2022|35","FC-088GR","SE","FC",2022,35,2022-08-30,"G","Tarsalis","culex",0
"FC088GR|Pipiens|2022|36","FC-088GR","SE","FC",2022,36,2022-09-07,"G","Pipiens","culex",42
"FC088GR|Tarsalis|2022|36","FC-088GR","SE","FC",2022,36,2022-09-07,"G","Tarsalis","culex",0
"FC088GR|Pipiens|2022|37","FC-088GR","SE","FC",2022,37,2022-09-12,"G","Pipiens","culex",18
"FC088GR|Tarsalis|2022|37","FC-088GR","SE","FC",2022,37,2022-09-12,"G","Tarsalis","culex",0
"FC088GR|Pipiens|2023|23","FC-088GR","SE","FC",2023,23,2023-06-05,"G","Pipiens","culex",11
"FC088GR|Tarsalis|2023|23","FC-088GR","SE","FC",2023,23,2023-06-05,"G","Tarsalis","culex",0
"FC088GR|Pipiens|2023|24","FC-088GR","SE","FC",2023,24,2023-06-12,"G","Pipiens","culex",7
"FC088GR|Tarsalis|2023|24","FC-088GR","SE","FC",2023,24,2023-06-12,"G","Tarsalis","culex",0
"FC088GR|Pipiens|2023|25","FC-088GR","SE","FC",2023,25,2023-06-19,"G","Pipiens","culex",55
"FC088GR|Tarsalis|2023|25","FC-088GR","SE","FC",2023,25,2023-06-19,"G","Tarsalis","culex",2
"FC088GR|Pipiens|2023|26","FC-088GR","SE","FC",2023,26,2023-06-26,"G","Pipiens","culex",29
"FC088GR|Tarsalis|2023|26","FC-088GR","SE","FC",2023,26,2023-06-26,"G","Tarsalis","culex",0
"FC088GR|Pipiens|2023|27","FC-088GR","SE","FC",2023,27,2023-07-03,"G","Pipiens","culex",63
"FC088GR|Tarsalis|2023|27","FC-088GR","SE","FC",2023,27,2023-07-03,"G","Tarsalis","culex",0
"FC088GR|Pipiens|2023|28","FC-088GR","SE","FC",2023,28,2023-07-10,"G","Pipiens","culex",55
"FC088GR|Tarsalis|2023|28","FC-088GR","SE","FC",2023,28,2023-07-10,"G","Tarsalis","culex",4
"FC088GR|Pipiens|2023|29","FC-088GR","SE","FC",2023,29,2023-07-17,"G","Pipiens","culex",32
"FC088GR|Tarsalis|2023|29","FC-088GR","SE","FC",2023,29,2023-07-17,"G","Tarsalis","culex",0
"FC088GR|Pipiens|2023|30","FC-088GR","SE","FC",2023,30,2023-07-30,"G","Pipiens","culex",124
"FC088GR|Tarsalis|2023|30","FC-088GR","SE","FC",2023,30,2023-07-30,"G","Tarsalis","culex",0
"FC088GR|Pipiens|2023|32","FC-088GR","SE","FC",2023,32,2023-08-08,"G","Pipiens","culex",213
"FC088GR|Tarsalis|2023|32","FC-088GR","SE","FC",2023,32,2023-08-08,"G","Tarsalis","culex",0
"FC088GR|Pipiens|2023|33","FC-088GR","SE","FC",2023,33,2023-08-20,"G","Pipiens","culex",37
"FC088GR|Tarsalis|2023|33","FC-088GR","SE","FC",2023,33,2023-08-20,"G","Tarsalis","culex",1
"FC088GR|Pipiens|2023|35","FC-088GR","SE","FC",2023,35,2023-08-28,"G","Pipiens","culex",10
"FC088GR|Tarsalis|2023|35","FC-088GR","SE","FC",2023,35,2023-08-28,"G","Tarsalis","culex",0
"FC088GR|Pipiens|2023|36","FC-088GR","SE","FC",2023,36,2023-09-05,"G","Pipiens","culex",21
"FC088GR|Tarsalis|2023|36","FC-088GR","SE","FC",2023,36,2023-09-05,"G","Tarsalis","culex",0
"FC088GR|Pipiens|2023|37","FC-088GR","SE","FC",2023,37,2023-09-12,"G","Pipiens","culex",10
"FC088GR|Tarsalis|2023|37","FC-088GR","SE","FC",2023,37,2023-09-12,"G","Tarsalis","culex",0
"FC088GR|Pipiens|2024|23","FC-088GR","SE","FC",2024,23,2024-06-03,"G","Pipiens","culex",7
"FC088GR|Tarsalis|2024|23","FC-088GR","SE","FC",2024,23,2024-06-03,"G","Tarsalis","culex",0
"FC088GR|Pipiens|2024|24","FC-088GR","SE","FC",2024,24,2024-06-10,"G","Pipiens","culex",20
"FC088GR|Tarsalis|2024|24","FC-088GR","SE","FC",2024,24,2024-06-10,"G","Tarsalis","culex",0
"FC088GR|Pipiens|2024|25","FC-088GR","SE","FC",2024,25,2024-06-18,"G","Pipiens","culex",19
"FC088GR|Tarsalis|2024|25","FC-088GR","SE","FC",2024,25,2024-06-18,"G","Tarsalis","culex",1
"FC088GR|Pipiens|2024|26","FC-088GR","SE","FC",2024,26,2024-06-27,"G","Pipiens","culex",5
"FC088GR|Tarsalis|2024|26","FC-088GR","SE","FC",2024,26,2024-06-27,"G","Tarsalis","culex",0
"FC088GR|Pipiens|2024|27","FC-088GR","SE","FC",2024,27,2024-07-02,"G","Pipiens","culex",64
"FC088GR|Tarsalis|2024|27","FC-088GR","SE","FC",2024,27,2024-07-02,"G","Tarsalis","culex",0
"FC088GR|Pipiens|2024|28","FC-088GR","SE","FC",2024,28,2024-07-09,"G","Pipiens","culex",63
"FC088GR|Tarsalis|2024|28","FC-088GR","SE","FC",2024,28,2024-07-09,"G","Tarsalis","culex",1
"FC088GR|Pipiens|2024|29","FC-088GR","SE","FC",2024,29,2024-07-16,"G","Pipiens","culex",144
"FC088GR|Tarsalis|2024|29","FC-088GR","SE","FC",2024,29,2024-07-16,"G","Tarsalis","culex",2
"FC088GR|Pipiens|2024|30","FC-088GR","SE","FC",2024,30,2024-07-23,"G","Pipiens","culex",105
"FC088GR|Tarsalis|2024|30","FC-088GR","SE","FC",2024,30,2024-07-23,"G","Tarsalis","culex",0
"FC088GR|Pipiens|2024|31","FC-088GR","SE","FC",2024,31,2024-07-30,"G","Pipiens","culex",47
"FC088GR|Tarsalis|2024|31","FC-088GR","SE","FC",2024,31,2024-07-30,"G","Tarsalis","culex",0
"FC088GR|Pipiens|2024|32","FC-088GR","SE","FC",2024,32,2024-08-06,"G","Pipiens","culex",73
"FC088GR|Tarsalis|2024|32","FC-088GR","SE","FC",2024,32,2024-08-06,"G","Tarsalis","culex",3
"FC088GR|Pipiens|2024|33","FC-088GR","SE","FC",2024,33,2024-08-13,"G","Pipiens","culex",258
"FC088GR|Tarsalis|2024|33","FC-088GR","SE","FC",2024,33,2024-08-13,"G","Tarsalis","culex",1
"FC088GR|Pipiens|2024|34","FC-088GR","SE","FC",2024,34,2024-08-20,"G","Pipiens","culex",162
"FC088GR|Tarsalis|2024|34","FC-088GR","SE","FC",2024,34,2024-08-20,"G","Tarsalis","culex",0
"FC088GR|Pipiens|2024|35","FC-088GR","SE","FC",2024,35,2024-08-27,"G","Pipiens","culex",123
"FC088GR|Tarsalis|2024|35","FC-088GR","SE","FC",2024,35,2024-08-27,"G","Tarsalis","culex",0
"FC088GR|Pipiens|2024|36","FC-088GR","SE","FC",2024,36,2024-09-05,"G","Pipiens","culex",13
"FC088GR|Tarsalis|2024|36","FC-088GR","SE","FC",2024,36,2024-09-05,"G","Tarsalis","culex",0
"FC088GR|Pipiens|2024|37","FC-088GR","SE","FC",2024,37,2024-09-10,"G","Pipiens","culex",49
"FC088GR|Tarsalis|2024|37","FC-088GR","SE","FC",2024,37,2024-09-10,"G","Tarsalis","culex",0
"FC088GR|Pipiens|2025|25","FC-088GR","SE","FC",2025,25,2025-06-17,"G","Pipiens","culex",68
"FC088GR|Tarsalis|2025|25","FC-088GR","SE","FC",2025,25,2025-06-17,"G","Tarsalis","culex",1
"FC088GR|Pipiens|2025|27","FC-088GR","SE","FC",2025,27,2025-07-01,"G","Pipiens","culex",81
"FC088GR|Tarsalis|2025|27","FC-088GR","SE","FC",2025,27,2025-07-01,"G","Tarsalis","culex",8
"FC088GR|Pipiens|2025|28","FC-088GR","SE","FC",2025,28,2025-07-08,"G","Pipiens","culex",109
"FC088GR|Tarsalis|2025|28","FC-088GR","SE","FC",2025,28,2025-07-08,"G","Tarsalis","culex",2
"FC088GR|Pipiens|2025|29","FC-088GR","SE","FC",2025,29,2025-07-15,"G","Pipiens","culex",126
"FC088GR|Tarsalis|2025|29","FC-088GR","SE","FC",2025,29,2025-07-15,"G","Tarsalis","culex",2
"FC088GR|Pipiens|2025|30","FC-088GR","SE","FC",2025,30,2025-07-22,"G","Pipiens","culex",19
"FC088GR|Tarsalis|2025|30","FC-088GR","SE","FC",2025,30,2025-07-22,"G","Tarsalis","culex",0
"FC088GR|Pipiens|2025|31","FC-088GR","SE","FC",2025,31,2025-07-29,"G","Pipiens","culex",166
"FC088GR|Tarsalis|2025|31","FC-088GR","SE","FC",2025,31,2025-07-29,"G","Tarsalis","culex",1
"FC088GR|Pipiens|2025|32","FC-088GR","SE","FC",2025,32,2025-08-05,"G","Pipiens","culex",201
"FC088GR|Tarsalis|2025|32","FC-088GR","SE","FC",2025,32,2025-08-05,"G","Tarsalis","culex",0
"FC088GR|Pipiens|2025|33","FC-088GR","SE","FC",2025,33,2025-08-12,"G","Pipiens","culex",117
"FC088GR|Tarsalis|2025|33","FC-088GR","SE","FC",2025,33,2025-08-12,"G","Tarsalis","culex",1
"FC088GR|Pipiens|2025|34","FC-088GR","SE","FC",2025,34,2025-08-19,"G","Pipiens","culex",83
"FC088GR|Tarsalis|2025|34","FC-088GR","SE","FC",2025,34,2025-08-19,"G","Tarsalis","culex",0
"FC088GR|Pipiens|2025|35","FC-088GR","SE","FC",2025,35,2025-08-26,"G","Pipiens","culex",8
"FC088GR|Tarsalis|2025|35","FC-088GR","SE","FC",2025,35,2025-08-26,"G","Tarsalis","culex",0
"FC088GR|Pipiens|2025|36","FC-088GR","SE","FC",2025,36,2025-09-04,"G","Pipiens","culex",38
"FC088GR|Tarsalis|2025|36","FC-088GR","SE","FC",2025,36,2025-09-04,"G","Tarsalis","culex",1
"FC089GR|Pipiens|2020|23","FC-089GR","SW","FC",2020,23,2020-06-03,"G","Pipiens","culex",8
"FC089GR|Tarsalis|2020|23","FC-089GR","SW","FC",2020,23,2020-06-03,"G","Tarsalis","culex",0
"FC089GR|Pipiens|2020|24","FC-089GR","SW","FC",2020,24,2020-06-10,"G","Pipiens","culex",5
"FC089GR|Tarsalis|2020|24","FC-089GR","SW","FC",2020,24,2020-06-10,"G","Tarsalis","culex",0
"FC089GR|Pipiens|2020|25","FC-089GR","SW","FC",2020,25,2020-06-17,"G","Pipiens","culex",1
"FC089GR|Tarsalis|2020|25","FC-089GR","SW","FC",2020,25,2020-06-17,"G","Tarsalis","culex",0
"FC089GR|Pipiens|2020|26","FC-089GR","SW","FC",2020,26,2020-06-24,"G","Pipiens","culex",7
"FC089GR|Tarsalis|2020|26","FC-089GR","SW","FC",2020,26,2020-06-24,"G","Tarsalis","culex",0
"FC089GR|Pipiens|2020|27","FC-089GR","SW","FC",2020,27,2020-07-01,"G","Pipiens","culex",15
"FC089GR|Tarsalis|2020|27","FC-089GR","SW","FC",2020,27,2020-07-01,"G","Tarsalis","culex",0
"FC089GR|Pipiens|2020|28","FC-089GR","SW","FC",2020,28,2020-07-08,"G","Pipiens","culex",30
"FC089GR|Tarsalis|2020|28","FC-089GR","SW","FC",2020,28,2020-07-08,"G","Tarsalis","culex",0
"FC089GR|Pipiens|2020|29","FC-089GR","SW","FC",2020,29,2020-07-15,"G","Pipiens","culex",34
"FC089GR|Tarsalis|2020|29","FC-089GR","SW","FC",2020,29,2020-07-15,"G","Tarsalis","culex",0
"FC089GR|Pipiens|2020|30","FC-089GR","SW","FC",2020,30,2020-07-22,"G","Pipiens","culex",148
"FC089GR|Tarsalis|2020|30","FC-089GR","SW","FC",2020,30,2020-07-22,"G","Tarsalis","culex",0
"FC089GR|Pipiens|2020|31","FC-089GR","SW","FC",2020,31,2020-07-29,"G","Pipiens","culex",145
"FC089GR|Tarsalis|2020|31","FC-089GR","SW","FC",2020,31,2020-07-29,"G","Tarsalis","culex",0
"FC089GR|Pipiens|2020|32","FC-089GR","SW","FC",2020,32,2020-08-05,"G","Pipiens","culex",49
"FC089GR|Tarsalis|2020|32","FC-089GR","SW","FC",2020,32,2020-08-05,"G","Tarsalis","culex",0
"FC089GR|Pipiens|2020|34","FC-089GR","SW","FC",2020,34,2020-08-19,"G","Pipiens","culex",99
"FC089GR|Tarsalis|2020|34","FC-089GR","SW","FC",2020,34,2020-08-19,"G","Tarsalis","culex",0
"FC089GR|Pipiens|2020|35","FC-089GR","SW","FC",2020,35,2020-08-26,"G","Pipiens","culex",47
"FC089GR|Tarsalis|2020|35","FC-089GR","SW","FC",2020,35,2020-08-26,"G","Tarsalis","culex",0
"FC089GR|Pipiens|2020|36","FC-089GR","SW","FC",2020,36,2020-09-02,"G","Pipiens","culex",31
"FC089GR|Tarsalis|2020|36","FC-089GR","SW","FC",2020,36,2020-09-02,"G","Tarsalis","culex",0
"FC089GR|Pipiens|2021|25","FC-089GR","SW","FC",2021,25,2021-06-23,"G","Pipiens","culex",36
"FC089GR|Tarsalis|2021|25","FC-089GR","SW","FC",2021,25,2021-06-23,"G","Tarsalis","culex",0
"FC089GR|Pipiens|2021|26","FC-089GR","SW","FC",2021,26,2021-06-30,"G","Pipiens","culex",25
"FC089GR|Tarsalis|2021|26","FC-089GR","SW","FC",2021,26,2021-06-30,"G","Tarsalis","culex",0
"FC089GR|Pipiens|2021|27","FC-089GR","SW","FC",2021,27,2021-07-07,"G","Pipiens","culex",14
"FC089GR|Tarsalis|2021|27","FC-089GR","SW","FC",2021,27,2021-07-07,"G","Tarsalis","culex",0
"FC089GR|Pipiens|2021|28","FC-089GR","SW","FC",2021,28,2021-07-14,"G","Pipiens","culex",19
"FC089GR|Tarsalis|2021|28","FC-089GR","SW","FC",2021,28,2021-07-14,"G","Tarsalis","culex",0
"FC089GR|Pipiens|2021|29","FC-089GR","SW","FC",2021,29,2021-07-21,"G","Pipiens","culex",141
"FC089GR|Tarsalis|2021|29","FC-089GR","SW","FC",2021,29,2021-07-21,"G","Tarsalis","culex",1
"FC089GR|Pipiens|2021|30","FC-089GR","SW","FC",2021,30,2021-07-28,"G","Pipiens","culex",115
"FC089GR|Tarsalis|2021|30","FC-089GR","SW","FC",2021,30,2021-07-28,"G","Tarsalis","culex",0
"FC089GR|Pipiens|2021|31","FC-089GR","SW","FC",2021,31,2021-08-04,"G","Pipiens","culex",409
"FC089GR|Tarsalis|2021|31","FC-089GR","SW","FC",2021,31,2021-08-04,"G","Tarsalis","culex",0
"FC089GR|Pipiens|2021|32","FC-089GR","SW","FC",2021,32,2021-08-11,"G","Pipiens","culex",262
"FC089GR|Tarsalis|2021|32","FC-089GR","SW","FC",2021,32,2021-08-11,"G","Tarsalis","culex",0
"FC089GR|Pipiens|2021|33","FC-089GR","SW","FC",2021,33,2021-08-18,"G","Pipiens","culex",321
"FC089GR|Tarsalis|2021|33","FC-089GR","SW","FC",2021,33,2021-08-18,"G","Tarsalis","culex",0
"FC089GR|Pipiens|2021|34","FC-089GR","SW","FC",2021,34,2021-08-25,"G","Pipiens","culex",25
"FC089GR|Tarsalis|2021|34","FC-089GR","SW","FC",2021,34,2021-08-25,"G","Tarsalis","culex",0
"FC089GR|Pipiens|2021|35","FC-089GR","SW","FC",2021,35,2021-09-01,"G","Pipiens","culex",39
"FC089GR|Tarsalis|2021|35","FC-089GR","SW","FC",2021,35,2021-09-01,"G","Tarsalis","culex",0
"FC089GR|Pipiens|2021|36","FC-089GR","SW","FC",2021,36,2021-09-08,"G","Pipiens","culex",29
"FC089GR|Tarsalis|2021|36","FC-089GR","SW","FC",2021,36,2021-09-08,"G","Tarsalis","culex",0
"FC089GR|Pipiens|2022|23","FC-089GR","SW","FC",2022,23,2022-06-08,"G","Pipiens","culex",9
"FC089GR|Tarsalis|2022|23","FC-089GR","SW","FC",2022,23,2022-06-08,"G","Tarsalis","culex",0
"FC089GR|Pipiens|2022|24","FC-089GR","SW","FC",2022,24,2022-06-15,"G","Pipiens","culex",2
"FC089GR|Tarsalis|2022|24","FC-089GR","SW","FC",2022,24,2022-06-15,"G","Tarsalis","culex",0
"FC089GR|Pipiens|2022|25","FC-089GR","SW","FC",2022,25,2022-06-22,"G","Pipiens","culex",3
"FC089GR|Tarsalis|2022|25","FC-089GR","SW","FC",2022,25,2022-06-22,"G","Tarsalis","culex",0
"FC089GR|Pipiens|2022|26","FC-089GR","SW","FC",2022,26,2022-06-29,"G","Pipiens","culex",18
"FC089GR|Tarsalis|2022|26","FC-089GR","SW","FC",2022,26,2022-06-29,"G","Tarsalis","culex",0
"FC089GR|Pipiens|2022|27","FC-089GR","SW","FC",2022,27,2022-07-06,"G","Pipiens","culex",11
"FC089GR|Tarsalis|2022|27","FC-089GR","SW","FC",2022,27,2022-07-06,"G","Tarsalis","culex",0
"FC089GR|Pipiens|2022|28","FC-089GR","SW","FC",2022,28,2022-07-13,"G","Pipiens","culex",0
"FC089GR|Tarsalis|2022|28","FC-089GR","SW","FC",2022,28,2022-07-13,"G","Tarsalis","culex",34
"FC089GR|Pipiens|2022|29","FC-089GR","SW","FC",2022,29,2022-07-20,"G","Pipiens","culex",66
"FC089GR|Tarsalis|2022|29","FC-089GR","SW","FC",2022,29,2022-07-20,"G","Tarsalis","culex",0
"FC089GR|Pipiens|2022|30","FC-089GR","SW","FC",2022,30,2022-07-27,"G","Pipiens","culex",60
"FC089GR|Tarsalis|2022|30","FC-089GR","SW","FC",2022,30,2022-07-27,"G","Tarsalis","culex",0
"FC089GR|Pipiens|2022|31","FC-089GR","SW","FC",2022,31,2022-08-03,"G","Pipiens","culex",142
"FC089GR|Tarsalis|2022|31","FC-089GR","SW","FC",2022,31,2022-08-03,"G","Tarsalis","culex",0
"FC089GR|Pipiens|2022|32","FC-089GR","SW","FC",2022,32,2022-08-10,"G","Pipiens","culex",46
"FC089GR|Tarsalis|2022|32","FC-089GR","SW","FC",2022,32,2022-08-10,"G","Tarsalis","culex",0
"FC089GR|Pipiens|2022|33","FC-089GR","SW","FC",2022,33,2022-08-17,"G","Pipiens","culex",40
"FC089GR|Tarsalis|2022|33","FC-089GR","SW","FC",2022,33,2022-08-17,"G","Tarsalis","culex",0
"FC089GR|Pipiens|2022|34","FC-089GR","SW","FC",2022,34,2022-08-24,"G","Pipiens","culex",290
"FC089GR|Tarsalis|2022|34","FC-089GR","SW","FC",2022,34,2022-08-24,"G","Tarsalis","culex",0
"FC089GR|Pipiens|2022|36","FC-089GR","SW","FC",2022,36,2022-09-07,"G","Pipiens","culex",26
"FC089GR|Tarsalis|2022|36","FC-089GR","SW","FC",2022,36,2022-09-07,"G","Tarsalis","culex",0
"FC089GR|Pipiens|2022|37","FC-089GR","SW","FC",2022,37,2022-09-12,"G","Pipiens","culex",26
"FC089GR|Tarsalis|2022|37","FC-089GR","SW","FC",2022,37,2022-09-12,"G","Tarsalis","culex",0
"FC089GR|Pipiens|2023|23","FC-089GR","SW","FC",2023,23,2023-06-07,"G","Pipiens","culex",2
"FC089GR|Tarsalis|2023|23","FC-089GR","SW","FC",2023,23,2023-06-07,"G","Tarsalis","culex",0
"FC089GR|Pipiens|2023|24","FC-089GR","SW","FC",2023,24,2023-06-14,"G","Pipiens","culex",27
"FC089GR|Tarsalis|2023|24","FC-089GR","SW","FC",2023,24,2023-06-14,"G","Tarsalis","culex",0
"FC089GR|Pipiens|2023|25","FC-089GR","SW","FC",2023,25,2023-06-21,"G","Pipiens","culex",1
"FC089GR|Tarsalis|2023|25","FC-089GR","SW","FC",2023,25,2023-06-21,"G","Tarsalis","culex",0
"FC089GR|Pipiens|2023|26","FC-089GR","SW","FC",2023,26,2023-06-28,"G","Pipiens","culex",20
"FC089GR|Tarsalis|2023|26","FC-089GR","SW","FC",2023,26,2023-06-28,"G","Tarsalis","culex",1
"FC089GR|Pipiens|2023|27","FC-089GR","SW","FC",2023,27,2023-07-05,"G","Pipiens","culex",5
"FC089GR|Tarsalis|2023|27","FC-089GR","SW","FC",2023,27,2023-07-05,"G","Tarsalis","culex",0
"FC089GR|Pipiens|2023|28","FC-089GR","SW","FC",2023,28,2023-07-12,"G","Pipiens","culex",99
"FC089GR|Tarsalis|2023|28","FC-089GR","SW","FC",2023,28,2023-07-12,"G","Tarsalis","culex",1
"FC089GR|Pipiens|2023|29","FC-089GR","SW","FC",2023,29,2023-07-19,"G","Pipiens","culex",16
"FC089GR|Tarsalis|2023|29","FC-089GR","SW","FC",2023,29,2023-07-19,"G","Tarsalis","culex",0
"FC089GR|Pipiens|2023|30","FC-089GR","SW","FC",2023,30,2023-07-25,"G","Pipiens","culex",50
"FC089GR|Tarsalis|2023|30","FC-089GR","SW","FC",2023,30,2023-07-25,"G","Tarsalis","culex",0
"FC089GR|Pipiens|2023|31","FC-089GR","SW","FC",2023,31,2023-08-02,"G","Pipiens","culex",33
"FC089GR|Tarsalis|2023|31","FC-089GR","SW","FC",2023,31,2023-08-02,"G","Tarsalis","culex",0
"FC089GR|Pipiens|2023|32","FC-089GR","SW","FC",2023,32,2023-08-07,"G","Pipiens","culex",2
"FC089GR|Tarsalis|2023|32","FC-089GR","SW","FC",2023,32,2023-08-07,"G","Tarsalis","culex",0
"FC089GR|Pipiens|2023|33","FC-089GR","SW","FC",2023,33,2023-08-16,"G","Pipiens","culex",28
"FC089GR|Tarsalis|2023|33","FC-089GR","SW","FC",2023,33,2023-08-16,"G","Tarsalis","culex",0
"FC089GR|Pipiens|2023|34","FC-089GR","SW","FC",2023,34,2023-08-23,"G","Pipiens","culex",15
"FC089GR|Tarsalis|2023|34","FC-089GR","SW","FC",2023,34,2023-08-23,"G","Tarsalis","culex",0
"FC089GR|Pipiens|2023|35","FC-089GR","SW","FC",2023,35,2023-08-30,"G","Pipiens","culex",31
"FC089GR|Tarsalis|2023|35","FC-089GR","SW","FC",2023,35,2023-08-30,"G","Tarsalis","culex",0
"FC089GR|Pipiens|2023|36","FC-089GR","SW","FC",2023,36,2023-09-05,"G","Pipiens","culex",1
"FC089GR|Tarsalis|2023|36","FC-089GR","SW","FC",2023,36,2023-09-05,"G","Tarsalis","culex",0
"FC089GR|Pipiens|2023|37","FC-089GR","SW","FC",2023,37,2023-09-12,"G","Pipiens","culex",5
"FC089GR|Tarsalis|2023|37","FC-089GR","SW","FC",2023,37,2023-09-12,"G","Tarsalis","culex",0
"FC089GR|Pipiens|2024|23","FC-089GR","SW","FC",2024,23,2024-06-05,"G","Pipiens","culex",1
"FC089GR|Tarsalis|2024|23","FC-089GR","SW","FC",2024,23,2024-06-05,"G","Tarsalis","culex",0
"FC089GR|Pipiens|2024|24","FC-089GR","SW","FC",2024,24,2024-06-12,"G","Pipiens","culex",12
"FC089GR|Tarsalis|2024|24","FC-089GR","SW","FC",2024,24,2024-06-12,"G","Tarsalis","culex",0
"FC089GR|Pipiens|2024|25","FC-089GR","SW","FC",2024,25,2024-06-20,"G","Pipiens","culex",3
"FC089GR|Tarsalis|2024|25","FC-089GR","SW","FC",2024,25,2024-06-20,"G","Tarsalis","culex",0
"FC089GR|Pipiens|2024|26","FC-089GR","SW","FC",2024,26,2024-06-27,"G","Pipiens","culex",13
"FC089GR|Tarsalis|2024|26","FC-089GR","SW","FC",2024,26,2024-06-27,"G","Tarsalis","culex",0
"FC089GR|Pipiens|2024|27","FC-089GR","SW","FC",2024,27,2024-07-03,"G","Pipiens","culex",7
"FC089GR|Tarsalis|2024|27","FC-089GR","SW","FC",2024,27,2024-07-03,"G","Tarsalis","culex",0
"FC089GR|Pipiens|2024|28","FC-089GR","SW","FC",2024,28,2024-07-11,"G","Pipiens","culex",23
"FC089GR|Tarsalis|2024|28","FC-089GR","SW","FC",2024,28,2024-07-11,"G","Tarsalis","culex",0
"FC089GR|Pipiens|2024|29","FC-089GR","SW","FC",2024,29,2024-07-18,"G","Pipiens","culex",29
"FC089GR|Tarsalis|2024|29","FC-089GR","SW","FC",2024,29,2024-07-18,"G","Tarsalis","culex",0
"FC089GR|Pipiens|2024|30","FC-089GR","SW","FC",2024,30,2024-07-25,"G","Pipiens","culex",38
"FC089GR|Tarsalis|2024|30","FC-089GR","SW","FC",2024,30,2024-07-25,"G","Tarsalis","culex",0
"FC089GR|Pipiens|2024|31","FC-089GR","SW","FC",2024,31,2024-08-01,"G","Pipiens","culex",44
"FC089GR|Tarsalis|2024|31","FC-089GR","SW","FC",2024,31,2024-08-01,"G","Tarsalis","culex",0
"FC089GR|Pipiens|2024|32","FC-089GR","SW","FC",2024,32,2024-08-08,"G","Pipiens","culex",16
"FC089GR|Tarsalis|2024|32","FC-089GR","SW","FC",2024,32,2024-08-08,"G","Tarsalis","culex",0
"FC089GR|Pipiens|2024|33","FC-089GR","SW","FC",2024,33,2024-08-15,"G","Pipiens","culex",19
"FC089GR|Tarsalis|2024|33","FC-089GR","SW","FC",2024,33,2024-08-15,"G","Tarsalis","culex",0
"FC089GR|Pipiens|2024|34","FC-089GR","SW","FC",2024,34,2024-08-22,"G","Pipiens","culex",23
"FC089GR|Tarsalis|2024|34","FC-089GR","SW","FC",2024,34,2024-08-22,"G","Tarsalis","culex",0
"FC089GR|Pipiens|2024|35","FC-089GR","SW","FC",2024,35,2024-08-29,"G","Pipiens","culex",30
"FC089GR|Tarsalis|2024|35","FC-089GR","SW","FC",2024,35,2024-08-29,"G","Tarsalis","culex",0
"FC089GR|Pipiens|2024|36","FC-089GR","SW","FC",2024,36,2024-09-05,"G","Pipiens","culex",11
"FC089GR|Tarsalis|2024|36","FC-089GR","SW","FC",2024,36,2024-09-05,"G","Tarsalis","culex",0
"FC089GR|Pipiens|2024|37","FC-089GR","SW","FC",2024,37,2024-09-12,"G","Pipiens","culex",10
"FC089GR|Tarsalis|2024|37","FC-089GR","SW","FC",2024,37,2024-09-12,"G","Tarsalis","culex",0
"FC089GR|Pipiens|2025|25","FC-089GR","SW","FC",2025,25,2025-06-19,"G","Pipiens","culex",7
"FC089GR|Tarsalis|2025|25","FC-089GR","SW","FC",2025,25,2025-06-19,"G","Tarsalis","culex",0
"FC089GR|Pipiens|2025|26","FC-089GR","SW","FC",2025,26,2025-06-26,"G","Pipiens","culex",5
"FC089GR|Tarsalis|2025|26","FC-089GR","SW","FC",2025,26,2025-06-26,"G","Tarsalis","culex",0
"FC089GR|Pipiens|2025|27","FC-089GR","SW","FC",2025,27,2025-07-03,"G","Pipiens","culex",27
"FC089GR|Tarsalis|2025|27","FC-089GR","SW","FC",2025,27,2025-07-03,"G","Tarsalis","culex",1
"FC089GR|Pipiens|2025|28","FC-089GR","SW","FC",2025,28,2025-07-10,"G","Pipiens","culex",49
"FC089GR|Tarsalis|2025|28","FC-089GR","SW","FC",2025,28,2025-07-10,"G","Tarsalis","culex",1
"FC089GR|Pipiens|2025|29","FC-089GR","SW","FC",2025,29,2025-07-17,"G","Pipiens","culex",18
"FC089GR|Tarsalis|2025|29","FC-089GR","SW","FC",2025,29,2025-07-17,"G","Tarsalis","culex",0
"FC089GR|Pipiens|2025|30","FC-089GR","SW","FC",2025,30,2025-07-24,"G","Pipiens","culex",26
"FC089GR|Tarsalis|2025|30","FC-089GR","SW","FC",2025,30,2025-07-24,"G","Tarsalis","culex",0
"FC089GR|Pipiens|2025|31","FC-089GR","SW","FC",2025,31,2025-07-31,"G","Pipiens","culex",34
"FC089GR|Tarsalis|2025|31","FC-089GR","SW","FC",2025,31,2025-07-31,"G","Tarsalis","culex",0
"FC089GR|Pipiens|2025|32","FC-089GR","SW","FC",2025,32,2025-08-07,"G","Pipiens","culex",97
"FC089GR|Tarsalis|2025|32","FC-089GR","SW","FC",2025,32,2025-08-07,"G","Tarsalis","culex",0
"FC089GR|Pipiens|2025|33","FC-089GR","SW","FC",2025,33,2025-08-14,"G","Pipiens","culex",54
"FC089GR|Tarsalis|2025|33","FC-089GR","SW","FC",2025,33,2025-08-14,"G","Tarsalis","culex",0
"FC089GR|Pipiens|2025|34","FC-089GR","SW","FC",2025,34,2025-08-21,"G","Pipiens","culex",84
"FC089GR|Tarsalis|2025|34","FC-089GR","SW","FC",2025,34,2025-08-21,"G","Tarsalis","culex",0
"FC089GR|Pipiens|2025|35","FC-089GR","SW","FC",2025,35,2025-08-28,"G","Pipiens","culex",17
"FC089GR|Tarsalis|2025|35","FC-089GR","SW","FC",2025,35,2025-08-28,"G","Tarsalis","culex",0
"FC089GR|Pipiens|2025|36","FC-089GR","SW","FC",2025,36,2025-09-04,"G","Pipiens","culex",3
"FC089GR|Tarsalis|2025|36","FC-089GR","SW","FC",2025,36,2025-09-04,"G","Tarsalis","culex",0
"FC090GR|Pipiens|2020|23","FC-090GR","NW","FC",2020,23,2020-06-02,"G","Pipiens","culex",3
"FC090GR|Tarsalis|2020|23","FC-090GR","NW","FC",2020,23,2020-06-02,"G","Tarsalis","culex",0
"FC090GR|Pipiens|2020|24","FC-090GR","NW","FC",2020,24,2020-06-09,"G","Pipiens","culex",1
"FC090GR|Tarsalis|2020|24","FC-090GR","NW","FC",2020,24,2020-06-09,"G","Tarsalis","culex",0
"FC090GR|Pipiens|2020|25","FC-090GR","NW","FC",2020,25,2020-06-16,"G","Pipiens","culex",11
"FC090GR|Tarsalis|2020|25","FC-090GR","NW","FC",2020,25,2020-06-16,"G","Tarsalis","culex",0
"FC090GR|Pipiens|2020|26","FC-090GR","NW","FC",2020,26,2020-06-23,"G","Pipiens","culex",10
"FC090GR|Tarsalis|2020|26","FC-090GR","NW","FC",2020,26,2020-06-23,"G","Tarsalis","culex",0
"FC090GR|Pipiens|2020|27","FC-090GR","NW","FC",2020,27,2020-06-30,"G","Pipiens","culex",19
"FC090GR|Tarsalis|2020|27","FC-090GR","NW","FC",2020,27,2020-06-30,"G","Tarsalis","culex",0
"FC090GR|Pipiens|2020|28","FC-090GR","NW","FC",2020,28,2020-07-07,"G","Pipiens","culex",111
"FC090GR|Tarsalis|2020|28","FC-090GR","NW","FC",2020,28,2020-07-07,"G","Tarsalis","culex",0
"FC090GR|Pipiens|2020|29","FC-090GR","NW","FC",2020,29,2020-07-14,"G","Pipiens","culex",62
"FC090GR|Tarsalis|2020|29","FC-090GR","NW","FC",2020,29,2020-07-14,"G","Tarsalis","culex",0
"FC090GR|Pipiens|2020|30","FC-090GR","NW","FC",2020,30,2020-07-21,"G","Pipiens","culex",19
"FC090GR|Tarsalis|2020|30","FC-090GR","NW","FC",2020,30,2020-07-21,"G","Tarsalis","culex",0
"FC090GR|Pipiens|2020|31","FC-090GR","NW","FC",2020,31,2020-07-28,"G","Pipiens","culex",32
"FC090GR|Tarsalis|2020|31","FC-090GR","NW","FC",2020,31,2020-07-28,"G","Tarsalis","culex",0
"FC090GR|Pipiens|2020|32","FC-090GR","NW","FC",2020,32,2020-08-04,"G","Pipiens","culex",27
"FC090GR|Tarsalis|2020|32","FC-090GR","NW","FC",2020,32,2020-08-04,"G","Tarsalis","culex",0
"FC090GR|Pipiens|2020|33","FC-090GR","NW","FC",2020,33,2020-08-11,"G","Pipiens","culex",25
"FC090GR|Tarsalis|2020|33","FC-090GR","NW","FC",2020,33,2020-08-11,"G","Tarsalis","culex",0
"FC090GR|Pipiens|2020|34","FC-090GR","NW","FC",2020,34,2020-08-18,"G","Pipiens","culex",68
"FC090GR|Tarsalis|2020|34","FC-090GR","NW","FC",2020,34,2020-08-18,"G","Tarsalis","culex",0
"FC090GR|Pipiens|2020|35","FC-090GR","NW","FC",2020,35,2020-08-25,"G","Pipiens","culex",33
"FC090GR|Tarsalis|2020|35","FC-090GR","NW","FC",2020,35,2020-08-25,"G","Tarsalis","culex",0
"FC090GR|Pipiens|2020|36","FC-090GR","NW","FC",2020,36,2020-09-01,"G","Pipiens","culex",20
"FC090GR|Tarsalis|2020|36","FC-090GR","NW","FC",2020,36,2020-09-01,"G","Tarsalis","culex",0
"FC090GR|Pipiens|2021|25","FC-090GR","NW","FC",2021,25,2021-06-22,"G","Pipiens","culex",27
"FC090GR|Tarsalis|2021|25","FC-090GR","NW","FC",2021,25,2021-06-22,"G","Tarsalis","culex",0
"FC090GR|Pipiens|2021|26","FC-090GR","NW","FC",2021,26,2021-06-29,"G","Pipiens","culex",38
"FC090GR|Tarsalis|2021|26","FC-090GR","NW","FC",2021,26,2021-06-29,"G","Tarsalis","culex",0
"FC090GR|Pipiens|2021|27","FC-090GR","NW","FC",2021,27,2021-07-06,"G","Pipiens","culex",28
"FC090GR|Tarsalis|2021|27","FC-090GR","NW","FC",2021,27,2021-07-06,"G","Tarsalis","culex",0
"FC090GR|Pipiens|2021|28","FC-090GR","NW","FC",2021,28,2021-07-13,"G","Pipiens","culex",166
"FC090GR|Tarsalis|2021|28","FC-090GR","NW","FC",2021,28,2021-07-13,"G","Tarsalis","culex",0
"FC090GR|Pipiens|2021|29","FC-090GR","NW","FC",2021,29,2021-07-20,"G","Pipiens","culex",9
"FC090GR|Tarsalis|2021|29","FC-090GR","NW","FC",2021,29,2021-07-20,"G","Tarsalis","culex",0
"FC090GR|Pipiens|2021|30","FC-090GR","NW","FC",2021,30,2021-07-27,"G","Pipiens","culex",84
"FC090GR|Tarsalis|2021|30","FC-090GR","NW","FC",2021,30,2021-07-27,"G","Tarsalis","culex",0
"FC090GR|Pipiens|2021|31","FC-090GR","NW","FC",2021,31,2021-08-03,"G","Pipiens","culex",6
"FC090GR|Tarsalis|2021|31","FC-090GR","NW","FC",2021,31,2021-08-03,"G","Tarsalis","culex",0
"FC090GR|Pipiens|2021|32","FC-090GR","NW","FC",2021,32,2021-08-10,"G","Pipiens","culex",36
"FC090GR|Tarsalis|2021|32","FC-090GR","NW","FC",2021,32,2021-08-10,"G","Tarsalis","culex",0
"FC090GR|Pipiens|2021|33","FC-090GR","NW","FC",2021,33,2021-08-17,"G","Pipiens","culex",141
"FC090GR|Tarsalis|2021|33","FC-090GR","NW","FC",2021,33,2021-08-17,"G","Tarsalis","culex",2
"FC090GR|Pipiens|2021|34","FC-090GR","NW","FC",2021,34,2021-08-24,"G","Pipiens","culex",46
"FC090GR|Tarsalis|2021|34","FC-090GR","NW","FC",2021,34,2021-08-24,"G","Tarsalis","culex",0
"FC090GR|Pipiens|2021|35","FC-090GR","NW","FC",2021,35,2021-08-31,"G","Pipiens","culex",22
"FC090GR|Tarsalis|2021|35","FC-090GR","NW","FC",2021,35,2021-08-31,"G","Tarsalis","culex",0
"FC090GR|Pipiens|2021|36","FC-090GR","NW","FC",2021,36,2021-09-07,"G","Pipiens","culex",17
"FC090GR|Tarsalis|2021|36","FC-090GR","NW","FC",2021,36,2021-09-07,"G","Tarsalis","culex",0
"FC090GR|Pipiens|2022|24","FC-090GR","NW","FC",2022,24,2022-06-14,"G","Pipiens","culex",7
"FC090GR|Tarsalis|2022|24","FC-090GR","NW","FC",2022,24,2022-06-14,"G","Tarsalis","culex",0
"FC090GR|Pipiens|2022|25","FC-090GR","NW","FC",2022,25,2022-06-21,"G","Pipiens","culex",3
"FC090GR|Tarsalis|2022|25","FC-090GR","NW","FC",2022,25,2022-06-21,"G","Tarsalis","culex",0
"FC090GR|Pipiens|2022|26","FC-090GR","NW","FC",2022,26,2022-06-28,"G","Pipiens","culex",25
"FC090GR|Tarsalis|2022|26","FC-090GR","NW","FC",2022,26,2022-06-28,"G","Tarsalis","culex",0
"FC090GR|Pipiens|2022|27","FC-090GR","NW","FC",2022,27,2022-07-06,"G","Pipiens","culex",10
"FC090GR|Tarsalis|2022|27","FC-090GR","NW","FC",2022,27,2022-07-06,"G","Tarsalis","culex",0
"FC090GR|Pipiens|2022|28","FC-090GR","NW","FC",2022,28,2022-07-12,"G","Pipiens","culex",14
"FC090GR|Tarsalis|2022|28","FC-090GR","NW","FC",2022,28,2022-07-12,"G","Tarsalis","culex",2
"FC090GR|Pipiens|2022|29","FC-090GR","NW","FC",2022,29,2022-07-19,"G","Pipiens","culex",116
"FC090GR|Tarsalis|2022|29","FC-090GR","NW","FC",2022,29,2022-07-19,"G","Tarsalis","culex",0
"FC090GR|Pipiens|2022|30","FC-090GR","NW","FC",2022,30,2022-07-26,"G","Pipiens","culex",26
"FC090GR|Tarsalis|2022|30","FC-090GR","NW","FC",2022,30,2022-07-26,"G","Tarsalis","culex",0
"FC090GR|Pipiens|2022|31","FC-090GR","NW","FC",2022,31,2022-08-02,"G","Pipiens","culex",11
"FC090GR|Tarsalis|2022|31","FC-090GR","NW","FC",2022,31,2022-08-02,"G","Tarsalis","culex",0
"FC090GR|Pipiens|2022|32","FC-090GR","NW","FC",2022,32,2022-08-09,"G","Pipiens","culex",17
"FC090GR|Tarsalis|2022|32","FC-090GR","NW","FC",2022,32,2022-08-09,"G","Tarsalis","culex",0
"FC090GR|Pipiens|2022|33","FC-090GR","NW","FC",2022,33,2022-08-16,"G","Pipiens","culex",8
"FC090GR|Tarsalis|2022|33","FC-090GR","NW","FC",2022,33,2022-08-16,"G","Tarsalis","culex",0
"FC090GR|Pipiens|2022|34","FC-090GR","NW","FC",2022,34,2022-08-23,"G","Pipiens","culex",26
"FC090GR|Tarsalis|2022|34","FC-090GR","NW","FC",2022,34,2022-08-23,"G","Tarsalis","culex",0
"FC090GR|Pipiens|2022|35","FC-090GR","NW","FC",2022,35,2022-08-31,"G","Pipiens","culex",20
"FC090GR|Tarsalis|2022|35","FC-090GR","NW","FC",2022,35,2022-08-31,"G","Tarsalis","culex",1
"FC090GR|Pipiens|2022|36","FC-090GR","NW","FC",2022,36,2022-09-06,"G","Pipiens","culex",18
"FC090GR|Tarsalis|2022|36","FC-090GR","NW","FC",2022,36,2022-09-06,"G","Tarsalis","culex",1
"FC090GR|Pipiens|2022|37","FC-090GR","NW","FC",2022,37,2022-09-13,"G","Pipiens","culex",2
"FC090GR|Tarsalis|2022|37","FC-090GR","NW","FC",2022,37,2022-09-13,"G","Tarsalis","culex",0
"FC090GR|Pipiens|2023|23","FC-090GR","NW","FC",2023,23,2023-06-06,"G","Pipiens","culex",1
"FC090GR|Tarsalis|2023|23","FC-090GR","NW","FC",2023,23,2023-06-06,"G","Tarsalis","culex",0
"FC090GR|Pipiens|2023|25","FC-090GR","NW","FC",2023,25,2023-06-20,"G","Pipiens","culex",2
"FC090GR|Tarsalis|2023|25","FC-090GR","NW","FC",2023,25,2023-06-20,"G","Tarsalis","culex",0
"FC090GR|Pipiens|2023|26","FC-090GR","NW","FC",2023,26,2023-06-27,"G","Pipiens","culex",7
"FC090GR|Tarsalis|2023|26","FC-090GR","NW","FC",2023,26,2023-06-27,"G","Tarsalis","culex",0
"FC090GR|Pipiens|2023|27","FC-090GR","NW","FC",2023,27,2023-07-05,"G","Pipiens","culex",3
"FC090GR|Tarsalis|2023|27","FC-090GR","NW","FC",2023,27,2023-07-05,"G","Tarsalis","culex",0
"FC090GR|Pipiens|2023|28","FC-090GR","NW","FC",2023,28,2023-07-11,"G","Pipiens","culex",11
"FC090GR|Tarsalis|2023|28","FC-090GR","NW","FC",2023,28,2023-07-11,"G","Tarsalis","culex",0
"FC090GR|Pipiens|2023|29","FC-090GR","NW","FC",2023,29,2023-07-18,"G","Pipiens","culex",93
"FC090GR|Tarsalis|2023|29","FC-090GR","NW","FC",2023,29,2023-07-18,"G","Tarsalis","culex",1
"FC090GR|Pipiens|2023|30","FC-090GR","NW","FC",2023,30,2023-07-26,"G","Pipiens","culex",11
"FC090GR|Tarsalis|2023|30","FC-090GR","NW","FC",2023,30,2023-07-26,"G","Tarsalis","culex",0
"FC090GR|Pipiens|2023|31","FC-090GR","NW","FC",2023,31,2023-08-01,"G","Pipiens","culex",28
"FC090GR|Tarsalis|2023|31","FC-090GR","NW","FC",2023,31,2023-08-01,"G","Tarsalis","culex",0
"FC090GR|Pipiens|2023|32","FC-090GR","NW","FC",2023,32,2023-08-09,"G","Pipiens","culex",30
"FC090GR|Tarsalis|2023|32","FC-090GR","NW","FC",2023,32,2023-08-09,"G","Tarsalis","culex",0
"FC090GR|Pipiens|2023|33","FC-090GR","NW","FC",2023,33,2023-08-15,"G","Pipiens","culex",26
"FC090GR|Tarsalis|2023|33","FC-090GR","NW","FC",2023,33,2023-08-15,"G","Tarsalis","culex",0
"FC090GR|Pipiens|2023|34","FC-090GR","NW","FC",2023,34,2023-08-22,"G","Pipiens","culex",21
"FC090GR|Tarsalis|2023|34","FC-090GR","NW","FC",2023,34,2023-08-22,"G","Tarsalis","culex",1
"FC090GR|Pipiens|2023|35","FC-090GR","NW","FC",2023,35,2023-08-29,"G","Pipiens","culex",42
"FC090GR|Tarsalis|2023|35","FC-090GR","NW","FC",2023,35,2023-08-29,"G","Tarsalis","culex",0
"FC090GR|Pipiens|2023|36","FC-090GR","NW","FC",2023,36,2023-09-06,"G","Pipiens","culex",9
"FC090GR|Tarsalis|2023|36","FC-090GR","NW","FC",2023,36,2023-09-06,"G","Tarsalis","culex",0
"FC090GR|Pipiens|2023|37","FC-090GR","NW","FC",2023,37,2023-09-11,"G","Pipiens","culex",1
"FC090GR|Tarsalis|2023|37","FC-090GR","NW","FC",2023,37,2023-09-11,"G","Tarsalis","culex",0
"FC090GR|Pipiens|2024|23","FC-090GR","NW","FC",2024,23,2024-06-04,"G","Pipiens","culex",5
"FC090GR|Tarsalis|2024|23","FC-090GR","NW","FC",2024,23,2024-06-04,"G","Tarsalis","culex",0
"FC090GR|Pipiens|2024|24","FC-090GR","NW","FC",2024,24,2024-06-11,"G","Pipiens","culex",4
"FC090GR|Tarsalis|2024|24","FC-090GR","NW","FC",2024,24,2024-06-11,"G","Tarsalis","culex",0
"FC090GR|Pipiens|2024|25","FC-090GR","NW","FC",2024,25,2024-06-19,"G","Pipiens","culex",3
"FC090GR|Tarsalis|2024|25","FC-090GR","NW","FC",2024,25,2024-06-19,"G","Tarsalis","culex",0
"FC090GR|Pipiens|2024|26","FC-090GR","NW","FC",2024,26,2024-06-26,"G","Pipiens","culex",52
"FC090GR|Tarsalis|2024|26","FC-090GR","NW","FC",2024,26,2024-06-26,"G","Tarsalis","culex",0
"FC090GR|Pipiens|2024|27","FC-090GR","NW","FC",2024,27,2024-07-02,"G","Pipiens","culex",20
"FC090GR|Tarsalis|2024|27","FC-090GR","NW","FC",2024,27,2024-07-02,"G","Tarsalis","culex",0
"FC090GR|Pipiens|2024|28","FC-090GR","NW","FC",2024,28,2024-07-10,"G","Pipiens","culex",53
"FC090GR|Tarsalis|2024|28","FC-090GR","NW","FC",2024,28,2024-07-10,"G","Tarsalis","culex",0
"FC090GR|Pipiens|2024|29","FC-090GR","NW","FC",2024,29,2024-07-17,"G","Pipiens","culex",69
"FC090GR|Tarsalis|2024|29","FC-090GR","NW","FC",2024,29,2024-07-17,"G","Tarsalis","culex",1
"FC090GR|Pipiens|2024|30","FC-090GR","NW","FC",2024,30,2024-07-24,"G","Pipiens","culex",89
"FC090GR|Tarsalis|2024|30","FC-090GR","NW","FC",2024,30,2024-07-24,"G","Tarsalis","culex",0
"FC090GR|Pipiens|2024|31","FC-090GR","NW","FC",2024,31,2024-07-31,"G","Pipiens","culex",148
"FC090GR|Tarsalis|2024|31","FC-090GR","NW","FC",2024,31,2024-07-31,"G","Tarsalis","culex",0
"FC090GR|Pipiens|2024|32","FC-090GR","NW","FC",2024,32,2024-08-07,"G","Pipiens","culex",37
"FC090GR|Tarsalis|2024|32","FC-090GR","NW","FC",2024,32,2024-08-07,"G","Tarsalis","culex",0
"FC090GR|Pipiens|2024|33","FC-090GR","NW","FC",2024,33,2024-08-14,"G","Pipiens","culex",16
"FC090GR|Tarsalis|2024|33","FC-090GR","NW","FC",2024,33,2024-08-14,"G","Tarsalis","culex",0
"FC090GR|Pipiens|2024|34","FC-090GR","NW","FC",2024,34,2024-08-21,"G","Pipiens","culex",68
"FC090GR|Tarsalis|2024|34","FC-090GR","NW","FC",2024,34,2024-08-21,"G","Tarsalis","culex",1
"FC090GR|Pipiens|2024|35","FC-090GR","NW","FC",2024,35,2024-08-28,"G","Pipiens","culex",37
"FC090GR|Tarsalis|2024|35","FC-090GR","NW","FC",2024,35,2024-08-28,"G","Tarsalis","culex",0
"FC090GR|Pipiens|2024|36","FC-090GR","NW","FC",2024,36,2024-09-04,"G","Pipiens","culex",50
"FC090GR|Tarsalis|2024|36","FC-090GR","NW","FC",2024,36,2024-09-04,"G","Tarsalis","culex",1
"FC090GR|Pipiens|2024|37","FC-090GR","NW","FC",2024,37,2024-09-11,"G","Pipiens","culex",31
"FC090GR|Tarsalis|2024|37","FC-090GR","NW","FC",2024,37,2024-09-11,"G","Tarsalis","culex",0
"FC090GR|Pipiens|2025|26","FC-090GR","NW","FC",2025,26,2025-06-25,"G","Pipiens","culex",6
"FC090GR|Tarsalis|2025|26","FC-090GR","NW","FC",2025,26,2025-06-25,"G","Tarsalis","culex",0
"FC090GR|Pipiens|2025|27","FC-090GR","NW","FC",2025,27,2025-07-02,"G","Pipiens","culex",28
"FC090GR|Tarsalis|2025|27","FC-090GR","NW","FC",2025,27,2025-07-02,"G","Tarsalis","culex",0
"FC090GR|Pipiens|2025|28","FC-090GR","NW","FC",2025,28,2025-07-09,"G","Pipiens","culex",35
"FC090GR|Tarsalis|2025|28","FC-090GR","NW","FC",2025,28,2025-07-09,"G","Tarsalis","culex",0
"FC090GR|Pipiens|2025|29","FC-090GR","NW","FC",2025,29,2025-07-16,"G","Pipiens","culex",74
"FC090GR|Tarsalis|2025|29","FC-090GR","NW","FC",2025,29,2025-07-16,"G","Tarsalis","culex",2
"FC090GR|Pipiens|2025|30","FC-090GR","NW","FC",2025,30,2025-07-23,"G","Pipiens","culex",30
"FC090GR|Tarsalis|2025|30","FC-090GR","NW","FC",2025,30,2025-07-23,"G","Tarsalis","culex",0
"FC090GR|Pipiens|2025|31","FC-090GR","NW","FC",2025,31,2025-07-30,"G","Pipiens","culex",30
"FC090GR|Tarsalis|2025|31","FC-090GR","NW","FC",2025,31,2025-07-30,"G","Tarsalis","culex",0
"FC090GR|Pipiens|2025|32","FC-090GR","NW","FC",2025,32,2025-08-06,"G","Pipiens","culex",36
"FC090GR|Tarsalis|2025|32","FC-090GR","NW","FC",2025,32,2025-08-06,"G","Tarsalis","culex",0
"FC090GR|Pipiens|2025|33","FC-090GR","NW","FC",2025,33,2025-08-13,"G","Pipiens","culex",11
"FC090GR|Tarsalis|2025|33","FC-090GR","NW","FC",2025,33,2025-08-13,"G","Tarsalis","culex",1
"FC090GR|Pipiens|2025|34","FC-090GR","NW","FC",2025,34,2025-08-20,"G","Pipiens","culex",23
"FC090GR|Tarsalis|2025|34","FC-090GR","NW","FC",2025,34,2025-08-20,"G","Tarsalis","culex",0
"FC090GR|Pipiens|2025|35","FC-090GR","NW","FC",2025,35,2025-08-27,"G","Pipiens","culex",4
"FC090GR|Tarsalis|2025|35","FC-090GR","NW","FC",2025,35,2025-08-27,"G","Tarsalis","culex",0
"FC090GR|Pipiens|2025|36","FC-090GR","NW","FC",2025,36,2025-09-03,"G","Pipiens","culex",30
"FC090GR|Tarsalis|2025|36","FC-090GR","NW","FC",2025,36,2025-09-03,"G","Tarsalis","culex",0
"FC091GR|Pipiens|2020|22","FC-091GR","NE","FC",2020,22,2020-05-31,"G","Pipiens","culex",1
"FC091GR|Tarsalis|2020|22","FC-091GR","NE","FC",2020,22,2020-05-31,"G","Tarsalis","culex",0
"FC091GR|Pipiens|2020|24","FC-091GR","NE","FC",2020,24,2020-06-14,"G","Pipiens","culex",12
"FC091GR|Tarsalis|2020|24","FC-091GR","NE","FC",2020,24,2020-06-14,"G","Tarsalis","culex",0
"FC091GR|Pipiens|2020|25","FC-091GR","NE","FC",2020,25,2020-06-21,"G","Pipiens","culex",6
"FC091GR|Tarsalis|2020|25","FC-091GR","NE","FC",2020,25,2020-06-21,"G","Tarsalis","culex",0
"FC091GR|Pipiens|2020|26","FC-091GR","NE","FC",2020,26,2020-06-28,"G","Pipiens","culex",4
"FC091GR|Tarsalis|2020|26","FC-091GR","NE","FC",2020,26,2020-06-28,"G","Tarsalis","culex",1
"FC091GR|Pipiens|2020|27","FC-091GR","NE","FC",2020,27,2020-07-05,"G","Pipiens","culex",12
"FC091GR|Tarsalis|2020|27","FC-091GR","NE","FC",2020,27,2020-07-05,"G","Tarsalis","culex",0
"FC091GR|Pipiens|2020|28","FC-091GR","NE","FC",2020,28,2020-07-12,"G","Pipiens","culex",13
"FC091GR|Tarsalis|2020|28","FC-091GR","NE","FC",2020,28,2020-07-12,"G","Tarsalis","culex",0
"FC091GR|Pipiens|2020|29","FC-091GR","NE","FC",2020,29,2020-07-19,"G","Pipiens","culex",90
"FC091GR|Tarsalis|2020|29","FC-091GR","NE","FC",2020,29,2020-07-19,"G","Tarsalis","culex",1
"FC091GR|Pipiens|2020|30","FC-091GR","NE","FC",2020,30,2020-07-26,"G","Pipiens","culex",25
"FC091GR|Tarsalis|2020|30","FC-091GR","NE","FC",2020,30,2020-07-26,"G","Tarsalis","culex",0
"FC091GR|Pipiens|2020|31","FC-091GR","NE","FC",2020,31,2020-08-02,"G","Pipiens","culex",13
"FC091GR|Tarsalis|2020|31","FC-091GR","NE","FC",2020,31,2020-08-02,"G","Tarsalis","culex",0
"FC091GR|Pipiens|2020|32","FC-091GR","NE","FC",2020,32,2020-08-09,"G","Pipiens","culex",14
"FC091GR|Tarsalis|2020|32","FC-091GR","NE","FC",2020,32,2020-08-09,"G","Tarsalis","culex",0
"FC091GR|Pipiens|2020|33","FC-091GR","NE","FC",2020,33,2020-08-16,"G","Pipiens","culex",10
"FC091GR|Tarsalis|2020|33","FC-091GR","NE","FC",2020,33,2020-08-16,"G","Tarsalis","culex",0
"FC091GR|Pipiens|2020|34","FC-091GR","NE","FC",2020,34,2020-08-23,"G","Pipiens","culex",13
"FC091GR|Tarsalis|2020|34","FC-091GR","NE","FC",2020,34,2020-08-23,"G","Tarsalis","culex",0
"FC091GR|Pipiens|2020|35","FC-091GR","NE","FC",2020,35,2020-08-30,"G","Pipiens","culex",2
"FC091GR|Tarsalis|2020|35","FC-091GR","NE","FC",2020,35,2020-08-30,"G","Tarsalis","culex",0
"FC091GR|Pipiens|2021|25","FC-091GR","NE","FC",2021,25,2021-06-27,"G","Pipiens","culex",2
"FC091GR|Tarsalis|2021|25","FC-091GR","NE","FC",2021,25,2021-06-27,"G","Tarsalis","culex",0
"FC091GR|Pipiens|2021|26","FC-091GR","NE","FC",2021,26,2021-07-04,"G","Pipiens","culex",11
"FC091GR|Tarsalis|2021|26","FC-091GR","NE","FC",2021,26,2021-07-04,"G","Tarsalis","culex",0
"FC091GR|Pipiens|2021|27","FC-091GR","NE","FC",2021,27,2021-07-11,"G","Pipiens","culex",20
"FC091GR|Tarsalis|2021|27","FC-091GR","NE","FC",2021,27,2021-07-11,"G","Tarsalis","culex",0
"FC091GR|Pipiens|2021|28","FC-091GR","NE","FC",2021,28,2021-07-18,"G","Pipiens","culex",68
"FC091GR|Tarsalis|2021|28","FC-091GR","NE","FC",2021,28,2021-07-18,"G","Tarsalis","culex",1
"FC091GR|Pipiens|2021|29","FC-091GR","NE","FC",2021,29,2021-07-25,"G","Pipiens","culex",7
"FC091GR|Tarsalis|2021|29","FC-091GR","NE","FC",2021,29,2021-07-25,"G","Tarsalis","culex",0
"FC091GR|Pipiens|2021|30","FC-091GR","NE","FC",2021,30,2021-08-01,"G","Pipiens","culex",25
"FC091GR|Tarsalis|2021|30","FC-091GR","NE","FC",2021,30,2021-08-01,"G","Tarsalis","culex",0
"FC091GR|Pipiens|2021|31","FC-091GR","NE","FC",2021,31,2021-08-08,"G","Pipiens","culex",45
"FC091GR|Tarsalis|2021|31","FC-091GR","NE","FC",2021,31,2021-08-08,"G","Tarsalis","culex",2
"FC091GR|Pipiens|2021|32","FC-091GR","NE","FC",2021,32,2021-08-15,"G","Pipiens","culex",22
"FC091GR|Tarsalis|2021|32","FC-091GR","NE","FC",2021,32,2021-08-15,"G","Tarsalis","culex",0
"FC091GR|Pipiens|2021|33","FC-091GR","NE","FC",2021,33,2021-08-22,"G","Pipiens","culex",12
"FC091GR|Tarsalis|2021|33","FC-091GR","NE","FC",2021,33,2021-08-22,"G","Tarsalis","culex",0
"FC091GR|Pipiens|2021|35","FC-091GR","NE","FC",2021,35,2021-08-30,"G","Pipiens","culex",6
"FC091GR|Tarsalis|2021|35","FC-091GR","NE","FC",2021,35,2021-08-30,"G","Tarsalis","culex",0
"FC091GR|Pipiens|2021|36","FC-091GR","NE","FC",2021,36,2021-09-06,"G","Pipiens","culex",4
"FC091GR|Tarsalis|2021|36","FC-091GR","NE","FC",2021,36,2021-09-06,"G","Tarsalis","culex",1
"FC091GR|Pipiens|2022|23","FC-091GR","NE","FC",2022,23,2022-06-12,"G","Pipiens","culex",1
"FC091GR|Tarsalis|2022|23","FC-091GR","NE","FC",2022,23,2022-06-12,"G","Tarsalis","culex",1
"FC091GR|Pipiens|2022|26","FC-091GR","NE","FC",2022,26,2022-07-03,"G","Pipiens","culex",3
"FC091GR|Tarsalis|2022|26","FC-091GR","NE","FC",2022,26,2022-07-03,"G","Tarsalis","culex",0
"FC091GR|Pipiens|2022|27","FC-091GR","NE","FC",2022,27,2022-07-10,"G","Pipiens","culex",12
"FC091GR|Tarsalis|2022|27","FC-091GR","NE","FC",2022,27,2022-07-10,"G","Tarsalis","culex",0
"FC091GR|Pipiens|2022|28","FC-091GR","NE","FC",2022,28,2022-07-17,"G","Pipiens","culex",55
"FC091GR|Tarsalis|2022|28","FC-091GR","NE","FC",2022,28,2022-07-17,"G","Tarsalis","culex",0
"FC091GR|Pipiens|2022|29","FC-091GR","NE","FC",2022,29,2022-07-24,"G","Pipiens","culex",4
"FC091GR|Tarsalis|2022|29","FC-091GR","NE","FC",2022,29,2022-07-24,"G","Tarsalis","culex",1
"FC091GR|Pipiens|2022|30","FC-091GR","NE","FC",2022,30,2022-07-31,"G","Pipiens","culex",31
"FC091GR|Tarsalis|2022|30","FC-091GR","NE","FC",2022,30,2022-07-31,"G","Tarsalis","culex",3
"FC091GR|Pipiens|2022|31","FC-091GR","NE","FC",2022,31,2022-08-07,"G","Pipiens","culex",3
"FC091GR|Tarsalis|2022|31","FC-091GR","NE","FC",2022,31,2022-08-07,"G","Tarsalis","culex",0
"FC091GR|Pipiens|2022|32","FC-091GR","NE","FC",2022,32,2022-08-14,"G","Pipiens","culex",22
"FC091GR|Tarsalis|2022|32","FC-091GR","NE","FC",2022,32,2022-08-14,"G","Tarsalis","culex",4
"FC091GR|Pipiens|2022|33","FC-091GR","NE","FC",2022,33,2022-08-21,"G","Pipiens","culex",6
"FC091GR|Tarsalis|2022|33","FC-091GR","NE","FC",2022,33,2022-08-21,"G","Tarsalis","culex",1
"FC091GR|Pipiens|2022|35","FC-091GR","NE","FC",2022,35,2022-08-29,"G","Pipiens","culex",5
"FC091GR|Tarsalis|2022|35","FC-091GR","NE","FC",2022,35,2022-08-29,"G","Tarsalis","culex",1
"FC091GR|Pipiens|2022|36","FC-091GR","NE","FC",2022,36,2022-09-06,"G","Pipiens","culex",18
"FC091GR|Tarsalis|2022|36","FC-091GR","NE","FC",2022,36,2022-09-06,"G","Tarsalis","culex",1
"FC091GR|Pipiens|2022|37","FC-091GR","NE","FC",2022,37,2022-09-13,"G","Pipiens","culex",4
"FC091GR|Tarsalis|2022|37","FC-091GR","NE","FC",2022,37,2022-09-13,"G","Tarsalis","culex",1
"FC091GR|Pipiens|2023|24","FC-091GR","NE","FC",2023,24,2023-06-18,"G","Pipiens","culex",4
"FC091GR|Tarsalis|2023|24","FC-091GR","NE","FC",2023,24,2023-06-18,"G","Tarsalis","culex",0
"FC091GR|Pipiens|2023|25","FC-091GR","NE","FC",2023,25,2023-06-25,"G","Pipiens","culex",10
"FC091GR|Tarsalis|2023|25","FC-091GR","NE","FC",2023,25,2023-06-25,"G","Tarsalis","culex",0
"FC091GR|Pipiens|2023|26","FC-091GR","NE","FC",2023,26,2023-07-02,"G","Pipiens","culex",6
"FC091GR|Tarsalis|2023|26","FC-091GR","NE","FC",2023,26,2023-07-02,"G","Tarsalis","culex",3
"FC091GR|Pipiens|2023|27","FC-091GR","NE","FC",2023,27,2023-07-09,"G","Pipiens","culex",12
"FC091GR|Tarsalis|2023|27","FC-091GR","NE","FC",2023,27,2023-07-09,"G","Tarsalis","culex",0
"FC091GR|Pipiens|2023|28","FC-091GR","NE","FC",2023,28,2023-07-16,"G","Pipiens","culex",2
"FC091GR|Tarsalis|2023|28","FC-091GR","NE","FC",2023,28,2023-07-16,"G","Tarsalis","culex",0
"FC091GR|Pipiens|2023|29","FC-091GR","NE","FC",2023,29,2023-07-23,"G","Pipiens","culex",39
"FC091GR|Tarsalis|2023|29","FC-091GR","NE","FC",2023,29,2023-07-23,"G","Tarsalis","culex",3
"FC091GR|Pipiens|2023|31","FC-091GR","NE","FC",2023,31,2023-08-06,"G","Pipiens","culex",18
"FC091GR|Tarsalis|2023|31","FC-091GR","NE","FC",2023,31,2023-08-06,"G","Tarsalis","culex",0
"FC091GR|Pipiens|2023|32","FC-091GR","NE","FC",2023,32,2023-08-13,"G","Pipiens","culex",5
"FC091GR|Tarsalis|2023|32","FC-091GR","NE","FC",2023,32,2023-08-13,"G","Tarsalis","culex",0
"FC091GR|Pipiens|2023|34","FC-091GR","NE","FC",2023,34,2023-08-21,"G","Pipiens","culex",26
"FC091GR|Tarsalis|2023|34","FC-091GR","NE","FC",2023,34,2023-08-21,"G","Tarsalis","culex",0
"FC091GR|Pipiens|2023|36","FC-091GR","NE","FC",2023,36,2023-09-04,"G","Pipiens","culex",7
"FC091GR|Tarsalis|2023|36","FC-091GR","NE","FC",2023,36,2023-09-04,"G","Tarsalis","culex",0
"FC091GR|Pipiens|2024|23","FC-091GR","NE","FC",2024,23,2024-06-09,"G","Pipiens","culex",1
"FC091GR|Tarsalis|2024|23","FC-091GR","NE","FC",2024,23,2024-06-09,"G","Tarsalis","culex",0
"FC091GR|Pipiens|2024|25","FC-091GR","NE","FC",2024,25,2024-06-17,"G","Pipiens","culex",1
"FC091GR|Tarsalis|2024|25","FC-091GR","NE","FC",2024,25,2024-06-17,"G","Tarsalis","culex",0
"FC091GR|Pipiens|2024|26","FC-091GR","NE","FC",2024,26,2024-06-24,"G","Pipiens","culex",6
"FC091GR|Tarsalis|2024|26","FC-091GR","NE","FC",2024,26,2024-06-24,"G","Tarsalis","culex",1
"FC091GR|Pipiens|2024|27","FC-091GR","NE","FC",2024,27,2024-07-01,"G","Pipiens","culex",17
"FC091GR|Tarsalis|2024|27","FC-091GR","NE","FC",2024,27,2024-07-01,"G","Tarsalis","culex",1
"FC091GR|Pipiens|2024|28","FC-091GR","NE","FC",2024,28,2024-07-08,"G","Pipiens","culex",2
"FC091GR|Tarsalis|2024|28","FC-091GR","NE","FC",2024,28,2024-07-08,"G","Tarsalis","culex",0
"FC091GR|Pipiens|2024|29","FC-091GR","NE","FC",2024,29,2024-07-15,"G","Pipiens","culex",9
"FC091GR|Tarsalis|2024|29","FC-091GR","NE","FC",2024,29,2024-07-15,"G","Tarsalis","culex",0
"FC091GR|Pipiens|2024|30","FC-091GR","NE","FC",2024,30,2024-07-22,"G","Pipiens","culex",9
"FC091GR|Tarsalis|2024|30","FC-091GR","NE","FC",2024,30,2024-07-22,"G","Tarsalis","culex",0
"FC091GR|Pipiens|2024|31","FC-091GR","NE","FC",2024,31,2024-07-29,"G","Pipiens","culex",10
"FC091GR|Tarsalis|2024|31","FC-091GR","NE","FC",2024,31,2024-07-29,"G","Tarsalis","culex",0
"FC091GR|Pipiens|2024|32","FC-091GR","NE","FC",2024,32,2024-08-05,"G","Pipiens","culex",14
"FC091GR|Tarsalis|2024|32","FC-091GR","NE","FC",2024,32,2024-08-05,"G","Tarsalis","culex",0
"FC091GR|Pipiens|2024|33","FC-091GR","NE","FC",2024,33,2024-08-12,"G","Pipiens","culex",10
"FC091GR|Tarsalis|2024|33","FC-091GR","NE","FC",2024,33,2024-08-12,"G","Tarsalis","culex",0
"FC091GR|Pipiens|2024|34","FC-091GR","NE","FC",2024,34,2024-08-19,"G","Pipiens","culex",10
"FC091GR|Tarsalis|2024|34","FC-091GR","NE","FC",2024,34,2024-08-19,"G","Tarsalis","culex",0
"FC091GR|Pipiens|2024|35","FC-091GR","NE","FC",2024,35,2024-08-26,"G","Pipiens","culex",7
"FC091GR|Tarsalis|2024|35","FC-091GR","NE","FC",2024,35,2024-08-26,"G","Tarsalis","culex",0
"FC091GR|Pipiens|2024|36","FC-091GR","NE","FC",2024,36,2024-09-04,"G","Pipiens","culex",20
"FC091GR|Tarsalis|2024|36","FC-091GR","NE","FC",2024,36,2024-09-04,"G","Tarsalis","culex",0
"FC091GR|Pipiens|2024|37","FC-091GR","NE","FC",2024,37,2024-09-09,"G","Pipiens","culex",3
"FC091GR|Tarsalis|2024|37","FC-091GR","NE","FC",2024,37,2024-09-09,"G","Tarsalis","culex",0
"FC091GR|Pipiens|2025|25","FC-091GR","NE","FC",2025,25,2025-06-16,"G","Pipiens","culex",1
"FC091GR|Tarsalis|2025|25","FC-091GR","NE","FC",2025,25,2025-06-16,"G","Tarsalis","culex",0
"FC091GR|Pipiens|2025|26","FC-091GR","NE","FC",2025,26,2025-06-23,"G","Pipiens","culex",2
"FC091GR|Tarsalis|2025|26","FC-091GR","NE","FC",2025,26,2025-06-23,"G","Tarsalis","culex",0
"FC091GR|Pipiens|2025|27","FC-091GR","NE","FC",2025,27,2025-06-30,"G","Pipiens","culex",35
"FC091GR|Tarsalis|2025|27","FC-091GR","NE","FC",2025,27,2025-06-30,"G","Tarsalis","culex",0
"FC091GR|Pipiens|2025|28","FC-091GR","NE","FC",2025,28,2025-07-07,"G","Pipiens","culex",6
"FC091GR|Tarsalis|2025|28","FC-091GR","NE","FC",2025,28,2025-07-07,"G","Tarsalis","culex",0
"FC091GR|Pipiens|2025|29","FC-091GR","NE","FC",2025,29,2025-07-14,"G","Pipiens","culex",55
"FC091GR|Tarsalis|2025|29","FC-091GR","NE","FC",2025,29,2025-07-14,"G","Tarsalis","culex",1
"FC091GR|Pipiens|2025|30","FC-091GR","NE","FC",2025,30,2025-07-21,"G","Pipiens","culex",76
"FC091GR|Tarsalis|2025|30","FC-091GR","NE","FC",2025,30,2025-07-21,"G","Tarsalis","culex",0
"FC091GR|Pipiens|2025|31","FC-091GR","NE","FC",2025,31,2025-07-28,"G","Pipiens","culex",65
"FC091GR|Tarsalis|2025|31","FC-091GR","NE","FC",2025,31,2025-07-28,"G","Tarsalis","culex",0
"FC091GR|Pipiens|2025|32","FC-091GR","NE","FC",2025,32,2025-08-04,"G","Pipiens","culex",23
"FC091GR|Tarsalis|2025|32","FC-091GR","NE","FC",2025,32,2025-08-04,"G","Tarsalis","culex",0
"FC091GR|Pipiens|2025|33","FC-091GR","NE","FC",2025,33,2025-08-11,"G","Pipiens","culex",5
"FC091GR|Tarsalis|2025|33","FC-091GR","NE","FC",2025,33,2025-08-11,"G","Tarsalis","culex",0
"FC091GR|Pipiens|2025|34","FC-091GR","NE","FC",2025,34,2025-08-18,"G","Pipiens","culex",68
"FC091GR|Tarsalis|2025|34","FC-091GR","NE","FC",2025,34,2025-08-18,"G","Tarsalis","culex",0
"FC091GR|Pipiens|2025|35","FC-091GR","NE","FC",2025,35,2025-08-25,"G","Pipiens","culex",3
"FC091GR|Tarsalis|2025|35","FC-091GR","NE","FC",2025,35,2025-08-25,"G","Tarsalis","culex",0
"FC091GR|Pipiens|2025|36","FC-091GR","NE","FC",2025,36,2025-09-03,"G","Pipiens","culex",20
"FC091GR|Tarsalis|2025|36","FC-091GR","NE","FC",2025,36,2025-09-03,"G","Tarsalis","culex",1
"FC092GR|Pipiens|2020|22","FC-092GR","NE","FC",2020,22,2020-05-31,"G","Pipiens","culex",8
"FC092GR|Tarsalis|2020|22","FC-092GR","NE","FC",2020,22,2020-05-31,"G","Tarsalis","culex",0
"FC092GR|Pipiens|2020|23","FC-092GR","NE","FC",2020,23,2020-06-07,"G","Pipiens","culex",5
"FC092GR|Tarsalis|2020|23","FC-092GR","NE","FC",2020,23,2020-06-07,"G","Tarsalis","culex",0
"FC092GR|Pipiens|2020|24","FC-092GR","NE","FC",2020,24,2020-06-14,"G","Pipiens","culex",9
"FC092GR|Tarsalis|2020|24","FC-092GR","NE","FC",2020,24,2020-06-14,"G","Tarsalis","culex",0
"FC092GR|Pipiens|2020|25","FC-092GR","NE","FC",2020,25,2020-06-21,"G","Pipiens","culex",5
"FC092GR|Tarsalis|2020|25","FC-092GR","NE","FC",2020,25,2020-06-21,"G","Tarsalis","culex",0
"FC092GR|Pipiens|2020|26","FC-092GR","NE","FC",2020,26,2020-06-28,"G","Pipiens","culex",22
"FC092GR|Tarsalis|2020|26","FC-092GR","NE","FC",2020,26,2020-06-28,"G","Tarsalis","culex",0
"FC092GR|Pipiens|2020|27","FC-092GR","NE","FC",2020,27,2020-07-05,"G","Pipiens","culex",26
"FC092GR|Tarsalis|2020|27","FC-092GR","NE","FC",2020,27,2020-07-05,"G","Tarsalis","culex",0
"FC092GR|Pipiens|2020|29","FC-092GR","NE","FC",2020,29,2020-07-19,"G","Pipiens","culex",17
"FC092GR|Tarsalis|2020|29","FC-092GR","NE","FC",2020,29,2020-07-19,"G","Tarsalis","culex",0
"FC092GR|Pipiens|2020|30","FC-092GR","NE","FC",2020,30,2020-07-26,"G","Pipiens","culex",150
"FC092GR|Tarsalis|2020|30","FC-092GR","NE","FC",2020,30,2020-07-26,"G","Tarsalis","culex",0
"FC092GR|Pipiens|2020|31","FC-092GR","NE","FC",2020,31,2020-08-02,"G","Pipiens","culex",28
"FC092GR|Tarsalis|2020|31","FC-092GR","NE","FC",2020,31,2020-08-02,"G","Tarsalis","culex",0
"FC092GR|Pipiens|2020|32","FC-092GR","NE","FC",2020,32,2020-08-09,"G","Pipiens","culex",48
"FC092GR|Tarsalis|2020|32","FC-092GR","NE","FC",2020,32,2020-08-09,"G","Tarsalis","culex",0
"FC092GR|Pipiens|2020|33","FC-092GR","NE","FC",2020,33,2020-08-16,"G","Pipiens","culex",80
"FC092GR|Tarsalis|2020|33","FC-092GR","NE","FC",2020,33,2020-08-16,"G","Tarsalis","culex",0
"FC092GR|Pipiens|2020|34","FC-092GR","NE","FC",2020,34,2020-08-23,"G","Pipiens","culex",112
"FC092GR|Tarsalis|2020|34","FC-092GR","NE","FC",2020,34,2020-08-23,"G","Tarsalis","culex",0
"FC092GR|Pipiens|2020|35","FC-092GR","NE","FC",2020,35,2020-08-30,"G","Pipiens","culex",6
"FC092GR|Tarsalis|2020|35","FC-092GR","NE","FC",2020,35,2020-08-30,"G","Tarsalis","culex",0
"FC092GR|Pipiens|2021|24","FC-092GR","NE","FC",2021,24,2021-06-20,"G","Pipiens","culex",7
"FC092GR|Tarsalis|2021|24","FC-092GR","NE","FC",2021,24,2021-06-20,"G","Tarsalis","culex",0
"FC092GR|Pipiens|2021|25","FC-092GR","NE","FC",2021,25,2021-06-27,"G","Pipiens","culex",1
"FC092GR|Tarsalis|2021|25","FC-092GR","NE","FC",2021,25,2021-06-27,"G","Tarsalis","culex",0
"FC092GR|Pipiens|2021|26","FC-092GR","NE","FC",2021,26,2021-07-04,"G","Pipiens","culex",27
"FC092GR|Tarsalis|2021|26","FC-092GR","NE","FC",2021,26,2021-07-04,"G","Tarsalis","culex",0
"FC092GR|Pipiens|2021|27","FC-092GR","NE","FC",2021,27,2021-07-11,"G","Pipiens","culex",31
"FC092GR|Tarsalis|2021|27","FC-092GR","NE","FC",2021,27,2021-07-11,"G","Tarsalis","culex",0
"FC092GR|Pipiens|2021|28","FC-092GR","NE","FC",2021,28,2021-07-18,"G","Pipiens","culex",33
"FC092GR|Tarsalis|2021|28","FC-092GR","NE","FC",2021,28,2021-07-18,"G","Tarsalis","culex",3
"FC092GR|Pipiens|2021|29","FC-092GR","NE","FC",2021,29,2021-07-25,"G","Pipiens","culex",50
"FC092GR|Tarsalis|2021|29","FC-092GR","NE","FC",2021,29,2021-07-25,"G","Tarsalis","culex",1
"FC092GR|Pipiens|2021|30","FC-092GR","NE","FC",2021,30,2021-08-01,"G","Pipiens","culex",29
"FC092GR|Tarsalis|2021|30","FC-092GR","NE","FC",2021,30,2021-08-01,"G","Tarsalis","culex",0
"FC092GR|Pipiens|2021|31","FC-092GR","NE","FC",2021,31,2021-08-08,"G","Pipiens","culex",8
"FC092GR|Tarsalis|2021|31","FC-092GR","NE","FC",2021,31,2021-08-08,"G","Tarsalis","culex",0
"FC092GR|Pipiens|2021|32","FC-092GR","NE","FC",2021,32,2021-08-15,"G","Pipiens","culex",10
"FC092GR|Tarsalis|2021|32","FC-092GR","NE","FC",2021,32,2021-08-15,"G","Tarsalis","culex",1
"FC092GR|Pipiens|2021|33","FC-092GR","NE","FC",2021,33,2021-08-22,"G","Pipiens","culex",17
"FC092GR|Tarsalis|2021|33","FC-092GR","NE","FC",2021,33,2021-08-22,"G","Tarsalis","culex",0
"FC092GR|Pipiens|2021|35","FC-092GR","NE","FC",2021,35,2021-08-30,"G","Pipiens","culex",20
"FC092GR|Tarsalis|2021|35","FC-092GR","NE","FC",2021,35,2021-08-30,"G","Tarsalis","culex",0
"FC092GR|Pipiens|2021|36","FC-092GR","NE","FC",2021,36,2021-09-06,"G","Pipiens","culex",20
"FC092GR|Tarsalis|2021|36","FC-092GR","NE","FC",2021,36,2021-09-06,"G","Tarsalis","culex",0
"FC092GR|Pipiens|2022|23","FC-092GR","NE","FC",2022,23,2022-06-12,"G","Pipiens","culex",4
"FC092GR|Tarsalis|2022|23","FC-092GR","NE","FC",2022,23,2022-06-12,"G","Tarsalis","culex",0
"FC092GR|Pipiens|2022|24","FC-092GR","NE","FC",2022,24,2022-06-19,"G","Pipiens","culex",4
"FC092GR|Tarsalis|2022|24","FC-092GR","NE","FC",2022,24,2022-06-19,"G","Tarsalis","culex",0
"FC092GR|Pipiens|2022|26","FC-092GR","NE","FC",2022,26,2022-07-03,"G","Pipiens","culex",3
"FC092GR|Tarsalis|2022|26","FC-092GR","NE","FC",2022,26,2022-07-03,"G","Tarsalis","culex",0
"FC092GR|Pipiens|2022|27","FC-092GR","NE","FC",2022,27,2022-07-10,"G","Pipiens","culex",41
"FC092GR|Tarsalis|2022|27","FC-092GR","NE","FC",2022,27,2022-07-10,"G","Tarsalis","culex",2
"FC092GR|Pipiens|2022|28","FC-092GR","NE","FC",2022,28,2022-07-17,"G","Pipiens","culex",16
"FC092GR|Tarsalis|2022|28","FC-092GR","NE","FC",2022,28,2022-07-17,"G","Tarsalis","culex",0
"FC092GR|Pipiens|2022|29","FC-092GR","NE","FC",2022,29,2022-07-24,"G","Pipiens","culex",1
"FC092GR|Tarsalis|2022|29","FC-092GR","NE","FC",2022,29,2022-07-24,"G","Tarsalis","culex",0
"FC092GR|Pipiens|2022|30","FC-092GR","NE","FC",2022,30,2022-07-31,"G","Pipiens","culex",16
"FC092GR|Tarsalis|2022|30","FC-092GR","NE","FC",2022,30,2022-07-31,"G","Tarsalis","culex",1
"FC092GR|Pipiens|2022|32","FC-092GR","NE","FC",2022,32,2022-08-14,"G","Pipiens","culex",22
"FC092GR|Tarsalis|2022|32","FC-092GR","NE","FC",2022,32,2022-08-14,"G","Tarsalis","culex",0
"FC092GR|Pipiens|2022|33","FC-092GR","NE","FC",2022,33,2022-08-21,"G","Pipiens","culex",4
"FC092GR|Tarsalis|2022|33","FC-092GR","NE","FC",2022,33,2022-08-21,"G","Tarsalis","culex",0
"FC092GR|Pipiens|2022|36","FC-092GR","NE","FC",2022,36,2022-09-06,"G","Pipiens","culex",10
"FC092GR|Tarsalis|2022|36","FC-092GR","NE","FC",2022,36,2022-09-06,"G","Tarsalis","culex",1
"FC092GR|Pipiens|2022|37","FC-092GR","NE","FC",2022,37,2022-09-13,"G","Pipiens","culex",41
"FC092GR|Tarsalis|2022|37","FC-092GR","NE","FC",2022,37,2022-09-13,"G","Tarsalis","culex",0
"FC092GR|Pipiens|2023|22","FC-092GR","NE","FC",2023,22,2023-06-04,"G","Pipiens","culex",3
"FC092GR|Tarsalis|2023|22","FC-092GR","NE","FC",2023,22,2023-06-04,"G","Tarsalis","culex",0
"FC092GR|Pipiens|2023|25","FC-092GR","NE","FC",2023,25,2023-06-25,"G","Pipiens","culex",18
"FC092GR|Tarsalis|2023|25","FC-092GR","NE","FC",2023,25,2023-06-25,"G","Tarsalis","culex",0
"FC092GR|Pipiens|2023|26","FC-092GR","NE","FC",2023,26,2023-07-02,"G","Pipiens","culex",4
"FC092GR|Tarsalis|2023|26","FC-092GR","NE","FC",2023,26,2023-07-02,"G","Tarsalis","culex",0
"FC092GR|Pipiens|2023|27","FC-092GR","NE","FC",2023,27,2023-07-09,"G","Pipiens","culex",7
"FC092GR|Tarsalis|2023|27","FC-092GR","NE","FC",2023,27,2023-07-09,"G","Tarsalis","culex",0
"FC092GR|Pipiens|2023|28","FC-092GR","NE","FC",2023,28,2023-07-16,"G","Pipiens","culex",67
"FC092GR|Tarsalis|2023|28","FC-092GR","NE","FC",2023,28,2023-07-16,"G","Tarsalis","culex",0
"FC092GR|Pipiens|2023|29","FC-092GR","NE","FC",2023,29,2023-07-23,"G","Pipiens","culex",27
"FC092GR|Tarsalis|2023|29","FC-092GR","NE","FC",2023,29,2023-07-23,"G","Tarsalis","culex",1
"FC092GR|Pipiens|2023|31","FC-092GR","NE","FC",2023,31,2023-08-06,"G","Pipiens","culex",7
"FC092GR|Tarsalis|2023|31","FC-092GR","NE","FC",2023,31,2023-08-06,"G","Tarsalis","culex",0
"FC092GR|Pipiens|2023|32","FC-092GR","NE","FC",2023,32,2023-08-13,"G","Pipiens","culex",40
"FC092GR|Tarsalis|2023|32","FC-092GR","NE","FC",2023,32,2023-08-13,"G","Tarsalis","culex",0
"FC092GR|Pipiens|2023|34","FC-092GR","NE","FC",2023,34,2023-08-21,"G","Pipiens","culex",7
"FC092GR|Tarsalis|2023|34","FC-092GR","NE","FC",2023,34,2023-08-21,"G","Tarsalis","culex",0
"FC092GR|Pipiens|2023|36","FC-092GR","NE","FC",2023,36,2023-09-04,"G","Pipiens","culex",7
"FC092GR|Tarsalis|2023|36","FC-092GR","NE","FC",2023,36,2023-09-04,"G","Tarsalis","culex",0
"FC092GR|Pipiens|2023|37","FC-092GR","NE","FC",2023,37,2023-09-11,"G","Pipiens","culex",19
"FC092GR|Tarsalis|2023|37","FC-092GR","NE","FC",2023,37,2023-09-11,"G","Tarsalis","culex",0
"FC092GR|Pipiens|2024|22","FC-092GR","NE","FC",2024,22,2024-06-02,"G","Pipiens","culex",4
"FC092GR|Tarsalis|2024|22","FC-092GR","NE","FC",2024,22,2024-06-02,"G","Tarsalis","culex",0
"FC092GR|Pipiens|2024|23","FC-092GR","NE","FC",2024,23,2024-06-09,"G","Pipiens","culex",6
"FC092GR|Tarsalis|2024|23","FC-092GR","NE","FC",2024,23,2024-06-09,"G","Tarsalis","culex",0
"FC092GR|Pipiens|2024|25","FC-092GR","NE","FC",2024,25,2024-06-17,"G","Pipiens","culex",4
"FC092GR|Tarsalis|2024|25","FC-092GR","NE","FC",2024,25,2024-06-17,"G","Tarsalis","culex",0
"FC092GR|Pipiens|2024|26","FC-092GR","NE","FC",2024,26,2024-06-24,"G","Pipiens","culex",22
"FC092GR|Tarsalis|2024|26","FC-092GR","NE","FC",2024,26,2024-06-24,"G","Tarsalis","culex",0
"FC092GR|Pipiens|2024|27","FC-092GR","NE","FC",2024,27,2024-07-01,"G","Pipiens","culex",7
"FC092GR|Tarsalis|2024|27","FC-092GR","NE","FC",2024,27,2024-07-01,"G","Tarsalis","culex",0
"FC092GR|Pipiens|2024|28","FC-092GR","NE","FC",2024,28,2024-07-08,"G","Pipiens","culex",9
"FC092GR|Tarsalis|2024|28","FC-092GR","NE","FC",2024,28,2024-07-08,"G","Tarsalis","culex",0
"FC092GR|Pipiens|2024|29","FC-092GR","NE","FC",2024,29,2024-07-15,"G","Pipiens","culex",60
"FC092GR|Tarsalis|2024|29","FC-092GR","NE","FC",2024,29,2024-07-15,"G","Tarsalis","culex",0
"FC092GR|Pipiens|2024|30","FC-092GR","NE","FC",2024,30,2024-07-22,"G","Pipiens","culex",20
"FC092GR|Tarsalis|2024|30","FC-092GR","NE","FC",2024,30,2024-07-22,"G","Tarsalis","culex",0
"FC092GR|Pipiens|2024|31","FC-092GR","NE","FC",2024,31,2024-07-29,"G","Pipiens","culex",21
"FC092GR|Tarsalis|2024|31","FC-092GR","NE","FC",2024,31,2024-07-29,"G","Tarsalis","culex",0
"FC092GR|Pipiens|2024|32","FC-092GR","NE","FC",2024,32,2024-08-05,"G","Pipiens","culex",18
"FC092GR|Tarsalis|2024|32","FC-092GR","NE","FC",2024,32,2024-08-05,"G","Tarsalis","culex",0
"FC092GR|Pipiens|2024|33","FC-092GR","NE","FC",2024,33,2024-08-12,"G","Pipiens","culex",40
"FC092GR|Tarsalis|2024|33","FC-092GR","NE","FC",2024,33,2024-08-12,"G","Tarsalis","culex",2
"FC092GR|Pipiens|2024|34","FC-092GR","NE","FC",2024,34,2024-08-19,"G","Pipiens","culex",52
"FC092GR|Tarsalis|2024|34","FC-092GR","NE","FC",2024,34,2024-08-19,"G","Tarsalis","culex",0
"FC092GR|Pipiens|2024|35","FC-092GR","NE","FC",2024,35,2024-08-26,"G","Pipiens","culex",30
"FC092GR|Tarsalis|2024|35","FC-092GR","NE","FC",2024,35,2024-08-26,"G","Tarsalis","culex",0
"FC092GR|Pipiens|2024|36","FC-092GR","NE","FC",2024,36,2024-09-04,"G","Pipiens","culex",41
"FC092GR|Tarsalis|2024|36","FC-092GR","NE","FC",2024,36,2024-09-04,"G","Tarsalis","culex",0
"FC092GR|Pipiens|2024|37","FC-092GR","NE","FC",2024,37,2024-09-09,"G","Pipiens","culex",14
"FC092GR|Tarsalis|2024|37","FC-092GR","NE","FC",2024,37,2024-09-09,"G","Tarsalis","culex",0
"FC092GR|Pipiens|2025|25","FC-092GR","NE","FC",2025,25,2025-06-16,"G","Pipiens","culex",7
"FC092GR|Tarsalis|2025|25","FC-092GR","NE","FC",2025,25,2025-06-16,"G","Tarsalis","culex",0
"FC092GR|Pipiens|2025|26","FC-092GR","NE","FC",2025,26,2025-06-23,"G","Pipiens","culex",4
"FC092GR|Tarsalis|2025|26","FC-092GR","NE","FC",2025,26,2025-06-23,"G","Tarsalis","culex",0
"FC092GR|Pipiens|2025|27","FC-092GR","NE","FC",2025,27,2025-06-30,"G","Pipiens","culex",4
"FC092GR|Tarsalis|2025|27","FC-092GR","NE","FC",2025,27,2025-06-30,"G","Tarsalis","culex",1
"FC092GR|Pipiens|2025|28","FC-092GR","NE","FC",2025,28,2025-07-07,"G","Pipiens","culex",22
"FC092GR|Tarsalis|2025|28","FC-092GR","NE","FC",2025,28,2025-07-07,"G","Tarsalis","culex",0
"FC092GR|Pipiens|2025|29","FC-092GR","NE","FC",2025,29,2025-07-14,"G","Pipiens","culex",37
"FC092GR|Tarsalis|2025|29","FC-092GR","NE","FC",2025,29,2025-07-14,"G","Tarsalis","culex",0
"FC092GR|Pipiens|2025|30","FC-092GR","NE","FC",2025,30,2025-07-21,"G","Pipiens","culex",101
"FC092GR|Tarsalis|2025|30","FC-092GR","NE","FC",2025,30,2025-07-21,"G","Tarsalis","culex",0
"FC092GR|Pipiens|2025|31","FC-092GR","NE","FC",2025,31,2025-07-28,"G","Pipiens","culex",56
"FC092GR|Tarsalis|2025|31","FC-092GR","NE","FC",2025,31,2025-07-28,"G","Tarsalis","culex",3
"FC092GR|Pipiens|2025|32","FC-092GR","NE","FC",2025,32,2025-08-04,"G","Pipiens","culex",62
"FC092GR|Tarsalis|2025|32","FC-092GR","NE","FC",2025,32,2025-08-04,"G","Tarsalis","culex",1
"FC092GR|Pipiens|2025|33","FC-092GR","NE","FC",2025,33,2025-08-11,"G","Pipiens","culex",14
"FC092GR|Tarsalis|2025|33","FC-092GR","NE","FC",2025,33,2025-08-11,"G","Tarsalis","culex",0
"FC092GR|Pipiens|2025|34","FC-092GR","NE","FC",2025,34,2025-08-18,"G","Pipiens","culex",43
"FC092GR|Tarsalis|2025|34","FC-092GR","NE","FC",2025,34,2025-08-18,"G","Tarsalis","culex",0
"FC092GR|Pipiens|2025|35","FC-092GR","NE","FC",2025,35,2025-08-25,"G","Pipiens","culex",13
"FC092GR|Tarsalis|2025|35","FC-092GR","NE","FC",2025,35,2025-08-25,"G","Tarsalis","culex",0
"FC092GR|Pipiens|2025|36","FC-092GR","NE","FC",2025,36,2025-09-03,"G","Pipiens","culex",28
"FC092GR|Tarsalis|2025|36","FC-092GR","NE","FC",2025,36,2025-09-03,"G","Tarsalis","culex",1
"FC093|Pipiens|2020|23","FC-093","SW","FC",2020,23,2020-06-03,"L","Pipiens","culex",3
"FC093|Tarsalis|2020|23","FC-093","SW","FC",2020,23,2020-06-03,"L","Tarsalis","culex",1
"FC093|Pipiens|2020|24","FC-093","SW","FC",2020,24,2020-06-10,"L","Pipiens","culex",0
"FC093|Tarsalis|2020|24","FC-093","SW","FC",2020,24,2020-06-10,"L","Tarsalis","culex",2
"FC093|Pipiens|2020|25","FC-093","SW","FC",2020,25,2020-06-17,"L","Pipiens","culex",0
"FC093|Tarsalis|2020|25","FC-093","SW","FC",2020,25,2020-06-17,"L","Tarsalis","culex",2
"FC093|Pipiens|2020|26","FC-093","SW","FC",2020,26,2020-06-24,"L","Pipiens","culex",4
"FC093|Tarsalis|2020|26","FC-093","SW","FC",2020,26,2020-06-24,"L","Tarsalis","culex",3
"FC093|Pipiens|2020|27","FC-093","SW","FC",2020,27,2020-07-01,"L","Pipiens","culex",14
"FC093|Tarsalis|2020|27","FC-093","SW","FC",2020,27,2020-07-01,"L","Tarsalis","culex",14
"FC093|Pipiens|2020|28","FC-093","SW","FC",2020,28,2020-07-08,"L","Pipiens","culex",3
"FC093|Tarsalis|2020|28","FC-093","SW","FC",2020,28,2020-07-08,"L","Tarsalis","culex",31
"FC093|Pipiens|2020|29","FC-093","SW","FC",2020,29,2020-07-15,"L","Pipiens","culex",0
"FC093|Tarsalis|2020|29","FC-093","SW","FC",2020,29,2020-07-15,"L","Tarsalis","culex",9
"FC093|Pipiens|2020|30","FC-093","SW","FC",2020,30,2020-07-22,"L","Pipiens","culex",19
"FC093|Tarsalis|2020|30","FC-093","SW","FC",2020,30,2020-07-22,"L","Tarsalis","culex",42
"FC093|Pipiens|2020|31","FC-093","SW","FC",2020,31,2020-07-29,"L","Pipiens","culex",7
"FC093|Tarsalis|2020|31","FC-093","SW","FC",2020,31,2020-07-29,"L","Tarsalis","culex",50
"FC093|Pipiens|2020|32","FC-093","SW","FC",2020,32,2020-08-05,"L","Pipiens","culex",12
"FC093|Tarsalis|2020|32","FC-093","SW","FC",2020,32,2020-08-05,"L","Tarsalis","culex",50
"FC093|Pipiens|2020|33","FC-093","SW","FC",2020,33,2020-08-12,"L","Pipiens","culex",6
"FC093|Tarsalis|2020|33","FC-093","SW","FC",2020,33,2020-08-12,"L","Tarsalis","culex",24
"FC093|Pipiens|2020|35","FC-093","SW","FC",2020,35,2020-08-26,"L","Pipiens","culex",6
"FC093|Tarsalis|2020|35","FC-093","SW","FC",2020,35,2020-08-26,"L","Tarsalis","culex",0
"FC093|Pipiens|2020|36","FC-093","SW","FC",2020,36,2020-09-02,"L","Pipiens","culex",8
"FC093|Tarsalis|2020|36","FC-093","SW","FC",2020,36,2020-09-02,"L","Tarsalis","culex",0
"FC093|Pipiens|2021|25","FC-093","SW","FC",2021,25,2021-06-23,"L","Pipiens","culex",1
"FC093|Tarsalis|2021|25","FC-093","SW","FC",2021,25,2021-06-23,"L","Tarsalis","culex",23
"FC093|Pipiens|2021|26","FC-093","SW","FC",2021,26,2021-06-30,"L","Pipiens","culex",0
"FC093|Tarsalis|2021|26","FC-093","SW","FC",2021,26,2021-06-30,"L","Tarsalis","culex",17
"FC093|Pipiens|2021|27","FC-093","SW","FC",2021,27,2021-07-07,"L","Pipiens","culex",22
"FC093|Tarsalis|2021|27","FC-093","SW","FC",2021,27,2021-07-07,"L","Tarsalis","culex",32
"FC093|Pipiens|2021|28","FC-093","SW","FC",2021,28,2021-07-14,"L","Pipiens","culex",1
"FC093|Tarsalis|2021|28","FC-093","SW","FC",2021,28,2021-07-14,"L","Tarsalis","culex",33
"FC093|Pipiens|2021|30","FC-093","SW","FC",2021,30,2021-07-28,"L","Pipiens","culex",2
"FC093|Tarsalis|2021|30","FC-093","SW","FC",2021,30,2021-07-28,"L","Tarsalis","culex",95
"FC093|Pipiens|2021|31","FC-093","SW","FC",2021,31,2021-08-04,"L","Pipiens","culex",6
"FC093|Tarsalis|2021|31","FC-093","SW","FC",2021,31,2021-08-04,"L","Tarsalis","culex",24
"FC093|Pipiens|2021|32","FC-093","SW","FC",2021,32,2021-08-11,"L","Pipiens","culex",7
"FC093|Tarsalis|2021|32","FC-093","SW","FC",2021,32,2021-08-11,"L","Tarsalis","culex",11
"FC093|Pipiens|2021|33","FC-093","SW","FC",2021,33,2021-08-18,"L","Pipiens","culex",0
"FC093|Tarsalis|2021|33","FC-093","SW","FC",2021,33,2021-08-18,"L","Tarsalis","culex",3
"FC093|Pipiens|2021|34","FC-093","SW","FC",2021,34,2021-08-25,"L","Pipiens","culex",0
"FC093|Tarsalis|2021|34","FC-093","SW","FC",2021,34,2021-08-25,"L","Tarsalis","culex",1
"FC093|Pipiens|2021|35","FC-093","SW","FC",2021,35,2021-09-01,"L","Pipiens","culex",0
"FC093|Tarsalis|2021|35","FC-093","SW","FC",2021,35,2021-09-01,"L","Tarsalis","culex",1
"FC093|Pipiens|2021|36","FC-093","SW","FC",2021,36,2021-09-08,"L","Pipiens","culex",1
"FC093|Tarsalis|2021|36","FC-093","SW","FC",2021,36,2021-09-08,"L","Tarsalis","culex",1
"FC093|Pipiens|2022|23","FC-093","SW","FC",2022,23,2022-06-08,"L","Pipiens","culex",1
"FC093|Tarsalis|2022|23","FC-093","SW","FC",2022,23,2022-06-08,"L","Tarsalis","culex",12
"FC093|Pipiens|2022|24","FC-093","SW","FC",2022,24,2022-06-15,"L","Pipiens","culex",1
"FC093|Tarsalis|2022|24","FC-093","SW","FC",2022,24,2022-06-15,"L","Tarsalis","culex",3
"FC093|Pipiens|2022|25","FC-093","SW","FC",2022,25,2022-06-22,"L","Pipiens","culex",2
"FC093|Tarsalis|2022|25","FC-093","SW","FC",2022,25,2022-06-22,"L","Tarsalis","culex",4
"FC093|Pipiens|2022|26","FC-093","SW","FC",2022,26,2022-06-29,"L","Pipiens","culex",0
"FC093|Tarsalis|2022|26","FC-093","SW","FC",2022,26,2022-06-29,"L","Tarsalis","culex",2
"FC093|Pipiens|2022|27","FC-093","SW","FC",2022,27,2022-07-06,"L","Pipiens","culex",0
"FC093|Tarsalis|2022|27","FC-093","SW","FC",2022,27,2022-07-06,"L","Tarsalis","culex",11
"FC093|Pipiens|2022|28","FC-093","SW","FC",2022,28,2022-07-13,"L","Pipiens","culex",2
"FC093|Tarsalis|2022|28","FC-093","SW","FC",2022,28,2022-07-13,"L","Tarsalis","culex",68
"FC093|Pipiens|2022|29","FC-093","SW","FC",2022,29,2022-07-20,"L","Pipiens","culex",3
"FC093|Tarsalis|2022|29","FC-093","SW","FC",2022,29,2022-07-20,"L","Tarsalis","culex",92
"FC093|Pipiens|2022|30","FC-093","SW","FC",2022,30,2022-07-27,"L","Pipiens","culex",2
"FC093|Tarsalis|2022|30","FC-093","SW","FC",2022,30,2022-07-27,"L","Tarsalis","culex",55
"FC093|Pipiens|2022|31","FC-093","SW","FC",2022,31,2022-08-03,"L","Pipiens","culex",3
"FC093|Tarsalis|2022|31","FC-093","SW","FC",2022,31,2022-08-03,"L","Tarsalis","culex",9
"FC093|Pipiens|2022|32","FC-093","SW","FC",2022,32,2022-08-10,"L","Pipiens","culex",16
"FC093|Tarsalis|2022|32","FC-093","SW","FC",2022,32,2022-08-10,"L","Tarsalis","culex",87
"FC093|Pipiens|2022|33","FC-093","SW","FC",2022,33,2022-08-17,"L","Pipiens","culex",6
"FC093|Tarsalis|2022|33","FC-093","SW","FC",2022,33,2022-08-17,"L","Tarsalis","culex",17
"FC093|Pipiens|2022|34","FC-093","SW","FC",2022,34,2022-08-24,"L","Pipiens","culex",11
"FC093|Tarsalis|2022|34","FC-093","SW","FC",2022,34,2022-08-24,"L","Tarsalis","culex",24
"FC093|Pipiens|2022|37","FC-093","SW","FC",2022,37,2022-09-12,"L","Pipiens","culex",2
"FC093|Tarsalis|2022|37","FC-093","SW","FC",2022,37,2022-09-12,"L","Tarsalis","culex",0
"FC093|Pipiens|2023|23","FC-093","SW","FC",2023,23,2023-06-07,"L","Pipiens","culex",5
"FC093|Tarsalis|2023|23","FC-093","SW","FC",2023,23,2023-06-07,"L","Tarsalis","culex",14
"FC093|Pipiens|2023|24","FC-093","SW","FC",2023,24,2023-06-14,"L","Pipiens","culex",3
"FC093|Tarsalis|2023|24","FC-093","SW","FC",2023,24,2023-06-14,"L","Tarsalis","culex",16
"FC093|Pipiens|2023|25","FC-093","SW","FC",2023,25,2023-06-21,"L","Pipiens","culex",8
"FC093|Tarsalis|2023|25","FC-093","SW","FC",2023,25,2023-06-21,"L","Tarsalis","culex",3
"FC093|Pipiens|2023|27","FC-093","SW","FC",2023,27,2023-07-05,"L","Pipiens","culex",3
"FC093|Tarsalis|2023|27","FC-093","SW","FC",2023,27,2023-07-05,"L","Tarsalis","culex",21
"FC093|Pipiens|2023|28","FC-093","SW","FC",2023,28,2023-07-12,"L","Pipiens","culex",8
"FC093|Tarsalis|2023|28","FC-093","SW","FC",2023,28,2023-07-12,"L","Tarsalis","culex",433
"FC093|Pipiens|2023|29","FC-093","SW","FC",2023,29,2023-07-19,"L","Pipiens","culex",1
"FC093|Tarsalis|2023|29","FC-093","SW","FC",2023,29,2023-07-19,"L","Tarsalis","culex",122
"FC093|Pipiens|2023|30","FC-093","SW","FC",2023,30,2023-07-25,"L","Pipiens","culex",2
"FC093|Tarsalis|2023|30","FC-093","SW","FC",2023,30,2023-07-25,"L","Tarsalis","culex",76
"FC093|Pipiens|2023|31","FC-093","SW","FC",2023,31,2023-08-02,"L","Pipiens","culex",0
"FC093|Tarsalis|2023|31","FC-093","SW","FC",2023,31,2023-08-02,"L","Tarsalis","culex",5
"FC093|Pipiens|2023|32","FC-093","SW","FC",2023,32,2023-08-07,"L","Pipiens","culex",2
"FC093|Tarsalis|2023|32","FC-093","SW","FC",2023,32,2023-08-07,"L","Tarsalis","culex",8
"FC093|Pipiens|2023|33","FC-093","SW","FC",2023,33,2023-08-16,"L","Pipiens","culex",3
"FC093|Tarsalis|2023|33","FC-093","SW","FC",2023,33,2023-08-16,"L","Tarsalis","culex",18
"FC093|Pipiens|2023|34","FC-093","SW","FC",2023,34,2023-08-23,"L","Pipiens","culex",2
"FC093|Tarsalis|2023|34","FC-093","SW","FC",2023,34,2023-08-23,"L","Tarsalis","culex",20
"FC093|Pipiens|2023|35","FC-093","SW","FC",2023,35,2023-08-30,"L","Pipiens","culex",1
"FC093|Tarsalis|2023|35","FC-093","SW","FC",2023,35,2023-08-30,"L","Tarsalis","culex",3
"FC093|Pipiens|2023|36","FC-093","SW","FC",2023,36,2023-09-05,"L","Pipiens","culex",1
"FC093|Tarsalis|2023|36","FC-093","SW","FC",2023,36,2023-09-05,"L","Tarsalis","culex",1
"FC093|Pipiens|2023|37","FC-093","SW","FC",2023,37,2023-09-12,"L","Pipiens","culex",1
"FC093|Tarsalis|2023|37","FC-093","SW","FC",2023,37,2023-09-12,"L","Tarsalis","culex",0
"FC093|Pipiens|2024|24","FC-093","SW","FC",2024,24,2024-06-12,"L","Pipiens","culex",0
"FC093|Tarsalis|2024|24","FC-093","SW","FC",2024,24,2024-06-12,"L","Tarsalis","culex",2
"FC093|Pipiens|2024|25","FC-093","SW","FC",2024,25,2024-06-20,"L","Pipiens","culex",0
"FC093|Tarsalis|2024|25","FC-093","SW","FC",2024,25,2024-06-20,"L","Tarsalis","culex",1
"FC093|Pipiens|2024|26","FC-093","SW","FC",2024,26,2024-06-27,"L","Pipiens","culex",1
"FC093|Tarsalis|2024|26","FC-093","SW","FC",2024,26,2024-06-27,"L","Tarsalis","culex",2
"FC093|Pipiens|2024|27","FC-093","SW","FC",2024,27,2024-07-03,"L","Pipiens","culex",0
"FC093|Tarsalis|2024|27","FC-093","SW","FC",2024,27,2024-07-03,"L","Tarsalis","culex",1
"FC093|Pipiens|2024|28","FC-093","SW","FC",2024,28,2024-07-11,"L","Pipiens","culex",7
"FC093|Tarsalis|2024|28","FC-093","SW","FC",2024,28,2024-07-11,"L","Tarsalis","culex",19
"FC093|Pipiens|2024|29","FC-093","SW","FC",2024,29,2024-07-18,"L","Pipiens","culex",3
"FC093|Tarsalis|2024|29","FC-093","SW","FC",2024,29,2024-07-18,"L","Tarsalis","culex",2
"FC093|Pipiens|2024|30","FC-093","SW","FC",2024,30,2024-07-25,"L","Pipiens","culex",5
"FC093|Tarsalis|2024|30","FC-093","SW","FC",2024,30,2024-07-25,"L","Tarsalis","culex",2
"FC093|Pipiens|2024|31","FC-093","SW","FC",2024,31,2024-08-01,"L","Pipiens","culex",5
"FC093|Tarsalis|2024|31","FC-093","SW","FC",2024,31,2024-08-01,"L","Tarsalis","culex",10
"FC093|Pipiens|2024|32","FC-093","SW","FC",2024,32,2024-08-08,"L","Pipiens","culex",10
"FC093|Tarsalis|2024|32","FC-093","SW","FC",2024,32,2024-08-08,"L","Tarsalis","culex",12
"FC093|Pipiens|2024|34","FC-093","SW","FC",2024,34,2024-08-22,"L","Pipiens","culex",0
"FC093|Tarsalis|2024|34","FC-093","SW","FC",2024,34,2024-08-22,"L","Tarsalis","culex",1
"FC093|Pipiens|2024|35","FC-093","SW","FC",2024,35,2024-08-29,"L","Pipiens","culex",11
"FC093|Tarsalis|2024|35","FC-093","SW","FC",2024,35,2024-08-29,"L","Tarsalis","culex",3
"FC093|Pipiens|2024|37","FC-093","SW","FC",2024,37,2024-09-12,"L","Pipiens","culex",0
"FC093|Tarsalis|2024|37","FC-093","SW","FC",2024,37,2024-09-12,"L","Tarsalis","culex",1
"FC093|Pipiens|2025|25","FC-093","SW","FC",2025,25,2025-06-19,"L","Pipiens","culex",2
"FC093|Tarsalis|2025|25","FC-093","SW","FC",2025,25,2025-06-19,"L","Tarsalis","culex",12
"FC093|Pipiens|2025|26","FC-093","SW","FC",2025,26,2025-06-26,"L","Pipiens","culex",7
"FC093|Tarsalis|2025|26","FC-093","SW","FC",2025,26,2025-06-26,"L","Tarsalis","culex",24
"FC093|Pipiens|2025|27","FC-093","SW","FC",2025,27,2025-07-03,"L","Pipiens","culex",3
"FC093|Tarsalis|2025|27","FC-093","SW","FC",2025,27,2025-07-03,"L","Tarsalis","culex",42
"FC093|Pipiens|2025|28","FC-093","SW","FC",2025,28,2025-07-10,"L","Pipiens","culex",5
"FC093|Tarsalis|2025|28","FC-093","SW","FC",2025,28,2025-07-10,"L","Tarsalis","culex",43
"FC093|Pipiens|2025|29","FC-093","SW","FC",2025,29,2025-07-17,"L","Pipiens","culex",10
"FC093|Tarsalis|2025|29","FC-093","SW","FC",2025,29,2025-07-17,"L","Tarsalis","culex",29
"FC093|Pipiens|2025|30","FC-093","SW","FC",2025,30,2025-07-24,"L","Pipiens","culex",1
"FC093|Tarsalis|2025|30","FC-093","SW","FC",2025,30,2025-07-24,"L","Tarsalis","culex",5
"FC093|Pipiens|2025|31","FC-093","SW","FC",2025,31,2025-07-31,"L","Pipiens","culex",8
"FC093|Tarsalis|2025|31","FC-093","SW","FC",2025,31,2025-07-31,"L","Tarsalis","culex",30
"FC093|Pipiens|2025|32","FC-093","SW","FC",2025,32,2025-08-07,"L","Pipiens","culex",3
"FC093|Tarsalis|2025|32","FC-093","SW","FC",2025,32,2025-08-07,"L","Tarsalis","culex",22
"FC093|Pipiens|2025|33","FC-093","SW","FC",2025,33,2025-08-14,"L","Pipiens","culex",2
"FC093|Tarsalis|2025|33","FC-093","SW","FC",2025,33,2025-08-14,"L","Tarsalis","culex",14
"FC093|Pipiens|2025|34","FC-093","SW","FC",2025,34,2025-08-21,"L","Pipiens","culex",2
"FC093|Tarsalis|2025|34","FC-093","SW","FC",2025,34,2025-08-21,"L","Tarsalis","culex",6
"FC093|Pipiens|2025|35","FC-093","SW","FC",2025,35,2025-08-28,"L","Pipiens","culex",4
"FC093|Tarsalis|2025|35","FC-093","SW","FC",2025,35,2025-08-28,"L","Tarsalis","culex",2
"FC093|Pipiens|2025|36","FC-093","SW","FC",2025,36,2025-09-04,"L","Pipiens","culex",2
"FC093|Tarsalis|2025|36","FC-093","SW","FC",2025,36,2025-09-04,"L","Tarsalis","culex",1
"LC001|Pipiens|2020|23","LC-001","BE","BE",2020,23,2020-06-02,"L","Pipiens","culex",0
"LC001|Tarsalis|2020|23","LC-001","BE","BE",2020,23,2020-06-02,"L","Tarsalis","culex",3
"LC001|Pipiens|2020|24","LC-001","BE","BE",2020,24,2020-06-09,"L","Pipiens","culex",0
"LC001|Tarsalis|2020|24","LC-001","BE","BE",2020,24,2020-06-09,"L","Tarsalis","culex",1
"LC001|Pipiens|2020|25","LC-001","BE","BE",2020,25,2020-06-16,"L","Pipiens","culex",0
"LC001|Tarsalis|2020|25","LC-001","BE","BE",2020,25,2020-06-16,"L","Tarsalis","culex",3
"LC001|Pipiens|2020|26","LC-001","BE","BE",2020,26,2020-06-23,"L","Pipiens","culex",3
"LC001|Tarsalis|2020|26","LC-001","BE","BE",2020,26,2020-06-23,"L","Tarsalis","culex",6
"LC001|Pipiens|2020|27","LC-001","BE","BE",2020,27,2020-06-30,"L","Pipiens","culex",5
"LC001|Tarsalis|2020|27","LC-001","BE","BE",2020,27,2020-06-30,"L","Tarsalis","culex",21
"LC001|Pipiens|2020|28","LC-001","BE","BE",2020,28,2020-07-07,"L","Pipiens","culex",0
"LC001|Tarsalis|2020|28","LC-001","BE","BE",2020,28,2020-07-07,"L","Tarsalis","culex",12
"LC001|Pipiens|2020|29","LC-001","BE","BE",2020,29,2020-07-14,"L","Pipiens","culex",4
"LC001|Tarsalis|2020|29","LC-001","BE","BE",2020,29,2020-07-14,"L","Tarsalis","culex",10
"LC001|Pipiens|2020|30","LC-001","BE","BE",2020,30,2020-07-21,"L","Pipiens","culex",7
"LC001|Tarsalis|2020|30","LC-001","BE","BE",2020,30,2020-07-21,"L","Tarsalis","culex",9
"LC001|Pipiens|2020|31","LC-001","BE","BE",2020,31,2020-07-28,"L","Pipiens","culex",1
"LC001|Tarsalis|2020|31","LC-001","BE","BE",2020,31,2020-07-28,"L","Tarsalis","culex",10
"LC001|Pipiens|2020|32","LC-001","BE","BE",2020,32,2020-08-04,"L","Pipiens","culex",7
"LC001|Tarsalis|2020|32","LC-001","BE","BE",2020,32,2020-08-04,"L","Tarsalis","culex",15
"LC001|Pipiens|2020|33","LC-001","BE","BE",2020,33,2020-08-11,"L","Pipiens","culex",0
"LC001|Tarsalis|2020|33","LC-001","BE","BE",2020,33,2020-08-11,"L","Tarsalis","culex",10
"LC001|Pipiens|2020|34","LC-001","BE","BE",2020,34,2020-08-18,"L","Pipiens","culex",4
"LC001|Tarsalis|2020|34","LC-001","BE","BE",2020,34,2020-08-18,"L","Tarsalis","culex",32
"LC001|Pipiens|2020|35","LC-001","BE","BE",2020,35,2020-08-25,"L","Pipiens","culex",2
"LC001|Tarsalis|2020|35","LC-001","BE","BE",2020,35,2020-08-25,"L","Tarsalis","culex",13
"LC001|Pipiens|2021|23","LC-001","BE","BE",2021,23,2021-06-08,"L","Pipiens","culex",0
"LC001|Tarsalis|2021|23","LC-001","BE","BE",2021,23,2021-06-08,"L","Tarsalis","culex",14
"LC001|Pipiens|2021|24","LC-001","BE","BE",2021,24,2021-06-15,"L","Pipiens","culex",1
"LC001|Tarsalis|2021|24","LC-001","BE","BE",2021,24,2021-06-15,"L","Tarsalis","culex",46
"LC001|Pipiens|2021|25","LC-001","BE","BE",2021,25,2021-06-22,"L","Pipiens","culex",1
"LC001|Tarsalis|2021|25","LC-001","BE","BE",2021,25,2021-06-22,"L","Tarsalis","culex",31
"LC001|Pipiens|2021|26","LC-001","BE","BE",2021,26,2021-06-29,"L","Pipiens","culex",8
"LC001|Tarsalis|2021|26","LC-001","BE","BE",2021,26,2021-06-29,"L","Tarsalis","culex",115
"LC001|Pipiens|2021|27","LC-001","BE","BE",2021,27,2021-07-06,"L","Pipiens","culex",5
"LC001|Tarsalis|2021|27","LC-001","BE","BE",2021,27,2021-07-06,"L","Tarsalis","culex",2
"LC001|Pipiens|2021|28","LC-001","BE","BE",2021,28,2021-07-13,"L","Pipiens","culex",33
"LC001|Tarsalis|2021|28","LC-001","BE","BE",2021,28,2021-07-13,"L","Tarsalis","culex",168
"LC001|Pipiens|2021|29","LC-001","BE","BE",2021,29,2021-07-20,"L","Pipiens","culex",5
"LC001|Tarsalis|2021|29","LC-001","BE","BE",2021,29,2021-07-20,"L","Tarsalis","culex",189
"LC001|Pipiens|2021|30","LC-001","BE","BE",2021,30,2021-07-27,"L","Pipiens","culex",29
"LC001|Tarsalis|2021|30","LC-001","BE","BE",2021,30,2021-07-27,"L","Tarsalis","culex",155
"LC001|Pipiens|2021|31","LC-001","BE","BE",2021,31,2021-08-03,"L","Pipiens","culex",36
"LC001|Tarsalis|2021|31","LC-001","BE","BE",2021,31,2021-08-03,"L","Tarsalis","culex",61
"LC001|Pipiens|2021|32","LC-001","BE","BE",2021,32,2021-08-10,"L","Pipiens","culex",20
"LC001|Tarsalis|2021|32","LC-001","BE","BE",2021,32,2021-08-10,"L","Tarsalis","culex",37
"LC001|Pipiens|2021|33","LC-001","BE","BE",2021,33,2021-08-17,"L","Pipiens","culex",7
"LC001|Tarsalis|2021|33","LC-001","BE","BE",2021,33,2021-08-17,"L","Tarsalis","culex",26
"LC001|Pipiens|2021|34","LC-001","BE","BE",2021,34,2021-08-24,"L","Pipiens","culex",4
"LC001|Tarsalis|2021|34","LC-001","BE","BE",2021,34,2021-08-24,"L","Tarsalis","culex",34
"LC001|Pipiens|2021|35","LC-001","BE","BE",2021,35,2021-08-31,"L","Pipiens","culex",3
"LC001|Tarsalis|2021|35","LC-001","BE","BE",2021,35,2021-08-31,"L","Tarsalis","culex",11
"LC001|Pipiens|2022|23","LC-001","BE","BE",2022,23,2022-06-07,"L","Pipiens","culex",0
"LC001|Tarsalis|2022|23","LC-001","BE","BE",2022,23,2022-06-07,"L","Tarsalis","culex",9
"LC001|Pipiens|2022|24","LC-001","BE","BE",2022,24,2022-06-14,"L","Pipiens","culex",3
"LC001|Tarsalis|2022|24","LC-001","BE","BE",2022,24,2022-06-14,"L","Tarsalis","culex",12
"LC001|Pipiens|2022|25","LC-001","BE","BE",2022,25,2022-06-21,"L","Pipiens","culex",1
"LC001|Tarsalis|2022|25","LC-001","BE","BE",2022,25,2022-06-21,"L","Tarsalis","culex",4
"LC001|Pipiens|2022|26","LC-001","BE","BE",2022,26,2022-06-28,"L","Pipiens","culex",11
"LC001|Tarsalis|2022|26","LC-001","BE","BE",2022,26,2022-06-28,"L","Tarsalis","culex",131
"LC001|Pipiens|2022|27","LC-001","BE","BE",2022,27,2022-07-05,"L","Pipiens","culex",3
"LC001|Tarsalis|2022|27","LC-001","BE","BE",2022,27,2022-07-05,"L","Tarsalis","culex",47
"LC001|Pipiens|2022|28","LC-001","BE","BE",2022,28,2022-07-12,"L","Pipiens","culex",4
"LC001|Tarsalis|2022|28","LC-001","BE","BE",2022,28,2022-07-12,"L","Tarsalis","culex",58
"LC001|Pipiens|2022|29","LC-001","BE","BE",2022,29,2022-07-19,"L","Pipiens","culex",5
"LC001|Tarsalis|2022|29","LC-001","BE","BE",2022,29,2022-07-19,"L","Tarsalis","culex",130
"LC001|Pipiens|2022|30","LC-001","BE","BE",2022,30,2022-07-26,"L","Pipiens","culex",5
"LC001|Tarsalis|2022|30","LC-001","BE","BE",2022,30,2022-07-26,"L","Tarsalis","culex",31
"LC001|Pipiens|2022|31","LC-001","BE","BE",2022,31,2022-08-02,"L","Pipiens","culex",23
"LC001|Tarsalis|2022|31","LC-001","BE","BE",2022,31,2022-08-02,"L","Tarsalis","culex",135
"LC001|Pipiens|2022|32","LC-001","BE","BE",2022,32,2022-08-09,"L","Pipiens","culex",12
"LC001|Tarsalis|2022|32","LC-001","BE","BE",2022,32,2022-08-09,"L","Tarsalis","culex",82
"LC001|Pipiens|2022|33","LC-001","BE","BE",2022,33,2022-08-16,"L","Pipiens","culex",20
"LC001|Tarsalis|2022|33","LC-001","BE","BE",2022,33,2022-08-16,"L","Tarsalis","culex",14
"LC001|Pipiens|2022|34","LC-001","BE","BE",2022,34,2022-08-23,"L","Pipiens","culex",16
"LC001|Tarsalis|2022|34","LC-001","BE","BE",2022,34,2022-08-23,"L","Tarsalis","culex",46
"LC001|Pipiens|2022|35","LC-001","BE","BE",2022,35,2022-08-30,"L","Pipiens","culex",36
"LC001|Tarsalis|2022|35","LC-001","BE","BE",2022,35,2022-08-30,"L","Tarsalis","culex",39
"LC001|Pipiens|2023|23","LC-001","BE","BE",2023,23,2023-06-06,"L","Pipiens","culex",0
"LC001|Tarsalis|2023|23","LC-001","BE","BE",2023,23,2023-06-06,"L","Tarsalis","culex",9
"LC001|Pipiens|2023|24","LC-001","BE","BE",2023,24,2023-06-13,"L","Pipiens","culex",1
"LC001|Tarsalis|2023|24","LC-001","BE","BE",2023,24,2023-06-13,"L","Tarsalis","culex",16
"LC001|Pipiens|2023|25","LC-001","BE","BE",2023,25,2023-06-20,"L","Pipiens","culex",4
"LC001|Tarsalis|2023|25","LC-001","BE","BE",2023,25,2023-06-20,"L","Tarsalis","culex",143
"LC001|Pipiens|2023|26","LC-001","BE","BE",2023,26,2023-06-27,"L","Pipiens","culex",4
"LC001|Tarsalis|2023|26","LC-001","BE","BE",2023,26,2023-06-27,"L","Tarsalis","culex",370
"LC001|Pipiens|2023|27","LC-001","BE","BE",2023,27,2023-07-03,"L","Pipiens","culex",4
"LC001|Tarsalis|2023|27","LC-001","BE","BE",2023,27,2023-07-03,"L","Tarsalis","culex",1152
"LC001|Pipiens|2023|28","LC-001","BE","BE",2023,28,2023-07-11,"L","Pipiens","culex",4
"LC001|Tarsalis|2023|28","LC-001","BE","BE",2023,28,2023-07-11,"L","Tarsalis","culex",692
"LC001|Pipiens|2023|29","LC-001","BE","BE",2023,29,2023-07-18,"L","Pipiens","culex",3
"LC001|Tarsalis|2023|29","LC-001","BE","BE",2023,29,2023-07-18,"L","Tarsalis","culex",640
"LC001|Pipiens|2023|30","LC-001","BE","BE",2023,30,2023-07-25,"L","Pipiens","culex",14
"LC001|Tarsalis|2023|30","LC-001","BE","BE",2023,30,2023-07-25,"L","Tarsalis","culex",297
"LC001|Pipiens|2023|31","LC-001","BE","BE",2023,31,2023-08-01,"L","Pipiens","culex",30
"LC001|Tarsalis|2023|31","LC-001","BE","BE",2023,31,2023-08-01,"L","Tarsalis","culex",137
"LC001|Pipiens|2023|32","LC-001","BE","BE",2023,32,2023-08-08,"L","Pipiens","culex",13
"LC001|Tarsalis|2023|32","LC-001","BE","BE",2023,32,2023-08-08,"L","Tarsalis","culex",124
"LC001|Pipiens|2023|33","LC-001","BE","BE",2023,33,2023-08-15,"L","Pipiens","culex",12
"LC001|Tarsalis|2023|33","LC-001","BE","BE",2023,33,2023-08-15,"L","Tarsalis","culex",62
"LC001|Pipiens|2023|34","LC-001","BE","BE",2023,34,2023-08-22,"L","Pipiens","culex",17
"LC001|Tarsalis|2023|34","LC-001","BE","BE",2023,34,2023-08-22,"L","Tarsalis","culex",60
"LC001|Pipiens|2023|35","LC-001","BE","BE",2023,35,2023-08-29,"L","Pipiens","culex",6
"LC001|Tarsalis|2023|35","LC-001","BE","BE",2023,35,2023-08-29,"L","Tarsalis","culex",4
"LC001|Pipiens|2024|23","LC-001","BE","BE",2024,23,2024-06-04,"L","Pipiens","culex",1
"LC001|Tarsalis|2024|23","LC-001","BE","BE",2024,23,2024-06-04,"L","Tarsalis","culex",1
"LC001|Pipiens|2024|24","LC-001","BE","BE",2024,24,2024-06-11,"L","Pipiens","culex",1
"LC001|Tarsalis|2024|24","LC-001","BE","BE",2024,24,2024-06-11,"L","Tarsalis","culex",2
"LC001|Pipiens|2024|25","LC-001","BE","BE",2024,25,2024-06-19,"L","Pipiens","culex",1
"LC001|Tarsalis|2024|25","LC-001","BE","BE",2024,25,2024-06-19,"L","Tarsalis","culex",1
"LC001|Pipiens|2024|26","LC-001","BE","BE",2024,26,2024-06-26,"L","Pipiens","culex",3
"LC001|Tarsalis|2024|26","LC-001","BE","BE",2024,26,2024-06-26,"L","Tarsalis","culex",16
"LC001|Pipiens|2024|27","LC-001","BE","BE",2024,27,2024-07-03,"L","Pipiens","culex",14
"LC001|Tarsalis|2024|27","LC-001","BE","BE",2024,27,2024-07-03,"L","Tarsalis","culex",42
"LC001|Pipiens|2024|28","LC-001","BE","BE",2024,28,2024-07-10,"L","Pipiens","culex",7
"LC001|Tarsalis|2024|28","LC-001","BE","BE",2024,28,2024-07-10,"L","Tarsalis","culex",44
"LC001|Pipiens|2024|29","LC-001","BE","BE",2024,29,2024-07-17,"L","Pipiens","culex",31
"LC001|Tarsalis|2024|29","LC-001","BE","BE",2024,29,2024-07-17,"L","Tarsalis","culex",188
"LC001|Pipiens|2024|30","LC-001","BE","BE",2024,30,2024-07-24,"L","Pipiens","culex",11
"LC001|Tarsalis|2024|30","LC-001","BE","BE",2024,30,2024-07-24,"L","Tarsalis","culex",63
"LC001|Pipiens|2024|31","LC-001","BE","BE",2024,31,2024-07-31,"L","Pipiens","culex",8
"LC001|Tarsalis|2024|31","LC-001","BE","BE",2024,31,2024-07-31,"L","Tarsalis","culex",147
"LC001|Pipiens|2024|32","LC-001","BE","BE",2024,32,2024-08-07,"L","Pipiens","culex",20
"LC001|Tarsalis|2024|32","LC-001","BE","BE",2024,32,2024-08-07,"L","Tarsalis","culex",55
"LC001|Pipiens|2024|33","LC-001","BE","BE",2024,33,2024-08-14,"L","Pipiens","culex",19
"LC001|Tarsalis|2024|33","LC-001","BE","BE",2024,33,2024-08-14,"L","Tarsalis","culex",42
"LC001|Pipiens|2024|34","LC-001","BE","BE",2024,34,2024-08-21,"L","Pipiens","culex",0
"LC001|Tarsalis|2024|34","LC-001","BE","BE",2024,34,2024-08-21,"L","Tarsalis","culex",7
"LC001|Pipiens|2024|35","LC-001","BE","BE",2024,35,2024-08-28,"L","Pipiens","culex",14
"LC001|Tarsalis|2024|35","LC-001","BE","BE",2024,35,2024-08-28,"L","Tarsalis","culex",5
"LC001|Pipiens|2025|25","LC-001","BE","BE",2025,25,2025-06-18,"L","Pipiens","culex",3
"LC001|Tarsalis|2025|25","LC-001","BE","BE",2025,25,2025-06-18,"L","Tarsalis","culex",8
"LC001|Pipiens|2025|26","LC-001","BE","BE",2025,26,2025-06-25,"L","Pipiens","culex",7
"LC001|Tarsalis|2025|26","LC-001","BE","BE",2025,26,2025-06-25,"L","Tarsalis","culex",28
"LC001|Pipiens|2025|27","LC-001","BE","BE",2025,27,2025-07-02,"L","Pipiens","culex",3
"LC001|Tarsalis|2025|27","LC-001","BE","BE",2025,27,2025-07-02,"L","Tarsalis","culex",74
"LC001|Pipiens|2025|28","LC-001","BE","BE",2025,28,2025-07-09,"L","Pipiens","culex",2
"LC001|Tarsalis|2025|28","LC-001","BE","BE",2025,28,2025-07-09,"L","Tarsalis","culex",101
"LC001|Pipiens|2025|29","LC-001","BE","BE",2025,29,2025-07-16,"L","Pipiens","culex",4
"LC001|Tarsalis|2025|29","LC-001","BE","BE",2025,29,2025-07-16,"L","Tarsalis","culex",84
"LC001|Pipiens|2025|30","LC-001","BE","BE",2025,30,2025-07-23,"L","Pipiens","culex",6
"LC001|Tarsalis|2025|30","LC-001","BE","BE",2025,30,2025-07-23,"L","Tarsalis","culex",68
"LC001|Pipiens|2025|31","LC-001","BE","BE",2025,31,2025-07-30,"L","Pipiens","culex",4
"LC001|Tarsalis|2025|31","LC-001","BE","BE",2025,31,2025-07-30,"L","Tarsalis","culex",48
"LC001|Pipiens|2025|32","LC-001","BE","BE",2025,32,2025-08-06,"L","Pipiens","culex",3
"LC001|Tarsalis|2025|32","LC-001","BE","BE",2025,32,2025-08-06,"L","Tarsalis","culex",32
"LC001|Pipiens|2025|33","LC-001","BE","BE",2025,33,2025-08-13,"L","Pipiens","culex",19
"LC001|Tarsalis|2025|33","LC-001","BE","BE",2025,33,2025-08-13,"L","Tarsalis","culex",52
"LC001|Pipiens|2025|34","LC-001","BE","BE",2025,34,2025-08-20,"L","Pipiens","culex",1
"LC001|Tarsalis|2025|34","LC-001","BE","BE",2025,34,2025-08-20,"L","Tarsalis","culex",53
"LC001|Pipiens|2025|35","LC-001","BE","BE",2025,35,2025-08-27,"L","Pipiens","culex",0
"LC001|Tarsalis|2025|35","LC-001","BE","BE",2025,35,2025-08-27,"L","Tarsalis","culex",4
"LC049|Pipiens|2020|27","LC-049","BE","BE",2020,27,2020-06-30,"L","Pipiens","culex",1
"LC049|Tarsalis|2020|27","LC-049","BE","BE",2020,27,2020-06-30,"L","Tarsalis","culex",1
"LC049|Pipiens|2020|28","LC-049","BE","BE",2020,28,2020-07-07,"L","Pipiens","culex",1
"LC049|Tarsalis|2020|28","LC-049","BE","BE",2020,28,2020-07-07,"L","Tarsalis","culex",0
"LC049|Pipiens|2020|30","LC-049","BE","BE",2020,30,2020-07-21,"L","Pipiens","culex",0
"LC049|Tarsalis|2020|30","LC-049","BE","BE",2020,30,2020-07-21,"L","Tarsalis","culex",1
"LC049|Pipiens|2020|31","LC-049","BE","BE",2020,31,2020-07-28,"L","Pipiens","culex",0
"LC049|Tarsalis|2020|31","LC-049","BE","BE",2020,31,2020-07-28,"L","Tarsalis","culex",2
"LC049|Pipiens|2020|33","LC-049","BE","BE",2020,33,2020-08-11,"L","Pipiens","culex",0
"LC049|Tarsalis|2020|33","LC-049","BE","BE",2020,33,2020-08-11,"L","Tarsalis","culex",7
"LC049|Pipiens|2020|34","LC-049","BE","BE",2020,34,2020-08-18,"L","Pipiens","culex",0
"LC049|Tarsalis|2020|34","LC-049","BE","BE",2020,34,2020-08-18,"L","Tarsalis","culex",1
"LC049|Pipiens|2020|35","LC-049","BE","BE",2020,35,2020-08-25,"L","Pipiens","culex",0
"LC049|Tarsalis|2020|35","LC-049","BE","BE",2020,35,2020-08-25,"L","Tarsalis","culex",3
"LC049|Pipiens|2021|24","LC-049","BE","BE",2021,24,2021-06-15,"L","Pipiens","culex",0
"LC049|Tarsalis|2021|24","LC-049","BE","BE",2021,24,2021-06-15,"L","Tarsalis","culex",6
"LC049|Pipiens|2021|25","LC-049","BE","BE",2021,25,2021-06-22,"L","Pipiens","culex",0
"LC049|Tarsalis|2021|25","LC-049","BE","BE",2021,25,2021-06-22,"L","Tarsalis","culex",29
"LC049|Pipiens|2021|26","LC-049","BE","BE",2021,26,2021-06-29,"L","Pipiens","culex",2
"LC049|Tarsalis|2021|26","LC-049","BE","BE",2021,26,2021-06-29,"L","Tarsalis","culex",26
"LC049|Pipiens|2021|27","LC-049","BE","BE",2021,27,2021-07-06,"L","Pipiens","culex",1
"LC049|Tarsalis|2021|27","LC-049","BE","BE",2021,27,2021-07-06,"L","Tarsalis","culex",83
"LC049|Pipiens|2021|28","LC-049","BE","BE",2021,28,2021-07-13,"L","Pipiens","culex",0
"LC049|Tarsalis|2021|28","LC-049","BE","BE",2021,28,2021-07-13,"L","Tarsalis","culex",75
"LC049|Pipiens|2021|29","LC-049","BE","BE",2021,29,2021-07-20,"L","Pipiens","culex",0
"LC049|Tarsalis|2021|29","LC-049","BE","BE",2021,29,2021-07-20,"L","Tarsalis","culex",27
"LC049|Pipiens|2021|30","LC-049","BE","BE",2021,30,2021-07-27,"L","Pipiens","culex",5
"LC049|Tarsalis|2021|30","LC-049","BE","BE",2021,30,2021-07-27,"L","Tarsalis","culex",183
"LC049|Pipiens|2021|31","LC-049","BE","BE",2021,31,2021-08-03,"L","Pipiens","culex",5
"LC049|Tarsalis|2021|31","LC-049","BE","BE",2021,31,2021-08-03,"L","Tarsalis","culex",19
"LC049|Pipiens|2021|32","LC-049","BE","BE",2021,32,2021-08-10,"L","Pipiens","culex",0
"LC049|Tarsalis|2021|32","LC-049","BE","BE",2021,32,2021-08-10,"L","Tarsalis","culex",18
"LC049|Pipiens|2021|33","LC-049","BE","BE",2021,33,2021-08-17,"L","Pipiens","culex",1
"LC049|Tarsalis|2021|33","LC-049","BE","BE",2021,33,2021-08-17,"L","Tarsalis","culex",30
"LC049|Pipiens|2021|34","LC-049","BE","BE",2021,34,2021-08-24,"L","Pipiens","culex",0
"LC049|Tarsalis|2021|34","LC-049","BE","BE",2021,34,2021-08-24,"L","Tarsalis","culex",4
"LC049|Pipiens|2021|35","LC-049","BE","BE",2021,35,2021-08-31,"L","Pipiens","culex",0
"LC049|Tarsalis|2021|35","LC-049","BE","BE",2021,35,2021-08-31,"L","Tarsalis","culex",4
"LC049|Pipiens|2022|24","LC-049","BE","BE",2022,24,2022-06-14,"L","Pipiens","culex",0
"LC049|Tarsalis|2022|24","LC-049","BE","BE",2022,24,2022-06-14,"L","Tarsalis","culex",3
"LC049|Pipiens|2022|25","LC-049","BE","BE",2022,25,2022-06-21,"L","Pipiens","culex",0
"LC049|Tarsalis|2022|25","LC-049","BE","BE",2022,25,2022-06-21,"L","Tarsalis","culex",5
"LC049|Pipiens|2022|26","LC-049","BE","BE",2022,26,2022-06-28,"L","Pipiens","culex",0
"LC049|Tarsalis|2022|26","LC-049","BE","BE",2022,26,2022-06-28,"L","Tarsalis","culex",10
"LC049|Pipiens|2022|27","LC-049","BE","BE",2022,27,2022-07-05,"L","Pipiens","culex",0
"LC049|Tarsalis|2022|27","LC-049","BE","BE",2022,27,2022-07-05,"L","Tarsalis","culex",17
"LC049|Pipiens|2022|28","LC-049","BE","BE",2022,28,2022-07-12,"L","Pipiens","culex",0
"LC049|Tarsalis|2022|28","LC-049","BE","BE",2022,28,2022-07-12,"L","Tarsalis","culex",42
"LC049|Pipiens|2022|29","LC-049","BE","BE",2022,29,2022-07-19,"L","Pipiens","culex",0
"LC049|Tarsalis|2022|29","LC-049","BE","BE",2022,29,2022-07-19,"L","Tarsalis","culex",144
"LC049|Pipiens|2022|30","LC-049","BE","BE",2022,30,2022-07-26,"L","Pipiens","culex",3
"LC049|Tarsalis|2022|30","LC-049","BE","BE",2022,30,2022-07-26,"L","Tarsalis","culex",24
"LC049|Pipiens|2022|31","LC-049","BE","BE",2022,31,2022-08-02,"L","Pipiens","culex",1
"LC049|Tarsalis|2022|31","LC-049","BE","BE",2022,31,2022-08-02,"L","Tarsalis","culex",75
"LC049|Pipiens|2022|32","LC-049","BE","BE",2022,32,2022-08-09,"L","Pipiens","culex",12
"LC049|Tarsalis|2022|32","LC-049","BE","BE",2022,32,2022-08-09,"L","Tarsalis","culex",111
"LC049|Pipiens|2022|33","LC-049","BE","BE",2022,33,2022-08-16,"L","Pipiens","culex",6
"LC049|Tarsalis|2022|33","LC-049","BE","BE",2022,33,2022-08-16,"L","Tarsalis","culex",42
"LC049|Pipiens|2022|34","LC-049","BE","BE",2022,34,2022-08-23,"L","Pipiens","culex",7
"LC049|Tarsalis|2022|34","LC-049","BE","BE",2022,34,2022-08-23,"L","Tarsalis","culex",33
"LC049|Pipiens|2022|35","LC-049","BE","BE",2022,35,2022-08-30,"L","Pipiens","culex",2
"LC049|Tarsalis|2022|35","LC-049","BE","BE",2022,35,2022-08-30,"L","Tarsalis","culex",15
"LC049|Pipiens|2023|23","LC-049","BE","BE",2023,23,2023-06-06,"L","Pipiens","culex",0
"LC049|Tarsalis|2023|23","LC-049","BE","BE",2023,23,2023-06-06,"L","Tarsalis","culex",3
"LC049|Pipiens|2023|24","LC-049","BE","BE",2023,24,2023-06-13,"L","Pipiens","culex",0
"LC049|Tarsalis|2023|24","LC-049","BE","BE",2023,24,2023-06-13,"L","Tarsalis","culex",2
"LC049|Pipiens|2023|25","LC-049","BE","BE",2023,25,2023-06-20,"L","Pipiens","culex",1
"LC049|Tarsalis|2023|25","LC-049","BE","BE",2023,25,2023-06-20,"L","Tarsalis","culex",9
"LC049|Pipiens|2023|26","LC-049","BE","BE",2023,26,2023-06-27,"L","Pipiens","culex",0
"LC049|Tarsalis|2023|26","LC-049","BE","BE",2023,26,2023-06-27,"L","Tarsalis","culex",138
"LC049|Pipiens|2023|27","LC-049","BE","BE",2023,27,2023-07-03,"L","Pipiens","culex",0
"LC049|Tarsalis|2023|27","LC-049","BE","BE",2023,27,2023-07-03,"L","Tarsalis","culex",100
"LC049|Pipiens|2023|28","LC-049","BE","BE",2023,28,2023-07-11,"L","Pipiens","culex",0
"LC049|Tarsalis|2023|28","LC-049","BE","BE",2023,28,2023-07-11,"L","Tarsalis","culex",103
"LC049|Pipiens|2023|29","LC-049","BE","BE",2023,29,2023-07-18,"L","Pipiens","culex",0
"LC049|Tarsalis|2023|29","LC-049","BE","BE",2023,29,2023-07-18,"L","Tarsalis","culex",122
"LC049|Pipiens|2023|30","LC-049","BE","BE",2023,30,2023-07-25,"L","Pipiens","culex",1
"LC049|Tarsalis|2023|30","LC-049","BE","BE",2023,30,2023-07-25,"L","Tarsalis","culex",44
"LC049|Pipiens|2023|31","LC-049","BE","BE",2023,31,2023-08-01,"L","Pipiens","culex",0
"LC049|Tarsalis|2023|31","LC-049","BE","BE",2023,31,2023-08-01,"L","Tarsalis","culex",9
"LC049|Pipiens|2023|32","LC-049","BE","BE",2023,32,2023-08-08,"L","Pipiens","culex",3
"LC049|Tarsalis|2023|32","LC-049","BE","BE",2023,32,2023-08-08,"L","Tarsalis","culex",62
"LC049|Pipiens|2023|33","LC-049","BE","BE",2023,33,2023-08-15,"L","Pipiens","culex",0
"LC049|Tarsalis|2023|33","LC-049","BE","BE",2023,33,2023-08-15,"L","Tarsalis","culex",15
"LC049|Pipiens|2023|34","LC-049","BE","BE",2023,34,2023-08-22,"L","Pipiens","culex",2
"LC049|Tarsalis|2023|34","LC-049","BE","BE",2023,34,2023-08-22,"L","Tarsalis","culex",33
"LC049|Pipiens|2023|35","LC-049","BE","BE",2023,35,2023-08-29,"L","Pipiens","culex",1
"LC049|Tarsalis|2023|35","LC-049","BE","BE",2023,35,2023-08-29,"L","Tarsalis","culex",12
"LC049|Pipiens|2024|25","LC-049","BE","BE",2024,25,2024-06-19,"L","Pipiens","culex",0
"LC049|Tarsalis|2024|25","LC-049","BE","BE",2024,25,2024-06-19,"L","Tarsalis","culex",1
"LC049|Pipiens|2024|26","LC-049","BE","BE",2024,26,2024-06-26,"L","Pipiens","culex",0
"LC049|Tarsalis|2024|26","LC-049","BE","BE",2024,26,2024-06-26,"L","Tarsalis","culex",8
"LC049|Pipiens|2024|27","LC-049","BE","BE",2024,27,2024-07-03,"L","Pipiens","culex",1
"LC049|Tarsalis|2024|27","LC-049","BE","BE",2024,27,2024-07-03,"L","Tarsalis","culex",6
"LC049|Pipiens|2024|28","LC-049","BE","BE",2024,28,2024-07-10,"L","Pipiens","culex",0
"LC049|Tarsalis|2024|28","LC-049","BE","BE",2024,28,2024-07-10,"L","Tarsalis","culex",41
"LC049|Pipiens|2024|29","LC-049","BE","BE",2024,29,2024-07-17,"L","Pipiens","culex",2
"LC049|Tarsalis|2024|29","LC-049","BE","BE",2024,29,2024-07-17,"L","Tarsalis","culex",78
"LC049|Pipiens|2024|30","LC-049","BE","BE",2024,30,2024-07-24,"L","Pipiens","culex",0
"LC049|Tarsalis|2024|30","LC-049","BE","BE",2024,30,2024-07-24,"L","Tarsalis","culex",98
"LC049|Pipiens|2024|31","LC-049","BE","BE",2024,31,2024-07-31,"L","Pipiens","culex",0
"LC049|Tarsalis|2024|31","LC-049","BE","BE",2024,31,2024-07-31,"L","Tarsalis","culex",67
"LC049|Pipiens|2024|32","LC-049","BE","BE",2024,32,2024-08-07,"L","Pipiens","culex",0
"LC049|Tarsalis|2024|32","LC-049","BE","BE",2024,32,2024-08-07,"L","Tarsalis","culex",61
"LC049|Pipiens|2024|33","LC-049","BE","BE",2024,33,2024-08-14,"L","Pipiens","culex",5
"LC049|Tarsalis|2024|33","LC-049","BE","BE",2024,33,2024-08-14,"L","Tarsalis","culex",29
"LC049|Pipiens|2024|34","LC-049","BE","BE",2024,34,2024-08-21,"L","Pipiens","culex",1
"LC049|Tarsalis|2024|34","LC-049","BE","BE",2024,34,2024-08-21,"L","Tarsalis","culex",19
"LC049|Pipiens|2024|35","LC-049","BE","BE",2024,35,2024-08-28,"L","Pipiens","culex",0
"LC049|Tarsalis|2024|35","LC-049","BE","BE",2024,35,2024-08-28,"L","Tarsalis","culex",7
"LC049|Pipiens|2025|25","LC-049","BE","BE",2025,25,2025-06-18,"L","Pipiens","culex",1
"LC049|Tarsalis|2025|25","LC-049","BE","BE",2025,25,2025-06-18,"L","Tarsalis","culex",1
"LC049|Pipiens|2025|26","LC-049","BE","BE",2025,26,2025-06-25,"L","Pipiens","culex",0
"LC049|Tarsalis|2025|26","LC-049","BE","BE",2025,26,2025-06-25,"L","Tarsalis","culex",27
"LC049|Pipiens|2025|27","LC-049","BE","BE",2025,27,2025-07-02,"L","Pipiens","culex",0
"LC049|Tarsalis|2025|27","LC-049","BE","BE",2025,27,2025-07-02,"L","Tarsalis","culex",7
"LC049|Pipiens|2025|28","LC-049","BE","BE",2025,28,2025-07-09,"L","Pipiens","culex",10
"LC049|Tarsalis|2025|28","LC-049","BE","BE",2025,28,2025-07-09,"L","Tarsalis","culex",143
"LC049|Pipiens|2025|29","LC-049","BE","BE",2025,29,2025-07-16,"L","Pipiens","culex",9
"LC049|Tarsalis|2025|29","LC-049","BE","BE",2025,29,2025-07-16,"L","Tarsalis","culex",78
"LC049|Pipiens|2025|30","LC-049","BE","BE",2025,30,2025-07-23,"L","Pipiens","culex",3
"LC049|Tarsalis|2025|30","LC-049","BE","BE",2025,30,2025-07-23,"L","Tarsalis","culex",129
"LC049|Pipiens|2025|31","LC-049","BE","BE",2025,31,2025-07-30,"L","Pipiens","culex",0
"LC049|Tarsalis|2025|31","LC-049","BE","BE",2025,31,2025-07-30,"L","Tarsalis","culex",8
"LC049|Pipiens|2025|32","LC-049","BE","BE",2025,32,2025-08-06,"L","Pipiens","culex",8
"LC049|Tarsalis|2025|32","LC-049","BE","BE",2025,32,2025-08-06,"L","Tarsalis","culex",187
"LC049|Pipiens|2025|33","LC-049","BE","BE",2025,33,2025-08-13,"L","Pipiens","culex",6
"LC049|Tarsalis|2025|33","LC-049","BE","BE",2025,33,2025-08-13,"L","Tarsalis","culex",60
"LC049|Pipiens|2025|34","LC-049","BE","BE",2025,34,2025-08-20,"L","Pipiens","culex",6
"LC049|Tarsalis|2025|34","LC-049","BE","BE",2025,34,2025-08-20,"L","Tarsalis","culex",162
"LC049|Pipiens|2025|35","LC-049","BE","BE",2025,35,2025-08-27,"L","Pipiens","culex",2
"LC049|Tarsalis|2025|35","LC-049","BE","BE",2025,35,2025-08-27,"L","Tarsalis","culex",10
"LC053|Pipiens|2020|24","LC-053","BE","BE",2020,24,2020-06-09,"L","Pipiens","culex",1
"LC053|Tarsalis|2020|24","LC-053","BE","BE",2020,24,2020-06-09,"L","Tarsalis","culex",0
"LC053|Pipiens|2020|25","LC-053","BE","BE",2020,25,2020-06-16,"L","Pipiens","culex",0
"LC053|Tarsalis|2020|25","LC-053","BE","BE",2020,25,2020-06-16,"L","Tarsalis","culex",2
"LC053|Pipiens|2020|27","LC-053","BE","BE",2020,27,2020-06-30,"L","Pipiens","culex",0
"LC053|Tarsalis|2020|27","LC-053","BE","BE",2020,27,2020-06-30,"L","Tarsalis","culex",10
"LC053|Pipiens|2020|28","LC-053","BE","BE",2020,28,2020-07-07,"L","Pipiens","culex",0
"LC053|Tarsalis|2020|28","LC-053","BE","BE",2020,28,2020-07-07,"L","Tarsalis","culex",4
"LC053|Pipiens|2020|30","LC-053","BE","BE",2020,30,2020-07-21,"L","Pipiens","culex",0
"LC053|Tarsalis|2020|30","LC-053","BE","BE",2020,30,2020-07-21,"L","Tarsalis","culex",3
"LC053|Pipiens|2020|31","LC-053","BE","BE",2020,31,2020-07-28,"L","Pipiens","culex",0
"LC053|Tarsalis|2020|31","LC-053","BE","BE",2020,31,2020-07-28,"L","Tarsalis","culex",9
"LC053|Pipiens|2020|32","LC-053","BE","BE",2020,32,2020-08-04,"L","Pipiens","culex",2
"LC053|Tarsalis|2020|32","LC-053","BE","BE",2020,32,2020-08-04,"L","Tarsalis","culex",13
"LC053|Pipiens|2020|33","LC-053","BE","BE",2020,33,2020-08-11,"L","Pipiens","culex",1
"LC053|Tarsalis|2020|33","LC-053","BE","BE",2020,33,2020-08-11,"L","Tarsalis","culex",19
"LC053|Pipiens|2020|34","LC-053","BE","BE",2020,34,2020-08-18,"L","Pipiens","culex",0
"LC053|Tarsalis|2020|34","LC-053","BE","BE",2020,34,2020-08-18,"L","Tarsalis","culex",5
"LC053|Pipiens|2020|35","LC-053","BE","BE",2020,35,2020-08-25,"L","Pipiens","culex",0
"LC053|Tarsalis|2020|35","LC-053","BE","BE",2020,35,2020-08-25,"L","Tarsalis","culex",12
"LC053|Pipiens|2021|23","LC-053","BE","BE",2021,23,2021-06-08,"L","Pipiens","culex",0
"LC053|Tarsalis|2021|23","LC-053","BE","BE",2021,23,2021-06-08,"L","Tarsalis","culex",2
"LC053|Pipiens|2021|24","LC-053","BE","BE",2021,24,2021-06-15,"L","Pipiens","culex",0
"LC053|Tarsalis|2021|24","LC-053","BE","BE",2021,24,2021-06-15,"L","Tarsalis","culex",127
"LC053|Pipiens|2021|25","LC-053","BE","BE",2021,25,2021-06-22,"L","Pipiens","culex",0
"LC053|Tarsalis|2021|25","LC-053","BE","BE",2021,25,2021-06-22,"L","Tarsalis","culex",69
"LC053|Pipiens|2021|26","LC-053","BE","BE",2021,26,2021-06-29,"L","Pipiens","culex",1
"LC053|Tarsalis|2021|26","LC-053","BE","BE",2021,26,2021-06-29,"L","Tarsalis","culex",15
"LC053|Pipiens|2021|27","LC-053","BE","BE",2021,27,2021-07-06,"L","Pipiens","culex",0
"LC053|Tarsalis|2021|27","LC-053","BE","BE",2021,27,2021-07-06,"L","Tarsalis","culex",200
"LC053|Pipiens|2021|28","LC-053","BE","BE",2021,28,2021-07-13,"L","Pipiens","culex",4
"LC053|Tarsalis|2021|28","LC-053","BE","BE",2021,28,2021-07-13,"L","Tarsalis","culex",273
"LC053|Pipiens|2021|29","LC-053","BE","BE",2021,29,2021-07-20,"L","Pipiens","culex",1
"LC053|Tarsalis|2021|29","LC-053","BE","BE",2021,29,2021-07-20,"L","Tarsalis","culex",178
"LC053|Pipiens|2021|30","LC-053","BE","BE",2021,30,2021-07-27,"L","Pipiens","culex",0
"LC053|Tarsalis|2021|30","LC-053","BE","BE",2021,30,2021-07-27,"L","Tarsalis","culex",199
"LC053|Pipiens|2021|31","LC-053","BE","BE",2021,31,2021-08-03,"L","Pipiens","culex",0
"LC053|Tarsalis|2021|31","LC-053","BE","BE",2021,31,2021-08-03,"L","Tarsalis","culex",49
"LC053|Pipiens|2021|32","LC-053","BE","BE",2021,32,2021-08-10,"L","Pipiens","culex",5
"LC053|Tarsalis|2021|32","LC-053","BE","BE",2021,32,2021-08-10,"L","Tarsalis","culex",43
"LC053|Pipiens|2021|33","LC-053","BE","BE",2021,33,2021-08-17,"L","Pipiens","culex",2
"LC053|Tarsalis|2021|33","LC-053","BE","BE",2021,33,2021-08-17,"L","Tarsalis","culex",18
"LC053|Pipiens|2021|34","LC-053","BE","BE",2021,34,2021-08-24,"L","Pipiens","culex",2
"LC053|Tarsalis|2021|34","LC-053","BE","BE",2021,34,2021-08-24,"L","Tarsalis","culex",36
"LC053|Pipiens|2021|35","LC-053","BE","BE",2021,35,2021-08-31,"L","Pipiens","culex",5
"LC053|Tarsalis|2021|35","LC-053","BE","BE",2021,35,2021-08-31,"L","Tarsalis","culex",9
"LC053|Pipiens|2022|24","LC-053","BE","BE",2022,24,2022-06-14,"L","Pipiens","culex",0
"LC053|Tarsalis|2022|24","LC-053","BE","BE",2022,24,2022-06-14,"L","Tarsalis","culex",20
"LC053|Pipiens|2022|25","LC-053","BE","BE",2022,25,2022-06-21,"L","Pipiens","culex",0
"LC053|Tarsalis|2022|25","LC-053","BE","BE",2022,25,2022-06-21,"L","Tarsalis","culex",2
"LC053|Pipiens|2022|26","LC-053","BE","BE",2022,26,2022-06-28,"L","Pipiens","culex",0
"LC053|Tarsalis|2022|26","LC-053","BE","BE",2022,26,2022-06-28,"L","Tarsalis","culex",42
"LC053|Pipiens|2022|27","LC-053","BE","BE",2022,27,2022-07-05,"L","Pipiens","culex",0
"LC053|Tarsalis|2022|27","LC-053","BE","BE",2022,27,2022-07-05,"L","Tarsalis","culex",63
"LC053|Pipiens|2022|28","LC-053","BE","BE",2022,28,2022-07-12,"L","Pipiens","culex",1
"LC053|Tarsalis|2022|28","LC-053","BE","BE",2022,28,2022-07-12,"L","Tarsalis","culex",38
"LC053|Pipiens|2022|29","LC-053","BE","BE",2022,29,2022-07-19,"L","Pipiens","culex",6
"LC053|Tarsalis|2022|29","LC-053","BE","BE",2022,29,2022-07-19,"L","Tarsalis","culex",87
"LC053|Pipiens|2022|30","LC-053","BE","BE",2022,30,2022-07-26,"L","Pipiens","culex",2
"LC053|Tarsalis|2022|30","LC-053","BE","BE",2022,30,2022-07-26,"L","Tarsalis","culex",48
"LC053|Pipiens|2022|31","LC-053","BE","BE",2022,31,2022-08-02,"L","Pipiens","culex",0
"LC053|Tarsalis|2022|31","LC-053","BE","BE",2022,31,2022-08-02,"L","Tarsalis","culex",7
"LC053|Pipiens|2022|32","LC-053","BE","BE",2022,32,2022-08-09,"L","Pipiens","culex",0
"LC053|Tarsalis|2022|32","LC-053","BE","BE",2022,32,2022-08-09,"L","Tarsalis","culex",49
"LC053|Pipiens|2022|33","LC-053","BE","BE",2022,33,2022-08-16,"L","Pipiens","culex",4
"LC053|Tarsalis|2022|33","LC-053","BE","BE",2022,33,2022-08-16,"L","Tarsalis","culex",19
"LC053|Pipiens|2022|34","LC-053","BE","BE",2022,34,2022-08-23,"L","Pipiens","culex",4
"LC053|Tarsalis|2022|34","LC-053","BE","BE",2022,34,2022-08-23,"L","Tarsalis","culex",40
"LC053|Pipiens|2022|35","LC-053","BE","BE",2022,35,2022-08-30,"L","Pipiens","culex",2
"LC053|Tarsalis|2022|35","LC-053","BE","BE",2022,35,2022-08-30,"L","Tarsalis","culex",26
"LC053|Pipiens|2023|23","LC-053","BE","BE",2023,23,2023-06-06,"L","Pipiens","culex",0
"LC053|Tarsalis|2023|23","LC-053","BE","BE",2023,23,2023-06-06,"L","Tarsalis","culex",19
"LC053|Pipiens|2023|24","LC-053","BE","BE",2023,24,2023-06-13,"L","Pipiens","culex",1
"LC053|Tarsalis|2023|24","LC-053","BE","BE",2023,24,2023-06-13,"L","Tarsalis","culex",7
"LC053|Pipiens|2023|25","LC-053","BE","BE",2023,25,2023-06-20,"L","Pipiens","culex",0
"LC053|Tarsalis|2023|25","LC-053","BE","BE",2023,25,2023-06-20,"L","Tarsalis","culex",30
"LC053|Pipiens|2023|26","LC-053","BE","BE",2023,26,2023-06-27,"L","Pipiens","culex",0
"LC053|Tarsalis|2023|26","LC-053","BE","BE",2023,26,2023-06-27,"L","Tarsalis","culex",1050
"LC053|Pipiens|2023|27","LC-053","BE","BE",2023,27,2023-07-03,"L","Pipiens","culex",0
"LC053|Tarsalis|2023|27","LC-053","BE","BE",2023,27,2023-07-03,"L","Tarsalis","culex",512
"LC053|Pipiens|2023|28","LC-053","BE","BE",2023,28,2023-07-11,"L","Pipiens","culex",0
"LC053|Tarsalis|2023|28","LC-053","BE","BE",2023,28,2023-07-11,"L","Tarsalis","culex",1472
"LC053|Pipiens|2023|29","LC-053","BE","BE",2023,29,2023-07-18,"L","Pipiens","culex",28
"LC053|Tarsalis|2023|29","LC-053","BE","BE",2023,29,2023-07-18,"L","Tarsalis","culex",1568
"LC053|Pipiens|2023|30","LC-053","BE","BE",2023,30,2023-07-25,"L","Pipiens","culex",8
"LC053|Tarsalis|2023|30","LC-053","BE","BE",2023,30,2023-07-25,"L","Tarsalis","culex",256
"LC053|Pipiens|2023|31","LC-053","BE","BE",2023,31,2023-08-01,"L","Pipiens","culex",8
"LC053|Tarsalis|2023|31","LC-053","BE","BE",2023,31,2023-08-01,"L","Tarsalis","culex",15
"LC053|Pipiens|2023|32","LC-053","BE","BE",2023,32,2023-08-08,"L","Pipiens","culex",1
"LC053|Tarsalis|2023|32","LC-053","BE","BE",2023,32,2023-08-08,"L","Tarsalis","culex",196
"LC053|Pipiens|2023|33","LC-053","BE","BE",2023,33,2023-08-15,"L","Pipiens","culex",11
"LC053|Tarsalis|2023|33","LC-053","BE","BE",2023,33,2023-08-15,"L","Tarsalis","culex",17
"LC053|Pipiens|2023|34","LC-053","BE","BE",2023,34,2023-08-22,"L","Pipiens","culex",5
"LC053|Tarsalis|2023|34","LC-053","BE","BE",2023,34,2023-08-22,"L","Tarsalis","culex",18
"LC053|Pipiens|2023|35","LC-053","BE","BE",2023,35,2023-08-29,"L","Pipiens","culex",21
"LC053|Tarsalis|2023|35","LC-053","BE","BE",2023,35,2023-08-29,"L","Tarsalis","culex",27
"LC053|Pipiens|2024|23","LC-053","BE","BE",2024,23,2024-06-04,"L","Pipiens","culex",0
"LC053|Tarsalis|2024|23","LC-053","BE","BE",2024,23,2024-06-04,"L","Tarsalis","culex",1
"LC053|Pipiens|2024|24","LC-053","BE","BE",2024,24,2024-06-11,"L","Pipiens","culex",0
"LC053|Tarsalis|2024|24","LC-053","BE","BE",2024,24,2024-06-11,"L","Tarsalis","culex",11
"LC053|Pipiens|2024|26","LC-053","BE","BE",2024,26,2024-06-26,"L","Pipiens","culex",2
"LC053|Tarsalis|2024|26","LC-053","BE","BE",2024,26,2024-06-26,"L","Tarsalis","culex",42
"LC053|Pipiens|2024|27","LC-053","BE","BE",2024,27,2024-07-03,"L","Pipiens","culex",0
"LC053|Tarsalis|2024|27","LC-053","BE","BE",2024,27,2024-07-03,"L","Tarsalis","culex",55
"LC053|Pipiens|2024|28","LC-053","BE","BE",2024,28,2024-07-10,"L","Pipiens","culex",0
"LC053|Tarsalis|2024|28","LC-053","BE","BE",2024,28,2024-07-10,"L","Tarsalis","culex",12
"LC053|Pipiens|2024|29","LC-053","BE","BE",2024,29,2024-07-17,"L","Pipiens","culex",0
"LC053|Tarsalis|2024|29","LC-053","BE","BE",2024,29,2024-07-17,"L","Tarsalis","culex",140
"LC053|Pipiens|2024|30","LC-053","BE","BE",2024,30,2024-07-24,"L","Pipiens","culex",2
"LC053|Tarsalis|2024|30","LC-053","BE","BE",2024,30,2024-07-24,"L","Tarsalis","culex",16
"LC053|Pipiens|2024|31","LC-053","BE","BE",2024,31,2024-07-31,"L","Pipiens","culex",0
"LC053|Tarsalis|2024|31","LC-053","BE","BE",2024,31,2024-07-31,"L","Tarsalis","culex",42
"LC053|Pipiens|2024|32","LC-053","BE","BE",2024,32,2024-08-07,"L","Pipiens","culex",0
"LC053|Tarsalis|2024|32","LC-053","BE","BE",2024,32,2024-08-07,"L","Tarsalis","culex",46
"LC053|Pipiens|2024|33","LC-053","BE","BE",2024,33,2024-08-14,"L","Pipiens","culex",2
"LC053|Tarsalis|2024|33","LC-053","BE","BE",2024,33,2024-08-14,"L","Tarsalis","culex",56
"LC053|Pipiens|2024|34","LC-053","BE","BE",2024,34,2024-08-21,"L","Pipiens","culex",1
"LC053|Tarsalis|2024|34","LC-053","BE","BE",2024,34,2024-08-21,"L","Tarsalis","culex",57
"LC053|Pipiens|2024|35","LC-053","BE","BE",2024,35,2024-08-28,"L","Pipiens","culex",1
"LC053|Tarsalis|2024|35","LC-053","BE","BE",2024,35,2024-08-28,"L","Tarsalis","culex",4
"LC053|Pipiens|2025|25","LC-053","BE","BE",2025,25,2025-06-18,"L","Pipiens","culex",0
"LC053|Tarsalis|2025|25","LC-053","BE","BE",2025,25,2025-06-18,"L","Tarsalis","culex",5
"LC053|Pipiens|2025|26","LC-053","BE","BE",2025,26,2025-06-25,"L","Pipiens","culex",0
"LC053|Tarsalis|2025|26","LC-053","BE","BE",2025,26,2025-06-25,"L","Tarsalis","culex",18
"LC053|Pipiens|2025|27","LC-053","BE","BE",2025,27,2025-07-02,"L","Pipiens","culex",0
"LC053|Tarsalis|2025|27","LC-053","BE","BE",2025,27,2025-07-02,"L","Tarsalis","culex",58
"LC053|Pipiens|2025|28","LC-053","BE","BE",2025,28,2025-07-09,"L","Pipiens","culex",0
"LC053|Tarsalis|2025|28","LC-053","BE","BE",2025,28,2025-07-09,"L","Tarsalis","culex",93
"LC053|Pipiens|2025|29","LC-053","BE","BE",2025,29,2025-07-16,"L","Pipiens","culex",2
"LC053|Tarsalis|2025|29","LC-053","BE","BE",2025,29,2025-07-16,"L","Tarsalis","culex",44
"LC053|Pipiens|2025|30","LC-053","BE","BE",2025,30,2025-07-23,"L","Pipiens","culex",2
"LC053|Tarsalis|2025|30","LC-053","BE","BE",2025,30,2025-07-23,"L","Tarsalis","culex",19
"LC053|Pipiens|2025|31","LC-053","BE","BE",2025,31,2025-07-30,"L","Pipiens","culex",1
"LC053|Tarsalis|2025|31","LC-053","BE","BE",2025,31,2025-07-30,"L","Tarsalis","culex",51
"LC053|Pipiens|2025|32","LC-053","BE","BE",2025,32,2025-08-06,"L","Pipiens","culex",2
"LC053|Tarsalis|2025|32","LC-053","BE","BE",2025,32,2025-08-06,"L","Tarsalis","culex",44
"LC053|Pipiens|2025|33","LC-053","BE","BE",2025,33,2025-08-13,"L","Pipiens","culex",1
"LC053|Tarsalis|2025|33","LC-053","BE","BE",2025,33,2025-08-13,"L","Tarsalis","culex",27
"LC053|Pipiens|2025|34","LC-053","BE","BE",2025,34,2025-08-20,"L","Pipiens","culex",0
"LC053|Tarsalis|2025|34","LC-053","BE","BE",2025,34,2025-08-20,"L","Tarsalis","culex",56
"LC053|Pipiens|2025|35","LC-053","BE","BE",2025,35,2025-08-27,"L","Pipiens","culex",1
"LC053|Tarsalis|2025|35","LC-053","BE","BE",2025,35,2025-08-27,"L","Tarsalis","culex",2
"LC054|Pipiens|2020|23","LC-054","BE","BE",2020,23,2020-06-02,"L","Pipiens","culex",0
"LC054|Tarsalis|2020|23","LC-054","BE","BE",2020,23,2020-06-02,"L","Tarsalis","culex",5
"LC054|Pipiens|2020|24","LC-054","BE","BE",2020,24,2020-06-09,"L","Pipiens","culex",0
"LC054|Tarsalis|2020|24","LC-054","BE","BE",2020,24,2020-06-09,"L","Tarsalis","culex",1
"LC054|Pipiens|2020|25","LC-054","BE","BE",2020,25,2020-06-16,"L","Pipiens","culex",0
"LC054|Tarsalis|2020|25","LC-054","BE","BE",2020,25,2020-06-16,"L","Tarsalis","culex",5
"LC054|Pipiens|2020|26","LC-054","BE","BE",2020,26,2020-06-23,"L","Pipiens","culex",0
"LC054|Tarsalis|2020|26","LC-054","BE","BE",2020,26,2020-06-23,"L","Tarsalis","culex",1
"LC054|Pipiens|2020|27","LC-054","BE","BE",2020,27,2020-06-30,"L","Pipiens","culex",0
"LC054|Tarsalis|2020|27","LC-054","BE","BE",2020,27,2020-06-30,"L","Tarsalis","culex",11
"LC054|Pipiens|2020|28","LC-054","BE","BE",2020,28,2020-07-07,"L","Pipiens","culex",0
"LC054|Tarsalis|2020|28","LC-054","BE","BE",2020,28,2020-07-07,"L","Tarsalis","culex",10
"LC054|Pipiens|2020|29","LC-054","BE","BE",2020,29,2020-07-14,"L","Pipiens","culex",2
"LC054|Tarsalis|2020|29","LC-054","BE","BE",2020,29,2020-07-14,"L","Tarsalis","culex",6
"LC054|Pipiens|2020|30","LC-054","BE","BE",2020,30,2020-07-21,"L","Pipiens","culex",0
"LC054|Tarsalis|2020|30","LC-054","BE","BE",2020,30,2020-07-21,"L","Tarsalis","culex",7
"LC054|Pipiens|2020|31","LC-054","BE","BE",2020,31,2020-07-28,"L","Pipiens","culex",0
"LC054|Tarsalis|2020|31","LC-054","BE","BE",2020,31,2020-07-28,"L","Tarsalis","culex",11
"LC054|Pipiens|2020|32","LC-054","BE","BE",2020,32,2020-08-04,"L","Pipiens","culex",6
"LC054|Tarsalis|2020|32","LC-054","BE","BE",2020,32,2020-08-04,"L","Tarsalis","culex",12
"LC054|Pipiens|2020|33","LC-054","BE","BE",2020,33,2020-08-11,"L","Pipiens","culex",0
"LC054|Tarsalis|2020|33","LC-054","BE","BE",2020,33,2020-08-11,"L","Tarsalis","culex",9
"LC054|Pipiens|2020|34","LC-054","BE","BE",2020,34,2020-08-18,"L","Pipiens","culex",2
"LC054|Tarsalis|2020|34","LC-054","BE","BE",2020,34,2020-08-18,"L","Tarsalis","culex",7
"LC054|Pipiens|2020|35","LC-054","BE","BE",2020,35,2020-08-25,"L","Pipiens","culex",3
"LC054|Tarsalis|2020|35","LC-054","BE","BE",2020,35,2020-08-25,"L","Tarsalis","culex",4
"LC054|Pipiens|2021|23","LC-054","BE","BE",2021,23,2021-06-08,"L","Pipiens","culex",1
"LC054|Tarsalis|2021|23","LC-054","BE","BE",2021,23,2021-06-08,"L","Tarsalis","culex",60
"LC054|Pipiens|2021|24","LC-054","BE","BE",2021,24,2021-06-15,"L","Pipiens","culex",0
"LC054|Tarsalis|2021|24","LC-054","BE","BE",2021,24,2021-06-15,"L","Tarsalis","culex",44
"LC054|Pipiens|2021|25","LC-054","BE","BE",2021,25,2021-06-22,"L","Pipiens","culex",2
"LC054|Tarsalis|2021|25","LC-054","BE","BE",2021,25,2021-06-22,"L","Tarsalis","culex",23
"LC054|Pipiens|2021|27","LC-054","BE","BE",2021,27,2021-07-06,"L","Pipiens","culex",34
"LC054|Tarsalis|2021|27","LC-054","BE","BE",2021,27,2021-07-06,"L","Tarsalis","culex",121
"LC054|Pipiens|2021|28","LC-054","BE","BE",2021,28,2021-07-14,"L","Pipiens","culex",41
"LC054|Tarsalis|2021|28","LC-054","BE","BE",2021,28,2021-07-14,"L","Tarsalis","culex",50
"LC054|Pipiens|2021|29","LC-054","BE","BE",2021,29,2021-07-20,"L","Pipiens","culex",16
"LC054|Tarsalis|2021|29","LC-054","BE","BE",2021,29,2021-07-20,"L","Tarsalis","culex",85
"LC054|Pipiens|2021|30","LC-054","BE","BE",2021,30,2021-07-27,"L","Pipiens","culex",71
"LC054|Tarsalis|2021|30","LC-054","BE","BE",2021,30,2021-07-27,"L","Tarsalis","culex",367
"LC054|Pipiens|2021|31","LC-054","BE","BE",2021,31,2021-08-03,"L","Pipiens","culex",19
"LC054|Tarsalis|2021|31","LC-054","BE","BE",2021,31,2021-08-03,"L","Tarsalis","culex",16
"LC054|Pipiens|2021|32","LC-054","BE","BE",2021,32,2021-08-10,"L","Pipiens","culex",50
"LC054|Tarsalis|2021|32","LC-054","BE","BE",2021,32,2021-08-10,"L","Tarsalis","culex",32
"LC054|Pipiens|2021|33","LC-054","BE","BE",2021,33,2021-08-17,"L","Pipiens","culex",18
"LC054|Tarsalis|2021|33","LC-054","BE","BE",2021,33,2021-08-17,"L","Tarsalis","culex",40
"LC054|Pipiens|2021|34","LC-054","BE","BE",2021,34,2021-08-24,"L","Pipiens","culex",20
"LC054|Tarsalis|2021|34","LC-054","BE","BE",2021,34,2021-08-24,"L","Tarsalis","culex",21
"LC054|Pipiens|2021|35","LC-054","BE","BE",2021,35,2021-08-31,"L","Pipiens","culex",23
"LC054|Tarsalis|2021|35","LC-054","BE","BE",2021,35,2021-08-31,"L","Tarsalis","culex",15
"LC054|Pipiens|2022|23","LC-054","BE","BE",2022,23,2022-06-07,"L","Pipiens","culex",0
"LC054|Tarsalis|2022|23","LC-054","BE","BE",2022,23,2022-06-07,"L","Tarsalis","culex",33
"LC054|Pipiens|2022|24","LC-054","BE","BE",2022,24,2022-06-14,"L","Pipiens","culex",0
"LC054|Tarsalis|2022|24","LC-054","BE","BE",2022,24,2022-06-14,"L","Tarsalis","culex",17
"LC054|Pipiens|2022|25","LC-054","BE","BE",2022,25,2022-06-21,"L","Pipiens","culex",0
"LC054|Tarsalis|2022|25","LC-054","BE","BE",2022,25,2022-06-21,"L","Tarsalis","culex",22
"LC054|Pipiens|2022|26","LC-054","BE","BE",2022,26,2022-06-28,"L","Pipiens","culex",0
"LC054|Tarsalis|2022|26","LC-054","BE","BE",2022,26,2022-06-28,"L","Tarsalis","culex",54
"LC054|Pipiens|2022|27","LC-054","BE","BE",2022,27,2022-07-05,"L","Pipiens","culex",0
"LC054|Tarsalis|2022|27","LC-054","BE","BE",2022,27,2022-07-05,"L","Tarsalis","culex",44
"LC054|Pipiens|2022|29","LC-054","BE","BE",2022,29,2022-07-19,"L","Pipiens","culex",1
"LC054|Tarsalis|2022|29","LC-054","BE","BE",2022,29,2022-07-19,"L","Tarsalis","culex",87
"LC054|Pipiens|2022|30","LC-054","BE","BE",2022,30,2022-07-26,"L","Pipiens","culex",2
"LC054|Tarsalis|2022|30","LC-054","BE","BE",2022,30,2022-07-26,"L","Tarsalis","culex",32
"LC054|Pipiens|2022|31","LC-054","BE","BE",2022,31,2022-08-02,"L","Pipiens","culex",2
"LC054|Tarsalis|2022|31","LC-054","BE","BE",2022,31,2022-08-02,"L","Tarsalis","culex",54
"LC054|Pipiens|2022|32","LC-054","BE","BE",2022,32,2022-08-09,"L","Pipiens","culex",31
"LC054|Tarsalis|2022|32","LC-054","BE","BE",2022,32,2022-08-09,"L","Tarsalis","culex",177
"LC054|Pipiens|2022|33","LC-054","BE","BE",2022,33,2022-08-16,"L","Pipiens","culex",6
"LC054|Tarsalis|2022|33","LC-054","BE","BE",2022,33,2022-08-16,"L","Tarsalis","culex",11
"LC054|Pipiens|2022|34","LC-054","BE","BE",2022,34,2022-08-23,"L","Pipiens","culex",16
"LC054|Tarsalis|2022|34","LC-054","BE","BE",2022,34,2022-08-23,"L","Tarsalis","culex",19
"LC054|Pipiens|2022|35","LC-054","BE","BE",2022,35,2022-08-30,"L","Pipiens","culex",10
"LC054|Tarsalis|2022|35","LC-054","BE","BE",2022,35,2022-08-30,"L","Tarsalis","culex",22
"LC054|Pipiens|2023|23","LC-054","BE","BE",2023,23,2023-06-06,"L","Pipiens","culex",0
"LC054|Tarsalis|2023|23","LC-054","BE","BE",2023,23,2023-06-06,"L","Tarsalis","culex",16
"LC054|Pipiens|2023|24","LC-054","BE","BE",2023,24,2023-06-13,"L","Pipiens","culex",2
"LC054|Tarsalis|2023|24","LC-054","BE","BE",2023,24,2023-06-13,"L","Tarsalis","culex",26
"LC054|Pipiens|2023|25","LC-054","BE","BE",2023,25,2023-06-20,"L","Pipiens","culex",2
"LC054|Tarsalis|2023|25","LC-054","BE","BE",2023,25,2023-06-20,"L","Tarsalis","culex",285
"LC054|Pipiens|2023|26","LC-054","BE","BE",2023,26,2023-06-27,"L","Pipiens","culex",15
"LC054|Tarsalis|2023|26","LC-054","BE","BE",2023,26,2023-06-27,"L","Tarsalis","culex",1815
"LC054|Pipiens|2023|27","LC-054","BE","BE",2023,27,2023-07-03,"L","Pipiens","culex",2
"LC054|Tarsalis|2023|27","LC-054","BE","BE",2023,27,2023-07-03,"L","Tarsalis","culex",864
"LC054|Pipiens|2023|28","LC-054","BE","BE",2023,28,2023-07-11,"L","Pipiens","culex",140
"LC054|Tarsalis|2023|28","LC-054","BE","BE",2023,28,2023-07-11,"L","Tarsalis","culex",900
"LC054|Pipiens|2023|29","LC-054","BE","BE",2023,29,2023-07-18,"L","Pipiens","culex",0
"LC054|Tarsalis|2023|29","LC-054","BE","BE",2023,29,2023-07-18,"L","Tarsalis","culex",768
"LC054|Pipiens|2023|30","LC-054","BE","BE",2023,30,2023-07-25,"L","Pipiens","culex",1
"LC054|Tarsalis|2023|30","LC-054","BE","BE",2023,30,2023-07-25,"L","Tarsalis","culex",42
"LC054|Pipiens|2023|31","LC-054","BE","BE",2023,31,2023-08-01,"L","Pipiens","culex",2
"LC054|Tarsalis|2023|31","LC-054","BE","BE",2023,31,2023-08-01,"L","Tarsalis","culex",28
"LC054|Pipiens|2023|32","LC-054","BE","BE",2023,32,2023-08-08,"L","Pipiens","culex",18
"LC054|Tarsalis|2023|32","LC-054","BE","BE",2023,32,2023-08-08,"L","Tarsalis","culex",124
"LC054|Pipiens|2023|33","LC-054","BE","BE",2023,33,2023-08-15,"L","Pipiens","culex",50
"LC054|Tarsalis|2023|33","LC-054","BE","BE",2023,33,2023-08-15,"L","Tarsalis","culex",228
"LC054|Pipiens|2023|34","LC-054","BE","BE",2023,34,2023-08-22,"L","Pipiens","culex",35
"LC054|Tarsalis|2023|34","LC-054","BE","BE",2023,34,2023-08-22,"L","Tarsalis","culex",52
"LC054|Pipiens|2023|35","LC-054","BE","BE",2023,35,2023-08-29,"L","Pipiens","culex",18
"LC054|Tarsalis|2023|35","LC-054","BE","BE",2023,35,2023-08-29,"L","Tarsalis","culex",14
"LC054|Pipiens|2024|23","LC-054","BE","BE",2024,23,2024-06-04,"L","Pipiens","culex",0
"LC054|Tarsalis|2024|23","LC-054","BE","BE",2024,23,2024-06-04,"L","Tarsalis","culex",3
"LC054|Pipiens|2024|24","LC-054","BE","BE",2024,24,2024-06-11,"L","Pipiens","culex",0
"LC054|Tarsalis|2024|24","LC-054","BE","BE",2024,24,2024-06-11,"L","Tarsalis","culex",13
"LC054|Pipiens|2024|25","LC-054","BE","BE",2024,25,2024-06-19,"L","Pipiens","culex",0
"LC054|Tarsalis|2024|25","LC-054","BE","BE",2024,25,2024-06-19,"L","Tarsalis","culex",4
"LC054|Pipiens|2024|26","LC-054","BE","BE",2024,26,2024-06-26,"L","Pipiens","culex",2
"LC054|Tarsalis|2024|26","LC-054","BE","BE",2024,26,2024-06-26,"L","Tarsalis","culex",58
"LC054|Pipiens|2024|27","LC-054","BE","BE",2024,27,2024-07-03,"L","Pipiens","culex",1
"LC054|Tarsalis|2024|27","LC-054","BE","BE",2024,27,2024-07-03,"L","Tarsalis","culex",44
"LC054|Pipiens|2024|28","LC-054","BE","BE",2024,28,2024-07-10,"L","Pipiens","culex",1
"LC054|Tarsalis|2024|28","LC-054","BE","BE",2024,28,2024-07-10,"L","Tarsalis","culex",72
"LC054|Pipiens|2024|29","LC-054","BE","BE",2024,29,2024-07-17,"L","Pipiens","culex",0
"LC054|Tarsalis|2024|29","LC-054","BE","BE",2024,29,2024-07-17,"L","Tarsalis","culex",1
"LC054|Pipiens|2024|30","LC-054","BE","BE",2024,30,2024-07-24,"L","Pipiens","culex",0
"LC054|Tarsalis|2024|30","LC-054","BE","BE",2024,30,2024-07-24,"L","Tarsalis","culex",57
"LC054|Pipiens|2024|31","LC-054","BE","BE",2024,31,2024-07-31,"L","Pipiens","culex",3
"LC054|Tarsalis|2024|31","LC-054","BE","BE",2024,31,2024-07-31,"L","Tarsalis","culex",56
"LC054|Pipiens|2024|32","LC-054","BE","BE",2024,32,2024-08-07,"L","Pipiens","culex",7
"LC054|Tarsalis|2024|32","LC-054","BE","BE",2024,32,2024-08-07,"L","Tarsalis","culex",39
"LC054|Pipiens|2024|33","LC-054","BE","BE",2024,33,2024-08-14,"L","Pipiens","culex",12
"LC054|Tarsalis|2024|33","LC-054","BE","BE",2024,33,2024-08-14,"L","Tarsalis","culex",46
"LC054|Pipiens|2024|34","LC-054","BE","BE",2024,34,2024-08-21,"L","Pipiens","culex",3
"LC054|Tarsalis|2024|34","LC-054","BE","BE",2024,34,2024-08-21,"L","Tarsalis","culex",11
"LC054|Pipiens|2024|35","LC-054","BE","BE",2024,35,2024-08-28,"L","Pipiens","culex",13
"LC054|Tarsalis|2024|35","LC-054","BE","BE",2024,35,2024-08-28,"L","Tarsalis","culex",10
"LC054|Pipiens|2025|25","LC-054","BE","BE",2025,25,2025-06-18,"L","Pipiens","culex",1
"LC054|Tarsalis|2025|25","LC-054","BE","BE",2025,25,2025-06-18,"L","Tarsalis","culex",5
"LC054|Pipiens|2025|26","LC-054","BE","BE",2025,26,2025-06-25,"L","Pipiens","culex",2
"LC054|Tarsalis|2025|26","LC-054","BE","BE",2025,26,2025-06-25,"L","Tarsalis","culex",14
"LC054|Pipiens|2025|27","LC-054","BE","BE",2025,27,2025-07-02,"L","Pipiens","culex",3
"LC054|Tarsalis|2025|27","LC-054","BE","BE",2025,27,2025-07-02,"L","Tarsalis","culex",108
"LC054|Pipiens|2025|28","LC-054","BE","BE",2025,28,2025-07-09,"L","Pipiens","culex",0
"LC054|Tarsalis|2025|28","LC-054","BE","BE",2025,28,2025-07-09,"L","Tarsalis","culex",110
"LC054|Pipiens|2025|29","LC-054","BE","BE",2025,29,2025-07-16,"L","Pipiens","culex",6
"LC054|Tarsalis|2025|29","LC-054","BE","BE",2025,29,2025-07-16,"L","Tarsalis","culex",104
"LC054|Pipiens|2025|30","LC-054","BE","BE",2025,30,2025-07-23,"L","Pipiens","culex",0
"LC054|Tarsalis|2025|30","LC-054","BE","BE",2025,30,2025-07-23,"L","Tarsalis","culex",96
"LC054|Pipiens|2025|31","LC-054","BE","BE",2025,31,2025-07-30,"L","Pipiens","culex",1
"LC054|Tarsalis|2025|31","LC-054","BE","BE",2025,31,2025-07-30,"L","Tarsalis","culex",19
"LC054|Pipiens|2025|32","LC-054","BE","BE",2025,32,2025-08-06,"L","Pipiens","culex",7
"LC054|Tarsalis|2025|32","LC-054","BE","BE",2025,32,2025-08-06,"L","Tarsalis","culex",106
"LC054|Pipiens|2025|33","LC-054","BE","BE",2025,33,2025-08-13,"L","Pipiens","culex",10
"LC054|Tarsalis|2025|33","LC-054","BE","BE",2025,33,2025-08-13,"L","Tarsalis","culex",52
"LC054|Pipiens|2025|34","LC-054","BE","BE",2025,34,2025-08-20,"L","Pipiens","culex",5
"LC054|Tarsalis|2025|34","LC-054","BE","BE",2025,34,2025-08-20,"L","Tarsalis","culex",47
"LC054|Pipiens|2025|35","LC-054","BE","BE",2025,35,2025-08-27,"L","Pipiens","culex",13
"LC054|Tarsalis|2025|35","LC-054","BE","BE",2025,35,2025-08-27,"L","Tarsalis","culex",26
"LC058|Pipiens|2025|25","LC-058","BE","BE",2025,25,2025-06-18,"L","Pipiens","culex",0
"LC058|Tarsalis|2025|25","LC-058","BE","BE",2025,25,2025-06-18,"L","Tarsalis","culex",5
"LC058|Pipiens|2025|26","LC-058","BE","BE",2025,26,2025-06-25,"L","Pipiens","culex",0
"LC058|Tarsalis|2025|26","LC-058","BE","BE",2025,26,2025-06-25,"L","Tarsalis","culex",5
"LC058|Pipiens|2025|27","LC-058","BE","BE",2025,27,2025-07-02,"L","Pipiens","culex",1
"LC058|Tarsalis|2025|27","LC-058","BE","BE",2025,27,2025-07-02,"L","Tarsalis","culex",17
"LC058|Pipiens|2025|28","LC-058","BE","BE",2025,28,2025-07-09,"L","Pipiens","culex",1
"LC058|Tarsalis|2025|28","LC-058","BE","BE",2025,28,2025-07-09,"L","Tarsalis","culex",74
"LC058|Pipiens|2025|29","LC-058","BE","BE",2025,29,2025-07-16,"L","Pipiens","culex",1
"LC058|Tarsalis|2025|29","LC-058","BE","BE",2025,29,2025-07-16,"L","Tarsalis","culex",46
"LC058|Pipiens|2025|30","LC-058","BE","BE",2025,30,2025-07-23,"L","Pipiens","culex",0
"LC058|Tarsalis|2025|30","LC-058","BE","BE",2025,30,2025-07-23,"L","Tarsalis","culex",42
"LC058|Pipiens|2025|31","LC-058","BE","BE",2025,31,2025-07-30,"L","Pipiens","culex",3
"LC058|Tarsalis|2025|31","LC-058","BE","BE",2025,31,2025-07-30,"L","Tarsalis","culex",54
"LC058|Pipiens|2025|32","LC-058","BE","BE",2025,32,2025-08-06,"L","Pipiens","culex",1
"LC058|Tarsalis|2025|32","LC-058","BE","BE",2025,32,2025-08-06,"L","Tarsalis","culex",39
"LC058|Pipiens|2025|33","LC-058","BE","BE",2025,33,2025-08-13,"L","Pipiens","culex",0
"LC058|Tarsalis|2025|33","LC-058","BE","BE",2025,33,2025-08-13,"L","Tarsalis","culex",38
"LC058|Pipiens|2025|34","LC-058","BE","BE",2025,34,2025-08-20,"L","Pipiens","culex",1
"LC058|Tarsalis|2025|34","LC-058","BE","BE",2025,34,2025-08-20,"L","Tarsalis","culex",22
"LC058|Pipiens|2025|35","LC-058","BE","BE",2025,35,2025-08-27,"L","Pipiens","culex",1
"LC058|Tarsalis|2025|35","LC-058","BE","BE",2025,35,2025-08-27,"L","Tarsalis","culex",2
"LC059|Pipiens|2025|25","LC-059","BE","BE",2025,25,2025-06-18,"L","Pipiens","culex",0
"LC059|Tarsalis|2025|25","LC-059","BE","BE",2025,25,2025-06-18,"L","Tarsalis","culex",13
"LC059|Pipiens|2025|26","LC-059","BE","BE",2025,26,2025-06-25,"L","Pipiens","culex",2
"LC059|Tarsalis|2025|26","LC-059","BE","BE",2025,26,2025-06-25,"L","Tarsalis","culex",44
"LC059|Pipiens|2025|27","LC-059","BE","BE",2025,27,2025-07-02,"L","Pipiens","culex",1
"LC059|Tarsalis|2025|27","LC-059","BE","BE",2025,27,2025-07-02,"L","Tarsalis","culex",38
"LC059|Pipiens|2025|28","LC-059","BE","BE",2025,28,2025-07-09,"L","Pipiens","culex",4
"LC059|Tarsalis|2025|28","LC-059","BE","BE",2025,28,2025-07-09,"L","Tarsalis","culex",51
"LC059|Pipiens|2025|29","LC-059","BE","BE",2025,29,2025-07-16,"L","Pipiens","culex",8
"LC059|Tarsalis|2025|29","LC-059","BE","BE",2025,29,2025-07-16,"L","Tarsalis","culex",90
"LC059|Pipiens|2025|30","LC-059","BE","BE",2025,30,2025-07-23,"L","Pipiens","culex",1
"LC059|Tarsalis|2025|30","LC-059","BE","BE",2025,30,2025-07-23,"L","Tarsalis","culex",8
"LC059|Pipiens|2025|31","LC-059","BE","BE",2025,31,2025-07-30,"L","Pipiens","culex",3
"LC059|Tarsalis|2025|31","LC-059","BE","BE",2025,31,2025-07-30,"L","Tarsalis","culex",63
"LC059|Pipiens|2025|32","LC-059","BE","BE",2025,32,2025-08-06,"L","Pipiens","culex",2
"LC059|Tarsalis|2025|32","LC-059","BE","BE",2025,32,2025-08-06,"L","Tarsalis","culex",42
"LC059|Pipiens|2025|33","LC-059","BE","BE",2025,33,2025-08-13,"L","Pipiens","culex",2
"LC059|Tarsalis|2025|33","LC-059","BE","BE",2025,33,2025-08-13,"L","Tarsalis","culex",27
"LC059|Pipiens|2025|34","LC-059","BE","BE",2025,34,2025-08-20,"L","Pipiens","culex",0
"LC059|Tarsalis|2025|34","LC-059","BE","BE",2025,34,2025-08-20,"L","Tarsalis","culex",47
"LC059|Pipiens|2025|35","LC-059","BE","BE",2025,35,2025-08-27,"L","Pipiens","culex",6
"LC059|Tarsalis|2025|35","LC-059","BE","BE",2025,35,2025-08-27,"L","Tarsalis","culex",8
"LC060|Pipiens|2025|25","LC-060","BE","BE",2025,25,2025-06-18,"L","Pipiens","culex",1
"LC060|Tarsalis|2025|25","LC-060","BE","BE",2025,25,2025-06-18,"L","Tarsalis","culex",3
"LC060|Pipiens|2025|26","LC-060","BE","BE",2025,26,2025-06-25,"L","Pipiens","culex",0
"LC060|Tarsalis|2025|26","LC-060","BE","BE",2025,26,2025-06-25,"L","Tarsalis","culex",22
"LC060|Pipiens|2025|27","LC-060","BE","BE",2025,27,2025-07-02,"L","Pipiens","culex",1
"LC060|Tarsalis|2025|27","LC-060","BE","BE",2025,27,2025-07-02,"L","Tarsalis","culex",38
"LC060|Pipiens|2025|28","LC-060","BE","BE",2025,28,2025-07-09,"L","Pipiens","culex",0
"LC060|Tarsalis|2025|28","LC-060","BE","BE",2025,28,2025-07-09,"L","Tarsalis","culex",69
"LC060|Pipiens|2025|29","LC-060","BE","BE",2025,29,2025-07-16,"L","Pipiens","culex",0
"LC060|Tarsalis|2025|29","LC-060","BE","BE",2025,29,2025-07-16,"L","Tarsalis","culex",41
"LC060|Pipiens|2025|30","LC-060","BE","BE",2025,30,2025-07-23,"L","Pipiens","culex",2
"LC060|Tarsalis|2025|30","LC-060","BE","BE",2025,30,2025-07-23,"L","Tarsalis","culex",40
"LC060|Pipiens|2025|31","LC-060","BE","BE",2025,31,2025-07-30,"L","Pipiens","culex",1
"LC060|Tarsalis|2025|31","LC-060","BE","BE",2025,31,2025-07-30,"L","Tarsalis","culex",69
"LC060|Pipiens|2025|32","LC-060","BE","BE",2025,32,2025-08-06,"L","Pipiens","culex",0
"LC060|Tarsalis|2025|32","LC-060","BE","BE",2025,32,2025-08-06,"L","Tarsalis","culex",1
"LC060|Pipiens|2025|33","LC-060","BE","BE",2025,33,2025-08-13,"L","Pipiens","culex",2
"LC060|Tarsalis|2025|33","LC-060","BE","BE",2025,33,2025-08-13,"L","Tarsalis","culex",47
"LC060|Pipiens|2025|34","LC-060","BE","BE",2025,34,2025-08-20,"L","Pipiens","culex",5
"LC060|Tarsalis|2025|34","LC-060","BE","BE",2025,34,2025-08-20,"L","Tarsalis","culex",16
"LC060|Pipiens|2025|35","LC-060","BE","BE",2025,35,2025-08-27,"L","Pipiens","culex",2
"LC060|Tarsalis|2025|35","LC-060","BE","BE",2025,35,2025-08-27,"L","Tarsalis","culex",2
"LC061|Pipiens|2025|25","LC-061","BE","BE",2025,25,2025-06-18,"L","Pipiens","culex",0
"LC061|Tarsalis|2025|25","LC-061","BE","BE",2025,25,2025-06-18,"L","Tarsalis","culex",17
"LC061|Pipiens|2025|26","LC-061","BE","BE",2025,26,2025-06-25,"L","Pipiens","culex",0
"LC061|Tarsalis|2025|26","LC-061","BE","BE",2025,26,2025-06-25,"L","Tarsalis","culex",23
"LC061|Pipiens|2025|27","LC-061","BE","BE",2025,27,2025-07-02,"L","Pipiens","culex",0
"LC061|Tarsalis|2025|27","LC-061","BE","BE",2025,27,2025-07-02,"L","Tarsalis","culex",155
"LC061|Pipiens|2025|28","LC-061","BE","BE",2025,28,2025-07-09,"L","Pipiens","culex",0
"LC061|Tarsalis|2025|28","LC-061","BE","BE",2025,28,2025-07-09,"L","Tarsalis","culex",142
"LC061|Pipiens|2025|29","LC-061","BE","BE",2025,29,2025-07-16,"L","Pipiens","culex",5
"LC061|Tarsalis|2025|29","LC-061","BE","BE",2025,29,2025-07-16,"L","Tarsalis","culex",121
"LC061|Pipiens|2025|30","LC-061","BE","BE",2025,30,2025-07-23,"L","Pipiens","culex",0
"LC061|Tarsalis|2025|30","LC-061","BE","BE",2025,30,2025-07-23,"L","Tarsalis","culex",47
"LC061|Pipiens|2025|31","LC-061","BE","BE",2025,31,2025-07-30,"L","Pipiens","culex",0
"LC061|Tarsalis|2025|31","LC-061","BE","BE",2025,31,2025-07-30,"L","Tarsalis","culex",20
"LC061|Pipiens|2025|32","LC-061","BE","BE",2025,32,2025-08-06,"L","Pipiens","culex",6
"LC061|Tarsalis|2025|32","LC-061","BE","BE",2025,32,2025-08-06,"L","Tarsalis","culex",166
"LC061|Pipiens|2025|33","LC-061","BE","BE",2025,33,2025-08-13,"L","Pipiens","culex",0
"LC061|Tarsalis|2025|33","LC-061","BE","BE",2025,33,2025-08-13,"L","Tarsalis","culex",48
"LC061|Pipiens|2025|34","LC-061","BE","BE",2025,34,2025-08-20,"L","Pipiens","culex",3
"LC061|Tarsalis|2025|34","LC-061","BE","BE",2025,34,2025-08-20,"L","Tarsalis","culex",76
"LC061|Pipiens|2025|35","LC-061","BE","BE",2025,35,2025-08-27,"L","Pipiens","culex",1
"LC061|Tarsalis|2025|35","LC-061","BE","BE",2025,35,2025-08-27,"L","Tarsalis","culex",8
"LC062|Pipiens|2025|25","LC-062","BE","BE",2025,25,2025-06-18,"L","Pipiens","culex",0
"LC062|Tarsalis|2025|25","LC-062","BE","BE",2025,25,2025-06-18,"L","Tarsalis","culex",5
"LC062|Pipiens|2025|26","LC-062","BE","BE",2025,26,2025-06-25,"L","Pipiens","culex",0
"LC062|Tarsalis|2025|26","LC-062","BE","BE",2025,26,2025-06-25,"L","Tarsalis","culex",29
"LC062|Pipiens|2025|28","LC-062","BE","BE",2025,28,2025-07-09,"L","Pipiens","culex",1
"LC062|Tarsalis|2025|28","LC-062","BE","BE",2025,28,2025-07-09,"L","Tarsalis","culex",41
"LC062|Pipiens|2025|29","LC-062","BE","BE",2025,29,2025-07-16,"L","Pipiens","culex",2
"LC062|Tarsalis|2025|29","LC-062","BE","BE",2025,29,2025-07-16,"L","Tarsalis","culex",51
"LC062|Pipiens|2025|30","LC-062","BE","BE",2025,30,2025-07-23,"L","Pipiens","culex",0
"LC062|Tarsalis|2025|30","LC-062","BE","BE",2025,30,2025-07-23,"L","Tarsalis","culex",38
"LC062|Pipiens|2025|31","LC-062","BE","BE",2025,31,2025-07-30,"L","Pipiens","culex",0
"LC062|Tarsalis|2025|31","LC-062","BE","BE",2025,31,2025-07-30,"L","Tarsalis","culex",26
"LC062|Pipiens|2025|32","LC-062","BE","BE",2025,32,2025-08-06,"L","Pipiens","culex",0
"LC062|Tarsalis|2025|32","LC-062","BE","BE",2025,32,2025-08-06,"L","Tarsalis","culex",45
"LC062|Pipiens|2025|33","LC-062","BE","BE",2025,33,2025-08-13,"L","Pipiens","culex",0
"LC062|Tarsalis|2025|33","LC-062","BE","BE",2025,33,2025-08-13,"L","Tarsalis","culex",10
"LC062|Pipiens|2025|34","LC-062","BE","BE",2025,34,2025-08-20,"L","Pipiens","culex",0
"LC062|Tarsalis|2025|34","LC-062","BE","BE",2025,34,2025-08-20,"L","Tarsalis","culex",27
"LC062|Pipiens|2025|35","LC-062","BE","BE",2025,35,2025-08-27,"L","Pipiens","culex",2
"LC062|Tarsalis|2025|35","LC-062","BE","BE",2025,35,2025-08-27,"L","Tarsalis","culex",4
"LV020|Pipiens|2020|22","LV-020","LV","LV",2020,22,2020-05-26,"L","Pipiens","culex",0
"LV020|Tarsalis|2020|22","LV-020","LV","LV",2020,22,2020-05-26,"L","Tarsalis","culex",31
"LV020|Pipiens|2020|23","LV-020","LV","LV",2020,23,2020-06-02,"L","Pipiens","culex",0
"LV020|Tarsalis|2020|23","LV-020","LV","LV",2020,23,2020-06-02,"L","Tarsalis","culex",32
"LV020|Pipiens|2020|24","LV-020","LV","LV",2020,24,2020-06-09,"L","Pipiens","culex",0
"LV020|Tarsalis|2020|24","LV-020","LV","LV",2020,24,2020-06-09,"L","Tarsalis","culex",1
"LV020|Pipiens|2020|25","LV-020","LV","LV",2020,25,2020-06-16,"L","Pipiens","culex",5
"LV020|Tarsalis|2020|25","LV-020","LV","LV",2020,25,2020-06-16,"L","Tarsalis","culex",17
"LV020|Pipiens|2020|26","LV-020","LV","LV",2020,26,2020-06-23,"L","Pipiens","culex",0
"LV020|Tarsalis|2020|26","LV-020","LV","LV",2020,26,2020-06-23,"L","Tarsalis","culex",26
"LV020|Pipiens|2020|27","LV-020","LV","LV",2020,27,2020-06-30,"L","Pipiens","culex",4
"LV020|Tarsalis|2020|27","LV-020","LV","LV",2020,27,2020-06-30,"L","Tarsalis","culex",26
"LV020|Pipiens|2020|28","LV-020","LV","LV",2020,28,2020-07-07,"L","Pipiens","culex",1
"LV020|Tarsalis|2020|28","LV-020","LV","LV",2020,28,2020-07-07,"L","Tarsalis","culex",139
"LV020|Pipiens|2020|29","LV-020","LV","LV",2020,29,2020-07-14,"L","Pipiens","culex",1
"LV020|Tarsalis|2020|29","LV-020","LV","LV",2020,29,2020-07-14,"L","Tarsalis","culex",24
"LV020|Pipiens|2020|30","LV-020","LV","LV",2020,30,2020-07-21,"L","Pipiens","culex",0
"LV020|Tarsalis|2020|30","LV-020","LV","LV",2020,30,2020-07-21,"L","Tarsalis","culex",56
"LV020|Pipiens|2020|31","LV-020","LV","LV",2020,31,2020-07-28,"L","Pipiens","culex",1
"LV020|Tarsalis|2020|31","LV-020","LV","LV",2020,31,2020-07-28,"L","Tarsalis","culex",40
"LV020|Pipiens|2020|32","LV-020","LV","LV",2020,32,2020-08-04,"L","Pipiens","culex",0
"LV020|Tarsalis|2020|32","LV-020","LV","LV",2020,32,2020-08-04,"L","Tarsalis","culex",47
"LV020|Pipiens|2020|33","LV-020","LV","LV",2020,33,2020-08-11,"L","Pipiens","culex",0
"LV020|Tarsalis|2020|33","LV-020","LV","LV",2020,33,2020-08-11,"L","Tarsalis","culex",45
"LV020|Pipiens|2020|34","LV-020","LV","LV",2020,34,2020-08-18,"L","Pipiens","culex",1
"LV020|Tarsalis|2020|34","LV-020","LV","LV",2020,34,2020-08-18,"L","Tarsalis","culex",37
"LV020|Pipiens|2020|35","LV-020","LV","LV",2020,35,2020-08-25,"L","Pipiens","culex",0
"LV020|Tarsalis|2020|35","LV-020","LV","LV",2020,35,2020-08-25,"L","Tarsalis","culex",18
"LV020|Pipiens|2020|36","LV-020","LV","LV",2020,36,2020-08-31,"L","Pipiens","culex",8
"LV020|Tarsalis|2020|36","LV-020","LV","LV",2020,36,2020-08-31,"L","Tarsalis","culex",13
"LV020|Pipiens|2021|22","LV-020","LV","LV",2021,22,2021-06-02,"L","Pipiens","culex",0
"LV020|Tarsalis|2021|22","LV-020","LV","LV",2021,22,2021-06-02,"L","Tarsalis","culex",2
"LV020|Pipiens|2021|23","LV-020","LV","LV",2021,23,2021-06-08,"L","Pipiens","culex",0
"LV020|Tarsalis|2021|23","LV-020","LV","LV",2021,23,2021-06-08,"L","Tarsalis","culex",54
"LV020|Pipiens|2021|24","LV-020","LV","LV",2021,24,2021-06-15,"L","Pipiens","culex",0
"LV020|Tarsalis|2021|24","LV-020","LV","LV",2021,24,2021-06-15,"L","Tarsalis","culex",88
"LV020|Pipiens|2021|25","LV-020","LV","LV",2021,25,2021-06-22,"L","Pipiens","culex",0
"LV020|Tarsalis|2021|25","LV-020","LV","LV",2021,25,2021-06-22,"L","Tarsalis","culex",108
"LV020|Pipiens|2021|26","LV-020","LV","LV",2021,26,2021-06-29,"L","Pipiens","culex",13
"LV020|Tarsalis|2021|26","LV-020","LV","LV",2021,26,2021-06-29,"L","Tarsalis","culex",368
"LV020|Pipiens|2021|27","LV-020","LV","LV",2021,27,2021-07-06,"L","Pipiens","culex",4
"LV020|Tarsalis|2021|27","LV-020","LV","LV",2021,27,2021-07-06,"L","Tarsalis","culex",739
"LV020|Pipiens|2021|28","LV-020","LV","LV",2021,28,2021-07-13,"L","Pipiens","culex",6
"LV020|Tarsalis|2021|28","LV-020","LV","LV",2021,28,2021-07-13,"L","Tarsalis","culex",695
"LV020|Pipiens|2021|29","LV-020","LV","LV",2021,29,2021-07-20,"L","Pipiens","culex",1
"LV020|Tarsalis|2021|29","LV-020","LV","LV",2021,29,2021-07-20,"L","Tarsalis","culex",85
"LV020|Pipiens|2021|30","LV-020","LV","LV",2021,30,2021-07-27,"L","Pipiens","culex",0
"LV020|Tarsalis|2021|30","LV-020","LV","LV",2021,30,2021-07-27,"L","Tarsalis","culex",93
"LV020|Pipiens|2021|31","LV-020","LV","LV",2021,31,2021-08-03,"L","Pipiens","culex",2
"LV020|Tarsalis|2021|31","LV-020","LV","LV",2021,31,2021-08-03,"L","Tarsalis","culex",9
"LV020|Pipiens|2021|32","LV-020","LV","LV",2021,32,2021-08-10,"L","Pipiens","culex",12
"LV020|Tarsalis|2021|32","LV-020","LV","LV",2021,32,2021-08-10,"L","Tarsalis","culex",138
"LV020|Pipiens|2021|33","LV-020","LV","LV",2021,33,2021-08-17,"L","Pipiens","culex",18
"LV020|Tarsalis|2021|33","LV-020","LV","LV",2021,33,2021-08-17,"L","Tarsalis","culex",39
"LV020|Pipiens|2021|34","LV-020","LV","LV",2021,34,2021-08-24,"L","Pipiens","culex",6
"LV020|Tarsalis|2021|34","LV-020","LV","LV",2021,34,2021-08-24,"L","Tarsalis","culex",24
"LV020|Pipiens|2021|35","LV-020","LV","LV",2021,35,2021-08-31,"L","Pipiens","culex",1
"LV020|Tarsalis|2021|35","LV-020","LV","LV",2021,35,2021-08-31,"L","Tarsalis","culex",9
"LV020|Pipiens|2021|36","LV-020","LV","LV",2021,36,2021-09-07,"L","Pipiens","culex",1
"LV020|Tarsalis|2021|36","LV-020","LV","LV",2021,36,2021-09-07,"L","Tarsalis","culex",3
"LV020|Pipiens|2022|23","LV-020","LV","LV",2022,23,2022-06-07,"L","Pipiens","culex",0
"LV020|Tarsalis|2022|23","LV-020","LV","LV",2022,23,2022-06-07,"L","Tarsalis","culex",29
"LV020|Pipiens|2022|24","LV-020","LV","LV",2022,24,2022-06-14,"L","Pipiens","culex",1
"LV020|Tarsalis|2022|24","LV-020","LV","LV",2022,24,2022-06-14,"L","Tarsalis","culex",61
"LV020|Pipiens|2022|25","LV-020","LV","LV",2022,25,2022-06-21,"L","Pipiens","culex",0
"LV020|Tarsalis|2022|25","LV-020","LV","LV",2022,25,2022-06-21,"L","Tarsalis","culex",5
"LV020|Pipiens|2022|26","LV-020","LV","LV",2022,26,2022-06-28,"L","Pipiens","culex",0
"LV020|Tarsalis|2022|26","LV-020","LV","LV",2022,26,2022-06-28,"L","Tarsalis","culex",89
"LV020|Pipiens|2022|27","LV-020","LV","LV",2022,27,2022-07-05,"L","Pipiens","culex",0
"LV020|Tarsalis|2022|27","LV-020","LV","LV",2022,27,2022-07-05,"L","Tarsalis","culex",55
"LV020|Pipiens|2022|28","LV-020","LV","LV",2022,28,2022-07-12,"L","Pipiens","culex",2
"LV020|Tarsalis|2022|28","LV-020","LV","LV",2022,28,2022-07-12,"L","Tarsalis","culex",288
"LV020|Pipiens|2022|29","LV-020","LV","LV",2022,29,2022-07-19,"L","Pipiens","culex",15
"LV020|Tarsalis|2022|29","LV-020","LV","LV",2022,29,2022-07-19,"L","Tarsalis","culex",309
"LV020|Pipiens|2022|30","LV-020","LV","LV",2022,30,2022-07-26,"L","Pipiens","culex",9
"LV020|Tarsalis|2022|30","LV-020","LV","LV",2022,30,2022-07-26,"L","Tarsalis","culex",159
"LV020|Pipiens|2022|31","LV-020","LV","LV",2022,31,2022-08-02,"L","Pipiens","culex",6
"LV020|Tarsalis|2022|31","LV-020","LV","LV",2022,31,2022-08-02,"L","Tarsalis","culex",99
"LV020|Pipiens|2022|32","LV-020","LV","LV",2022,32,2022-08-09,"L","Pipiens","culex",5
"LV020|Tarsalis|2022|32","LV-020","LV","LV",2022,32,2022-08-09,"L","Tarsalis","culex",171
"LV020|Pipiens|2022|33","LV-020","LV","LV",2022,33,2022-08-16,"L","Pipiens","culex",1
"LV020|Tarsalis|2022|33","LV-020","LV","LV",2022,33,2022-08-16,"L","Tarsalis","culex",28
"LV020|Pipiens|2022|34","LV-020","LV","LV",2022,34,2022-08-23,"L","Pipiens","culex",2
"LV020|Tarsalis|2022|34","LV-020","LV","LV",2022,34,2022-08-23,"L","Tarsalis","culex",31
"LV020|Pipiens|2022|35","LV-020","LV","LV",2022,35,2022-08-30,"L","Pipiens","culex",0
"LV020|Tarsalis|2022|35","LV-020","LV","LV",2022,35,2022-08-30,"L","Tarsalis","culex",79
"LV020|Pipiens|2022|36","LV-020","LV","LV",2022,36,2022-09-06,"L","Pipiens","culex",12
"LV020|Tarsalis|2022|36","LV-020","LV","LV",2022,36,2022-09-06,"L","Tarsalis","culex",35
"LV020|Pipiens|2023|23","LV-020","LV","LV",2023,23,2023-06-06,"L","Pipiens","culex",0
"LV020|Tarsalis|2023|23","LV-020","LV","LV",2023,23,2023-06-06,"L","Tarsalis","culex",25
"LV020|Pipiens|2023|24","LV-020","LV","LV",2023,24,2023-06-13,"L","Pipiens","culex",0
"LV020|Tarsalis|2023|24","LV-020","LV","LV",2023,24,2023-06-13,"L","Tarsalis","culex",15
"LV020|Pipiens|2023|25","LV-020","LV","LV",2023,25,2023-06-20,"L","Pipiens","culex",0
"LV020|Tarsalis|2023|25","LV-020","LV","LV",2023,25,2023-06-20,"L","Tarsalis","culex",74
"LV020|Pipiens|2023|26","LV-020","LV","LV",2023,26,2023-06-27,"L","Pipiens","culex",0
"LV020|Tarsalis|2023|26","LV-020","LV","LV",2023,26,2023-06-27,"L","Tarsalis","culex",495
"LV020|Pipiens|2023|27","LV-020","LV","LV",2023,27,2023-07-03,"L","Pipiens","culex",0
"LV020|Tarsalis|2023|27","LV-020","LV","LV",2023,27,2023-07-03,"L","Tarsalis","culex",944
"LV020|Pipiens|2023|28","LV-020","LV","LV",2023,28,2023-07-11,"L","Pipiens","culex",0
"LV020|Tarsalis|2023|28","LV-020","LV","LV",2023,28,2023-07-11,"L","Tarsalis","culex",216
"LV020|Pipiens|2023|29","LV-020","LV","LV",2023,29,2023-07-18,"L","Pipiens","culex",3
"LV020|Tarsalis|2023|29","LV-020","LV","LV",2023,29,2023-07-18,"L","Tarsalis","culex",1552
"LV020|Pipiens|2023|30","LV-020","LV","LV",2023,30,2023-07-25,"L","Pipiens","culex",1
"LV020|Tarsalis|2023|30","LV-020","LV","LV",2023,30,2023-07-25,"L","Tarsalis","culex",748
"LV020|Pipiens|2023|31","LV-020","LV","LV",2023,31,2023-08-01,"L","Pipiens","culex",2
"LV020|Tarsalis|2023|31","LV-020","LV","LV",2023,31,2023-08-01,"L","Tarsalis","culex",38
"LV020|Pipiens|2023|32","LV-020","LV","LV",2023,32,2023-08-08,"L","Pipiens","culex",6
"LV020|Tarsalis|2023|32","LV-020","LV","LV",2023,32,2023-08-08,"L","Tarsalis","culex",512
"LV020|Pipiens|2023|33","LV-020","LV","LV",2023,33,2023-08-15,"L","Pipiens","culex",4
"LV020|Tarsalis|2023|33","LV-020","LV","LV",2023,33,2023-08-15,"L","Tarsalis","culex",336
"LV020|Pipiens|2023|34","LV-020","LV","LV",2023,34,2023-08-22,"L","Pipiens","culex",8
"LV020|Tarsalis|2023|34","LV-020","LV","LV",2023,34,2023-08-22,"L","Tarsalis","culex",38
"LV020|Pipiens|2023|35","LV-020","LV","LV",2023,35,2023-08-29,"L","Pipiens","culex",12
"LV020|Tarsalis|2023|35","LV-020","LV","LV",2023,35,2023-08-29,"L","Tarsalis","culex",29
"LV020|Pipiens|2023|36","LV-020","LV","LV",2023,36,2023-09-06,"L","Pipiens","culex",7
"LV020|Tarsalis|2023|36","LV-020","LV","LV",2023,36,2023-09-06,"L","Tarsalis","culex",8
"LV020|Pipiens|2024|23","LV-020","LV","LV",2024,23,2024-06-04,"L","Pipiens","culex",0
"LV020|Tarsalis|2024|23","LV-020","LV","LV",2024,23,2024-06-04,"L","Tarsalis","culex",1
"LV020|Pipiens|2024|24","LV-020","LV","LV",2024,24,2024-06-11,"L","Pipiens","culex",0
"LV020|Tarsalis|2024|24","LV-020","LV","LV",2024,24,2024-06-11,"L","Tarsalis","culex",22
"LV020|Pipiens|2024|25","LV-020","LV","LV",2024,25,2024-06-19,"L","Pipiens","culex",0
"LV020|Tarsalis|2024|25","LV-020","LV","LV",2024,25,2024-06-19,"L","Tarsalis","culex",57
"LV020|Pipiens|2024|26","LV-020","LV","LV",2024,26,2024-06-26,"L","Pipiens","culex",0
"LV020|Tarsalis|2024|26","LV-020","LV","LV",2024,26,2024-06-26,"L","Tarsalis","culex",66
"LV020|Pipiens|2024|27","LV-020","LV","LV",2024,27,2024-07-03,"L","Pipiens","culex",0
"LV020|Tarsalis|2024|27","LV-020","LV","LV",2024,27,2024-07-03,"L","Tarsalis","culex",47
"LV020|Pipiens|2024|28","LV-020","LV","LV",2024,28,2024-07-10,"L","Pipiens","culex",0
"LV020|Tarsalis|2024|28","LV-020","LV","LV",2024,28,2024-07-10,"L","Tarsalis","culex",117
"LV020|Pipiens|2024|29","LV-020","LV","LV",2024,29,2024-07-17,"L","Pipiens","culex",0
"LV020|Tarsalis|2024|29","LV-020","LV","LV",2024,29,2024-07-17,"L","Tarsalis","culex",42
"LV020|Pipiens|2024|30","LV-020","LV","LV",2024,30,2024-07-24,"L","Pipiens","culex",4
"LV020|Tarsalis|2024|30","LV-020","LV","LV",2024,30,2024-07-24,"L","Tarsalis","culex",145
"LV020|Pipiens|2024|31","LV-020","LV","LV",2024,31,2024-07-31,"L","Pipiens","culex",1
"LV020|Tarsalis|2024|31","LV-020","LV","LV",2024,31,2024-07-31,"L","Tarsalis","culex",109
"LV020|Pipiens|2024|32","LV-020","LV","LV",2024,32,2024-08-07,"L","Pipiens","culex",3
"LV020|Tarsalis|2024|32","LV-020","LV","LV",2024,32,2024-08-07,"L","Tarsalis","culex",221
"LV020|Pipiens|2024|33","LV-020","LV","LV",2024,33,2024-08-14,"L","Pipiens","culex",15
"LV020|Tarsalis|2024|33","LV-020","LV","LV",2024,33,2024-08-14,"L","Tarsalis","culex",99
"LV020|Pipiens|2024|34","LV-020","LV","LV",2024,34,2024-08-21,"L","Pipiens","culex",15
"LV020|Tarsalis|2024|34","LV-020","LV","LV",2024,34,2024-08-21,"L","Tarsalis","culex",202
"LV020|Pipiens|2024|35","LV-020","LV","LV",2024,35,2024-08-28,"L","Pipiens","culex",6
"LV020|Tarsalis|2024|35","LV-020","LV","LV",2024,35,2024-08-28,"L","Tarsalis","culex",27
"LV020|Pipiens|2025|25","LV-020","LV","LV",2025,25,2025-06-18,"L","Pipiens","culex",1
"LV020|Tarsalis|2025|25","LV-020","LV","LV",2025,25,2025-06-18,"L","Tarsalis","culex",17
"LV020|Pipiens|2025|26","LV-020","LV","LV",2025,26,2025-06-25,"L","Pipiens","culex",2
"LV020|Tarsalis|2025|26","LV-020","LV","LV",2025,26,2025-06-25,"L","Tarsalis","culex",138
"LV020|Pipiens|2025|27","LV-020","LV","LV",2025,27,2025-07-02,"L","Pipiens","culex",15
"LV020|Tarsalis|2025|27","LV-020","LV","LV",2025,27,2025-07-02,"L","Tarsalis","culex",573
"LV020|Pipiens|2025|28","LV-020","LV","LV",2025,28,2025-07-09,"L","Pipiens","culex",1
"LV020|Tarsalis|2025|28","LV-020","LV","LV",2025,28,2025-07-09,"L","Tarsalis","culex",126
"LV020|Pipiens|2025|29","LV-020","LV","LV",2025,29,2025-07-16,"L","Pipiens","culex",0
"LV020|Tarsalis|2025|29","LV-020","LV","LV",2025,29,2025-07-16,"L","Tarsalis","culex",5
"LV020|Pipiens|2025|30","LV-020","LV","LV",2025,30,2025-07-23,"L","Pipiens","culex",10
"LV020|Tarsalis|2025|30","LV-020","LV","LV",2025,30,2025-07-23,"L","Tarsalis","culex",244
"LV020|Pipiens|2025|31","LV-020","LV","LV",2025,31,2025-07-30,"L","Pipiens","culex",10
"LV020|Tarsalis|2025|31","LV-020","LV","LV",2025,31,2025-07-30,"L","Tarsalis","culex",102
"LV020|Pipiens|2025|32","LV-020","LV","LV",2025,32,2025-08-06,"L","Pipiens","culex",1
"LV020|Tarsalis|2025|32","LV-020","LV","LV",2025,32,2025-08-06,"L","Tarsalis","culex",84
"LV020|Pipiens|2025|33","LV-020","LV","LV",2025,33,2025-08-13,"L","Pipiens","culex",2
"LV020|Tarsalis|2025|33","LV-020","LV","LV",2025,33,2025-08-13,"L","Tarsalis","culex",55
"LV020|Pipiens|2025|34","LV-020","LV","LV",2025,34,2025-08-20,"L","Pipiens","culex",7
"LV020|Tarsalis|2025|34","LV-020","LV","LV",2025,34,2025-08-20,"L","Tarsalis","culex",71
"LV020|Pipiens|2025|35","LV-020","LV","LV",2025,35,2025-08-27,"L","Pipiens","culex",7
"LV020|Tarsalis|2025|35","LV-020","LV","LV",2025,35,2025-08-27,"L","Tarsalis","culex",7
"LV069|Pipiens|2020|22","LV-069","LV","LV",2020,22,2020-05-31,"L","Pipiens","culex",0
"LV069|Tarsalis|2020|22","LV-069","LV","LV",2020,22,2020-05-31,"L","Tarsalis","culex",2
"LV069|Pipiens|2020|23","LV-069","LV","LV",2020,23,2020-06-07,"L","Pipiens","culex",0
"LV069|Tarsalis|2020|23","LV-069","LV","LV",2020,23,2020-06-07,"L","Tarsalis","culex",5
"LV069|Pipiens|2020|25","LV-069","LV","LV",2020,25,2020-06-21,"L","Pipiens","culex",1
"LV069|Tarsalis|2020|25","LV-069","LV","LV",2020,25,2020-06-21,"L","Tarsalis","culex",2
"LV069|Pipiens|2020|26","LV-069","LV","LV",2020,26,2020-06-28,"L","Pipiens","culex",1
"LV069|Tarsalis|2020|26","LV-069","LV","LV",2020,26,2020-06-28,"L","Tarsalis","culex",29
"LV069|Pipiens|2020|27","LV-069","LV","LV",2020,27,2020-07-05,"L","Pipiens","culex",0
"LV069|Tarsalis|2020|27","LV-069","LV","LV",2020,27,2020-07-05,"L","Tarsalis","culex",57
"LV069|Pipiens|2020|28","LV-069","LV","LV",2020,28,2020-07-12,"L","Pipiens","culex",1
"LV069|Tarsalis|2020|28","LV-069","LV","LV",2020,28,2020-07-12,"L","Tarsalis","culex",74
"LV069|Pipiens|2020|29","LV-069","LV","LV",2020,29,2020-07-19,"L","Pipiens","culex",0
"LV069|Tarsalis|2020|29","LV-069","LV","LV",2020,29,2020-07-19,"L","Tarsalis","culex",50
"LV069|Pipiens|2020|30","LV-069","LV","LV",2020,30,2020-07-26,"L","Pipiens","culex",1
"LV069|Tarsalis|2020|30","LV-069","LV","LV",2020,30,2020-07-26,"L","Tarsalis","culex",267
"LV069|Pipiens|2020|31","LV-069","LV","LV",2020,31,2020-08-02,"L","Pipiens","culex",0
"LV069|Tarsalis|2020|31","LV-069","LV","LV",2020,31,2020-08-02,"L","Tarsalis","culex",12
"LV069|Pipiens|2020|33","LV-069","LV","LV",2020,33,2020-08-16,"L","Pipiens","culex",2
"LV069|Tarsalis|2020|33","LV-069","LV","LV",2020,33,2020-08-16,"L","Tarsalis","culex",14
"LV069|Pipiens|2020|34","LV-069","LV","LV",2020,34,2020-08-23,"L","Pipiens","culex",0
"LV069|Tarsalis|2020|34","LV-069","LV","LV",2020,34,2020-08-23,"L","Tarsalis","culex",7
"LV069|Pipiens|2020|36","LV-069","LV","LV",2020,36,2020-08-31,"L","Pipiens","culex",1
"LV069|Tarsalis|2020|36","LV-069","LV","LV",2020,36,2020-08-31,"L","Tarsalis","culex",0
"LV069|Pipiens|2021|22","LV-069","LV","LV",2021,22,2021-06-06,"L","Pipiens","culex",1
"LV069|Tarsalis|2021|22","LV-069","LV","LV",2021,22,2021-06-06,"L","Tarsalis","culex",12
"LV069|Pipiens|2021|23","LV-069","LV","LV",2021,23,2021-06-13,"L","Pipiens","culex",0
"LV069|Tarsalis|2021|23","LV-069","LV","LV",2021,23,2021-06-13,"L","Tarsalis","culex",58
"LV069|Pipiens|2021|24","LV-069","LV","LV",2021,24,2021-06-20,"L","Pipiens","culex",0
"LV069|Tarsalis|2021|24","LV-069","LV","LV",2021,24,2021-06-20,"L","Tarsalis","culex",23
"LV069|Pipiens|2021|25","LV-069","LV","LV",2021,25,2021-06-27,"L","Pipiens","culex",2
"LV069|Tarsalis|2021|25","LV-069","LV","LV",2021,25,2021-06-27,"L","Tarsalis","culex",24
"LV069|Pipiens|2021|26","LV-069","LV","LV",2021,26,2021-07-04,"L","Pipiens","culex",18
"LV069|Tarsalis|2021|26","LV-069","LV","LV",2021,26,2021-07-04,"L","Tarsalis","culex",643
"LV069|Pipiens|2021|27","LV-069","LV","LV",2021,27,2021-07-11,"L","Pipiens","culex",7
"LV069|Tarsalis|2021|27","LV-069","LV","LV",2021,27,2021-07-11,"L","Tarsalis","culex",646
"LV069|Pipiens|2021|28","LV-069","LV","LV",2021,28,2021-07-18,"L","Pipiens","culex",26
"LV069|Tarsalis|2021|28","LV-069","LV","LV",2021,28,2021-07-18,"L","Tarsalis","culex",212
"LV069|Pipiens|2021|29","LV-069","LV","LV",2021,29,2021-07-25,"L","Pipiens","culex",8
"LV069|Tarsalis|2021|29","LV-069","LV","LV",2021,29,2021-07-25,"L","Tarsalis","culex",169
"LV069|Pipiens|2021|30","LV-069","LV","LV",2021,30,2021-08-01,"L","Pipiens","culex",2
"LV069|Tarsalis|2021|30","LV-069","LV","LV",2021,30,2021-08-01,"L","Tarsalis","culex",83
"LV069|Pipiens|2021|31","LV-069","LV","LV",2021,31,2021-08-08,"L","Pipiens","culex",11
"LV069|Tarsalis|2021|31","LV-069","LV","LV",2021,31,2021-08-08,"L","Tarsalis","culex",100
"LV069|Pipiens|2021|32","LV-069","LV","LV",2021,32,2021-08-15,"L","Pipiens","culex",9
"LV069|Tarsalis|2021|32","LV-069","LV","LV",2021,32,2021-08-15,"L","Tarsalis","culex",41
"LV069|Pipiens|2021|33","LV-069","LV","LV",2021,33,2021-08-22,"L","Pipiens","culex",4
"LV069|Tarsalis|2021|33","LV-069","LV","LV",2021,33,2021-08-22,"L","Tarsalis","culex",29
"LV069|Pipiens|2021|34","LV-069","LV","LV",2021,34,2021-08-29,"L","Pipiens","culex",0
"LV069|Tarsalis|2021|34","LV-069","LV","LV",2021,34,2021-08-29,"L","Tarsalis","culex",15
"LV069|Pipiens|2022|23","LV-069","LV","LV",2022,23,2022-06-12,"L","Pipiens","culex",2
"LV069|Tarsalis|2022|23","LV-069","LV","LV",2022,23,2022-06-12,"L","Tarsalis","culex",34
"LV069|Pipiens|2022|25","LV-069","LV","LV",2022,25,2022-06-26,"L","Pipiens","culex",2
"LV069|Tarsalis|2022|25","LV-069","LV","LV",2022,25,2022-06-26,"L","Tarsalis","culex",4
"LV069|Pipiens|2022|26","LV-069","LV","LV",2022,26,2022-07-03,"L","Pipiens","culex",4
"LV069|Tarsalis|2022|26","LV-069","LV","LV",2022,26,2022-07-03,"L","Tarsalis","culex",60
"LV069|Pipiens|2022|27","LV-069","LV","LV",2022,27,2022-07-10,"L","Pipiens","culex",2
"LV069|Tarsalis|2022|27","LV-069","LV","LV",2022,27,2022-07-10,"L","Tarsalis","culex",52
"LV069|Pipiens|2022|28","LV-069","LV","LV",2022,28,2022-07-17,"L","Pipiens","culex",5
"LV069|Tarsalis|2022|28","LV-069","LV","LV",2022,28,2022-07-17,"L","Tarsalis","culex",107
"LV069|Pipiens|2022|29","LV-069","LV","LV",2022,29,2022-07-24,"L","Pipiens","culex",1
"LV069|Tarsalis|2022|29","LV-069","LV","LV",2022,29,2022-07-24,"L","Tarsalis","culex",17
"LV069|Pipiens|2022|30","LV-069","LV","LV",2022,30,2022-07-31,"L","Pipiens","culex",2
"LV069|Tarsalis|2022|30","LV-069","LV","LV",2022,30,2022-07-31,"L","Tarsalis","culex",87
"LV069|Pipiens|2022|31","LV-069","LV","LV",2022,31,2022-08-07,"L","Pipiens","culex",1
"LV069|Tarsalis|2022|31","LV-069","LV","LV",2022,31,2022-08-07,"L","Tarsalis","culex",20
"LV069|Pipiens|2022|32","LV-069","LV","LV",2022,32,2022-08-14,"L","Pipiens","culex",1
"LV069|Tarsalis|2022|32","LV-069","LV","LV",2022,32,2022-08-14,"L","Tarsalis","culex",18
"LV069|Pipiens|2022|33","LV-069","LV","LV",2022,33,2022-08-21,"L","Pipiens","culex",3
"LV069|Tarsalis|2022|33","LV-069","LV","LV",2022,33,2022-08-21,"L","Tarsalis","culex",60
"LV069|Pipiens|2022|34","LV-069","LV","LV",2022,34,2022-08-28,"L","Pipiens","culex",6
"LV069|Tarsalis|2022|34","LV-069","LV","LV",2022,34,2022-08-28,"L","Tarsalis","culex",22
"LV069|Pipiens|2023|22","LV-069","LV","LV",2023,22,2023-06-04,"L","Pipiens","culex",0
"LV069|Tarsalis|2023|22","LV-069","LV","LV",2023,22,2023-06-04,"L","Tarsalis","culex",3
"LV069|Pipiens|2023|23","LV-069","LV","LV",2023,23,2023-06-11,"L","Pipiens","culex",0
"LV069|Tarsalis|2023|23","LV-069","LV","LV",2023,23,2023-06-11,"L","Tarsalis","culex",1
"LV069|Pipiens|2023|24","LV-069","LV","LV",2023,24,2023-06-18,"L","Pipiens","culex",0
"LV069|Tarsalis|2023|24","LV-069","LV","LV",2023,24,2023-06-18,"L","Tarsalis","culex",42
"LV069|Pipiens|2023|25","LV-069","LV","LV",2023,25,2023-06-25,"L","Pipiens","culex",0
"LV069|Tarsalis|2023|25","LV-069","LV","LV",2023,25,2023-06-25,"L","Tarsalis","culex",81
"LV069|Pipiens|2023|26","LV-069","LV","LV",2023,26,2023-07-02,"L","Pipiens","culex",1
"LV069|Tarsalis|2023|26","LV-069","LV","LV",2023,26,2023-07-02,"L","Tarsalis","culex",2128
"LV069|Pipiens|2023|27","LV-069","LV","LV",2023,27,2023-07-09,"L","Pipiens","culex",5
"LV069|Tarsalis|2023|27","LV-069","LV","LV",2023,27,2023-07-09,"L","Tarsalis","culex",434
"LV069|Pipiens|2023|28","LV-069","LV","LV",2023,28,2023-07-16,"L","Pipiens","culex",0
"LV069|Tarsalis|2023|28","LV-069","LV","LV",2023,28,2023-07-16,"L","Tarsalis","culex",364
"LV069|Pipiens|2023|29","LV-069","LV","LV",2023,29,2023-07-23,"L","Pipiens","culex",1
"LV069|Tarsalis|2023|29","LV-069","LV","LV",2023,29,2023-07-23,"L","Tarsalis","culex",90
"LV069|Pipiens|2023|30","LV-069","LV","LV",2023,30,2023-07-30,"L","Pipiens","culex",0
"LV069|Tarsalis|2023|30","LV-069","LV","LV",2023,30,2023-07-30,"L","Tarsalis","culex",120
"LV069|Pipiens|2023|31","LV-069","LV","LV",2023,31,2023-08-06,"L","Pipiens","culex",0
"LV069|Tarsalis|2023|31","LV-069","LV","LV",2023,31,2023-08-06,"L","Tarsalis","culex",46
"LV069|Pipiens|2023|32","LV-069","LV","LV",2023,32,2023-08-13,"L","Pipiens","culex",1
"LV069|Tarsalis|2023|32","LV-069","LV","LV",2023,32,2023-08-13,"L","Tarsalis","culex",27
"LV069|Pipiens|2023|33","LV-069","LV","LV",2023,33,2023-08-20,"L","Pipiens","culex",3
"LV069|Tarsalis|2023|33","LV-069","LV","LV",2023,33,2023-08-20,"L","Tarsalis","culex",28
"LV069|Pipiens|2023|34","LV-069","LV","LV",2023,34,2023-08-27,"L","Pipiens","culex",1
"LV069|Tarsalis|2023|34","LV-069","LV","LV",2023,34,2023-08-27,"L","Tarsalis","culex",5
"LV069|Pipiens|2023|36","LV-069","LV","LV",2023,36,2023-09-04,"L","Pipiens","culex",0
"LV069|Tarsalis|2023|36","LV-069","LV","LV",2023,36,2023-09-04,"L","Tarsalis","culex",4
"LV069|Pipiens|2024|22","LV-069","LV","LV",2024,22,2024-06-02,"L","Pipiens","culex",0
"LV069|Tarsalis|2024|22","LV-069","LV","LV",2024,22,2024-06-02,"L","Tarsalis","culex",1
"LV069|Pipiens|2024|25","LV-069","LV","LV",2024,25,2024-06-17,"L","Pipiens","culex",0
"LV069|Tarsalis|2024|25","LV-069","LV","LV",2024,25,2024-06-17,"L","Tarsalis","culex",2
"LV069|Pipiens|2024|26","LV-069","LV","LV",2024,26,2024-06-24,"L","Pipiens","culex",0
"LV069|Tarsalis|2024|26","LV-069","LV","LV",2024,26,2024-06-24,"L","Tarsalis","culex",3
"LV069|Pipiens|2024|27","LV-069","LV","LV",2024,27,2024-07-01,"L","Pipiens","culex",0
"LV069|Tarsalis|2024|27","LV-069","LV","LV",2024,27,2024-07-01,"L","Tarsalis","culex",1
"LV069|Pipiens|2024|28","LV-069","LV","LV",2024,28,2024-07-08,"L","Pipiens","culex",0
"LV069|Tarsalis|2024|28","LV-069","LV","LV",2024,28,2024-07-08,"L","Tarsalis","culex",1
"LV069|Pipiens|2024|29","LV-069","LV","LV",2024,29,2024-07-15,"L","Pipiens","culex",0
"LV069|Tarsalis|2024|29","LV-069","LV","LV",2024,29,2024-07-15,"L","Tarsalis","culex",14
"LV069|Pipiens|2024|31","LV-069","LV","LV",2024,31,2024-07-29,"L","Pipiens","culex",0
"LV069|Tarsalis|2024|31","LV-069","LV","LV",2024,31,2024-07-29,"L","Tarsalis","culex",5
"LV069|Pipiens|2024|32","LV-069","LV","LV",2024,32,2024-08-05,"L","Pipiens","culex",0
"LV069|Tarsalis|2024|32","LV-069","LV","LV",2024,32,2024-08-05,"L","Tarsalis","culex",4
"LV069|Pipiens|2024|33","LV-069","LV","LV",2024,33,2024-08-12,"L","Pipiens","culex",0
"LV069|Tarsalis|2024|33","LV-069","LV","LV",2024,33,2024-08-12,"L","Tarsalis","culex",7
"LV069|Pipiens|2024|35","LV-069","LV","LV",2024,35,2024-08-26,"L","Pipiens","culex",1
"LV069|Tarsalis|2024|35","LV-069","LV","LV",2024,35,2024-08-26,"L","Tarsalis","culex",1
"LV069|Pipiens|2025|25","LV-069","LV","LV",2025,25,2025-06-16,"L","Pipiens","culex",0
"LV069|Tarsalis|2025|25","LV-069","LV","LV",2025,25,2025-06-16,"L","Tarsalis","culex",13
"LV069|Pipiens|2025|26","LV-069","LV","LV",2025,26,2025-06-23,"L","Pipiens","culex",0
"LV069|Tarsalis|2025|26","LV-069","LV","LV",2025,26,2025-06-23,"L","Tarsalis","culex",12
"LV069|Pipiens|2025|27","LV-069","LV","LV",2025,27,2025-06-30,"L","Pipiens","culex",0
"LV069|Tarsalis|2025|27","LV-069","LV","LV",2025,27,2025-06-30,"L","Tarsalis","culex",16
"LV069|Pipiens|2025|28","LV-069","LV","LV",2025,28,2025-07-07,"L","Pipiens","culex",0
"LV069|Tarsalis|2025|28","LV-069","LV","LV",2025,28,2025-07-07,"L","Tarsalis","culex",13
"LV069|Pipiens|2025|29","LV-069","LV","LV",2025,29,2025-07-14,"L","Pipiens","culex",0
"LV069|Tarsalis|2025|29","LV-069","LV","LV",2025,29,2025-07-14,"L","Tarsalis","culex",24
"LV069|Pipiens|2025|30","LV-069","LV","LV",2025,30,2025-07-21,"L","Pipiens","culex",3
"LV069|Tarsalis|2025|30","LV-069","LV","LV",2025,30,2025-07-21,"L","Tarsalis","culex",31
"LV069|Pipiens|2025|31","LV-069","LV","LV",2025,31,2025-07-28,"L","Pipiens","culex",4
"LV069|Tarsalis|2025|31","LV-069","LV","LV",2025,31,2025-07-28,"L","Tarsalis","culex",6
"LV069|Pipiens|2025|32","LV-069","LV","LV",2025,32,2025-08-04,"L","Pipiens","culex",0
"LV069|Tarsalis|2025|32","LV-069","LV","LV",2025,32,2025-08-04,"L","Tarsalis","culex",11
"LV069|Pipiens|2025|33","LV-069","LV","LV",2025,33,2025-08-11,"L","Pipiens","culex",1
"LV069|Tarsalis|2025|33","LV-069","LV","LV",2025,33,2025-08-11,"L","Tarsalis","culex",1
"LV069|Pipiens|2025|34","LV-069","LV","LV",2025,34,2025-08-18,"L","Pipiens","culex",0
"LV069|Tarsalis|2025|34","LV-069","LV","LV",2025,34,2025-08-18,"L","Tarsalis","culex",4
"LV069|Pipiens|2025|35","LV-069","LV","LV",2025,35,2025-08-25,"L","Pipiens","culex",3
"LV069|Tarsalis|2025|35","LV-069","LV","LV",2025,35,2025-08-25,"L","Tarsalis","culex",9
"LV089|Pipiens|2020|25","LV-089","LV","LV",2020,25,2020-06-15,"L","Pipiens","culex",0
"LV089|Tarsalis|2020|25","LV-089","LV","LV",2020,25,2020-06-15,"L","Tarsalis","culex",1
"LV089|Pipiens|2020|26","LV-089","LV","LV",2020,26,2020-06-22,"L","Pipiens","culex",2
"LV089|Tarsalis|2020|26","LV-089","LV","LV",2020,26,2020-06-22,"L","Tarsalis","culex",39
"LV089|Pipiens|2020|27","LV-089","LV","LV",2020,27,2020-06-29,"L","Pipiens","culex",2
"LV089|Tarsalis|2020|27","LV-089","LV","LV",2020,27,2020-06-29,"L","Tarsalis","culex",55
"LV089|Pipiens|2020|28","LV-089","LV","LV",2020,28,2020-07-06,"L","Pipiens","culex",4
"LV089|Tarsalis|2020|28","LV-089","LV","LV",2020,28,2020-07-06,"L","Tarsalis","culex",97
"LV089|Pipiens|2020|29","LV-089","LV","LV",2020,29,2020-07-13,"L","Pipiens","culex",12
"LV089|Tarsalis|2020|29","LV-089","LV","LV",2020,29,2020-07-13,"L","Tarsalis","culex",66
"LV089|Pipiens|2020|30","LV-089","LV","LV",2020,30,2020-07-20,"L","Pipiens","culex",0
"LV089|Tarsalis|2020|30","LV-089","LV","LV",2020,30,2020-07-20,"L","Tarsalis","culex",37
"LV089|Pipiens|2020|31","LV-089","LV","LV",2020,31,2020-07-27,"L","Pipiens","culex",0
"LV089|Tarsalis|2020|31","LV-089","LV","LV",2020,31,2020-07-27,"L","Tarsalis","culex",80
"LV089|Pipiens|2020|32","LV-089","LV","LV",2020,32,2020-08-03,"L","Pipiens","culex",0
"LV089|Tarsalis|2020|32","LV-089","LV","LV",2020,32,2020-08-03,"L","Tarsalis","culex",5
"LV089|Pipiens|2020|33","LV-089","LV","LV",2020,33,2020-08-10,"L","Pipiens","culex",4
"LV089|Tarsalis|2020|33","LV-089","LV","LV",2020,33,2020-08-10,"L","Tarsalis","culex",29
"LV089|Pipiens|2020|34","LV-089","LV","LV",2020,34,2020-08-17,"L","Pipiens","culex",0
"LV089|Tarsalis|2020|34","LV-089","LV","LV",2020,34,2020-08-17,"L","Tarsalis","culex",30
"LV089|Pipiens|2020|35","LV-089","LV","LV",2020,35,2020-08-24,"L","Pipiens","culex",4
"LV089|Tarsalis|2020|35","LV-089","LV","LV",2020,35,2020-08-24,"L","Tarsalis","culex",17
"LV089|Pipiens|2020|36","LV-089","LV","LV",2020,36,2020-08-31,"L","Pipiens","culex",4
"LV089|Tarsalis|2020|36","LV-089","LV","LV",2020,36,2020-08-31,"L","Tarsalis","culex",4
"LV089|Pipiens|2021|24","LV-089","LV","LV",2021,24,2021-06-14,"L","Pipiens","culex",0
"LV089|Tarsalis|2021|24","LV-089","LV","LV",2021,24,2021-06-14,"L","Tarsalis","culex",1
"LV089|Pipiens|2021|25","LV-089","LV","LV",2021,25,2021-06-21,"L","Pipiens","culex",5
"LV089|Tarsalis|2021|25","LV-089","LV","LV",2021,25,2021-06-21,"L","Tarsalis","culex",195
"LV089|Pipiens|2021|26","LV-089","LV","LV",2021,26,2021-06-28,"L","Pipiens","culex",13
"LV089|Tarsalis|2021|26","LV-089","LV","LV",2021,26,2021-06-28,"L","Tarsalis","culex",132
"LV089|Pipiens|2021|27","LV-089","LV","LV",2021,27,2021-07-05,"L","Pipiens","culex",0
"LV089|Tarsalis|2021|27","LV-089","LV","LV",2021,27,2021-07-05,"L","Tarsalis","culex",380
"LV089|Pipiens|2021|28","LV-089","LV","LV",2021,28,2021-07-12,"L","Pipiens","culex",1
"LV089|Tarsalis|2021|28","LV-089","LV","LV",2021,28,2021-07-12,"L","Tarsalis","culex",294
"LV089|Pipiens|2021|29","LV-089","LV","LV",2021,29,2021-07-19,"L","Pipiens","culex",20
"LV089|Tarsalis|2021|29","LV-089","LV","LV",2021,29,2021-07-19,"L","Tarsalis","culex",123
"LV089|Pipiens|2021|30","LV-089","LV","LV",2021,30,2021-07-26,"L","Pipiens","culex",8
"LV089|Tarsalis|2021|30","LV-089","LV","LV",2021,30,2021-07-26,"L","Tarsalis","culex",191
"LV089|Pipiens|2021|31","LV-089","LV","LV",2021,31,2021-08-02,"L","Pipiens","culex",8
"LV089|Tarsalis|2021|31","LV-089","LV","LV",2021,31,2021-08-02,"L","Tarsalis","culex",110
"LV089|Pipiens|2021|32","LV-089","LV","LV",2021,32,2021-08-09,"L","Pipiens","culex",8
"LV089|Tarsalis|2021|32","LV-089","LV","LV",2021,32,2021-08-09,"L","Tarsalis","culex",10
"LV089|Pipiens|2021|33","LV-089","LV","LV",2021,33,2021-08-16,"L","Pipiens","culex",9
"LV089|Tarsalis|2021|33","LV-089","LV","LV",2021,33,2021-08-16,"L","Tarsalis","culex",42
"LV089|Pipiens|2021|34","LV-089","LV","LV",2021,34,2021-08-23,"L","Pipiens","culex",17
"LV089|Tarsalis|2021|34","LV-089","LV","LV",2021,34,2021-08-23,"L","Tarsalis","culex",43
"LV089|Pipiens|2021|35","LV-089","LV","LV",2021,35,2021-08-30,"L","Pipiens","culex",18
"LV089|Tarsalis|2021|35","LV-089","LV","LV",2021,35,2021-08-30,"L","Tarsalis","culex",14
"LV089|Pipiens|2021|36","LV-089","LV","LV",2021,36,2021-09-07,"L","Pipiens","culex",0
"LV089|Tarsalis|2021|36","LV-089","LV","LV",2021,36,2021-09-07,"L","Tarsalis","culex",5
"LV089|Pipiens|2022|23","LV-089","LV","LV",2022,23,2022-06-06,"L","Pipiens","culex",2
"LV089|Tarsalis|2022|23","LV-089","LV","LV",2022,23,2022-06-06,"L","Tarsalis","culex",14
"LV089|Pipiens|2022|24","LV-089","LV","LV",2022,24,2022-06-13,"L","Pipiens","culex",0
"LV089|Tarsalis|2022|24","LV-089","LV","LV",2022,24,2022-06-13,"L","Tarsalis","culex",8
"LV089|Pipiens|2022|26","LV-089","LV","LV",2022,26,2022-06-27,"L","Pipiens","culex",13
"LV089|Tarsalis|2022|26","LV-089","LV","LV",2022,26,2022-06-27,"L","Tarsalis","culex",144
"LV089|Pipiens|2022|27","LV-089","LV","LV",2022,27,2022-07-05,"L","Pipiens","culex",0
"LV089|Tarsalis|2022|27","LV-089","LV","LV",2022,27,2022-07-05,"L","Tarsalis","culex",195
"LV089|Pipiens|2022|28","LV-089","LV","LV",2022,28,2022-07-11,"L","Pipiens","culex",7
"LV089|Tarsalis|2022|28","LV-089","LV","LV",2022,28,2022-07-11,"L","Tarsalis","culex",284
"LV089|Pipiens|2022|29","LV-089","LV","LV",2022,29,2022-07-18,"L","Pipiens","culex",23
"LV089|Tarsalis|2022|29","LV-089","LV","LV",2022,29,2022-07-18,"L","Tarsalis","culex",335
"LV089|Pipiens|2022|30","LV-089","LV","LV",2022,30,2022-07-25,"L","Pipiens","culex",36
"LV089|Tarsalis|2022|30","LV-089","LV","LV",2022,30,2022-07-25,"L","Tarsalis","culex",321
"LV089|Pipiens|2022|31","LV-089","LV","LV",2022,31,2022-08-01,"L","Pipiens","culex",17
"LV089|Tarsalis|2022|31","LV-089","LV","LV",2022,31,2022-08-01,"L","Tarsalis","culex",286
"LV089|Pipiens|2022|32","LV-089","LV","LV",2022,32,2022-08-08,"L","Pipiens","culex",31
"LV089|Tarsalis|2022|32","LV-089","LV","LV",2022,32,2022-08-08,"L","Tarsalis","culex",68
"LV089|Pipiens|2022|33","LV-089","LV","LV",2022,33,2022-08-15,"L","Pipiens","culex",10
"LV089|Tarsalis|2022|33","LV-089","LV","LV",2022,33,2022-08-15,"L","Tarsalis","culex",62
"LV089|Pipiens|2022|34","LV-089","LV","LV",2022,34,2022-08-22,"L","Pipiens","culex",84
"LV089|Tarsalis|2022|34","LV-089","LV","LV",2022,34,2022-08-22,"L","Tarsalis","culex",173
"LV089|Pipiens|2022|35","LV-089","LV","LV",2022,35,2022-08-29,"L","Pipiens","culex",20
"LV089|Tarsalis|2022|35","LV-089","LV","LV",2022,35,2022-08-29,"L","Tarsalis","culex",25
"LV089|Pipiens|2022|36","LV-089","LV","LV",2022,36,2022-09-06,"L","Pipiens","culex",21
"LV089|Tarsalis|2022|36","LV-089","LV","LV",2022,36,2022-09-06,"L","Tarsalis","culex",19
"LV089|Pipiens|2023|23","LV-089","LV","LV",2023,23,2023-06-05,"L","Pipiens","culex",4
"LV089|Tarsalis|2023|23","LV-089","LV","LV",2023,23,2023-06-05,"L","Tarsalis","culex",97
"LV089|Pipiens|2023|24","LV-089","LV","LV",2023,24,2023-06-12,"L","Pipiens","culex",6
"LV089|Tarsalis|2023|24","LV-089","LV","LV",2023,24,2023-06-12,"L","Tarsalis","culex",141
"LV089|Pipiens|2023|25","LV-089","LV","LV",2023,25,2023-06-19,"L","Pipiens","culex",6
"LV089|Tarsalis|2023|25","LV-089","LV","LV",2023,25,2023-06-19,"L","Tarsalis","culex",241
"LV089|Pipiens|2023|26","LV-089","LV","LV",2023,26,2023-07-02,"L","Pipiens","culex",95
"LV089|Tarsalis|2023|26","LV-089","LV","LV",2023,26,2023-07-02,"L","Tarsalis","culex",2219
"LV089|Pipiens|2023|28","LV-089","LV","LV",2023,28,2023-07-10,"L","Pipiens","culex",4
"LV089|Tarsalis|2023|28","LV-089","LV","LV",2023,28,2023-07-10,"L","Tarsalis","culex",560
"LV089|Pipiens|2023|29","LV-089","LV","LV",2023,29,2023-07-17,"L","Pipiens","culex",0
"LV089|Tarsalis|2023|29","LV-089","LV","LV",2023,29,2023-07-17,"L","Tarsalis","culex",1936
"LV089|Pipiens|2023|30","LV-089","LV","LV",2023,30,2023-07-24,"L","Pipiens","culex",4
"LV089|Tarsalis|2023|30","LV-089","LV","LV",2023,30,2023-07-24,"L","Tarsalis","culex",1328
"LV089|Pipiens|2023|31","LV-089","LV","LV",2023,31,2023-07-31,"L","Pipiens","culex",0
"LV089|Tarsalis|2023|31","LV-089","LV","LV",2023,31,2023-07-31,"L","Tarsalis","culex",392
"LV089|Pipiens|2023|32","LV-089","LV","LV",2023,32,2023-08-07,"L","Pipiens","culex",39
"LV089|Tarsalis|2023|32","LV-089","LV","LV",2023,32,2023-08-07,"L","Tarsalis","culex",56
"LV089|Pipiens|2023|33","LV-089","LV","LV",2023,33,2023-08-14,"L","Pipiens","culex",50
"LV089|Tarsalis|2023|33","LV-089","LV","LV",2023,33,2023-08-14,"L","Tarsalis","culex",304
"LV089|Pipiens|2023|34","LV-089","LV","LV",2023,34,2023-08-21,"L","Pipiens","culex",76
"LV089|Tarsalis|2023|34","LV-089","LV","LV",2023,34,2023-08-21,"L","Tarsalis","culex",66
"LV089|Pipiens|2023|35","LV-089","LV","LV",2023,35,2023-08-28,"L","Pipiens","culex",47
"LV089|Tarsalis|2023|35","LV-089","LV","LV",2023,35,2023-08-28,"L","Tarsalis","culex",43
"LV089|Pipiens|2024|23","LV-089","LV","LV",2024,23,2024-06-03,"L","Pipiens","culex",0
"LV089|Tarsalis|2024|23","LV-089","LV","LV",2024,23,2024-06-03,"L","Tarsalis","culex",5
"LV089|Pipiens|2024|24","LV-089","LV","LV",2024,24,2024-06-10,"L","Pipiens","culex",0
"LV089|Tarsalis|2024|24","LV-089","LV","LV",2024,24,2024-06-10,"L","Tarsalis","culex",2
"LV089|Pipiens|2024|25","LV-089","LV","LV",2024,25,2024-06-18,"L","Pipiens","culex",0
"LV089|Tarsalis|2024|25","LV-089","LV","LV",2024,25,2024-06-18,"L","Tarsalis","culex",5
"LV089|Pipiens|2024|26","LV-089","LV","LV",2024,26,2024-06-25,"L","Pipiens","culex",2
"LV089|Tarsalis|2024|26","LV-089","LV","LV",2024,26,2024-06-25,"L","Tarsalis","culex",60
"LV089|Pipiens|2024|27","LV-089","LV","LV",2024,27,2024-07-02,"L","Pipiens","culex",0
"LV089|Tarsalis|2024|27","LV-089","LV","LV",2024,27,2024-07-02,"L","Tarsalis","culex",70
"LV089|Pipiens|2024|28","LV-089","LV","LV",2024,28,2024-07-09,"L","Pipiens","culex",13
"LV089|Tarsalis|2024|28","LV-089","LV","LV",2024,28,2024-07-09,"L","Tarsalis","culex",84
"LV089|Pipiens|2024|29","LV-089","LV","LV",2024,29,2024-07-16,"L","Pipiens","culex",0
"LV089|Tarsalis|2024|29","LV-089","LV","LV",2024,29,2024-07-16,"L","Tarsalis","culex",32
"LV089|Pipiens|2024|30","LV-089","LV","LV",2024,30,2024-07-23,"L","Pipiens","culex",5
"LV089|Tarsalis|2024|30","LV-089","LV","LV",2024,30,2024-07-23,"L","Tarsalis","culex",26
"LV089|Pipiens|2024|31","LV-089","LV","LV",2024,31,2024-07-30,"L","Pipiens","culex",0
"LV089|Tarsalis|2024|31","LV-089","LV","LV",2024,31,2024-07-30,"L","Tarsalis","culex",6
"LV089|Pipiens|2024|32","LV-089","LV","LV",2024,32,2024-08-06,"L","Pipiens","culex",4
"LV089|Tarsalis|2024|32","LV-089","LV","LV",2024,32,2024-08-06,"L","Tarsalis","culex",38
"LV089|Pipiens|2024|33","LV-089","LV","LV",2024,33,2024-08-13,"L","Pipiens","culex",4
"LV089|Tarsalis|2024|33","LV-089","LV","LV",2024,33,2024-08-13,"L","Tarsalis","culex",23
"LV089|Pipiens|2024|34","LV-089","LV","LV",2024,34,2024-08-20,"L","Pipiens","culex",11
"LV089|Tarsalis|2024|34","LV-089","LV","LV",2024,34,2024-08-20,"L","Tarsalis","culex",21
"LV089|Pipiens|2024|35","LV-089","LV","LV",2024,35,2024-08-27,"L","Pipiens","culex",2
"LV089|Tarsalis|2024|35","LV-089","LV","LV",2024,35,2024-08-27,"L","Tarsalis","culex",5
"LV089|Pipiens|2025|25","LV-089","LV","LV",2025,25,2025-06-17,"L","Pipiens","culex",0
"LV089|Tarsalis|2025|25","LV-089","LV","LV",2025,25,2025-06-17,"L","Tarsalis","culex",19
"LV089|Pipiens|2025|26","LV-089","LV","LV",2025,26,2025-06-24,"L","Pipiens","culex",1
"LV089|Tarsalis|2025|26","LV-089","LV","LV",2025,26,2025-06-24,"L","Tarsalis","culex",2
"LV089|Pipiens|2025|27","LV-089","LV","LV",2025,27,2025-07-01,"L","Pipiens","culex",2
"LV089|Tarsalis|2025|27","LV-089","LV","LV",2025,27,2025-07-01,"L","Tarsalis","culex",41
"LV089|Pipiens|2025|28","LV-089","LV","LV",2025,28,2025-07-08,"L","Pipiens","culex",1
"LV089|Tarsalis|2025|28","LV-089","LV","LV",2025,28,2025-07-08,"L","Tarsalis","culex",30
"LV089|Pipiens|2025|29","LV-089","LV","LV",2025,29,2025-07-15,"L","Pipiens","culex",3
"LV089|Tarsalis|2025|29","LV-089","LV","LV",2025,29,2025-07-15,"L","Tarsalis","culex",98
"LV089|Pipiens|2025|30","LV-089","LV","LV",2025,30,2025-07-22,"L","Pipiens","culex",7
"LV089|Tarsalis|2025|30","LV-089","LV","LV",2025,30,2025-07-22,"L","Tarsalis","culex",62
"LV089|Pipiens|2025|31","LV-089","LV","LV",2025,31,2025-07-29,"L","Pipiens","culex",0
"LV089|Tarsalis|2025|31","LV-089","LV","LV",2025,31,2025-07-29,"L","Tarsalis","culex",5
"LV089|Pipiens|2025|32","LV-089","LV","LV",2025,32,2025-08-05,"L","Pipiens","culex",6
"LV089|Tarsalis|2025|32","LV-089","LV","LV",2025,32,2025-08-05,"L","Tarsalis","culex",20
"LV089|Pipiens|2025|33","LV-089","LV","LV",2025,33,2025-08-12,"L","Pipiens","culex",4
"LV089|Tarsalis|2025|33","LV-089","LV","LV",2025,33,2025-08-12,"L","Tarsalis","culex",16
"LV089|Pipiens|2025|35","LV-089","LV","LV",2025,35,2025-08-26,"L","Pipiens","culex",1
"LV089|Tarsalis|2025|35","LV-089","LV","LV",2025,35,2025-08-26,"L","Tarsalis","culex",5
"LV095|Pipiens|2020|22","LV-095","LV","LV",2020,22,2020-05-31,"L","Pipiens","culex",0
"LV095|Tarsalis|2020|22","LV-095","LV","LV",2020,22,2020-05-31,"L","Tarsalis","culex",4
"LV095|Pipiens|2020|23","LV-095","LV","LV",2020,23,2020-06-07,"L","Pipiens","culex",0
"LV095|Tarsalis|2020|23","LV-095","LV","LV",2020,23,2020-06-07,"L","Tarsalis","culex",6
"LV095|Pipiens|2020|24","LV-095","LV","LV",2020,24,2020-06-14,"L","Pipiens","culex",1
"LV095|Tarsalis|2020|24","LV-095","LV","LV",2020,24,2020-06-14,"L","Tarsalis","culex",11
"LV095|Pipiens|2020|25","LV-095","LV","LV",2020,25,2020-06-21,"L","Pipiens","culex",0
"LV095|Tarsalis|2020|25","LV-095","LV","LV",2020,25,2020-06-21,"L","Tarsalis","culex",6
"LV095|Pipiens|2020|26","LV-095","LV","LV",2020,26,2020-06-28,"L","Pipiens","culex",1
"LV095|Tarsalis|2020|26","LV-095","LV","LV",2020,26,2020-06-28,"L","Tarsalis","culex",24
"LV095|Pipiens|2020|27","LV-095","LV","LV",2020,27,2020-07-05,"L","Pipiens","culex",1
"LV095|Tarsalis|2020|27","LV-095","LV","LV",2020,27,2020-07-05,"L","Tarsalis","culex",22
"LV095|Pipiens|2020|29","LV-095","LV","LV",2020,29,2020-07-13,"L","Pipiens","culex",1
"LV095|Tarsalis|2020|29","LV-095","LV","LV",2020,29,2020-07-13,"L","Tarsalis","culex",27
"LV095|Pipiens|2020|30","LV-095","LV","LV",2020,30,2020-07-26,"L","Pipiens","culex",0
"LV095|Tarsalis|2020|30","LV-095","LV","LV",2020,30,2020-07-26,"L","Tarsalis","culex",134
"LV095|Pipiens|2020|31","LV-095","LV","LV",2020,31,2020-08-02,"L","Pipiens","culex",0
"LV095|Tarsalis|2020|31","LV-095","LV","LV",2020,31,2020-08-02,"L","Tarsalis","culex",8
"LV095|Pipiens|2020|32","LV-095","LV","LV",2020,32,2020-08-09,"L","Pipiens","culex",2
"LV095|Tarsalis|2020|32","LV-095","LV","LV",2020,32,2020-08-09,"L","Tarsalis","culex",24
"LV095|Pipiens|2020|33","LV-095","LV","LV",2020,33,2020-08-16,"L","Pipiens","culex",0
"LV095|Tarsalis|2020|33","LV-095","LV","LV",2020,33,2020-08-16,"L","Tarsalis","culex",7
"LV095|Pipiens|2020|34","LV-095","LV","LV",2020,34,2020-08-23,"L","Pipiens","culex",0
"LV095|Tarsalis|2020|34","LV-095","LV","LV",2020,34,2020-08-23,"L","Tarsalis","culex",32
"LV095|Pipiens|2020|36","LV-095","LV","LV",2020,36,2020-08-31,"L","Pipiens","culex",4
"LV095|Tarsalis|2020|36","LV-095","LV","LV",2020,36,2020-08-31,"L","Tarsalis","culex",2
"LV095|Pipiens|2021|22","LV-095","LV","LV",2021,22,2021-06-06,"L","Pipiens","culex",0
"LV095|Tarsalis|2021|22","LV-095","LV","LV",2021,22,2021-06-06,"L","Tarsalis","culex",44
"LV095|Pipiens|2021|23","LV-095","LV","LV",2021,23,2021-06-13,"L","Pipiens","culex",0
"LV095|Tarsalis|2021|23","LV-095","LV","LV",2021,23,2021-06-13,"L","Tarsalis","culex",32
"LV095|Pipiens|2021|24","LV-095","LV","LV",2021,24,2021-06-20,"L","Pipiens","culex",0
"LV095|Tarsalis|2021|24","LV-095","LV","LV",2021,24,2021-06-20,"L","Tarsalis","culex",9
"LV095|Pipiens|2021|25","LV-095","LV","LV",2021,25,2021-06-27,"L","Pipiens","culex",0
"LV095|Tarsalis|2021|25","LV-095","LV","LV",2021,25,2021-06-27,"L","Tarsalis","culex",111
"LV095|Pipiens|2021|26","LV-095","LV","LV",2021,26,2021-07-04,"L","Pipiens","culex",0
"LV095|Tarsalis|2021|26","LV-095","LV","LV",2021,26,2021-07-04,"L","Tarsalis","culex",267
"LV095|Pipiens|2021|27","LV-095","LV","LV",2021,27,2021-07-11,"L","Pipiens","culex",5
"LV095|Tarsalis|2021|27","LV-095","LV","LV",2021,27,2021-07-11,"L","Tarsalis","culex",339
"LV095|Pipiens|2021|28","LV-095","LV","LV",2021,28,2021-07-18,"L","Pipiens","culex",3
"LV095|Tarsalis|2021|28","LV-095","LV","LV",2021,28,2021-07-18,"L","Tarsalis","culex",213
"LV095|Pipiens|2021|29","LV-095","LV","LV",2021,29,2021-07-25,"L","Pipiens","culex",3
"LV095|Tarsalis|2021|29","LV-095","LV","LV",2021,29,2021-07-25,"L","Tarsalis","culex",96
"LV095|Pipiens|2021|30","LV-095","LV","LV",2021,30,2021-08-01,"L","Pipiens","culex",48
"LV095|Tarsalis|2021|30","LV-095","LV","LV",2021,30,2021-08-01,"L","Tarsalis","culex",268
"LV095|Pipiens|2021|31","LV-095","LV","LV",2021,31,2021-08-08,"L","Pipiens","culex",17
"LV095|Tarsalis|2021|31","LV-095","LV","LV",2021,31,2021-08-08,"L","Tarsalis","culex",104
"LV095|Pipiens|2021|32","LV-095","LV","LV",2021,32,2021-08-15,"L","Pipiens","culex",3
"LV095|Tarsalis|2021|32","LV-095","LV","LV",2021,32,2021-08-15,"L","Tarsalis","culex",15
"LV095|Pipiens|2021|33","LV-095","LV","LV",2021,33,2021-08-22,"L","Pipiens","culex",12
"LV095|Tarsalis|2021|33","LV-095","LV","LV",2021,33,2021-08-22,"L","Tarsalis","culex",21
"LV095|Pipiens|2021|34","LV-095","LV","LV",2021,34,2021-08-29,"L","Pipiens","culex",3
"LV095|Tarsalis|2021|34","LV-095","LV","LV",2021,34,2021-08-29,"L","Tarsalis","culex",20
"LV095|Pipiens|2022|22","LV-095","LV","LV",2022,22,2022-06-05,"L","Pipiens","culex",0
"LV095|Tarsalis|2022|22","LV-095","LV","LV",2022,22,2022-06-05,"L","Tarsalis","culex",3
"LV095|Pipiens|2022|23","LV-095","LV","LV",2022,23,2022-06-12,"L","Pipiens","culex",0
"LV095|Tarsalis|2022|23","LV-095","LV","LV",2022,23,2022-06-12,"L","Tarsalis","culex",15
"LV095|Pipiens|2022|24","LV-095","LV","LV",2022,24,2022-06-19,"L","Pipiens","culex",0
"LV095|Tarsalis|2022|24","LV-095","LV","LV",2022,24,2022-06-19,"L","Tarsalis","culex",4
"LV095|Pipiens|2022|25","LV-095","LV","LV",2022,25,2022-06-26,"L","Pipiens","culex",0
"LV095|Tarsalis|2022|25","LV-095","LV","LV",2022,25,2022-06-26,"L","Tarsalis","culex",3
"LV095|Pipiens|2022|26","LV-095","LV","LV",2022,26,2022-07-03,"L","Pipiens","culex",0
"LV095|Tarsalis|2022|26","LV-095","LV","LV",2022,26,2022-07-03,"L","Tarsalis","culex",41
"LV095|Pipiens|2022|27","LV-095","LV","LV",2022,27,2022-07-10,"L","Pipiens","culex",0
"LV095|Tarsalis|2022|27","LV-095","LV","LV",2022,27,2022-07-10,"L","Tarsalis","culex",79
"LV095|Pipiens|2022|28","LV-095","LV","LV",2022,28,2022-07-17,"L","Pipiens","culex",0
"LV095|Tarsalis|2022|28","LV-095","LV","LV",2022,28,2022-07-17,"L","Tarsalis","culex",50
"LV095|Pipiens|2022|29","LV-095","LV","LV",2022,29,2022-07-24,"L","Pipiens","culex",10
"LV095|Tarsalis|2022|29","LV-095","LV","LV",2022,29,2022-07-24,"L","Tarsalis","culex",76
"LV095|Pipiens|2022|30","LV-095","LV","LV",2022,30,2022-07-31,"L","Pipiens","culex",9
"LV095|Tarsalis|2022|30","LV-095","LV","LV",2022,30,2022-07-31,"L","Tarsalis","culex",89
"LV095|Pipiens|2022|31","LV-095","LV","LV",2022,31,2022-08-07,"L","Pipiens","culex",6
"LV095|Tarsalis|2022|31","LV-095","LV","LV",2022,31,2022-08-07,"L","Tarsalis","culex",42
"LV095|Pipiens|2022|32","LV-095","LV","LV",2022,32,2022-08-14,"L","Pipiens","culex",1
"LV095|Tarsalis|2022|32","LV-095","LV","LV",2022,32,2022-08-14,"L","Tarsalis","culex",14
"LV095|Pipiens|2022|33","LV-095","LV","LV",2022,33,2022-08-21,"L","Pipiens","culex",19
"LV095|Tarsalis|2022|33","LV-095","LV","LV",2022,33,2022-08-21,"L","Tarsalis","culex",65
"LV095|Pipiens|2022|34","LV-095","LV","LV",2022,34,2022-08-28,"L","Pipiens","culex",2
"LV095|Tarsalis|2022|34","LV-095","LV","LV",2022,34,2022-08-28,"L","Tarsalis","culex",25
"LV095|Pipiens|2022|36","LV-095","LV","LV",2022,36,2022-09-06,"L","Pipiens","culex",0
"LV095|Tarsalis|2022|36","LV-095","LV","LV",2022,36,2022-09-06,"L","Tarsalis","culex",1
"LV095|Pipiens|2023|22","LV-095","LV","LV",2023,22,2023-06-04,"L","Pipiens","culex",1
"LV095|Tarsalis|2023|22","LV-095","LV","LV",2023,22,2023-06-04,"L","Tarsalis","culex",4
"LV095|Pipiens|2023|23","LV-095","LV","LV",2023,23,2023-06-11,"L","Pipiens","culex",0
"LV095|Tarsalis|2023|23","LV-095","LV","LV",2023,23,2023-06-11,"L","Tarsalis","culex",2
"LV095|Pipiens|2023|24","LV-095","LV","LV",2023,24,2023-06-18,"L","Pipiens","culex",0
"LV095|Tarsalis|2023|24","LV-095","LV","LV",2023,24,2023-06-18,"L","Tarsalis","culex",79
"LV095|Pipiens|2023|25","LV-095","LV","LV",2023,25,2023-06-25,"L","Pipiens","culex",15
"LV095|Tarsalis|2023|25","LV-095","LV","LV",2023,25,2023-06-25,"L","Tarsalis","culex",454
"LV095|Pipiens|2023|26","LV-095","LV","LV",2023,26,2023-07-02,"L","Pipiens","culex",0
"LV095|Tarsalis|2023|26","LV-095","LV","LV",2023,26,2023-07-02,"L","Tarsalis","culex",1712
"LV095|Pipiens|2023|27","LV-095","LV","LV",2023,27,2023-07-09,"L","Pipiens","culex",34
"LV095|Tarsalis|2023|27","LV-095","LV","LV",2023,27,2023-07-09,"L","Tarsalis","culex",668
"LV095|Pipiens|2023|28","LV-095","LV","LV",2023,28,2023-07-16,"L","Pipiens","culex",17
"LV095|Tarsalis|2023|28","LV-095","LV","LV",2023,28,2023-07-16,"L","Tarsalis","culex",880
"LV095|Pipiens|2023|30","LV-095","LV","LV",2023,30,2023-07-30,"L","Pipiens","culex",4
"LV095|Tarsalis|2023|30","LV-095","LV","LV",2023,30,2023-07-30,"L","Tarsalis","culex",1616
"LV095|Pipiens|2023|31","LV-095","LV","LV",2023,31,2023-08-06,"L","Pipiens","culex",45
"LV095|Tarsalis|2023|31","LV-095","LV","LV",2023,31,2023-08-06,"L","Tarsalis","culex",150
"LV095|Pipiens|2023|32","LV-095","LV","LV",2023,32,2023-08-13,"L","Pipiens","culex",60
"LV095|Tarsalis|2023|32","LV-095","LV","LV",2023,32,2023-08-13,"L","Tarsalis","culex",106
"LV095|Pipiens|2023|33","LV-095","LV","LV",2023,33,2023-08-20,"L","Pipiens","culex",50
"LV095|Tarsalis|2023|33","LV-095","LV","LV",2023,33,2023-08-20,"L","Tarsalis","culex",244
"LV095|Pipiens|2023|34","LV-095","LV","LV",2023,34,2023-08-27,"L","Pipiens","culex",50
"LV095|Tarsalis|2023|34","LV-095","LV","LV",2023,34,2023-08-27,"L","Tarsalis","culex",150
"LV095|Pipiens|2023|36","LV-095","LV","LV",2023,36,2023-09-04,"L","Pipiens","culex",24
"LV095|Tarsalis|2023|36","LV-095","LV","LV",2023,36,2023-09-04,"L","Tarsalis","culex",20
"LV095|Pipiens|2024|22","LV-095","LV","LV",2024,22,2024-06-02,"L","Pipiens","culex",0
"LV095|Tarsalis|2024|22","LV-095","LV","LV",2024,22,2024-06-02,"L","Tarsalis","culex",12
"LV095|Pipiens|2024|25","LV-095","LV","LV",2024,25,2024-06-17,"L","Pipiens","culex",0
"LV095|Tarsalis|2024|25","LV-095","LV","LV",2024,25,2024-06-17,"L","Tarsalis","culex",12
"LV095|Pipiens|2024|26","LV-095","LV","LV",2024,26,2024-06-24,"L","Pipiens","culex",0
"LV095|Tarsalis|2024|26","LV-095","LV","LV",2024,26,2024-06-24,"L","Tarsalis","culex",16
"LV095|Pipiens|2024|27","LV-095","LV","LV",2024,27,2024-07-01,"L","Pipiens","culex",0
"LV095|Tarsalis|2024|27","LV-095","LV","LV",2024,27,2024-07-01,"L","Tarsalis","culex",18
"LV095|Pipiens|2024|28","LV-095","LV","LV",2024,28,2024-07-08,"L","Pipiens","culex",3
"LV095|Tarsalis|2024|28","LV-095","LV","LV",2024,28,2024-07-08,"L","Tarsalis","culex",18
"LV095|Pipiens|2024|30","LV-095","LV","LV",2024,30,2024-07-22,"L","Pipiens","culex",1
"LV095|Tarsalis|2024|30","LV-095","LV","LV",2024,30,2024-07-22,"L","Tarsalis","culex",51
"LV095|Pipiens|2024|31","LV-095","LV","LV",2024,31,2024-07-29,"L","Pipiens","culex",2
"LV095|Tarsalis|2024|31","LV-095","LV","LV",2024,31,2024-07-29,"L","Tarsalis","culex",54
"LV095|Pipiens|2024|32","LV-095","LV","LV",2024,32,2024-08-05,"L","Pipiens","culex",0
"LV095|Tarsalis|2024|32","LV-095","LV","LV",2024,32,2024-08-05,"L","Tarsalis","culex",19
"LV095|Pipiens|2024|33","LV-095","LV","LV",2024,33,2024-08-12,"L","Pipiens","culex",3
"LV095|Tarsalis|2024|33","LV-095","LV","LV",2024,33,2024-08-12,"L","Tarsalis","culex",55
"LV095|Pipiens|2024|34","LV-095","LV","LV",2024,34,2024-08-19,"L","Pipiens","culex",0
"LV095|Tarsalis|2024|34","LV-095","LV","LV",2024,34,2024-08-19,"L","Tarsalis","culex",7
"LV095|Pipiens|2024|35","LV-095","LV","LV",2024,35,2024-08-26,"L","Pipiens","culex",7
"LV095|Tarsalis|2024|35","LV-095","LV","LV",2024,35,2024-08-26,"L","Tarsalis","culex",4
"LV095|Pipiens|2025|25","LV-095","LV","LV",2025,25,2025-06-16,"L","Pipiens","culex",0
"LV095|Tarsalis|2025|25","LV-095","LV","LV",2025,25,2025-06-16,"L","Tarsalis","culex",5
"LV095|Pipiens|2025|26","LV-095","LV","LV",2025,26,2025-06-23,"L","Pipiens","culex",1
"LV095|Tarsalis|2025|26","LV-095","LV","LV",2025,26,2025-06-23,"L","Tarsalis","culex",163
"LV095|Pipiens|2025|27","LV-095","LV","LV",2025,27,2025-06-30,"L","Pipiens","culex",1
"LV095|Tarsalis|2025|27","LV-095","LV","LV",2025,27,2025-06-30,"L","Tarsalis","culex",210
"LV095|Pipiens|2025|28","LV-095","LV","LV",2025,28,2025-07-07,"L","Pipiens","culex",2
"LV095|Tarsalis|2025|28","LV-095","LV","LV",2025,28,2025-07-07,"L","Tarsalis","culex",145
"LV095|Pipiens|2025|29","LV-095","LV","LV",2025,29,2025-07-14,"L","Pipiens","culex",3
"LV095|Tarsalis|2025|29","LV-095","LV","LV",2025,29,2025-07-14,"L","Tarsalis","culex",185
"LV095|Pipiens|2025|30","LV-095","LV","LV",2025,30,2025-07-21,"L","Pipiens","culex",6
"LV095|Tarsalis|2025|30","LV-095","LV","LV",2025,30,2025-07-21,"L","Tarsalis","culex",128
"LV095|Pipiens|2025|31","LV-095","LV","LV",2025,31,2025-07-28,"L","Pipiens","culex",1
"LV095|Tarsalis|2025|31","LV-095","LV","LV",2025,31,2025-07-28,"L","Tarsalis","culex",77
"LV095|Pipiens|2025|32","LV-095","LV","LV",2025,32,2025-08-04,"L","Pipiens","culex",4
"LV095|Tarsalis|2025|32","LV-095","LV","LV",2025,32,2025-08-04,"L","Tarsalis","culex",58
"LV095|Pipiens|2025|33","LV-095","LV","LV",2025,33,2025-08-11,"L","Pipiens","culex",0
"LV095|Tarsalis|2025|33","LV-095","LV","LV",2025,33,2025-08-11,"L","Tarsalis","culex",9
"LV095|Pipiens|2025|34","LV-095","LV","LV",2025,34,2025-08-18,"L","Pipiens","culex",1
"LV095|Tarsalis|2025|34","LV-095","LV","LV",2025,34,2025-08-18,"L","Tarsalis","culex",10
"LV095|Pipiens|2025|35","LV-095","LV","LV",2025,35,2025-08-25,"L","Pipiens","culex",8
"LV095|Tarsalis|2025|35","LV-095","LV","LV",2025,35,2025-08-25,"L","Tarsalis","culex",35
"LV104|Pipiens|2020|23","LV-104","LV","LV",2020,23,2020-06-01,"L","Pipiens","culex",0
"LV104|Tarsalis|2020|23","LV-104","LV","LV",2020,23,2020-06-01,"L","Tarsalis","culex",11
"LV104|Pipiens|2020|25","LV-104","LV","LV",2020,25,2020-06-15,"L","Pipiens","culex",0
"LV104|Tarsalis|2020|25","LV-104","LV","LV",2020,25,2020-06-15,"L","Tarsalis","culex",2
"LV104|Pipiens|2020|26","LV-104","LV","LV",2020,26,2020-06-22,"L","Pipiens","culex",0
"LV104|Tarsalis|2020|26","LV-104","LV","LV",2020,26,2020-06-22,"L","Tarsalis","culex",15
"LV104|Pipiens|2020|27","LV-104","LV","LV",2020,27,2020-06-29,"L","Pipiens","culex",0
"LV104|Tarsalis|2020|27","LV-104","LV","LV",2020,27,2020-06-29,"L","Tarsalis","culex",26
"LV104|Pipiens|2020|28","LV-104","LV","LV",2020,28,2020-07-06,"L","Pipiens","culex",7
"LV104|Tarsalis|2020|28","LV-104","LV","LV",2020,28,2020-07-06,"L","Tarsalis","culex",82
"LV104|Pipiens|2020|29","LV-104","LV","LV",2020,29,2020-07-13,"L","Pipiens","culex",0
"LV104|Tarsalis|2020|29","LV-104","LV","LV",2020,29,2020-07-13,"L","Tarsalis","culex",12
"LV104|Pipiens|2020|30","LV-104","LV","LV",2020,30,2020-07-20,"L","Pipiens","culex",6
"LV104|Tarsalis|2020|30","LV-104","LV","LV",2020,30,2020-07-20,"L","Tarsalis","culex",29
"LV104|Pipiens|2020|31","LV-104","LV","LV",2020,31,2020-07-27,"L","Pipiens","culex",11
"LV104|Tarsalis|2020|31","LV-104","LV","LV",2020,31,2020-07-27,"L","Tarsalis","culex",25
"LV104|Pipiens|2020|32","LV-104","LV","LV",2020,32,2020-08-03,"L","Pipiens","culex",8
"LV104|Tarsalis|2020|32","LV-104","LV","LV",2020,32,2020-08-03,"L","Tarsalis","culex",5
"LV104|Pipiens|2020|33","LV-104","LV","LV",2020,33,2020-08-10,"L","Pipiens","culex",6
"LV104|Tarsalis|2020|33","LV-104","LV","LV",2020,33,2020-08-10,"L","Tarsalis","culex",21
"LV104|Pipiens|2020|34","LV-104","LV","LV",2020,34,2020-08-17,"L","Pipiens","culex",0
"LV104|Tarsalis|2020|34","LV-104","LV","LV",2020,34,2020-08-17,"L","Tarsalis","culex",80
"LV104|Pipiens|2020|35","LV-104","LV","LV",2020,35,2020-08-24,"L","Pipiens","culex",2
"LV104|Tarsalis|2020|35","LV-104","LV","LV",2020,35,2020-08-24,"L","Tarsalis","culex",8
"LV104|Pipiens|2020|36","LV-104","LV","LV",2020,36,2020-08-31,"L","Pipiens","culex",16
"LV104|Tarsalis|2020|36","LV-104","LV","LV",2020,36,2020-08-31,"L","Tarsalis","culex",2
"LV104|Pipiens|2021|23","LV-104","LV","LV",2021,23,2021-06-07,"L","Pipiens","culex",0
"LV104|Tarsalis|2021|23","LV-104","LV","LV",2021,23,2021-06-07,"L","Tarsalis","culex",2
"LV104|Pipiens|2021|24","LV-104","LV","LV",2021,24,2021-06-14,"L","Pipiens","culex",0
"LV104|Tarsalis|2021|24","LV-104","LV","LV",2021,24,2021-06-14,"L","Tarsalis","culex",55
"LV104|Pipiens|2021|25","LV-104","LV","LV",2021,25,2021-06-21,"L","Pipiens","culex",7
"LV104|Tarsalis|2021|25","LV-104","LV","LV",2021,25,2021-06-21,"L","Tarsalis","culex",155
"LV104|Pipiens|2021|26","LV-104","LV","LV",2021,26,2021-06-28,"L","Pipiens","culex",19
"LV104|Tarsalis|2021|26","LV-104","LV","LV",2021,26,2021-06-28,"L","Tarsalis","culex",349
"LV104|Pipiens|2021|27","LV-104","LV","LV",2021,27,2021-07-05,"L","Pipiens","culex",7
"LV104|Tarsalis|2021|27","LV-104","LV","LV",2021,27,2021-07-05,"L","Tarsalis","culex",186
"LV104|Pipiens|2021|28","LV-104","LV","LV",2021,28,2021-07-12,"L","Pipiens","culex",48
"LV104|Tarsalis|2021|28","LV-104","LV","LV",2021,28,2021-07-12,"L","Tarsalis","culex",450
"LV104|Pipiens|2021|29","LV-104","LV","LV",2021,29,2021-07-19,"L","Pipiens","culex",15
"LV104|Tarsalis|2021|29","LV-104","LV","LV",2021,29,2021-07-19,"L","Tarsalis","culex",250
"LV104|Pipiens|2021|30","LV-104","LV","LV",2021,30,2021-07-26,"L","Pipiens","culex",0
"LV104|Tarsalis|2021|30","LV-104","LV","LV",2021,30,2021-07-26,"L","Tarsalis","culex",38
"LV104|Pipiens|2021|31","LV-104","LV","LV",2021,31,2021-08-02,"L","Pipiens","culex",5
"LV104|Tarsalis|2021|31","LV-104","LV","LV",2021,31,2021-08-02,"L","Tarsalis","culex",43
"LV104|Pipiens|2021|32","LV-104","LV","LV",2021,32,2021-08-09,"L","Pipiens","culex",4
"LV104|Tarsalis|2021|32","LV-104","LV","LV",2021,32,2021-08-09,"L","Tarsalis","culex",42
"LV104|Pipiens|2021|33","LV-104","LV","LV",2021,33,2021-08-16,"L","Pipiens","culex",70
"LV104|Tarsalis|2021|33","LV-104","LV","LV",2021,33,2021-08-16,"L","Tarsalis","culex",146
"LV104|Pipiens|2021|34","LV-104","LV","LV",2021,34,2021-08-23,"L","Pipiens","culex",33
"LV104|Tarsalis|2021|34","LV-104","LV","LV",2021,34,2021-08-23,"L","Tarsalis","culex",16
"LV104|Pipiens|2021|35","LV-104","LV","LV",2021,35,2021-08-30,"L","Pipiens","culex",22
"LV104|Tarsalis|2021|35","LV-104","LV","LV",2021,35,2021-08-30,"L","Tarsalis","culex",15
"LV104|Pipiens|2022|23","LV-104","LV","LV",2022,23,2022-06-06,"L","Pipiens","culex",0
"LV104|Tarsalis|2022|23","LV-104","LV","LV",2022,23,2022-06-06,"L","Tarsalis","culex",4
"LV104|Pipiens|2022|25","LV-104","LV","LV",2022,25,2022-06-20,"L","Pipiens","culex",0
"LV104|Tarsalis|2022|25","LV-104","LV","LV",2022,25,2022-06-20,"L","Tarsalis","culex",52
"LV104|Pipiens|2022|26","LV-104","LV","LV",2022,26,2022-06-27,"L","Pipiens","culex",10
"LV104|Tarsalis|2022|26","LV-104","LV","LV",2022,26,2022-06-27,"L","Tarsalis","culex",59
"LV104|Pipiens|2022|27","LV-104","LV","LV",2022,27,2022-07-05,"L","Pipiens","culex",2
"LV104|Tarsalis|2022|27","LV-104","LV","LV",2022,27,2022-07-05,"L","Tarsalis","culex",55
"LV104|Pipiens|2022|28","LV-104","LV","LV",2022,28,2022-07-11,"L","Pipiens","culex",9
"LV104|Tarsalis|2022|28","LV-104","LV","LV",2022,28,2022-07-11,"L","Tarsalis","culex",75
"LV104|Pipiens|2022|29","LV-104","LV","LV",2022,29,2022-07-18,"L","Pipiens","culex",5
"LV104|Tarsalis|2022|29","LV-104","LV","LV",2022,29,2022-07-18,"L","Tarsalis","culex",16
"LV104|Pipiens|2022|30","LV-104","LV","LV",2022,30,2022-07-25,"L","Pipiens","culex",152
"LV104|Tarsalis|2022|30","LV-104","LV","LV",2022,30,2022-07-25,"L","Tarsalis","culex",143
"LV104|Pipiens|2022|31","LV-104","LV","LV",2022,31,2022-08-01,"L","Pipiens","culex",77
"LV104|Tarsalis|2022|31","LV-104","LV","LV",2022,31,2022-08-01,"L","Tarsalis","culex",173
"LV104|Pipiens|2022|32","LV-104","LV","LV",2022,32,2022-08-08,"L","Pipiens","culex",84
"LV104|Tarsalis|2022|32","LV-104","LV","LV",2022,32,2022-08-08,"L","Tarsalis","culex",101
"LV104|Pipiens|2022|33","LV-104","LV","LV",2022,33,2022-08-15,"L","Pipiens","culex",92
"LV104|Tarsalis|2022|33","LV-104","LV","LV",2022,33,2022-08-15,"L","Tarsalis","culex",15
"LV104|Pipiens|2022|34","LV-104","LV","LV",2022,34,2022-08-22,"L","Pipiens","culex",117
"LV104|Tarsalis|2022|34","LV-104","LV","LV",2022,34,2022-08-22,"L","Tarsalis","culex",90
"LV104|Pipiens|2022|35","LV-104","LV","LV",2022,35,2022-08-29,"L","Pipiens","culex",51
"LV104|Tarsalis|2022|35","LV-104","LV","LV",2022,35,2022-08-29,"L","Tarsalis","culex",29
"LV104|Pipiens|2022|36","LV-104","LV","LV",2022,36,2022-09-06,"L","Pipiens","culex",63
"LV104|Tarsalis|2022|36","LV-104","LV","LV",2022,36,2022-09-06,"L","Tarsalis","culex",21
"LV104|Pipiens|2023|23","LV-104","LV","LV",2023,23,2023-06-05,"L","Pipiens","culex",0
"LV104|Tarsalis|2023|23","LV-104","LV","LV",2023,23,2023-06-05,"L","Tarsalis","culex",21
"LV104|Pipiens|2023|24","LV-104","LV","LV",2023,24,2023-06-12,"L","Pipiens","culex",1
"LV104|Tarsalis|2023|24","LV-104","LV","LV",2023,24,2023-06-12,"L","Tarsalis","culex",21
"LV104|Pipiens|2023|25","LV-104","LV","LV",2023,25,2023-06-19,"L","Pipiens","culex",0
"LV104|Tarsalis|2023|25","LV-104","LV","LV",2023,25,2023-06-19,"L","Tarsalis","culex",46
"LV104|Pipiens|2023|26","LV-104","LV","LV",2023,26,2023-07-02,"L","Pipiens","culex",5
"LV104|Tarsalis|2023|26","LV-104","LV","LV",2023,26,2023-07-02,"L","Tarsalis","culex",1654
"LV104|Pipiens|2023|28","LV-104","LV","LV",2023,28,2023-07-10,"L","Pipiens","culex",0
"LV104|Tarsalis|2023|28","LV-104","LV","LV",2023,28,2023-07-10,"L","Tarsalis","culex",368
"LV104|Pipiens|2023|29","LV-104","LV","LV",2023,29,2023-07-17,"L","Pipiens","culex",0
"LV104|Tarsalis|2023|29","LV-104","LV","LV",2023,29,2023-07-17,"L","Tarsalis","culex",512
"LV104|Pipiens|2023|30","LV-104","LV","LV",2023,30,2023-07-24,"L","Pipiens","culex",2
"LV104|Tarsalis|2023|30","LV-104","LV","LV",2023,30,2023-07-24,"L","Tarsalis","culex",432
"LV104|Pipiens|2023|31","LV-104","LV","LV",2023,31,2023-07-31,"L","Pipiens","culex",19
"LV104|Tarsalis|2023|31","LV-104","LV","LV",2023,31,2023-07-31,"L","Tarsalis","culex",118
"LV104|Pipiens|2023|32","LV-104","LV","LV",2023,32,2023-08-07,"L","Pipiens","culex",56
"LV104|Tarsalis|2023|32","LV-104","LV","LV",2023,32,2023-08-07,"L","Tarsalis","culex",71
"LV104|Pipiens|2023|33","LV-104","LV","LV",2023,33,2023-08-14,"L","Pipiens","culex",0
"LV104|Tarsalis|2023|33","LV-104","LV","LV",2023,33,2023-08-14,"L","Tarsalis","culex",44
"LV104|Pipiens|2023|34","LV-104","LV","LV",2023,34,2023-08-21,"L","Pipiens","culex",2
"LV104|Tarsalis|2023|34","LV-104","LV","LV",2023,34,2023-08-21,"L","Tarsalis","culex",47
"LV104|Pipiens|2023|35","LV-104","LV","LV",2023,35,2023-08-28,"L","Pipiens","culex",0
"LV104|Tarsalis|2023|35","LV-104","LV","LV",2023,35,2023-08-28,"L","Tarsalis","culex",13
"LV104|Pipiens|2023|36","LV-104","LV","LV",2023,36,2023-09-05,"L","Pipiens","culex",22
"LV104|Tarsalis|2023|36","LV-104","LV","LV",2023,36,2023-09-05,"L","Tarsalis","culex",13
"LV104|Pipiens|2024|23","LV-104","LV","LV",2024,23,2024-06-03,"L","Pipiens","culex",0
"LV104|Tarsalis|2024|23","LV-104","LV","LV",2024,23,2024-06-03,"L","Tarsalis","culex",6
"LV104|Pipiens|2024|24","LV-104","LV","LV",2024,24,2024-06-10,"L","Pipiens","culex",0
"LV104|Tarsalis|2024|24","LV-104","LV","LV",2024,24,2024-06-10,"L","Tarsalis","culex",4
"LV104|Pipiens|2024|25","LV-104","LV","LV",2024,25,2024-06-18,"L","Pipiens","culex",1
"LV104|Tarsalis|2024|25","LV-104","LV","LV",2024,25,2024-06-18,"L","Tarsalis","culex",9
"LV104|Pipiens|2024|26","LV-104","LV","LV",2024,26,2024-06-25,"L","Pipiens","culex",6
"LV104|Tarsalis|2024|26","LV-104","LV","LV",2024,26,2024-06-25,"L","Tarsalis","culex",45
"LV104|Pipiens|2024|27","LV-104","LV","LV",2024,27,2024-07-02,"L","Pipiens","culex",4
"LV104|Tarsalis|2024|27","LV-104","LV","LV",2024,27,2024-07-02,"L","Tarsalis","culex",34
"LV104|Pipiens|2024|28","LV-104","LV","LV",2024,28,2024-07-09,"L","Pipiens","culex",2
"LV104|Tarsalis|2024|28","LV-104","LV","LV",2024,28,2024-07-09,"L","Tarsalis","culex",48
"LV104|Pipiens|2024|29","LV-104","LV","LV",2024,29,2024-07-16,"L","Pipiens","culex",1
"LV104|Tarsalis|2024|29","LV-104","LV","LV",2024,29,2024-07-16,"L","Tarsalis","culex",28
"LV104|Pipiens|2024|30","LV-104","LV","LV",2024,30,2024-07-23,"L","Pipiens","culex",10
"LV104|Tarsalis|2024|30","LV-104","LV","LV",2024,30,2024-07-23,"L","Tarsalis","culex",76
"LV104|Pipiens|2024|31","LV-104","LV","LV",2024,31,2024-07-30,"L","Pipiens","culex",7
"LV104|Tarsalis|2024|31","LV-104","LV","LV",2024,31,2024-07-30,"L","Tarsalis","culex",45
"LV104|Pipiens|2024|32","LV-104","LV","LV",2024,32,2024-08-06,"L","Pipiens","culex",5
"LV104|Tarsalis|2024|32","LV-104","LV","LV",2024,32,2024-08-06,"L","Tarsalis","culex",2
"LV104|Pipiens|2024|33","LV-104","LV","LV",2024,33,2024-08-13,"L","Pipiens","culex",8
"LV104|Tarsalis|2024|33","LV-104","LV","LV",2024,33,2024-08-13,"L","Tarsalis","culex",62
"LV104|Pipiens|2024|34","LV-104","LV","LV",2024,34,2024-08-20,"L","Pipiens","culex",36
"LV104|Tarsalis|2024|34","LV-104","LV","LV",2024,34,2024-08-20,"L","Tarsalis","culex",56
"LV104|Pipiens|2024|35","LV-104","LV","LV",2024,35,2024-08-27,"L","Pipiens","culex",34
"LV104|Tarsalis|2024|35","LV-104","LV","LV",2024,35,2024-08-27,"L","Tarsalis","culex",44
"LV104|Pipiens|2025|25","LV-104","LV","LV",2025,25,2025-06-17,"L","Pipiens","culex",3
"LV104|Tarsalis|2025|25","LV-104","LV","LV",2025,25,2025-06-17,"L","Tarsalis","culex",203
"LV104|Pipiens|2025|26","LV-104","LV","LV",2025,26,2025-06-24,"L","Pipiens","culex",1
"LV104|Tarsalis|2025|26","LV-104","LV","LV",2025,26,2025-06-24,"L","Tarsalis","culex",86
"LV104|Pipiens|2025|27","LV-104","LV","LV",2025,27,2025-07-01,"L","Pipiens","culex",8
"LV104|Tarsalis|2025|27","LV-104","LV","LV",2025,27,2025-07-01,"L","Tarsalis","culex",109
"LV104|Pipiens|2025|28","LV-104","LV","LV",2025,28,2025-07-08,"L","Pipiens","culex",1
"LV104|Tarsalis|2025|28","LV-104","LV","LV",2025,28,2025-07-08,"L","Tarsalis","culex",133
"LV104|Pipiens|2025|29","LV-104","LV","LV",2025,29,2025-07-15,"L","Pipiens","culex",2
"LV104|Tarsalis|2025|29","LV-104","LV","LV",2025,29,2025-07-15,"L","Tarsalis","culex",52
"LV104|Pipiens|2025|30","LV-104","LV","LV",2025,30,2025-07-22,"L","Pipiens","culex",1
"LV104|Tarsalis|2025|30","LV-104","LV","LV",2025,30,2025-07-22,"L","Tarsalis","culex",14
"LV104|Pipiens|2025|31","LV-104","LV","LV",2025,31,2025-07-29,"L","Pipiens","culex",0
"LV104|Tarsalis|2025|31","LV-104","LV","LV",2025,31,2025-07-29,"L","Tarsalis","culex",17
"LV104|Pipiens|2025|32","LV-104","LV","LV",2025,32,2025-08-05,"L","Pipiens","culex",21
"LV104|Tarsalis|2025|32","LV-104","LV","LV",2025,32,2025-08-05,"L","Tarsalis","culex",81
"LV104|Pipiens|2025|33","LV-104","LV","LV",2025,33,2025-08-12,"L","Pipiens","culex",21
"LV104|Tarsalis|2025|33","LV-104","LV","LV",2025,33,2025-08-12,"L","Tarsalis","culex",109
"LV104|Pipiens|2025|34","LV-104","LV","LV",2025,34,2025-08-19,"L","Pipiens","culex",35
"LV104|Tarsalis|2025|34","LV-104","LV","LV",2025,34,2025-08-19,"L","Tarsalis","culex",107
"LV104|Pipiens|2025|35","LV-104","LV","LV",2025,35,2025-08-26,"L","Pipiens","culex",0
"LV104|Tarsalis|2025|35","LV-104","LV","LV",2025,35,2025-08-26,"L","Tarsalis","culex",2
"LV110|Pipiens|2020|23","LV-110","LV","LV",2020,23,2020-06-01,"L","Pipiens","culex",0
"LV110|Tarsalis|2020|23","LV-110","LV","LV",2020,23,2020-06-01,"L","Tarsalis","culex",1
"LV110|Pipiens|2020|25","LV-110","LV","LV",2020,25,2020-06-15,"L","Pipiens","culex",0
"LV110|Tarsalis|2020|25","LV-110","LV","LV",2020,25,2020-06-15,"L","Tarsalis","culex",7
"LV110|Pipiens|2020|26","LV-110","LV","LV",2020,26,2020-06-22,"L","Pipiens","culex",0
"LV110|Tarsalis|2020|26","LV-110","LV","LV",2020,26,2020-06-22,"L","Tarsalis","culex",2
"LV110|Pipiens|2020|27","LV-110","LV","LV",2020,27,2020-06-29,"L","Pipiens","culex",0
"LV110|Tarsalis|2020|27","LV-110","LV","LV",2020,27,2020-06-29,"L","Tarsalis","culex",2
"LV110|Pipiens|2020|28","LV-110","LV","LV",2020,28,2020-07-06,"L","Pipiens","culex",0
"LV110|Tarsalis|2020|28","LV-110","LV","LV",2020,28,2020-07-06,"L","Tarsalis","culex",7
"LV110|Pipiens|2020|29","LV-110","LV","LV",2020,29,2020-07-13,"L","Pipiens","culex",1
"LV110|Tarsalis|2020|29","LV-110","LV","LV",2020,29,2020-07-13,"L","Tarsalis","culex",5
"LV110|Pipiens|2020|30","LV-110","LV","LV",2020,30,2020-07-20,"L","Pipiens","culex",1
"LV110|Tarsalis|2020|30","LV-110","LV","LV",2020,30,2020-07-20,"L","Tarsalis","culex",2
"LV110|Pipiens|2020|31","LV-110","LV","LV",2020,31,2020-07-27,"L","Pipiens","culex",0
"LV110|Tarsalis|2020|31","LV-110","LV","LV",2020,31,2020-07-27,"L","Tarsalis","culex",7
"LV110|Pipiens|2020|32","LV-110","LV","LV",2020,32,2020-08-03,"L","Pipiens","culex",0
"LV110|Tarsalis|2020|32","LV-110","LV","LV",2020,32,2020-08-03,"L","Tarsalis","culex",4
"LV110|Pipiens|2020|33","LV-110","LV","LV",2020,33,2020-08-10,"L","Pipiens","culex",0
"LV110|Tarsalis|2020|33","LV-110","LV","LV",2020,33,2020-08-10,"L","Tarsalis","culex",8
"LV110|Pipiens|2020|34","LV-110","LV","LV",2020,34,2020-08-17,"L","Pipiens","culex",0
"LV110|Tarsalis|2020|34","LV-110","LV","LV",2020,34,2020-08-17,"L","Tarsalis","culex",7
"LV110|Pipiens|2020|35","LV-110","LV","LV",2020,35,2020-08-24,"L","Pipiens","culex",1
"LV110|Tarsalis|2020|35","LV-110","LV","LV",2020,35,2020-08-24,"L","Tarsalis","culex",0
"LV110|Pipiens|2021|23","LV-110","LV","LV",2021,23,2021-06-07,"L","Pipiens","culex",0
"LV110|Tarsalis|2021|23","LV-110","LV","LV",2021,23,2021-06-07,"L","Tarsalis","culex",5
"LV110|Pipiens|2021|24","LV-110","LV","LV",2021,24,2021-06-14,"L","Pipiens","culex",0
"LV110|Tarsalis|2021|24","LV-110","LV","LV",2021,24,2021-06-14,"L","Tarsalis","culex",21
"LV110|Pipiens|2021|25","LV-110","LV","LV",2021,25,2021-06-21,"L","Pipiens","culex",0
"LV110|Tarsalis|2021|25","LV-110","LV","LV",2021,25,2021-06-21,"L","Tarsalis","culex",32
"LV110|Pipiens|2021|26","LV-110","LV","LV",2021,26,2021-06-28,"L","Pipiens","culex",2
"LV110|Tarsalis|2021|26","LV-110","LV","LV",2021,26,2021-06-28,"L","Tarsalis","culex",30
"LV110|Pipiens|2021|27","LV-110","LV","LV",2021,27,2021-07-05,"L","Pipiens","culex",0
"LV110|Tarsalis|2021|27","LV-110","LV","LV",2021,27,2021-07-05,"L","Tarsalis","culex",54
"LV110|Pipiens|2021|28","LV-110","LV","LV",2021,28,2021-07-12,"L","Pipiens","culex",0
"LV110|Tarsalis|2021|28","LV-110","LV","LV",2021,28,2021-07-12,"L","Tarsalis","culex",365
"LV110|Pipiens|2021|29","LV-110","LV","LV",2021,29,2021-07-19,"L","Pipiens","culex",4
"LV110|Tarsalis|2021|29","LV-110","LV","LV",2021,29,2021-07-19,"L","Tarsalis","culex",279
"LV110|Pipiens|2021|30","LV-110","LV","LV",2021,30,2021-07-26,"L","Pipiens","culex",8
"LV110|Tarsalis|2021|30","LV-110","LV","LV",2021,30,2021-07-26,"L","Tarsalis","culex",262
"LV110|Pipiens|2021|31","LV-110","LV","LV",2021,31,2021-08-02,"L","Pipiens","culex",13
"LV110|Tarsalis|2021|31","LV-110","LV","LV",2021,31,2021-08-02,"L","Tarsalis","culex",63
"LV110|Pipiens|2021|32","LV-110","LV","LV",2021,32,2021-08-09,"L","Pipiens","culex",1
"LV110|Tarsalis|2021|32","LV-110","LV","LV",2021,32,2021-08-09,"L","Tarsalis","culex",17
"LV110|Pipiens|2021|33","LV-110","LV","LV",2021,33,2021-08-16,"L","Pipiens","culex",3
"LV110|Tarsalis|2021|33","LV-110","LV","LV",2021,33,2021-08-16,"L","Tarsalis","culex",8
"LV110|Pipiens|2021|34","LV-110","LV","LV",2021,34,2021-08-23,"L","Pipiens","culex",0
"LV110|Tarsalis|2021|34","LV-110","LV","LV",2021,34,2021-08-23,"L","Tarsalis","culex",14
"LV110|Pipiens|2021|35","LV-110","LV","LV",2021,35,2021-08-30,"L","Pipiens","culex",0
"LV110|Tarsalis|2021|35","LV-110","LV","LV",2021,35,2021-08-30,"L","Tarsalis","culex",2
"LV110|Pipiens|2022|23","LV-110","LV","LV",2022,23,2022-06-06,"L","Pipiens","culex",0
"LV110|Tarsalis|2022|23","LV-110","LV","LV",2022,23,2022-06-06,"L","Tarsalis","culex",1
"LV110|Pipiens|2022|25","LV-110","LV","LV",2022,25,2022-06-20,"L","Pipiens","culex",0
"LV110|Tarsalis|2022|25","LV-110","LV","LV",2022,25,2022-06-20,"L","Tarsalis","culex",21
"LV110|Pipiens|2022|26","LV-110","LV","LV",2022,26,2022-06-27,"L","Pipiens","culex",1
"LV110|Tarsalis|2022|26","LV-110","LV","LV",2022,26,2022-06-27,"L","Tarsalis","culex",6
"LV110|Pipiens|2022|27","LV-110","LV","LV",2022,27,2022-07-05,"L","Pipiens","culex",1
"LV110|Tarsalis|2022|27","LV-110","LV","LV",2022,27,2022-07-05,"L","Tarsalis","culex",45
"LV110|Pipiens|2022|28","LV-110","LV","LV",2022,28,2022-07-11,"L","Pipiens","culex",0
"LV110|Tarsalis|2022|28","LV-110","LV","LV",2022,28,2022-07-11,"L","Tarsalis","culex",31
"LV110|Pipiens|2022|29","LV-110","LV","LV",2022,29,2022-07-18,"L","Pipiens","culex",0
"LV110|Tarsalis|2022|29","LV-110","LV","LV",2022,29,2022-07-18,"L","Tarsalis","culex",49
"LV110|Pipiens|2022|30","LV-110","LV","LV",2022,30,2022-07-25,"L","Pipiens","culex",1
"LV110|Tarsalis|2022|30","LV-110","LV","LV",2022,30,2022-07-25,"L","Tarsalis","culex",21
"LV110|Pipiens|2022|31","LV-110","LV","LV",2022,31,2022-08-01,"L","Pipiens","culex",0
"LV110|Tarsalis|2022|31","LV-110","LV","LV",2022,31,2022-08-01,"L","Tarsalis","culex",47
"LV110|Pipiens|2022|32","LV-110","LV","LV",2022,32,2022-08-08,"L","Pipiens","culex",0
"LV110|Tarsalis|2022|32","LV-110","LV","LV",2022,32,2022-08-08,"L","Tarsalis","culex",15
"LV110|Pipiens|2022|33","LV-110","LV","LV",2022,33,2022-08-15,"L","Pipiens","culex",1
"LV110|Tarsalis|2022|33","LV-110","LV","LV",2022,33,2022-08-15,"L","Tarsalis","culex",0
"LV110|Pipiens|2022|34","LV-110","LV","LV",2022,34,2022-08-22,"L","Pipiens","culex",2
"LV110|Tarsalis|2022|34","LV-110","LV","LV",2022,34,2022-08-22,"L","Tarsalis","culex",10
"LV110|Pipiens|2022|35","LV-110","LV","LV",2022,35,2022-08-29,"L","Pipiens","culex",1
"LV110|Tarsalis|2022|35","LV-110","LV","LV",2022,35,2022-08-29,"L","Tarsalis","culex",8
"LV110|Pipiens|2023|23","LV-110","LV","LV",2023,23,2023-06-05,"L","Pipiens","culex",0
"LV110|Tarsalis|2023|23","LV-110","LV","LV",2023,23,2023-06-05,"L","Tarsalis","culex",2
"LV110|Pipiens|2023|24","LV-110","LV","LV",2023,24,2023-06-12,"L","Pipiens","culex",0
"LV110|Tarsalis|2023|24","LV-110","LV","LV",2023,24,2023-06-12,"L","Tarsalis","culex",5
"LV110|Pipiens|2023|25","LV-110","LV","LV",2023,25,2023-06-19,"L","Pipiens","culex",4
"LV110|Tarsalis|2023|25","LV-110","LV","LV",2023,25,2023-06-19,"L","Tarsalis","culex",79
"LV110|Pipiens|2023|26","LV-110","LV","LV",2023,26,2023-07-02,"L","Pipiens","culex",0
"LV110|Tarsalis|2023|26","LV-110","LV","LV",2023,26,2023-07-02,"L","Tarsalis","culex",214
"LV110|Pipiens|2023|28","LV-110","LV","LV",2023,28,2023-07-10,"L","Pipiens","culex",0
"LV110|Tarsalis|2023|28","LV-110","LV","LV",2023,28,2023-07-10,"L","Tarsalis","culex",57
"LV110|Pipiens|2023|29","LV-110","LV","LV",2023,29,2023-07-17,"L","Pipiens","culex",0
"LV110|Tarsalis|2023|29","LV-110","LV","LV",2023,29,2023-07-17,"L","Tarsalis","culex",832
"LV110|Pipiens|2023|30","LV-110","LV","LV",2023,30,2023-07-24,"L","Pipiens","culex",10
"LV110|Tarsalis|2023|30","LV-110","LV","LV",2023,30,2023-07-24,"L","Tarsalis","culex",209
"LV110|Pipiens|2023|31","LV-110","LV","LV",2023,31,2023-07-31,"L","Pipiens","culex",0
"LV110|Tarsalis|2023|31","LV-110","LV","LV",2023,31,2023-07-31,"L","Tarsalis","culex",9
"LV110|Pipiens|2023|32","LV-110","LV","LV",2023,32,2023-08-07,"L","Pipiens","culex",0
"LV110|Tarsalis|2023|32","LV-110","LV","LV",2023,32,2023-08-07,"L","Tarsalis","culex",8
"LV110|Pipiens|2023|33","LV-110","LV","LV",2023,33,2023-08-14,"L","Pipiens","culex",1
"LV110|Tarsalis|2023|33","LV-110","LV","LV",2023,33,2023-08-14,"L","Tarsalis","culex",23
"LV110|Pipiens|2023|34","LV-110","LV","LV",2023,34,2023-08-21,"L","Pipiens","culex",0
"LV110|Tarsalis|2023|34","LV-110","LV","LV",2023,34,2023-08-21,"L","Tarsalis","culex",15
"LV110|Pipiens|2023|35","LV-110","LV","LV",2023,35,2023-08-28,"L","Pipiens","culex",0
"LV110|Tarsalis|2023|35","LV-110","LV","LV",2023,35,2023-08-28,"L","Tarsalis","culex",2
"LV110|Pipiens|2023|36","LV-110","LV","LV",2023,36,2023-09-05,"L","Pipiens","culex",2
"LV110|Tarsalis|2023|36","LV-110","LV","LV",2023,36,2023-09-05,"L","Tarsalis","culex",1
"LV110|Pipiens|2024|23","LV-110","LV","LV",2024,23,2024-06-03,"L","Pipiens","culex",0
"LV110|Tarsalis|2024|23","LV-110","LV","LV",2024,23,2024-06-03,"L","Tarsalis","culex",28
"LV110|Pipiens|2024|24","LV-110","LV","LV",2024,24,2024-06-10,"L","Pipiens","culex",1
"LV110|Tarsalis|2024|24","LV-110","LV","LV",2024,24,2024-06-10,"L","Tarsalis","culex",3
"LV110|Pipiens|2024|25","LV-110","LV","LV",2024,25,2024-06-18,"L","Pipiens","culex",1
"LV110|Tarsalis|2024|25","LV-110","LV","LV",2024,25,2024-06-18,"L","Tarsalis","culex",13
"LV110|Pipiens|2024|26","LV-110","LV","LV",2024,26,2024-06-25,"L","Pipiens","culex",0
"LV110|Tarsalis|2024|26","LV-110","LV","LV",2024,26,2024-06-25,"L","Tarsalis","culex",8
"LV110|Pipiens|2024|27","LV-110","LV","LV",2024,27,2024-07-02,"L","Pipiens","culex",3
"LV110|Tarsalis|2024|27","LV-110","LV","LV",2024,27,2024-07-02,"L","Tarsalis","culex",13
"LV110|Pipiens|2024|28","LV-110","LV","LV",2024,28,2024-07-09,"L","Pipiens","culex",5
"LV110|Tarsalis|2024|28","LV-110","LV","LV",2024,28,2024-07-09,"L","Tarsalis","culex",15
"LV110|Pipiens|2024|29","LV-110","LV","LV",2024,29,2024-07-16,"L","Pipiens","culex",1
"LV110|Tarsalis|2024|29","LV-110","LV","LV",2024,29,2024-07-16,"L","Tarsalis","culex",11
"LV110|Pipiens|2024|30","LV-110","LV","LV",2024,30,2024-07-23,"L","Pipiens","culex",2
"LV110|Tarsalis|2024|30","LV-110","LV","LV",2024,30,2024-07-23,"L","Tarsalis","culex",16
"LV110|Pipiens|2024|31","LV-110","LV","LV",2024,31,2024-07-30,"L","Pipiens","culex",4
"LV110|Tarsalis|2024|31","LV-110","LV","LV",2024,31,2024-07-30,"L","Tarsalis","culex",44
"LV110|Pipiens|2024|32","LV-110","LV","LV",2024,32,2024-08-06,"L","Pipiens","culex",4
"LV110|Tarsalis|2024|32","LV-110","LV","LV",2024,32,2024-08-06,"L","Tarsalis","culex",19
"LV110|Pipiens|2024|33","LV-110","LV","LV",2024,33,2024-08-13,"L","Pipiens","culex",1
"LV110|Tarsalis|2024|33","LV-110","LV","LV",2024,33,2024-08-13,"L","Tarsalis","culex",3
"LV110|Pipiens|2024|34","LV-110","LV","LV",2024,34,2024-08-20,"L","Pipiens","culex",0
"LV110|Tarsalis|2024|34","LV-110","LV","LV",2024,34,2024-08-20,"L","Tarsalis","culex",7
"LV110|Pipiens|2024|35","LV-110","LV","LV",2024,35,2024-08-27,"L","Pipiens","culex",2
"LV110|Tarsalis|2024|35","LV-110","LV","LV",2024,35,2024-08-27,"L","Tarsalis","culex",0
"LV110|Pipiens|2025|25","LV-110","LV","LV",2025,25,2025-06-17,"L","Pipiens","culex",2
"LV110|Tarsalis|2025|25","LV-110","LV","LV",2025,25,2025-06-17,"L","Tarsalis","culex",335
"LV110|Pipiens|2025|26","LV-110","LV","LV",2025,26,2025-06-24,"L","Pipiens","culex",9
"LV110|Tarsalis|2025|26","LV-110","LV","LV",2025,26,2025-06-24,"L","Tarsalis","culex",108
"LV110|Pipiens|2025|27","LV-110","LV","LV",2025,27,2025-07-01,"L","Pipiens","culex",0
"LV110|Tarsalis|2025|27","LV-110","LV","LV",2025,27,2025-07-01,"L","Tarsalis","culex",123
"LV110|Pipiens|2025|28","LV-110","LV","LV",2025,28,2025-07-08,"L","Pipiens","culex",3
"LV110|Tarsalis|2025|28","LV-110","LV","LV",2025,28,2025-07-08,"L","Tarsalis","culex",130
"LV110|Pipiens|2025|29","LV-110","LV","LV",2025,29,2025-07-15,"L","Pipiens","culex",2
"LV110|Tarsalis|2025|29","LV-110","LV","LV",2025,29,2025-07-15,"L","Tarsalis","culex",102
"LV110|Pipiens|2025|30","LV-110","LV","LV",2025,30,2025-07-22,"L","Pipiens","culex",1
"LV110|Tarsalis|2025|30","LV-110","LV","LV",2025,30,2025-07-22,"L","Tarsalis","culex",75
"LV110|Pipiens|2025|31","LV-110","LV","LV",2025,31,2025-07-29,"L","Pipiens","culex",1
"LV110|Tarsalis|2025|31","LV-110","LV","LV",2025,31,2025-07-29,"L","Tarsalis","culex",22
"LV110|Pipiens|2025|32","LV-110","LV","LV",2025,32,2025-08-05,"L","Pipiens","culex",10
"LV110|Tarsalis|2025|32","LV-110","LV","LV",2025,32,2025-08-05,"L","Tarsalis","culex",86
"LV110|Pipiens|2025|33","LV-110","LV","LV",2025,33,2025-08-12,"L","Pipiens","culex",5
"LV110|Tarsalis|2025|33","LV-110","LV","LV",2025,33,2025-08-12,"L","Tarsalis","culex",32
"LV110|Pipiens|2025|34","LV-110","LV","LV",2025,34,2025-08-19,"L","Pipiens","culex",14
"LV110|Tarsalis|2025|34","LV-110","LV","LV",2025,34,2025-08-19,"L","Tarsalis","culex",8
"LV110|Pipiens|2025|35","LV-110","LV","LV",2025,35,2025-08-26,"L","Pipiens","culex",1
"LV110|Tarsalis|2025|35","LV-110","LV","LV",2025,35,2025-08-26,"L","Tarsalis","culex",3
"WC055|Pipiens|2020|25","WC-055","BE","BE",2020,25,2020-06-16,"L","Pipiens","culex",0
"WC055|Tarsalis|2020|25","WC-055","BE","BE",2020,25,2020-06-16,"L","Tarsalis","culex",1
"WC055|Pipiens|2020|29","WC-055","BE","BE",2020,29,2020-07-14,"L","Pipiens","culex",0
"WC055|Tarsalis|2020|29","WC-055","BE","BE",2020,29,2020-07-14,"L","Tarsalis","culex",1
"WC055|Pipiens|2020|30","WC-055","BE","BE",2020,30,2020-07-21,"L","Pipiens","culex",0
"WC055|Tarsalis|2020|30","WC-055","BE","BE",2020,30,2020-07-21,"L","Tarsalis","culex",5
"WC055|Pipiens|2020|31","WC-055","BE","BE",2020,31,2020-07-28,"L","Pipiens","culex",0
"WC055|Tarsalis|2020|31","WC-055","BE","BE",2020,31,2020-07-28,"L","Tarsalis","culex",10
"WC055|Pipiens|2020|32","WC-055","BE","BE",2020,32,2020-08-04,"L","Pipiens","culex",0
"WC055|Tarsalis|2020|32","WC-055","BE","BE",2020,32,2020-08-04,"L","Tarsalis","culex",2
"WC055|Pipiens|2020|33","WC-055","BE","BE",2020,33,2020-08-11,"L","Pipiens","culex",1
"WC055|Tarsalis|2020|33","WC-055","BE","BE",2020,33,2020-08-11,"L","Tarsalis","culex",6
"WC055|Pipiens|2020|34","WC-055","BE","BE",2020,34,2020-08-18,"L","Pipiens","culex",0
"WC055|Tarsalis|2020|34","WC-055","BE","BE",2020,34,2020-08-18,"L","Tarsalis","culex",7
"WC055|Pipiens|2021|25","WC-055","BE","BE",2021,25,2021-06-22,"L","Pipiens","culex",0
"WC055|Tarsalis|2021|25","WC-055","BE","BE",2021,25,2021-06-22,"L","Tarsalis","culex",36
"WC055|Pipiens|2021|26","WC-055","BE","BE",2021,26,2021-06-29,"L","Pipiens","culex",1
"WC055|Tarsalis|2021|26","WC-055","BE","BE",2021,26,2021-06-29,"L","Tarsalis","culex",26
"WC055|Pipiens|2021|27","WC-055","BE","BE",2021,27,2021-07-06,"L","Pipiens","culex",6
"WC055|Tarsalis|2021|27","WC-055","BE","BE",2021,27,2021-07-06,"L","Tarsalis","culex",212
"WC055|Pipiens|2021|28","WC-055","BE","BE",2021,28,2021-07-13,"L","Pipiens","culex",1
"WC055|Tarsalis|2021|28","WC-055","BE","BE",2021,28,2021-07-13,"L","Tarsalis","culex",84
"WC055|Pipiens|2021|29","WC-055","BE","BE",2021,29,2021-07-20,"L","Pipiens","culex",0
"WC055|Tarsalis|2021|29","WC-055","BE","BE",2021,29,2021-07-20,"L","Tarsalis","culex",13
"WC055|Pipiens|2021|30","WC-055","BE","BE",2021,30,2021-07-27,"L","Pipiens","culex",2
"WC055|Tarsalis|2021|30","WC-055","BE","BE",2021,30,2021-07-27,"L","Tarsalis","culex",89
"WC055|Pipiens|2021|31","WC-055","BE","BE",2021,31,2021-08-03,"L","Pipiens","culex",0
"WC055|Tarsalis|2021|31","WC-055","BE","BE",2021,31,2021-08-03,"L","Tarsalis","culex",15
"WC055|Pipiens|2021|32","WC-055","BE","BE",2021,32,2021-08-10,"L","Pipiens","culex",3
"WC055|Tarsalis|2021|32","WC-055","BE","BE",2021,32,2021-08-10,"L","Tarsalis","culex",10
"WC055|Pipiens|2021|33","WC-055","BE","BE",2021,33,2021-08-17,"L","Pipiens","culex",1
"WC055|Tarsalis|2021|33","WC-055","BE","BE",2021,33,2021-08-17,"L","Tarsalis","culex",18
"WC055|Pipiens|2021|34","WC-055","BE","BE",2021,34,2021-08-24,"L","Pipiens","culex",2
"WC055|Tarsalis|2021|34","WC-055","BE","BE",2021,34,2021-08-24,"L","Tarsalis","culex",17
"WC055|Pipiens|2021|35","WC-055","BE","BE",2021,35,2021-08-31,"L","Pipiens","culex",3
"WC055|Tarsalis|2021|35","WC-055","BE","BE",2021,35,2021-08-31,"L","Tarsalis","culex",5
"WC055|Pipiens|2022|24","WC-055","BE","BE",2022,24,2022-06-14,"L","Pipiens","culex",0
"WC055|Tarsalis|2022|24","WC-055","BE","BE",2022,24,2022-06-14,"L","Tarsalis","culex",5
"WC055|Pipiens|2022|26","WC-055","BE","BE",2022,26,2022-06-28,"L","Pipiens","culex",0
"WC055|Tarsalis|2022|26","WC-055","BE","BE",2022,26,2022-06-28,"L","Tarsalis","culex",1
"WC055|Pipiens|2022|27","WC-055","BE","BE",2022,27,2022-07-05,"L","Pipiens","culex",1
"WC055|Tarsalis|2022|27","WC-055","BE","BE",2022,27,2022-07-05,"L","Tarsalis","culex",5
"WC055|Pipiens|2022|28","WC-055","BE","BE",2022,28,2022-07-12,"L","Pipiens","culex",0
"WC055|Tarsalis|2022|28","WC-055","BE","BE",2022,28,2022-07-12,"L","Tarsalis","culex",3
"WC055|Pipiens|2022|29","WC-055","BE","BE",2022,29,2022-07-19,"L","Pipiens","culex",0
"WC055|Tarsalis|2022|29","WC-055","BE","BE",2022,29,2022-07-19,"L","Tarsalis","culex",19
"WC055|Pipiens|2022|30","WC-055","BE","BE",2022,30,2022-07-26,"L","Pipiens","culex",0
"WC055|Tarsalis|2022|30","WC-055","BE","BE",2022,30,2022-07-26,"L","Tarsalis","culex",12
"WC055|Pipiens|2022|31","WC-055","BE","BE",2022,31,2022-08-02,"L","Pipiens","culex",0
"WC055|Tarsalis|2022|31","WC-055","BE","BE",2022,31,2022-08-02,"L","Tarsalis","culex",22
"WC055|Pipiens|2022|32","WC-055","BE","BE",2022,32,2022-08-09,"L","Pipiens","culex",0
"WC055|Tarsalis|2022|32","WC-055","BE","BE",2022,32,2022-08-09,"L","Tarsalis","culex",67
"WC055|Pipiens|2022|33","WC-055","BE","BE",2022,33,2022-08-16,"L","Pipiens","culex",3
"WC055|Tarsalis|2022|33","WC-055","BE","BE",2022,33,2022-08-16,"L","Tarsalis","culex",24
"WC055|Pipiens|2022|34","WC-055","BE","BE",2022,34,2022-08-23,"L","Pipiens","culex",0
"WC055|Tarsalis|2022|34","WC-055","BE","BE",2022,34,2022-08-23,"L","Tarsalis","culex",7
"WC055|Pipiens|2022|35","WC-055","BE","BE",2022,35,2022-08-30,"L","Pipiens","culex",1
"WC055|Tarsalis|2022|35","WC-055","BE","BE",2022,35,2022-08-30,"L","Tarsalis","culex",11
"WC055|Pipiens|2023|23","WC-055","BE","BE",2023,23,2023-06-06,"L","Pipiens","culex",0
"WC055|Tarsalis|2023|23","WC-055","BE","BE",2023,23,2023-06-06,"L","Tarsalis","culex",17
"WC055|Pipiens|2023|24","WC-055","BE","BE",2023,24,2023-06-13,"L","Pipiens","culex",0
"WC055|Tarsalis|2023|24","WC-055","BE","BE",2023,24,2023-06-13,"L","Tarsalis","culex",3
"WC055|Pipiens|2023|25","WC-055","BE","BE",2023,25,2023-06-20,"L","Pipiens","culex",0
"WC055|Tarsalis|2023|25","WC-055","BE","BE",2023,25,2023-06-20,"L","Tarsalis","culex",16
"WC055|Pipiens|2023|26","WC-055","BE","BE",2023,26,2023-06-27,"L","Pipiens","culex",0
"WC055|Tarsalis|2023|26","WC-055","BE","BE",2023,26,2023-06-27,"L","Tarsalis","culex",234
"WC055|Pipiens|2023|27","WC-055","BE","BE",2023,27,2023-07-03,"L","Pipiens","culex",0
"WC055|Tarsalis|2023|27","WC-055","BE","BE",2023,27,2023-07-03,"L","Tarsalis","culex",928
"WC055|Pipiens|2023|28","WC-055","BE","BE",2023,28,2023-07-11,"L","Pipiens","culex",1
"WC055|Tarsalis|2023|28","WC-055","BE","BE",2023,28,2023-07-11,"L","Tarsalis","culex",1968
"WC055|Pipiens|2023|29","WC-055","BE","BE",2023,29,2023-07-18,"L","Pipiens","culex",0
"WC055|Tarsalis|2023|29","WC-055","BE","BE",2023,29,2023-07-18,"L","Tarsalis","culex",876
"WC055|Pipiens|2023|30","WC-055","BE","BE",2023,30,2023-07-25,"L","Pipiens","culex",0
"WC055|Tarsalis|2023|30","WC-055","BE","BE",2023,30,2023-07-25,"L","Tarsalis","culex",30
"WC055|Pipiens|2023|31","WC-055","BE","BE",2023,31,2023-08-01,"L","Pipiens","culex",9
"WC055|Tarsalis|2023|31","WC-055","BE","BE",2023,31,2023-08-01,"L","Tarsalis","culex",21
"WC055|Pipiens|2023|32","WC-055","BE","BE",2023,32,2023-08-08,"L","Pipiens","culex",15
"WC055|Tarsalis|2023|32","WC-055","BE","BE",2023,32,2023-08-08,"L","Tarsalis","culex",80
"WC055|Pipiens|2023|33","WC-055","BE","BE",2023,33,2023-08-15,"L","Pipiens","culex",7
"WC055|Tarsalis|2023|33","WC-055","BE","BE",2023,33,2023-08-15,"L","Tarsalis","culex",13
"WC055|Pipiens|2023|34","WC-055","BE","BE",2023,34,2023-08-22,"L","Pipiens","culex",12
"WC055|Tarsalis|2023|34","WC-055","BE","BE",2023,34,2023-08-22,"L","Tarsalis","culex",75
"WC055|Pipiens|2023|35","WC-055","BE","BE",2023,35,2023-08-29,"L","Pipiens","culex",7
"WC055|Tarsalis|2023|35","WC-055","BE","BE",2023,35,2023-08-29,"L","Tarsalis","culex",18
"WC055|Pipiens|2024|26","WC-055","BE","BE",2024,26,2024-06-26,"L","Pipiens","culex",0
"WC055|Tarsalis|2024|26","WC-055","BE","BE",2024,26,2024-06-26,"L","Tarsalis","culex",1
"WC055|Pipiens|2024|27","WC-055","BE","BE",2024,27,2024-07-03,"L","Pipiens","culex",0
"WC055|Tarsalis|2024|27","WC-055","BE","BE",2024,27,2024-07-03,"L","Tarsalis","culex",2
"WC055|Pipiens|2024|28","WC-055","BE","BE",2024,28,2024-07-10,"L","Pipiens","culex",0
"WC055|Tarsalis|2024|28","WC-055","BE","BE",2024,28,2024-07-10,"L","Tarsalis","culex",5
"WC055|Pipiens|2024|29","WC-055","BE","BE",2024,29,2024-07-17,"L","Pipiens","culex",0
"WC055|Tarsalis|2024|29","WC-055","BE","BE",2024,29,2024-07-17,"L","Tarsalis","culex",10
"WC055|Pipiens|2024|30","WC-055","BE","BE",2024,30,2024-07-24,"L","Pipiens","culex",0
"WC055|Tarsalis|2024|30","WC-055","BE","BE",2024,30,2024-07-24,"L","Tarsalis","culex",1
"WC055|Pipiens|2024|31","WC-055","BE","BE",2024,31,2024-07-31,"L","Pipiens","culex",0
"WC055|Tarsalis|2024|31","WC-055","BE","BE",2024,31,2024-07-31,"L","Tarsalis","culex",11
"WC055|Pipiens|2024|32","WC-055","BE","BE",2024,32,2024-08-07,"L","Pipiens","culex",0
"WC055|Tarsalis|2024|32","WC-055","BE","BE",2024,32,2024-08-07,"L","Tarsalis","culex",4
"WC055|Pipiens|2024|33","WC-055","BE","BE",2024,33,2024-08-14,"L","Pipiens","culex",0
"WC055|Tarsalis|2024|33","WC-055","BE","BE",2024,33,2024-08-14,"L","Tarsalis","culex",8
"WC055|Pipiens|2024|34","WC-055","BE","BE",2024,34,2024-08-21,"L","Pipiens","culex",1
"WC055|Tarsalis|2024|34","WC-055","BE","BE",2024,34,2024-08-21,"L","Tarsalis","culex",2
"WC055|Pipiens|2024|35","WC-055","BE","BE",2024,35,2024-08-28,"L","Pipiens","culex",1
"WC055|Tarsalis|2024|35","WC-055","BE","BE",2024,35,2024-08-28,"L","Tarsalis","culex",5
"WC055|Pipiens|2025|25","WC-055","BE","BE",2025,25,2025-06-18,"L","Pipiens","culex",0
"WC055|Tarsalis|2025|25","WC-055","BE","BE",2025,25,2025-06-18,"L","Tarsalis","culex",2
"WC055|Pipiens|2025|26","WC-055","BE","BE",2025,26,2025-06-25,"L","Pipiens","culex",0
"WC055|Tarsalis|2025|26","WC-055","BE","BE",2025,26,2025-06-25,"L","Tarsalis","culex",6
"WC055|Pipiens|2025|27","WC-055","BE","BE",2025,27,2025-07-02,"L","Pipiens","culex",0
"WC055|Tarsalis|2025|27","WC-055","BE","BE",2025,27,2025-07-02,"L","Tarsalis","culex",28
"WC055|Pipiens|2025|28","WC-055","BE","BE",2025,28,2025-07-09,"L","Pipiens","culex",0
"WC055|Tarsalis|2025|28","WC-055","BE","BE",2025,28,2025-07-09,"L","Tarsalis","culex",4
"WC055|Pipiens|2025|29","WC-055","BE","BE",2025,29,2025-07-16,"L","Pipiens","culex",0
"WC055|Tarsalis|2025|29","WC-055","BE","BE",2025,29,2025-07-16,"L","Tarsalis","culex",44
"WC055|Pipiens|2025|30","WC-055","BE","BE",2025,30,2025-07-23,"L","Pipiens","culex",0
"WC055|Tarsalis|2025|30","WC-055","BE","BE",2025,30,2025-07-23,"L","Tarsalis","culex",57
"WC055|Pipiens|2025|31","WC-055","BE","BE",2025,31,2025-07-30,"L","Pipiens","culex",2
"WC055|Tarsalis|2025|31","WC-055","BE","BE",2025,31,2025-07-30,"L","Tarsalis","culex",60
"WC055|Pipiens|2025|32","WC-055","BE","BE",2025,32,2025-08-06,"L","Pipiens","culex",4
"WC055|Tarsalis|2025|32","WC-055","BE","BE",2025,32,2025-08-06,"L","Tarsalis","culex",85
"WC055|Pipiens|2025|33","WC-055","BE","BE",2025,33,2025-08-13,"L","Pipiens","culex",4
"WC055|Tarsalis|2025|33","WC-055","BE","BE",2025,33,2025-08-13,"L","Tarsalis","culex",247
"WC055|Pipiens|2025|34","WC-055","BE","BE",2025,34,2025-08-20,"L","Pipiens","culex",2
"WC055|Tarsalis|2025|34","WC-055","BE","BE",2025,34,2025-08-20,"L","Tarsalis","culex",45
"WC055|Pipiens|2025|35","WC-055","BE","BE",2025,35,2025-08-27,"L","Pipiens","culex",2
"WC055|Tarsalis|2025|35","WC-055","BE","BE",2025,35,2025-08-27,"L","Tarsalis","culex",4
"FC001|Pipiens|2020|23","FC-001","SW","FC",2020,23,2020-06-03,"L","Pipiens","no culex",0
"FC001|Tarsalis|2020|23","FC-001","SW","FC",2020,23,2020-06-03,"L","Tarsalis","no culex",0
"FC001|Pipiens|2020|24","FC-001","SW","FC",2020,24,2020-06-10,"L","Pipiens","no culex",0
"FC001|Tarsalis|2020|24","FC-001","SW","FC",2020,24,2020-06-10,"L","Tarsalis","no culex",0
"FC001|Pipiens|2020|25","FC-001","SW","FC",2020,25,2020-06-17,"L","Pipiens","no culex",0
"FC001|Tarsalis|2020|25","FC-001","SW","FC",2020,25,2020-06-17,"L","Tarsalis","no culex",0
"FC001|Pipiens|2020|27","FC-001","SW","FC",2020,27,2020-07-01,"L","Pipiens","no culex",0
"FC001|Tarsalis|2020|27","FC-001","SW","FC",2020,27,2020-07-01,"L","Tarsalis","no culex",0
"FC001|Pipiens|2020|36","FC-001","SW","FC",2020,36,2020-09-02,"L","Pipiens","no mosquitoes",0
"FC001|Tarsalis|2020|36","FC-001","SW","FC",2020,36,2020-09-02,"L","Tarsalis","no mosquitoes",0
"FC001|Pipiens|2021|25","FC-001","SW","FC",2021,25,2021-06-23,"L","Pipiens","no mosquitoes",0
"FC001|Tarsalis|2021|25","FC-001","SW","FC",2021,25,2021-06-23,"L","Tarsalis","no mosquitoes",0
"FC001|Pipiens|2022|22","FC-001","SW","FC",2022,22,2022-06-02,"L","Pipiens","no culex",0
"FC001|Tarsalis|2022|22","FC-001","SW","FC",2022,22,2022-06-02,"L","Tarsalis","no culex",0
"FC001|Pipiens|2022|23","FC-001","SW","FC",2022,23,2022-06-08,"L","Pipiens","no culex",0
"FC001|Tarsalis|2022|23","FC-001","SW","FC",2022,23,2022-06-08,"L","Tarsalis","no culex",0
"FC001|Pipiens|2022|30","FC-001","SW","FC",2022,30,2022-07-27,"L","Pipiens","malfunction",NA
"FC001|Tarsalis|2022|30","FC-001","SW","FC",2022,30,2022-07-27,"L","Tarsalis","malfunction",NA
"FC001|Pipiens|2023|24","FC-001","SW","FC",2023,24,2023-06-14,"L","Pipiens","no culex",0
"FC001|Tarsalis|2023|24","FC-001","SW","FC",2023,24,2023-06-14,"L","Tarsalis","no culex",0
"FC001|Pipiens|2023|27","FC-001","SW","FC",2023,27,2023-07-05,"L","Pipiens","no mosquitoes",0
"FC001|Tarsalis|2023|27","FC-001","SW","FC",2023,27,2023-07-05,"L","Tarsalis","no mosquitoes",0
"FC001|Pipiens|2023|37","FC-001","SW","FC",2023,37,2023-09-12,"L","Pipiens","no culex",0
"FC001|Tarsalis|2023|37","FC-001","SW","FC",2023,37,2023-09-12,"L","Tarsalis","no culex",0
"FC001|Pipiens|2024|23","FC-001","SW","FC",2024,23,2024-06-05,"L","Pipiens","no mosquitoes",0
"FC001|Tarsalis|2024|23","FC-001","SW","FC",2024,23,2024-06-05,"L","Tarsalis","no mosquitoes",0
"FC001|Pipiens|2024|24","FC-001","SW","FC",2024,24,2024-06-12,"L","Pipiens","no culex",0
"FC001|Tarsalis|2024|24","FC-001","SW","FC",2024,24,2024-06-12,"L","Tarsalis","no culex",0
"FC001|Pipiens|2024|27","FC-001","SW","FC",2024,27,2024-07-03,"L","Pipiens","no culex",0
"FC001|Tarsalis|2024|27","FC-001","SW","FC",2024,27,2024-07-03,"L","Tarsalis","no culex",0
"FC001|Pipiens|2025|31","FC-001","SW","FC",2025,31,2025-07-31,"L","Pipiens","no mosquitoes",0
"FC001|Tarsalis|2025|31","FC-001","SW","FC",2025,31,2025-07-31,"L","Tarsalis","no mosquitoes",0
"FC004|Pipiens|2020|23","FC-004","SE","FC",2020,23,2020-06-01,"L","Pipiens","no culex",0
"FC004|Tarsalis|2020|23","FC-004","SE","FC",2020,23,2020-06-01,"L","Tarsalis","no culex",0
"FC004|Pipiens|2020|24","FC-004","SE","FC",2020,24,2020-06-08,"L","Pipiens","no mosquitoes",0
"FC004|Tarsalis|2020|24","FC-004","SE","FC",2020,24,2020-06-08,"L","Tarsalis","no mosquitoes",0
"FC004|Pipiens|2021|25","FC-004","SE","FC",2021,25,2021-06-21,"L","Pipiens","no mosquitoes",0
"FC004|Tarsalis|2021|25","FC-004","SE","FC",2021,25,2021-06-21,"L","Tarsalis","no mosquitoes",0
"FC006|Pipiens|2020|23","FC-006","NE","FC",2020,23,2020-06-07,"L","Pipiens","no mosquitoes",0
"FC006|Tarsalis|2020|23","FC-006","NE","FC",2020,23,2020-06-07,"L","Tarsalis","no mosquitoes",0
"FC006|Pipiens|2021|35","FC-006","NE","FC",2021,35,2021-08-30,"L","Pipiens","no culex",0
"FC006|Tarsalis|2021|35","FC-006","NE","FC",2021,35,2021-08-30,"L","Tarsalis","no culex",0
"FC006|Pipiens|2021|36","FC-006","NE","FC",2021,36,2021-09-06,"L","Pipiens","no culex",0
"FC006|Tarsalis|2021|36","FC-006","NE","FC",2021,36,2021-09-06,"L","Tarsalis","no culex",0
"FC006|Pipiens|2022|24","FC-006","NE","FC",2022,24,2022-06-19,"L","Pipiens","no culex",0
"FC006|Tarsalis|2022|24","FC-006","NE","FC",2022,24,2022-06-19,"L","Tarsalis","no culex",0
"FC006|Pipiens|2023|22","FC-006","NE","FC",2023,22,2023-06-04,"L","Pipiens","no culex",0
"FC006|Tarsalis|2023|22","FC-006","NE","FC",2023,22,2023-06-04,"L","Tarsalis","no culex",0
"FC006|Pipiens|2023|36","FC-006","NE","FC",2023,36,2023-09-04,"L","Pipiens","no culex",0
"FC006|Tarsalis|2023|36","FC-006","NE","FC",2023,36,2023-09-04,"L","Tarsalis","no culex",0
"FC006|Pipiens|2024|22","FC-006","NE","FC",2024,22,2024-06-02,"L","Pipiens","no mosquitoes",0
"FC006|Tarsalis|2024|22","FC-006","NE","FC",2024,22,2024-06-02,"L","Tarsalis","no mosquitoes",0
"FC006|Pipiens|2024|33","FC-006","NE","FC",2024,33,2024-08-12,"L","Pipiens","no mosquitoes",0
"FC006|Tarsalis|2024|33","FC-006","NE","FC",2024,33,2024-08-12,"L","Tarsalis","no mosquitoes",0
"FC006|Pipiens|2024|36","FC-006","NE","FC",2024,36,2024-09-04,"L","Pipiens","no culex",0
"FC006|Tarsalis|2024|36","FC-006","NE","FC",2024,36,2024-09-04,"L","Tarsalis","no culex",0
"FC006|Pipiens|2024|37","FC-006","NE","FC",2024,37,2024-09-09,"L","Pipiens","no culex",0
"FC006|Tarsalis|2024|37","FC-006","NE","FC",2024,37,2024-09-09,"L","Tarsalis","no culex",0
"FC011|Pipiens|2020|23","FC-011","NW","FC",2020,23,2020-06-02,"L","Pipiens","no culex",0
"FC011|Tarsalis|2020|23","FC-011","NW","FC",2020,23,2020-06-02,"L","Tarsalis","no culex",0
"FC011|Pipiens|2020|29","FC-011","NW","FC",2020,29,2020-07-14,"L","Pipiens","no culex",0
"FC011|Tarsalis|2020|29","FC-011","NW","FC",2020,29,2020-07-14,"L","Tarsalis","no culex",0
"FC011|Pipiens|2021|25","FC-011","NW","FC",2021,25,2021-06-22,"L","Pipiens","no culex",0
"FC011|Tarsalis|2021|25","FC-011","NW","FC",2021,25,2021-06-22,"L","Tarsalis","no culex",0
"FC011|Pipiens|2022|22","FC-011","NW","FC",2022,22,2022-05-31,"L","Pipiens","no mosquitoes",0
"FC011|Tarsalis|2022|22","FC-011","NW","FC",2022,22,2022-05-31,"L","Tarsalis","no mosquitoes",0
"FC011|Pipiens|2022|23","FC-011","NW","FC",2022,23,2022-06-07,"L","Pipiens","no mosquitoes",0
"FC011|Tarsalis|2022|23","FC-011","NW","FC",2022,23,2022-06-07,"L","Tarsalis","no mosquitoes",0
"FC011|Pipiens|2022|24","FC-011","NW","FC",2022,24,2022-06-14,"L","Pipiens","no culex",0
"FC011|Tarsalis|2022|24","FC-011","NW","FC",2022,24,2022-06-14,"L","Tarsalis","no culex",0
"FC011|Pipiens|2023|35","FC-011","NW","FC",2023,35,2023-08-29,"L","Pipiens","no culex",0
"FC011|Tarsalis|2023|35","FC-011","NW","FC",2023,35,2023-08-29,"L","Tarsalis","no culex",0
"FC011|Pipiens|2023|36","FC-011","NW","FC",2023,36,2023-09-06,"L","Pipiens","no culex",0
"FC011|Tarsalis|2023|36","FC-011","NW","FC",2023,36,2023-09-06,"L","Tarsalis","no culex",0
"FC011|Pipiens|2023|37","FC-011","NW","FC",2023,37,2023-09-11,"L","Pipiens","no culex",0
"FC011|Tarsalis|2023|37","FC-011","NW","FC",2023,37,2023-09-11,"L","Tarsalis","no culex",0
"FC011|Pipiens|2024|23","FC-011","NW","FC",2024,23,2024-06-04,"L","Pipiens","no culex",0
"FC011|Tarsalis|2024|23","FC-011","NW","FC",2024,23,2024-06-04,"L","Tarsalis","no culex",0
"FC011|Pipiens|2024|24","FC-011","NW","FC",2024,24,2024-06-11,"L","Pipiens","no mosquitoes",0
"FC011|Tarsalis|2024|24","FC-011","NW","FC",2024,24,2024-06-11,"L","Tarsalis","no mosquitoes",0
"FC011|Pipiens|2025|33","FC-011","NW","FC",2025,33,2025-08-13,"L","Pipiens","no culex",0
"FC011|Tarsalis|2025|33","FC-011","NW","FC",2025,33,2025-08-13,"L","Tarsalis","no culex",0
"FC014|Pipiens|2020|35","FC-014","NE","FC",2020,35,2020-08-30,"L","Pipiens","no culex",0
"FC014|Tarsalis|2020|35","FC-014","NE","FC",2020,35,2020-08-30,"L","Tarsalis","no culex",0
"FC014|Pipiens|2022|22","FC-014","NE","FC",2022,22,2022-06-05,"L","Pipiens","no culex",0
"FC014|Tarsalis|2022|22","FC-014","NE","FC",2022,22,2022-06-05,"L","Tarsalis","no culex",0
"FC014|Pipiens|2024|22","FC-014","NE","FC",2024,22,2024-06-02,"L","Pipiens","no culex",0
"FC014|Tarsalis|2024|22","FC-014","NE","FC",2024,22,2024-06-02,"L","Tarsalis","no culex",0
"FC014|Pipiens|2024|23","FC-014","NE","FC",2024,23,2024-06-09,"L","Pipiens","no culex",0
"FC014|Tarsalis|2024|23","FC-014","NE","FC",2024,23,2024-06-09,"L","Tarsalis","no culex",0
"FC015|Pipiens|2020|23","FC-015","NW","FC",2020,23,2020-06-02,"L","Pipiens","no culex",0
"FC015|Tarsalis|2020|23","FC-015","NW","FC",2020,23,2020-06-02,"L","Tarsalis","no culex",0
"FC015|Pipiens|2020|24","FC-015","NW","FC",2020,24,2020-06-09,"L","Pipiens","no culex",0
"FC015|Tarsalis|2020|24","FC-015","NW","FC",2020,24,2020-06-09,"L","Tarsalis","no culex",0
"FC015|Pipiens|2020|26","FC-015","NW","FC",2020,26,2020-06-23,"L","Pipiens","no culex",0
"FC015|Tarsalis|2020|26","FC-015","NW","FC",2020,26,2020-06-23,"L","Tarsalis","no culex",0
"FC015|Pipiens|2020|29","FC-015","NW","FC",2020,29,2020-07-14,"L","Pipiens","no culex",0
"FC015|Tarsalis|2020|29","FC-015","NW","FC",2020,29,2020-07-14,"L","Tarsalis","no culex",0
"FC015|Pipiens|2020|35","FC-015","NW","FC",2020,35,2020-08-25,"L","Pipiens","no culex",0
"FC015|Tarsalis|2020|35","FC-015","NW","FC",2020,35,2020-08-25,"L","Tarsalis","no culex",0
"FC015|Pipiens|2020|36","FC-015","NW","FC",2020,36,2020-09-01,"L","Pipiens","no mosquitoes",0
"FC015|Tarsalis|2020|36","FC-015","NW","FC",2020,36,2020-09-01,"L","Tarsalis","no mosquitoes",0
"FC015|Pipiens|2021|35","FC-015","NW","FC",2021,35,2021-08-31,"L","Pipiens","no mosquitoes",0
"FC015|Tarsalis|2021|35","FC-015","NW","FC",2021,35,2021-08-31,"L","Tarsalis","no mosquitoes",0
"FC015|Pipiens|2022|22","FC-015","NW","FC",2022,22,2022-05-31,"L","Pipiens","no mosquitoes",0
"FC015|Tarsalis|2022|22","FC-015","NW","FC",2022,22,2022-05-31,"L","Tarsalis","no mosquitoes",0
"FC015|Pipiens|2022|23","FC-015","NW","FC",2022,23,2022-06-07,"L","Pipiens","no culex",0
"FC015|Tarsalis|2022|23","FC-015","NW","FC",2022,23,2022-06-07,"L","Tarsalis","no culex",0
"FC015|Pipiens|2022|25","FC-015","NW","FC",2022,25,2022-06-21,"L","Pipiens","no culex",0
"FC015|Tarsalis|2022|25","FC-015","NW","FC",2022,25,2022-06-21,"L","Tarsalis","no culex",0
"FC015|Pipiens|2023|36","FC-015","NW","FC",2023,36,2023-09-06,"L","Pipiens","no mosquitoes",0
"FC015|Tarsalis|2023|36","FC-015","NW","FC",2023,36,2023-09-06,"L","Tarsalis","no mosquitoes",0
"FC015|Pipiens|2024|23","FC-015","NW","FC",2024,23,2024-06-04,"L","Pipiens","no culex",0
"FC015|Tarsalis|2024|23","FC-015","NW","FC",2024,23,2024-06-04,"L","Tarsalis","no culex",0
"FC015|Pipiens|2024|24","FC-015","NW","FC",2024,24,2024-06-11,"L","Pipiens","no culex",0
"FC015|Tarsalis|2024|24","FC-015","NW","FC",2024,24,2024-06-11,"L","Tarsalis","no culex",0
"FC015|Pipiens|2024|25","FC-015","NW","FC",2024,25,2024-06-19,"L","Pipiens","no culex",0
"FC015|Tarsalis|2024|25","FC-015","NW","FC",2024,25,2024-06-19,"L","Tarsalis","no culex",0
"FC015|Pipiens|2024|29","FC-015","NW","FC",2024,29,2024-07-17,"L","Pipiens","no culex",0
"FC015|Tarsalis|2024|29","FC-015","NW","FC",2024,29,2024-07-17,"L","Tarsalis","no culex",0
"FC015|Pipiens|2025|25","FC-015","NW","FC",2025,25,2025-06-18,"L","Pipiens","no culex",0
"FC015|Tarsalis|2025|25","FC-015","NW","FC",2025,25,2025-06-18,"L","Tarsalis","no culex",0
"FC015|Pipiens|2025|26","FC-015","NW","FC",2025,26,2025-06-25,"L","Pipiens","no mosquitoes",0
"FC015|Tarsalis|2025|26","FC-015","NW","FC",2025,26,2025-06-25,"L","Tarsalis","no mosquitoes",0
"FC015|Pipiens|2025|30","FC-015","NW","FC",2025,30,2025-07-23,"L","Pipiens","malfunction",NA
"FC015|Tarsalis|2025|30","FC-015","NW","FC",2025,30,2025-07-23,"L","Tarsalis","malfunction",NA
"FC019|Pipiens|2020|22","FC-019","NE","FC",2020,22,2020-05-31,"L","Pipiens","no culex",0
"FC019|Tarsalis|2020|22","FC-019","NE","FC",2020,22,2020-05-31,"L","Tarsalis","no culex",0
"FC019|Pipiens|2021|25","FC-019","NE","FC",2021,25,2021-06-27,"L","Pipiens","no culex",0
"FC019|Tarsalis|2021|25","FC-019","NE","FC",2021,25,2021-06-27,"L","Tarsalis","no culex",0
"FC019|Pipiens|2023|37","FC-019","NE","FC",2023,37,2023-09-11,"L","Pipiens","no culex",0
"FC019|Tarsalis|2023|37","FC-019","NE","FC",2023,37,2023-09-11,"L","Tarsalis","no culex",0
"FC019|Pipiens|2024|25","FC-019","NE","FC",2024,25,2024-06-17,"L","Pipiens","malfunction",NA
"FC019|Tarsalis|2024|25","FC-019","NE","FC",2024,25,2024-06-17,"L","Tarsalis","malfunction",NA
"FC019|Pipiens|2025|35","FC-019","NE","FC",2025,35,2025-08-25,"L","Pipiens","no culex",0
"FC019|Tarsalis|2025|35","FC-019","NE","FC",2025,35,2025-08-25,"L","Tarsalis","no culex",0
"FC023|Pipiens|2020|22","FC-023","SE","FC",2020,22,2020-05-27,"L","Pipiens","no culex",0
"FC023|Tarsalis|2020|22","FC-023","SE","FC",2020,22,2020-05-27,"L","Tarsalis","no culex",0
"FC023|Pipiens|2020|24","FC-023","SE","FC",2020,24,2020-06-08,"L","Pipiens","no mosquitoes",0
"FC023|Tarsalis|2020|24","FC-023","SE","FC",2020,24,2020-06-08,"L","Tarsalis","no mosquitoes",0
"FC023|Pipiens|2021|36","FC-023","SE","FC",2021,36,2021-09-06,"L","Pipiens","no culex",0
"FC023|Tarsalis|2021|36","FC-023","SE","FC",2021,36,2021-09-06,"L","Tarsalis","no culex",0
"FC023|Pipiens|2022|23","FC-023","SE","FC",2022,23,2022-06-06,"L","Pipiens","no culex",0
"FC023|Tarsalis|2022|23","FC-023","SE","FC",2022,23,2022-06-06,"L","Tarsalis","no culex",0
"FC023|Pipiens|2024|33","FC-023","SE","FC",2024,33,2024-08-13,"L","Pipiens","no mosquitoes",0
"FC023|Tarsalis|2024|33","FC-023","SE","FC",2024,33,2024-08-13,"L","Tarsalis","no mosquitoes",0
"FC023|Pipiens|2025|31","FC-023","SE","FC",2025,31,2025-07-29,"L","Pipiens","no mosquitoes",0
"FC023|Tarsalis|2025|31","FC-023","SE","FC",2025,31,2025-07-29,"L","Tarsalis","no mosquitoes",0
"FC023|Pipiens|2025|34","FC-023","SE","FC",2025,34,2025-08-19,"L","Pipiens","no mosquitoes",0
"FC023|Tarsalis|2025|34","FC-023","SE","FC",2025,34,2025-08-19,"L","Tarsalis","no mosquitoes",0
"FC027|Pipiens|2020|22","FC-027","SE","FC",2020,22,2020-05-27,"L","Pipiens","no culex",0
"FC027|Tarsalis|2020|22","FC-027","SE","FC",2020,22,2020-05-27,"L","Tarsalis","no culex",0
"FC027|Pipiens|2020|24","FC-027","SE","FC",2020,24,2020-06-08,"L","Pipiens","no mosquitoes",0
"FC027|Tarsalis|2020|24","FC-027","SE","FC",2020,24,2020-06-08,"L","Tarsalis","no mosquitoes",0
"FC027|Pipiens|2020|36","FC-027","SE","FC",2020,36,2020-08-31,"L","Pipiens","no culex",0
"FC027|Tarsalis|2020|36","FC-027","SE","FC",2020,36,2020-08-31,"L","Tarsalis","no culex",0
"FC027|Pipiens|2021|36","FC-027","SE","FC",2021,36,2021-09-06,"L","Pipiens","no mosquitoes",0
"FC027|Tarsalis|2021|36","FC-027","SE","FC",2021,36,2021-09-06,"L","Tarsalis","no mosquitoes",0
"FC027|Pipiens|2023|36","FC-027","SE","FC",2023,36,2023-09-05,"L","Pipiens","malfunction",NA
"FC027|Tarsalis|2023|36","FC-027","SE","FC",2023,36,2023-09-05,"L","Tarsalis","malfunction",NA
"FC027|Pipiens|2025|30","FC-027","SE","FC",2025,30,2025-07-22,"L","Pipiens","no mosquitoes",0
"FC027|Tarsalis|2025|30","FC-027","SE","FC",2025,30,2025-07-22,"L","Tarsalis","no mosquitoes",0
"FC029|Pipiens|2020|23","FC-029","SE","FC",2020,23,2020-06-03,"L","Pipiens","no culex",0
"FC029|Tarsalis|2020|23","FC-029","SE","FC",2020,23,2020-06-03,"L","Tarsalis","no culex",0
"FC029|Pipiens|2020|35","FC-029","SE","FC",2020,35,2020-08-26,"L","Pipiens","no mosquitoes",0
"FC029|Tarsalis|2020|35","FC-029","SE","FC",2020,35,2020-08-26,"L","Tarsalis","no mosquitoes",0
"FC029|Pipiens|2020|36","FC-029","SE","FC",2020,36,2020-09-02,"L","Pipiens","no mosquitoes",0
"FC029|Tarsalis|2020|36","FC-029","SE","FC",2020,36,2020-09-02,"L","Tarsalis","no mosquitoes",0
"FC029|Pipiens|2021|36","FC-029","SE","FC",2021,36,2021-09-08,"L","Pipiens","malfunction",NA
"FC029|Tarsalis|2021|36","FC-029","SE","FC",2021,36,2021-09-08,"L","Tarsalis","malfunction",NA
"FC029|Pipiens|2022|22","FC-029","SE","FC",2022,22,2022-06-02,"L","Pipiens","no culex",0
"FC029|Tarsalis|2022|22","FC-029","SE","FC",2022,22,2022-06-02,"L","Tarsalis","no culex",0
"FC029|Pipiens|2022|23","FC-029","SE","FC",2022,23,2022-06-08,"L","Pipiens","no culex",0
"FC029|Tarsalis|2022|23","FC-029","SE","FC",2022,23,2022-06-08,"L","Tarsalis","no culex",0
"FC029|Pipiens|2024|23","FC-029","SE","FC",2024,23,2024-06-05,"L","Pipiens","malfunction",NA
"FC029|Tarsalis|2024|23","FC-029","SE","FC",2024,23,2024-06-05,"L","Tarsalis","malfunction",NA
"FC029|Pipiens|2024|25","FC-029","SE","FC",2024,25,2024-06-20,"L","Pipiens","no culex",0
"FC029|Tarsalis|2024|25","FC-029","SE","FC",2024,25,2024-06-20,"L","Tarsalis","no culex",0
"FC029|Pipiens|2025|30","FC-029","SE","FC",2025,30,2025-07-24,"L","Pipiens","malfunction",NA
"FC029|Tarsalis|2025|30","FC-029","SE","FC",2025,30,2025-07-24,"L","Tarsalis","malfunction",NA
"FC029GR|Pipiens|2020|29","FC-029GR","SE","FC",2020,29,2020-07-15,"G","Pipiens","no mosquitoes",0
"FC029GR|Tarsalis|2020|29","FC-029GR","SE","FC",2020,29,2020-07-15,"G","Tarsalis","no mosquitoes",0
"FC029GR|Pipiens|2021|29","FC-029GR","SE","FC",2021,29,2021-07-21,"G","Pipiens","malfunction",NA
"FC029GR|Tarsalis|2021|29","FC-029GR","SE","FC",2021,29,2021-07-21,"G","Tarsalis","malfunction",NA
"FC029GR|Pipiens|2022|22","FC-029GR","SE","FC",2022,22,2022-06-02,"G","Pipiens","no mosquitoes",0
"FC029GR|Tarsalis|2022|22","FC-029GR","SE","FC",2022,22,2022-06-02,"G","Tarsalis","no mosquitoes",0
"FC029GR|Pipiens|2023|23","FC-029GR","SE","FC",2023,23,2023-06-07,"G","Pipiens","no mosquitoes",0
"FC029GR|Tarsalis|2023|23","FC-029GR","SE","FC",2023,23,2023-06-07,"G","Tarsalis","no mosquitoes",0
"FC029GR|Pipiens|2023|30","FC-029GR","SE","FC",2023,30,2023-07-25,"G","Pipiens","no mosquitoes",0
"FC029GR|Tarsalis|2023|30","FC-029GR","SE","FC",2023,30,2023-07-25,"G","Tarsalis","no mosquitoes",0
"FC029GR|Pipiens|2024|27","FC-029GR","SE","FC",2024,27,2024-07-03,"G","Pipiens","malfunction",NA
"FC029GR|Tarsalis|2024|27","FC-029GR","SE","FC",2024,27,2024-07-03,"G","Tarsalis","malfunction",NA
"FC031|Pipiens|2020|24","FC-031","SE","FC",2020,24,2020-06-08,"L","Pipiens","no mosquitoes",0
"FC031|Tarsalis|2020|24","FC-031","SE","FC",2020,24,2020-06-08,"L","Tarsalis","no mosquitoes",0
"FC031|Pipiens|2023|36","FC-031","SE","FC",2023,36,2023-09-05,"L","Pipiens","no mosquitoes",0
"FC031|Tarsalis|2023|36","FC-031","SE","FC",2023,36,2023-09-05,"L","Tarsalis","no mosquitoes",0
"FC031|Pipiens|2024|23","FC-031","SE","FC",2024,23,2024-06-03,"L","Pipiens","no culex",0
"FC031|Tarsalis|2024|23","FC-031","SE","FC",2024,23,2024-06-03,"L","Tarsalis","no culex",0
"FC034|Pipiens|2020|35","FC-034","NE","FC",2020,35,2020-08-30,"L","Pipiens","no culex",0
"FC034|Tarsalis|2020|35","FC-034","NE","FC",2020,35,2020-08-30,"L","Tarsalis","no culex",0
"FC034|Pipiens|2021|35","FC-034","NE","FC",2021,35,2021-08-30,"L","Pipiens","no culex",0
"FC034|Tarsalis|2021|35","FC-034","NE","FC",2021,35,2021-08-30,"L","Tarsalis","no culex",0
"FC034|Pipiens|2022|22","FC-034","NE","FC",2022,22,2022-06-05,"L","Pipiens","no culex",0
"FC034|Tarsalis|2022|22","FC-034","NE","FC",2022,22,2022-06-05,"L","Tarsalis","no culex",0
"FC034|Pipiens|2025|28","FC-034","NE","FC",2025,28,2025-07-07,"L","Pipiens","no mosquitoes",0
"FC034|Tarsalis|2025|28","FC-034","NE","FC",2025,28,2025-07-07,"L","Tarsalis","no mosquitoes",0
"FC034|Pipiens|2025|33","FC-034","NE","FC",2025,33,2025-08-11,"L","Pipiens","no mosquitoes",0
"FC034|Tarsalis|2025|33","FC-034","NE","FC",2025,33,2025-08-11,"L","Tarsalis","no mosquitoes",0
"FC036|Pipiens|2020|22","FC-036","NW","FC",2020,22,2020-05-31,"L","Pipiens","no culex",0
"FC036|Tarsalis|2020|22","FC-036","NW","FC",2020,22,2020-05-31,"L","Tarsalis","no culex",0
"FC036|Pipiens|2020|35","FC-036","NW","FC",2020,35,2020-08-30,"L","Pipiens","no culex",0
"FC036|Tarsalis|2020|35","FC-036","NW","FC",2020,35,2020-08-30,"L","Tarsalis","no culex",0
"FC036|Pipiens|2021|33","FC-036","NW","FC",2021,33,2021-08-22,"L","Pipiens","no culex",0
"FC036|Tarsalis|2021|33","FC-036","NW","FC",2021,33,2021-08-22,"L","Tarsalis","no culex",0
"FC036|Pipiens|2023|36","FC-036","NW","FC",2023,36,2023-09-04,"L","Pipiens","malfunction",NA
"FC036|Tarsalis|2023|36","FC-036","NW","FC",2023,36,2023-09-04,"L","Tarsalis","malfunction",NA
"FC036|Pipiens|2025|26","FC-036","NW","FC",2025,26,2025-06-23,"L","Pipiens","no mosquitoes",0
"FC036|Tarsalis|2025|26","FC-036","NW","FC",2025,26,2025-06-23,"L","Tarsalis","no mosquitoes",0
"FC037|Pipiens|2020|35","FC-037","SW","FC",2020,35,2020-08-26,"L","Pipiens","no mosquitoes",0
"FC037|Tarsalis|2020|35","FC-037","SW","FC",2020,35,2020-08-26,"L","Tarsalis","no mosquitoes",0
"FC037|Pipiens|2020|36","FC-037","SW","FC",2020,36,2020-09-02,"L","Pipiens","no mosquitoes",0
"FC037|Tarsalis|2020|36","FC-037","SW","FC",2020,36,2020-09-02,"L","Tarsalis","no mosquitoes",0
"FC037|Pipiens|2022|22","FC-037","SW","FC",2022,22,2022-06-02,"L","Pipiens","no culex",0
"FC037|Tarsalis|2022|22","FC-037","SW","FC",2022,22,2022-06-02,"L","Tarsalis","no culex",0
"FC037|Pipiens|2022|26","FC-037","SW","FC",2022,26,2022-06-29,"L","Pipiens","no culex",0
"FC037|Tarsalis|2022|26","FC-037","SW","FC",2022,26,2022-06-29,"L","Tarsalis","no culex",0
"FC038|Pipiens|2020|22","FC-038","NE","FC",2020,22,2020-05-26,"L","Pipiens","no culex",0
"FC038|Tarsalis|2020|22","FC-038","NE","FC",2020,22,2020-05-26,"L","Tarsalis","no culex",0
"FC038|Pipiens|2020|23","FC-038","NE","FC",2020,23,2020-06-07,"L","Pipiens","no culex",0
"FC038|Tarsalis|2020|23","FC-038","NE","FC",2020,23,2020-06-07,"L","Tarsalis","no culex",0
"FC038|Pipiens|2020|35","FC-038","NE","FC",2020,35,2020-08-30,"L","Pipiens","no mosquitoes",0
"FC038|Tarsalis|2020|35","FC-038","NE","FC",2020,35,2020-08-30,"L","Tarsalis","no mosquitoes",0
"FC038|Pipiens|2021|33","FC-038","NE","FC",2021,33,2021-08-22,"L","Pipiens","no culex",0
"FC038|Tarsalis|2021|33","FC-038","NE","FC",2021,33,2021-08-22,"L","Tarsalis","no culex",0
"FC038|Pipiens|2023|22","FC-038","NE","FC",2023,22,2023-06-04,"L","Pipiens","no culex",0
"FC038|Tarsalis|2023|22","FC-038","NE","FC",2023,22,2023-06-04,"L","Tarsalis","no culex",0
"FC038|Pipiens|2023|23","FC-038","NE","FC",2023,23,2023-06-11,"L","Pipiens","no mosquitoes",0
"FC038|Tarsalis|2023|23","FC-038","NE","FC",2023,23,2023-06-11,"L","Tarsalis","no mosquitoes",0
"FC038|Pipiens|2023|36","FC-038","NE","FC",2023,36,2023-09-04,"L","Pipiens","malfunction",NA
"FC038|Tarsalis|2023|36","FC-038","NE","FC",2023,36,2023-09-04,"L","Tarsalis","malfunction",NA
"FC038|Pipiens|2025|31","FC-038","NE","FC",2025,31,2025-07-28,"L","Pipiens","no mosquitoes",0
"FC038|Tarsalis|2025|31","FC-038","NE","FC",2025,31,2025-07-28,"L","Tarsalis","no mosquitoes",0
"FC038|Pipiens|2025|33","FC-038","NE","FC",2025,33,2025-08-11,"L","Pipiens","no culex",0
"FC038|Tarsalis|2025|33","FC-038","NE","FC",2025,33,2025-08-11,"L","Tarsalis","no culex",0
"FC039|Pipiens|2020|22","FC-039","SE","FC",2020,22,2020-05-27,"L","Pipiens","no culex",0
"FC039|Tarsalis|2020|22","FC-039","SE","FC",2020,22,2020-05-27,"L","Tarsalis","no culex",0
"FC039|Pipiens|2020|24","FC-039","SE","FC",2020,24,2020-06-08,"L","Pipiens","no culex",0
"FC039|Tarsalis|2020|24","FC-039","SE","FC",2020,24,2020-06-08,"L","Tarsalis","no culex",0
"FC039|Pipiens|2020|36","FC-039","SE","FC",2020,36,2020-08-31,"L","Pipiens","no culex",0
"FC039|Tarsalis|2020|36","FC-039","SE","FC",2020,36,2020-08-31,"L","Tarsalis","no culex",0
"FC039|Pipiens|2021|26","FC-039","SE","FC",2021,26,2021-06-28,"L","Pipiens","no mosquitoes",0
"FC039|Tarsalis|2021|26","FC-039","SE","FC",2021,26,2021-06-28,"L","Tarsalis","no mosquitoes",0
"FC039|Pipiens|2021|36","FC-039","SE","FC",2021,36,2021-09-06,"L","Pipiens","no culex",0
"FC039|Tarsalis|2021|36","FC-039","SE","FC",2021,36,2021-09-06,"L","Tarsalis","no culex",0
"FC039|Pipiens|2025|25","FC-039","SE","FC",2025,25,2025-06-17,"L","Pipiens","no mosquitoes",0
"FC039|Tarsalis|2025|25","FC-039","SE","FC",2025,25,2025-06-17,"L","Tarsalis","no mosquitoes",0
"FC039|Pipiens|2025|32","FC-039","SE","FC",2025,32,2025-08-05,"L","Pipiens","no mosquitoes",0
"FC039|Tarsalis|2025|32","FC-039","SE","FC",2025,32,2025-08-05,"L","Tarsalis","no mosquitoes",0
"FC040|Pipiens|2020|23","FC-040","NE","FC",2020,23,2020-06-07,"L","Pipiens","malfunction",NA
"FC040|Tarsalis|2020|23","FC-040","NE","FC",2020,23,2020-06-07,"L","Tarsalis","malfunction",NA
"FC040|Pipiens|2021|27","FC-040","NE","FC",2021,27,2021-07-11,"L","Pipiens","no mosquitoes",0
"FC040|Tarsalis|2021|27","FC-040","NE","FC",2021,27,2021-07-11,"L","Tarsalis","no mosquitoes",0
"FC040|Pipiens|2022|22","FC-040","NE","FC",2022,22,2022-06-05,"L","Pipiens","no culex",0
"FC040|Tarsalis|2022|22","FC-040","NE","FC",2022,22,2022-06-05,"L","Tarsalis","no culex",0
"FC040|Pipiens|2023|22","FC-040","NE","FC",2023,22,2023-06-04,"L","Pipiens","no culex",0
"FC040|Tarsalis|2023|22","FC-040","NE","FC",2023,22,2023-06-04,"L","Tarsalis","no culex",0
"FC040|Pipiens|2024|23","FC-040","NE","FC",2024,23,2024-06-09,"L","Pipiens","no culex",0
"FC040|Tarsalis|2024|23","FC-040","NE","FC",2024,23,2024-06-09,"L","Tarsalis","no culex",0
"FC040GR|Pipiens|2023|23","FC-040GR","NE","FC",2023,23,2023-06-11,"G","Pipiens","no mosquitoes",0
"FC040GR|Tarsalis|2023|23","FC-040GR","NE","FC",2023,23,2023-06-11,"G","Tarsalis","no mosquitoes",0
"FC040GR|Pipiens|2023|24","FC-040GR","NE","FC",2023,24,2023-06-18,"G","Pipiens","no culex",0
"FC040GR|Tarsalis|2023|24","FC-040GR","NE","FC",2023,24,2023-06-18,"G","Tarsalis","no culex",0
"FC041|Pipiens|2020|23","FC-041","NW","FC",2020,23,2020-06-02,"L","Pipiens","no culex",0
"FC041|Tarsalis|2020|23","FC-041","NW","FC",2020,23,2020-06-02,"L","Tarsalis","no culex",0
"FC041|Pipiens|2020|25","FC-041","NW","FC",2020,25,2020-06-16,"L","Pipiens","no culex",0
"FC041|Tarsalis|2020|25","FC-041","NW","FC",2020,25,2020-06-16,"L","Tarsalis","no culex",0
"FC041|Pipiens|2021|36","FC-041","NW","FC",2021,36,2021-09-08,"L","Pipiens","no mosquitoes",0
"FC041|Tarsalis|2021|36","FC-041","NW","FC",2021,36,2021-09-08,"L","Tarsalis","no mosquitoes",0
"FC041|Pipiens|2022|22","FC-041","NW","FC",2022,22,2022-05-31,"L","Pipiens","no mosquitoes",0
"FC041|Tarsalis|2022|22","FC-041","NW","FC",2022,22,2022-05-31,"L","Tarsalis","no mosquitoes",0
"FC041|Pipiens|2023|37","FC-041","NW","FC",2023,37,2023-09-11,"L","Pipiens","no culex",0
"FC041|Tarsalis|2023|37","FC-041","NW","FC",2023,37,2023-09-11,"L","Tarsalis","no culex",0
"FC041|Pipiens|2024|23","FC-041","NW","FC",2024,23,2024-06-04,"L","Pipiens","no culex",0
"FC041|Tarsalis|2024|23","FC-041","NW","FC",2024,23,2024-06-04,"L","Tarsalis","no culex",0
"FC041|Pipiens|2024|24","FC-041","NW","FC",2024,24,2024-06-11,"L","Pipiens","no culex",0
"FC041|Tarsalis|2024|24","FC-041","NW","FC",2024,24,2024-06-11,"L","Tarsalis","no culex",0
"FC041|Pipiens|2024|26","FC-041","NW","FC",2024,26,2024-06-26,"L","Pipiens","malfunction",NA
"FC041|Tarsalis|2024|26","FC-041","NW","FC",2024,26,2024-06-26,"L","Tarsalis","malfunction",NA
"FC041|Pipiens|2024|31","FC-041","NW","FC",2024,31,2024-07-31,"L","Pipiens","no culex",0
"FC041|Tarsalis|2024|31","FC-041","NW","FC",2024,31,2024-07-31,"L","Tarsalis","no culex",0
"FC041|Pipiens|2025|31","FC-041","NW","FC",2025,31,2025-07-30,"L","Pipiens","no mosquitoes",0
"FC041|Tarsalis|2025|31","FC-041","NW","FC",2025,31,2025-07-30,"L","Tarsalis","no mosquitoes",0
"FC046|Pipiens|2020|24","FC-046","SE","FC",2020,24,2020-06-08,"L","Pipiens","no mosquitoes",0
"FC046|Tarsalis|2020|24","FC-046","SE","FC",2020,24,2020-06-08,"L","Tarsalis","no mosquitoes",0
"FC046|Pipiens|2022|24","FC-046","SE","FC",2022,24,2022-06-13,"L","Pipiens","no culex",0
"FC046|Tarsalis|2022|24","FC-046","SE","FC",2022,24,2022-06-13,"L","Tarsalis","no culex",0
"FC046|Pipiens|2022|34","FC-046","SE","FC",2022,34,2022-08-22,"L","Pipiens","malfunction",NA
"FC046|Tarsalis|2022|34","FC-046","SE","FC",2022,34,2022-08-22,"L","Tarsalis","malfunction",NA
"FC046|Pipiens|2024|24","FC-046","SE","FC",2024,24,2024-06-10,"L","Pipiens","no culex",0
"FC046|Tarsalis|2024|24","FC-046","SE","FC",2024,24,2024-06-10,"L","Tarsalis","no culex",0
"FC046|Pipiens|2025|30","FC-046","SE","FC",2025,30,2025-07-22,"L","Pipiens","no mosquitoes",0
"FC046|Tarsalis|2025|30","FC-046","SE","FC",2025,30,2025-07-22,"L","Tarsalis","no mosquitoes",0
"FC046|Pipiens|2025|31","FC-046","SE","FC",2025,31,2025-07-29,"L","Pipiens","no culex",0
"FC046|Tarsalis|2025|31","FC-046","SE","FC",2025,31,2025-07-29,"L","Tarsalis","no culex",0
"FC047|Pipiens|2020|22","FC-047","SE","FC",2020,22,2020-05-27,"L","Pipiens","no mosquitoes",0
"FC047|Tarsalis|2020|22","FC-047","SE","FC",2020,22,2020-05-27,"L","Tarsalis","no mosquitoes",0
"FC047|Pipiens|2020|24","FC-047","SE","FC",2020,24,2020-06-08,"L","Pipiens","no mosquitoes",0
"FC047|Tarsalis|2020|24","FC-047","SE","FC",2020,24,2020-06-08,"L","Tarsalis","no mosquitoes",0
"FC047|Pipiens|2021|27","FC-047","SE","FC",2021,27,2021-07-05,"L","Pipiens","no culex",0
"FC047|Tarsalis|2021|27","FC-047","SE","FC",2021,27,2021-07-05,"L","Tarsalis","no culex",0
"FC047|Pipiens|2021|36","FC-047","SE","FC",2021,36,2021-09-06,"L","Pipiens","no culex",0
"FC047|Tarsalis|2021|36","FC-047","SE","FC",2021,36,2021-09-06,"L","Tarsalis","no culex",0
"FC047|Pipiens|2022|23","FC-047","SE","FC",2022,23,2022-06-06,"L","Pipiens","no culex",0
"FC047|Tarsalis|2022|23","FC-047","SE","FC",2022,23,2022-06-06,"L","Tarsalis","no culex",0
"FC047|Pipiens|2022|24","FC-047","SE","FC",2022,24,2022-06-13,"L","Pipiens","no culex",0
"FC047|Tarsalis|2022|24","FC-047","SE","FC",2022,24,2022-06-13,"L","Tarsalis","no culex",0
"FC047|Pipiens|2023|37","FC-047","SE","FC",2023,37,2023-09-12,"L","Pipiens","no culex",0
"FC047|Tarsalis|2023|37","FC-047","SE","FC",2023,37,2023-09-12,"L","Tarsalis","no culex",0
"FC047|Pipiens|2024|24","FC-047","SE","FC",2024,24,2024-06-10,"L","Pipiens","no culex",0
"FC047|Tarsalis|2024|24","FC-047","SE","FC",2024,24,2024-06-10,"L","Tarsalis","no culex",0
"FC047|Pipiens|2024|37","FC-047","SE","FC",2024,37,2024-09-10,"L","Pipiens","malfunction",NA
"FC047|Tarsalis|2024|37","FC-047","SE","FC",2024,37,2024-09-10,"L","Tarsalis","malfunction",NA
"FC047|Pipiens|2025|26","FC-047","SE","FC",2025,26,2025-06-24,"L","Pipiens","no mosquitoes",0
"FC047|Tarsalis|2025|26","FC-047","SE","FC",2025,26,2025-06-24,"L","Tarsalis","no mosquitoes",0
"FC049|Pipiens|2020|23","FC-049","SW","FC",2020,23,2020-06-02,"L","Pipiens","no culex",0
"FC049|Tarsalis|2020|23","FC-049","SW","FC",2020,23,2020-06-02,"L","Tarsalis","no culex",0
"FC049|Pipiens|2020|24","FC-049","SW","FC",2020,24,2020-06-09,"L","Pipiens","no culex",0
"FC049|Tarsalis|2020|24","FC-049","SW","FC",2020,24,2020-06-09,"L","Tarsalis","no culex",0
"FC049|Pipiens|2020|26","FC-049","SW","FC",2020,26,2020-06-23,"L","Pipiens","no culex",0
"FC049|Tarsalis|2020|26","FC-049","SW","FC",2020,26,2020-06-23,"L","Tarsalis","no culex",0
"FC049|Pipiens|2020|36","FC-049","SW","FC",2020,36,2020-09-01,"L","Pipiens","no mosquitoes",0
"FC049|Tarsalis|2020|36","FC-049","SW","FC",2020,36,2020-09-01,"L","Tarsalis","no mosquitoes",0
"FC049|Pipiens|2021|36","FC-049","SW","FC",2021,36,2021-09-07,"L","Pipiens","no mosquitoes",0
"FC049|Tarsalis|2021|36","FC-049","SW","FC",2021,36,2021-09-07,"L","Tarsalis","no mosquitoes",0
"FC049|Pipiens|2022|22","FC-049","SW","FC",2022,22,2022-05-31,"L","Pipiens","no mosquitoes",0
"FC049|Tarsalis|2022|22","FC-049","SW","FC",2022,22,2022-05-31,"L","Tarsalis","no mosquitoes",0
"FC049|Pipiens|2022|23","FC-049","SW","FC",2022,23,2022-06-07,"L","Pipiens","no culex",0
"FC049|Tarsalis|2022|23","FC-049","SW","FC",2022,23,2022-06-07,"L","Tarsalis","no culex",0
"FC049|Pipiens|2022|36","FC-049","SW","FC",2022,36,2022-09-07,"L","Pipiens","no culex",0
"FC049|Tarsalis|2022|36","FC-049","SW","FC",2022,36,2022-09-07,"L","Tarsalis","no culex",0
"FC049|Pipiens|2023|23","FC-049","SW","FC",2023,23,2023-06-06,"L","Pipiens","no culex",0
"FC049|Tarsalis|2023|23","FC-049","SW","FC",2023,23,2023-06-06,"L","Tarsalis","no culex",0
"FC049|Pipiens|2023|36","FC-049","SW","FC",2023,36,2023-09-06,"L","Pipiens","no mosquitoes",0
"FC049|Tarsalis|2023|36","FC-049","SW","FC",2023,36,2023-09-06,"L","Tarsalis","no mosquitoes",0
"FC049|Pipiens|2023|37","FC-049","SW","FC",2023,37,2023-09-11,"L","Pipiens","no culex",0
"FC049|Tarsalis|2023|37","FC-049","SW","FC",2023,37,2023-09-11,"L","Tarsalis","no culex",0
"FC049|Pipiens|2024|23","FC-049","SW","FC",2024,23,2024-06-04,"L","Pipiens","no mosquitoes",0
"FC049|Tarsalis|2024|23","FC-049","SW","FC",2024,23,2024-06-04,"L","Tarsalis","no mosquitoes",0
"FC049|Pipiens|2024|25","FC-049","SW","FC",2024,25,2024-06-19,"L","Pipiens","malfunction",NA
"FC049|Tarsalis|2024|25","FC-049","SW","FC",2024,25,2024-06-19,"L","Tarsalis","malfunction",NA
"FC049|Pipiens|2024|26","FC-049","SW","FC",2024,26,2024-06-26,"L","Pipiens","no culex",0
"FC049|Tarsalis|2024|26","FC-049","SW","FC",2024,26,2024-06-26,"L","Tarsalis","no culex",0
"FC049|Pipiens|2024|32","FC-049","SW","FC",2024,32,2024-08-07,"L","Pipiens","malfunction",NA
"FC049|Tarsalis|2024|32","FC-049","SW","FC",2024,32,2024-08-07,"L","Tarsalis","malfunction",NA
"FC049|Pipiens|2024|34","FC-049","SW","FC",2024,34,2024-08-21,"L","Pipiens","no culex",0
"FC049|Tarsalis|2024|34","FC-049","SW","FC",2024,34,2024-08-21,"L","Tarsalis","no culex",0
"FC050|Pipiens|2020|22","FC-050","SE","FC",2020,22,2020-05-27,"L","Pipiens","no mosquitoes",0
"FC050|Tarsalis|2020|22","FC-050","SE","FC",2020,22,2020-05-27,"L","Tarsalis","no mosquitoes",0
"FC050|Pipiens|2020|24","FC-050","SE","FC",2020,24,2020-06-08,"L","Pipiens","no culex",0
"FC050|Tarsalis|2020|24","FC-050","SE","FC",2020,24,2020-06-08,"L","Tarsalis","no culex",0
"FC050|Pipiens|2024|23","FC-050","SE","FC",2024,23,2024-06-03,"L","Pipiens","no mosquitoes",0
"FC050|Tarsalis|2024|23","FC-050","SE","FC",2024,23,2024-06-03,"L","Tarsalis","no mosquitoes",0
"FC050|Pipiens|2024|24","FC-050","SE","FC",2024,24,2024-06-10,"L","Pipiens","no culex",0
"FC050|Tarsalis|2024|24","FC-050","SE","FC",2024,24,2024-06-10,"L","Tarsalis","no culex",0
"FC050|Pipiens|2025|28","FC-050","SE","FC",2025,28,2025-07-08,"L","Pipiens","no mosquitoes",0
"FC050|Tarsalis|2025|28","FC-050","SE","FC",2025,28,2025-07-08,"L","Tarsalis","no mosquitoes",0
"FC052|Pipiens|2020|27","FC-052","NW","FC",2020,27,2020-06-30,"L","Pipiens","no culex",0
"FC052|Tarsalis|2020|27","FC-052","NW","FC",2020,27,2020-06-30,"L","Tarsalis","no culex",0
"FC052|Pipiens|2021|36","FC-052","NW","FC",2021,36,2021-09-07,"L","Pipiens","no culex",0
"FC052|Tarsalis|2021|36","FC-052","NW","FC",2021,36,2021-09-07,"L","Tarsalis","no culex",0
"FC052|Pipiens|2022|22","FC-052","NW","FC",2022,22,2022-05-31,"L","Pipiens","no culex",0
"FC052|Tarsalis|2022|22","FC-052","NW","FC",2022,22,2022-05-31,"L","Tarsalis","no culex",0
"FC052|Pipiens|2022|23","FC-052","NW","FC",2022,23,2022-06-07,"L","Pipiens","no culex",0
"FC052|Tarsalis|2022|23","FC-052","NW","FC",2022,23,2022-06-07,"L","Tarsalis","no culex",0
"FC052|Pipiens|2022|25","FC-052","NW","FC",2022,25,2022-06-21,"L","Pipiens","no culex",0
"FC052|Tarsalis|2022|25","FC-052","NW","FC",2022,25,2022-06-21,"L","Tarsalis","no culex",0
"FC052|Pipiens|2023|29","FC-052","NW","FC",2023,29,2023-07-18,"L","Pipiens","malfunction",NA
"FC052|Tarsalis|2023|29","FC-052","NW","FC",2023,29,2023-07-18,"L","Tarsalis","malfunction",NA
"FC052|Pipiens|2023|36","FC-052","NW","FC",2023,36,2023-09-06,"L","Pipiens","no culex",0
"FC052|Tarsalis|2023|36","FC-052","NW","FC",2023,36,2023-09-06,"L","Tarsalis","no culex",0
"FC052|Pipiens|2023|37","FC-052","NW","FC",2023,37,2023-09-11,"L","Pipiens","no culex",0
"FC052|Tarsalis|2023|37","FC-052","NW","FC",2023,37,2023-09-11,"L","Tarsalis","no culex",0
"FC052|Pipiens|2024|24","FC-052","NW","FC",2024,24,2024-06-11,"L","Pipiens","no culex",0
"FC052|Tarsalis|2024|24","FC-052","NW","FC",2024,24,2024-06-11,"L","Tarsalis","no culex",0
"FC052|Pipiens|2025|25","FC-052","NW","FC",2025,25,2025-06-18,"L","Pipiens","no culex",0
"FC052|Tarsalis|2025|25","FC-052","NW","FC",2025,25,2025-06-18,"L","Tarsalis","no culex",0
"FC053|Pipiens|2020|23","FC-053","SE","FC",2020,23,2020-06-01,"L","Pipiens","no culex",0
"FC053|Tarsalis|2020|23","FC-053","SE","FC",2020,23,2020-06-01,"L","Tarsalis","no culex",0
"FC053|Pipiens|2020|24","FC-053","SE","FC",2020,24,2020-06-08,"L","Pipiens","no mosquitoes",0
"FC053|Tarsalis|2020|24","FC-053","SE","FC",2020,24,2020-06-08,"L","Tarsalis","no mosquitoes",0
"FC053|Pipiens|2020|36","FC-053","SE","FC",2020,36,2020-08-31,"L","Pipiens","no mosquitoes",0
"FC053|Tarsalis|2020|36","FC-053","SE","FC",2020,36,2020-08-31,"L","Tarsalis","no mosquitoes",0
"FC053|Pipiens|2021|36","FC-053","SE","FC",2021,36,2021-09-06,"L","Pipiens","no culex",0
"FC053|Tarsalis|2021|36","FC-053","SE","FC",2021,36,2021-09-06,"L","Tarsalis","no culex",0
"FC053|Pipiens|2022|24","FC-053","SE","FC",2022,24,2022-06-13,"L","Pipiens","no culex",0
"FC053|Tarsalis|2022|24","FC-053","SE","FC",2022,24,2022-06-13,"L","Tarsalis","no culex",0
"FC053|Pipiens|2023|36","FC-053","SE","FC",2023,36,2023-09-05,"L","Pipiens","no culex",0
"FC053|Tarsalis|2023|36","FC-053","SE","FC",2023,36,2023-09-05,"L","Tarsalis","no culex",0
"FC053|Pipiens|2024|24","FC-053","SE","FC",2024,24,2024-06-10,"L","Pipiens","no culex",0
"FC053|Tarsalis|2024|24","FC-053","SE","FC",2024,24,2024-06-10,"L","Tarsalis","no culex",0
"FC053|Pipiens|2024|34","FC-053","SE","FC",2024,34,2024-08-20,"L","Pipiens","malfunction",NA
"FC053|Tarsalis|2024|34","FC-053","SE","FC",2024,34,2024-08-20,"L","Tarsalis","malfunction",NA
"FC054|Pipiens|2021|36","FC-054","SE","FC",2021,36,2021-09-08,"L","Pipiens","no culex",0
"FC054|Tarsalis|2021|36","FC-054","SE","FC",2021,36,2021-09-08,"L","Tarsalis","no culex",0
"FC054|Pipiens|2022|22","FC-054","SE","FC",2022,22,2022-06-02,"L","Pipiens","no mosquitoes",0
"FC054|Tarsalis|2022|22","FC-054","SE","FC",2022,22,2022-06-02,"L","Tarsalis","no mosquitoes",0
"FC054|Pipiens|2023|24","FC-054","SE","FC",2023,24,2023-06-14,"L","Pipiens","no mosquitoes",0
"FC054|Tarsalis|2023|24","FC-054","SE","FC",2023,24,2023-06-14,"L","Tarsalis","no mosquitoes",0
"FC054|Pipiens|2023|31","FC-054","SE","FC",2023,31,2023-08-02,"L","Pipiens","malfunction",NA
"FC054|Tarsalis|2023|31","FC-054","SE","FC",2023,31,2023-08-02,"L","Tarsalis","malfunction",NA
"FC054|Pipiens|2023|37","FC-054","SE","FC",2023,37,2023-09-12,"L","Pipiens","no culex",0
"FC054|Tarsalis|2023|37","FC-054","SE","FC",2023,37,2023-09-12,"L","Tarsalis","no culex",0
"FC054|Pipiens|2024|28","FC-054","SE","FC",2024,28,2024-07-11,"L","Pipiens","no mosquitoes",0
"FC054|Tarsalis|2024|28","FC-054","SE","FC",2024,28,2024-07-11,"L","Tarsalis","no mosquitoes",0
"FC054|Pipiens|2024|36","FC-054","SE","FC",2024,36,2024-09-05,"L","Pipiens","no culex",0
"FC054|Tarsalis|2024|36","FC-054","SE","FC",2024,36,2024-09-05,"L","Tarsalis","no culex",0
"FC054|Pipiens|2024|37","FC-054","SE","FC",2024,37,2024-09-12,"L","Pipiens","no culex",0
"FC054|Tarsalis|2024|37","FC-054","SE","FC",2024,37,2024-09-12,"L","Tarsalis","no culex",0
"FC054|Pipiens|2025|32","FC-054","SE","FC",2025,32,2025-08-07,"L","Pipiens","malfunction",NA
"FC054|Tarsalis|2025|32","FC-054","SE","FC",2025,32,2025-08-07,"L","Tarsalis","malfunction",NA
"FC057|Pipiens|2020|23","FC-057","SW","FC",2020,23,2020-06-03,"L","Pipiens","no culex",0
"FC057|Tarsalis|2020|23","FC-057","SW","FC",2020,23,2020-06-03,"L","Tarsalis","no culex",0
"FC057|Pipiens|2020|25","FC-057","SW","FC",2020,25,2020-06-17,"L","Pipiens","no culex",0
"FC057|Tarsalis|2020|25","FC-057","SW","FC",2020,25,2020-06-17,"L","Tarsalis","no culex",0
"FC057|Pipiens|2020|36","FC-057","SW","FC",2020,36,2020-09-02,"L","Pipiens","no mosquitoes",0
"FC057|Tarsalis|2020|36","FC-057","SW","FC",2020,36,2020-09-02,"L","Tarsalis","no mosquitoes",0
"FC057|Pipiens|2021|25","FC-057","SW","FC",2021,25,2021-06-23,"L","Pipiens","no mosquitoes",0
"FC057|Tarsalis|2021|25","FC-057","SW","FC",2021,25,2021-06-23,"L","Tarsalis","no mosquitoes",0
"FC057|Pipiens|2021|36","FC-057","SW","FC",2021,36,2021-09-08,"L","Pipiens","no culex",0
"FC057|Tarsalis|2021|36","FC-057","SW","FC",2021,36,2021-09-08,"L","Tarsalis","no culex",0
"FC057|Pipiens|2022|22","FC-057","SW","FC",2022,22,2022-06-02,"L","Pipiens","no mosquitoes",0
"FC057|Tarsalis|2022|22","FC-057","SW","FC",2022,22,2022-06-02,"L","Tarsalis","no mosquitoes",0
"FC057|Pipiens|2022|23","FC-057","SW","FC",2022,23,2022-06-08,"L","Pipiens","no culex",0
"FC057|Tarsalis|2022|23","FC-057","SW","FC",2022,23,2022-06-08,"L","Tarsalis","no culex",0
"FC057|Pipiens|2024|25","FC-057","SW","FC",2024,25,2024-06-20,"L","Pipiens","no culex",0
"FC057|Tarsalis|2024|25","FC-057","SW","FC",2024,25,2024-06-20,"L","Tarsalis","no culex",0
"FC057|Pipiens|2024|26","FC-057","SW","FC",2024,26,2024-06-27,"L","Pipiens","no culex",0
"FC057|Tarsalis|2024|26","FC-057","SW","FC",2024,26,2024-06-27,"L","Tarsalis","no culex",0
"FC057|Pipiens|2024|29","FC-057","SW","FC",2024,29,2024-07-18,"L","Pipiens","no culex",0
"FC057|Tarsalis|2024|29","FC-057","SW","FC",2024,29,2024-07-18,"L","Tarsalis","no culex",0
"FC057|Pipiens|2024|37","FC-057","SW","FC",2024,37,2024-09-12,"L","Pipiens","no culex",0
"FC057|Tarsalis|2024|37","FC-057","SW","FC",2024,37,2024-09-12,"L","Tarsalis","no culex",0
"FC057|Pipiens|2025|25","FC-057","SW","FC",2025,25,2025-06-19,"L","Pipiens","no mosquitoes",0
"FC057|Tarsalis|2025|25","FC-057","SW","FC",2025,25,2025-06-19,"L","Tarsalis","no mosquitoes",0
"FC057|Pipiens|2025|35","FC-057","SW","FC",2025,35,2025-08-28,"L","Pipiens","no culex",0
"FC057|Tarsalis|2025|35","FC-057","SW","FC",2025,35,2025-08-28,"L","Tarsalis","no culex",0
"FC058|Pipiens|2020|23","FC-058","SW","FC",2020,23,2020-06-02,"L","Pipiens","no mosquitoes",0
"FC058|Tarsalis|2020|23","FC-058","SW","FC",2020,23,2020-06-02,"L","Tarsalis","no mosquitoes",0
"FC058|Pipiens|2020|24","FC-058","SW","FC",2020,24,2020-06-09,"L","Pipiens","no mosquitoes",0
"FC058|Tarsalis|2020|24","FC-058","SW","FC",2020,24,2020-06-09,"L","Tarsalis","no mosquitoes",0
"FC058|Pipiens|2020|26","FC-058","SW","FC",2020,26,2020-06-23,"L","Pipiens","no culex",0
"FC058|Tarsalis|2020|26","FC-058","SW","FC",2020,26,2020-06-23,"L","Tarsalis","no culex",0
"FC058|Pipiens|2020|29","FC-058","SW","FC",2020,29,2020-07-14,"L","Pipiens","no culex",0
"FC058|Tarsalis|2020|29","FC-058","SW","FC",2020,29,2020-07-14,"L","Tarsalis","no culex",0
"FC058|Pipiens|2020|32","FC-058","SW","FC",2020,32,2020-08-04,"L","Pipiens","no culex",0
"FC058|Tarsalis|2020|32","FC-058","SW","FC",2020,32,2020-08-04,"L","Tarsalis","no culex",0
"FC058|Pipiens|2021|25","FC-058","SW","FC",2021,25,2021-06-22,"L","Pipiens","no culex",0
"FC058|Tarsalis|2021|25","FC-058","SW","FC",2021,25,2021-06-22,"L","Tarsalis","no culex",0
"FC058|Pipiens|2022|22","FC-058","SW","FC",2022,22,2022-05-31,"L","Pipiens","no mosquitoes",0
"FC058|Tarsalis|2022|22","FC-058","SW","FC",2022,22,2022-05-31,"L","Tarsalis","no mosquitoes",0
"FC058|Pipiens|2022|23","FC-058","SW","FC",2022,23,2022-06-07,"L","Pipiens","no culex",0
"FC058|Tarsalis|2022|23","FC-058","SW","FC",2022,23,2022-06-07,"L","Tarsalis","no culex",0
"FC058|Pipiens|2022|24","FC-058","SW","FC",2022,24,2022-06-14,"L","Pipiens","no culex",0
"FC058|Tarsalis|2022|24","FC-058","SW","FC",2022,24,2022-06-14,"L","Tarsalis","no culex",0
"FC058|Pipiens|2022|25","FC-058","SW","FC",2022,25,2022-06-21,"L","Pipiens","no culex",0
"FC058|Tarsalis|2022|25","FC-058","SW","FC",2022,25,2022-06-21,"L","Tarsalis","no culex",0
"FC058|Pipiens|2022|26","FC-058","SW","FC",2022,26,2022-06-28,"L","Pipiens","no culex",0
"FC058|Tarsalis|2022|26","FC-058","SW","FC",2022,26,2022-06-28,"L","Tarsalis","no culex",0
"FC058|Pipiens|2022|37","FC-058","SW","FC",2022,37,2022-09-13,"L","Pipiens","malfunction",NA
"FC058|Tarsalis|2022|37","FC-058","SW","FC",2022,37,2022-09-13,"L","Tarsalis","malfunction",NA
"FC058|Pipiens|2023|24","FC-058","SW","FC",2023,24,2023-06-13,"L","Pipiens","no culex",0
"FC058|Tarsalis|2023|24","FC-058","SW","FC",2023,24,2023-06-13,"L","Tarsalis","no culex",0
"FC058|Pipiens|2023|36","FC-058","SW","FC",2023,36,2023-09-06,"L","Pipiens","no culex",0
"FC058|Tarsalis|2023|36","FC-058","SW","FC",2023,36,2023-09-06,"L","Tarsalis","no culex",0
"FC058|Pipiens|2023|37","FC-058","SW","FC",2023,37,2023-09-11,"L","Pipiens","no culex",0
"FC058|Tarsalis|2023|37","FC-058","SW","FC",2023,37,2023-09-11,"L","Tarsalis","no culex",0
"FC058|Pipiens|2024|24","FC-058","SW","FC",2024,24,2024-06-11,"L","Pipiens","no culex",0
"FC058|Tarsalis|2024|24","FC-058","SW","FC",2024,24,2024-06-11,"L","Tarsalis","no culex",0
"FC058|Pipiens|2024|27","FC-058","SW","FC",2024,27,2024-07-02,"L","Pipiens","no mosquitoes",0
"FC058|Tarsalis|2024|27","FC-058","SW","FC",2024,27,2024-07-02,"L","Tarsalis","no mosquitoes",0
"FC058|Pipiens|2024|37","FC-058","SW","FC",2024,37,2024-09-11,"L","Pipiens","no culex",0
"FC058|Tarsalis|2024|37","FC-058","SW","FC",2024,37,2024-09-11,"L","Tarsalis","no culex",0
"FC059|Pipiens|2020|24","FC-059","SE","FC",2020,24,2020-06-08,"L","Pipiens","no culex",0
"FC059|Tarsalis|2020|24","FC-059","SE","FC",2020,24,2020-06-08,"L","Tarsalis","no culex",0
"FC059|Pipiens|2020|36","FC-059","SE","FC",2020,36,2020-08-31,"L","Pipiens","no culex",0
"FC059|Tarsalis|2020|36","FC-059","SE","FC",2020,36,2020-08-31,"L","Tarsalis","no culex",0
"FC059|Pipiens|2024|23","FC-059","SE","FC",2024,23,2024-06-03,"L","Pipiens","no mosquitoes",0
"FC059|Tarsalis|2024|23","FC-059","SE","FC",2024,23,2024-06-03,"L","Tarsalis","no mosquitoes",0
"FC059|Pipiens|2024|24","FC-059","SE","FC",2024,24,2024-06-10,"L","Pipiens","no culex",0
"FC059|Tarsalis|2024|24","FC-059","SE","FC",2024,24,2024-06-10,"L","Tarsalis","no culex",0
"FC059|Pipiens|2024|27","FC-059","SE","FC",2024,27,2024-07-02,"L","Pipiens","no culex",0
"FC059|Tarsalis|2024|27","FC-059","SE","FC",2024,27,2024-07-02,"L","Tarsalis","no culex",0
"FC059|Pipiens|2024|28","FC-059","SE","FC",2024,28,2024-07-09,"L","Pipiens","no mosquitoes",0
"FC059|Tarsalis|2024|28","FC-059","SE","FC",2024,28,2024-07-09,"L","Tarsalis","no mosquitoes",0
"FC059|Pipiens|2024|35","FC-059","SE","FC",2024,35,2024-08-27,"L","Pipiens","no culex",0
"FC059|Tarsalis|2024|35","FC-059","SE","FC",2024,35,2024-08-27,"L","Tarsalis","no culex",0
"FC059|Pipiens|2025|26","FC-059","SE","FC",2025,26,2025-06-24,"L","Pipiens","no mosquitoes",0
"FC059|Tarsalis|2025|26","FC-059","SE","FC",2025,26,2025-06-24,"L","Tarsalis","no mosquitoes",0
"FC059|Pipiens|2025|29","FC-059","SE","FC",2025,29,2025-07-15,"L","Pipiens","no mosquitoes",0
"FC059|Tarsalis|2025|29","FC-059","SE","FC",2025,29,2025-07-15,"L","Tarsalis","no mosquitoes",0
"FC060|Pipiens|2020|24","FC-060","NW","FC",2020,24,2020-06-09,"L","Pipiens","no mosquitoes",0
"FC060|Tarsalis|2020|24","FC-060","NW","FC",2020,24,2020-06-09,"L","Tarsalis","no mosquitoes",0
"FC060|Pipiens|2020|25","FC-060","NW","FC",2020,25,2020-06-16,"L","Pipiens","no culex",0
"FC060|Tarsalis|2020|25","FC-060","NW","FC",2020,25,2020-06-16,"L","Tarsalis","no culex",0
"FC060|Pipiens|2022|22","FC-060","NW","FC",2022,22,2022-05-31,"L","Pipiens","no mosquitoes",0
"FC060|Tarsalis|2022|22","FC-060","NW","FC",2022,22,2022-05-31,"L","Tarsalis","no mosquitoes",0
"FC060|Pipiens|2022|23","FC-060","NW","FC",2022,23,2022-06-07,"L","Pipiens","no mosquitoes",0
"FC060|Tarsalis|2022|23","FC-060","NW","FC",2022,23,2022-06-07,"L","Tarsalis","no mosquitoes",0
"FC060|Pipiens|2022|25","FC-060","NW","FC",2022,25,2022-06-21,"L","Pipiens","no culex",0
"FC060|Tarsalis|2022|25","FC-060","NW","FC",2022,25,2022-06-21,"L","Tarsalis","no culex",0
"FC060|Pipiens|2022|30","FC-060","NW","FC",2022,30,2022-07-26,"L","Pipiens","no culex",0
"FC060|Tarsalis|2022|30","FC-060","NW","FC",2022,30,2022-07-26,"L","Tarsalis","no culex",0
"FC060|Pipiens|2023|29","FC-060","NW","FC",2023,29,2023-07-18,"L","Pipiens","no mosquitoes",0
"FC060|Tarsalis|2023|29","FC-060","NW","FC",2023,29,2023-07-18,"L","Tarsalis","no mosquitoes",0
"FC060|Pipiens|2023|35","FC-060","NW","FC",2023,35,2023-08-29,"L","Pipiens","no mosquitoes",0
"FC060|Tarsalis|2023|35","FC-060","NW","FC",2023,35,2023-08-29,"L","Tarsalis","no mosquitoes",0
"FC060|Pipiens|2023|36","FC-060","NW","FC",2023,36,2023-09-06,"L","Pipiens","malfunction",NA
"FC060|Tarsalis|2023|36","FC-060","NW","FC",2023,36,2023-09-06,"L","Tarsalis","malfunction",NA
"FC060|Pipiens|2025|28","FC-060","NW","FC",2025,28,2025-07-09,"L","Pipiens","malfunction",NA
"FC060|Tarsalis|2025|28","FC-060","NW","FC",2025,28,2025-07-09,"L","Tarsalis","malfunction",NA
"FC060|Pipiens|2025|31","FC-060","NW","FC",2025,31,2025-07-30,"L","Pipiens","no mosquitoes",0
"FC060|Tarsalis|2025|31","FC-060","NW","FC",2025,31,2025-07-30,"L","Tarsalis","no mosquitoes",0
"FC061|Pipiens|2020|23","FC-061","NW","FC",2020,23,2020-06-02,"L","Pipiens","no culex",0
"FC061|Tarsalis|2020|23","FC-061","NW","FC",2020,23,2020-06-02,"L","Tarsalis","no culex",0
"FC061|Pipiens|2020|24","FC-061","NW","FC",2020,24,2020-06-09,"L","Pipiens","no culex",0
"FC061|Tarsalis|2020|24","FC-061","NW","FC",2020,24,2020-06-09,"L","Tarsalis","no culex",0
"FC061|Pipiens|2020|25","FC-061","NW","FC",2020,25,2020-06-16,"L","Pipiens","no culex",0
"FC061|Tarsalis|2020|25","FC-061","NW","FC",2020,25,2020-06-16,"L","Tarsalis","no culex",0
"FC061|Pipiens|2020|35","FC-061","NW","FC",2020,35,2020-08-25,"L","Pipiens","no mosquitoes",0
"FC061|Tarsalis|2020|35","FC-061","NW","FC",2020,35,2020-08-25,"L","Tarsalis","no mosquitoes",0
"FC061|Pipiens|2022|22","FC-061","NW","FC",2022,22,2022-05-31,"L","Pipiens","no culex",0
"FC061|Tarsalis|2022|22","FC-061","NW","FC",2022,22,2022-05-31,"L","Tarsalis","no culex",0
"FC062|Pipiens|2020|24","FC-062","SW","FC",2020,24,2020-06-10,"L","Pipiens","no culex",0
"FC062|Tarsalis|2020|24","FC-062","SW","FC",2020,24,2020-06-10,"L","Tarsalis","no culex",0
"FC062|Pipiens|2020|26","FC-062","SW","FC",2020,26,2020-06-24,"L","Pipiens","no culex",0
"FC062|Tarsalis|2020|26","FC-062","SW","FC",2020,26,2020-06-24,"L","Tarsalis","no culex",0
"FC062|Pipiens|2020|35","FC-062","SW","FC",2020,35,2020-08-26,"L","Pipiens","no mosquitoes",0
"FC062|Tarsalis|2020|35","FC-062","SW","FC",2020,35,2020-08-26,"L","Tarsalis","no mosquitoes",0
"FC062|Pipiens|2021|35","FC-062","SW","FC",2021,35,2021-09-01,"L","Pipiens","no culex",0
"FC062|Tarsalis|2021|35","FC-062","SW","FC",2021,35,2021-09-01,"L","Tarsalis","no culex",0
"FC062|Pipiens|2022|22","FC-062","SW","FC",2022,22,2022-06-02,"L","Pipiens","no culex",0
"FC062|Tarsalis|2022|22","FC-062","SW","FC",2022,22,2022-06-02,"L","Tarsalis","no culex",0
"FC062|Pipiens|2022|24","FC-062","SW","FC",2022,24,2022-06-15,"L","Pipiens","no culex",0
"FC062|Tarsalis|2022|24","FC-062","SW","FC",2022,24,2022-06-15,"L","Tarsalis","no culex",0
"FC062|Pipiens|2022|25","FC-062","SW","FC",2022,25,2022-06-22,"L","Pipiens","no culex",0
"FC062|Tarsalis|2022|25","FC-062","SW","FC",2022,25,2022-06-22,"L","Tarsalis","no culex",0
"FC062|Pipiens|2023|30","FC-062","SW","FC",2023,30,2023-07-25,"L","Pipiens","malfunction",NA
"FC062|Tarsalis|2023|30","FC-062","SW","FC",2023,30,2023-07-25,"L","Tarsalis","malfunction",NA
"FC062|Pipiens|2023|32","FC-062","SW","FC",2023,32,2023-08-07,"L","Pipiens","malfunction",NA
"FC062|Tarsalis|2023|32","FC-062","SW","FC",2023,32,2023-08-07,"L","Tarsalis","malfunction",NA
"FC062|Pipiens|2024|23","FC-062","SW","FC",2024,23,2024-06-05,"L","Pipiens","no culex",0
"FC062|Tarsalis|2024|23","FC-062","SW","FC",2024,23,2024-06-05,"L","Tarsalis","no culex",0
"FC062|Pipiens|2024|25","FC-062","SW","FC",2024,25,2024-06-20,"L","Pipiens","no culex",0
"FC062|Tarsalis|2024|25","FC-062","SW","FC",2024,25,2024-06-20,"L","Tarsalis","no culex",0
"FC062|Pipiens|2024|28","FC-062","SW","FC",2024,28,2024-07-11,"L","Pipiens","malfunction",NA
"FC062|Tarsalis|2024|28","FC-062","SW","FC",2024,28,2024-07-11,"L","Tarsalis","malfunction",NA
"FC062|Pipiens|2024|37","FC-062","SW","FC",2024,37,2024-09-12,"L","Pipiens","no culex",0
"FC062|Tarsalis|2024|37","FC-062","SW","FC",2024,37,2024-09-12,"L","Tarsalis","no culex",0
"FC063|Pipiens|2020|24","FC-063","NW","FC",2020,24,2020-06-09,"L","Pipiens","no culex",0
"FC063|Tarsalis|2020|24","FC-063","NW","FC",2020,24,2020-06-09,"L","Tarsalis","no culex",0
"FC063|Pipiens|2020|25","FC-063","NW","FC",2020,25,2020-06-16,"L","Pipiens","no culex",0
"FC063|Tarsalis|2020|25","FC-063","NW","FC",2020,25,2020-06-16,"L","Tarsalis","no culex",0
"FC063|Pipiens|2020|26","FC-063","NW","FC",2020,26,2020-06-23,"L","Pipiens","no culex",0
"FC063|Tarsalis|2020|26","FC-063","NW","FC",2020,26,2020-06-23,"L","Tarsalis","no culex",0
"FC063|Pipiens|2020|28","FC-063","NW","FC",2020,28,2020-07-07,"L","Pipiens","no culex",0
"FC063|Tarsalis|2020|28","FC-063","NW","FC",2020,28,2020-07-07,"L","Tarsalis","no culex",0
"FC063|Pipiens|2022|22","FC-063","NW","FC",2022,22,2022-05-31,"L","Pipiens","no culex",0
"FC063|Tarsalis|2022|22","FC-063","NW","FC",2022,22,2022-05-31,"L","Tarsalis","no culex",0
"FC063|Pipiens|2022|25","FC-063","NW","FC",2022,25,2022-06-21,"L","Pipiens","no culex",0
"FC063|Tarsalis|2022|25","FC-063","NW","FC",2022,25,2022-06-21,"L","Tarsalis","no culex",0
"FC063|Pipiens|2022|26","FC-063","NW","FC",2022,26,2022-06-28,"L","Pipiens","no culex",0
"FC063|Tarsalis|2022|26","FC-063","NW","FC",2022,26,2022-06-28,"L","Tarsalis","no culex",0
"FC063|Pipiens|2023|23","FC-063","NW","FC",2023,23,2023-06-06,"L","Pipiens","no culex",0
"FC063|Tarsalis|2023|23","FC-063","NW","FC",2023,23,2023-06-06,"L","Tarsalis","no culex",0
"FC063|Pipiens|2023|24","FC-063","NW","FC",2023,24,2023-06-13,"L","Pipiens","no culex",0
"FC063|Tarsalis|2023|24","FC-063","NW","FC",2023,24,2023-06-13,"L","Tarsalis","no culex",0
"FC063|Pipiens|2023|25","FC-063","NW","FC",2023,25,2023-06-20,"L","Pipiens","no culex",0
"FC063|Tarsalis|2023|25","FC-063","NW","FC",2023,25,2023-06-20,"L","Tarsalis","no culex",0
"FC063|Pipiens|2023|31","FC-063","NW","FC",2023,31,2023-08-01,"L","Pipiens","no mosquitoes",0
"FC063|Tarsalis|2023|31","FC-063","NW","FC",2023,31,2023-08-01,"L","Tarsalis","no mosquitoes",0
"FC063|Pipiens|2023|32","FC-063","NW","FC",2023,32,2023-08-07,"L","Pipiens","no culex",0
"FC063|Tarsalis|2023|32","FC-063","NW","FC",2023,32,2023-08-07,"L","Tarsalis","no culex",0
"FC063|Pipiens|2024|24","FC-063","NW","FC",2024,24,2024-06-11,"L","Pipiens","no culex",0
"FC063|Tarsalis|2024|24","FC-063","NW","FC",2024,24,2024-06-11,"L","Tarsalis","no culex",0
"FC063|Pipiens|2024|25","FC-063","NW","FC",2024,25,2024-06-19,"L","Pipiens","no culex",0
"FC063|Tarsalis|2024|25","FC-063","NW","FC",2024,25,2024-06-19,"L","Tarsalis","no culex",0
"FC063|Pipiens|2024|27","FC-063","NW","FC",2024,27,2024-07-02,"L","Pipiens","no culex",0
"FC063|Tarsalis|2024|27","FC-063","NW","FC",2024,27,2024-07-02,"L","Tarsalis","no culex",0
"FC063|Pipiens|2024|36","FC-063","NW","FC",2024,36,2024-09-04,"L","Pipiens","no mosquitoes",0
"FC063|Tarsalis|2024|36","FC-063","NW","FC",2024,36,2024-09-04,"L","Tarsalis","no mosquitoes",0
"FC063|Pipiens|2025|34","FC-063","NW","FC",2025,34,2025-08-20,"L","Pipiens","no culex",0
"FC063|Tarsalis|2025|34","FC-063","NW","FC",2025,34,2025-08-20,"L","Tarsalis","no culex",0
"FC063GR|Pipiens|2022|22","FC-063GR","NW","FC",2022,22,2022-06-01,"G","Pipiens","no mosquitoes",0
"FC063GR|Tarsalis|2022|22","FC-063GR","NW","FC",2022,22,2022-06-01,"G","Tarsalis","no mosquitoes",0
"FC063GR|Pipiens|2022|25","FC-063GR","NW","FC",2022,25,2022-06-21,"G","Pipiens","no mosquitoes",0
"FC063GR|Tarsalis|2022|25","FC-063GR","NW","FC",2022,25,2022-06-21,"G","Tarsalis","no mosquitoes",0
"FC063GR|Pipiens|2023|27","FC-063GR","NW","FC",2023,27,2023-07-05,"G","Pipiens","no culex",0
"FC063GR|Tarsalis|2023|27","FC-063GR","NW","FC",2023,27,2023-07-05,"G","Tarsalis","no culex",0
"FC063GR|Pipiens|2024|23","FC-063GR","NW","FC",2024,23,2024-06-04,"G","Pipiens","no culex",0
"FC063GR|Tarsalis|2024|23","FC-063GR","NW","FC",2024,23,2024-06-04,"G","Tarsalis","no culex",0
"FC063GR|Pipiens|2024|25","FC-063GR","NW","FC",2024,25,2024-06-19,"G","Pipiens","no culex",0
"FC063GR|Tarsalis|2024|25","FC-063GR","NW","FC",2024,25,2024-06-19,"G","Tarsalis","no culex",0
"FC063GR|Pipiens|2025|25","FC-063GR","NW","FC",2025,25,2025-06-18,"G","Pipiens","no culex",0
"FC063GR|Tarsalis|2025|25","FC-063GR","NW","FC",2025,25,2025-06-18,"G","Tarsalis","no culex",0
"FC064|Pipiens|2020|24","FC-064","SE","FC",2020,24,2020-06-08,"L","Pipiens","no mosquitoes",0
"FC064|Tarsalis|2020|24","FC-064","SE","FC",2020,24,2020-06-08,"L","Tarsalis","no mosquitoes",0
"FC064|Pipiens|2023|36","FC-064","SE","FC",2023,36,2023-09-05,"L","Pipiens","no mosquitoes",0
"FC064|Tarsalis|2023|36","FC-064","SE","FC",2023,36,2023-09-05,"L","Tarsalis","no mosquitoes",0
"FC064|Pipiens|2024|23","FC-064","SE","FC",2024,23,2024-06-03,"L","Pipiens","no culex",0
"FC064|Tarsalis|2024|23","FC-064","SE","FC",2024,23,2024-06-03,"L","Tarsalis","no culex",0
"FC064|Pipiens|2024|24","FC-064","SE","FC",2024,24,2024-06-10,"L","Pipiens","no culex",0
"FC064|Tarsalis|2024|24","FC-064","SE","FC",2024,24,2024-06-10,"L","Tarsalis","no culex",0
"FC066|Pipiens|2020|23","FC-066","NE","FC",2020,23,2020-06-07,"L","Pipiens","no culex",0
"FC066|Tarsalis|2020|23","FC-066","NE","FC",2020,23,2020-06-07,"L","Tarsalis","no culex",0
"FC066|Pipiens|2020|35","FC-066","NE","FC",2020,35,2020-08-30,"L","Pipiens","no culex",0
"FC066|Tarsalis|2020|35","FC-066","NE","FC",2020,35,2020-08-30,"L","Tarsalis","no culex",0
"FC066|Pipiens|2025|32","FC-066","NE","FC",2025,32,2025-08-04,"L","Pipiens","no mosquitoes",0
"FC066|Tarsalis|2025|32","FC-066","NE","FC",2025,32,2025-08-04,"L","Tarsalis","no mosquitoes",0
"FC066GR|Pipiens|2020|22","FC-066GR","NE","FC",2020,22,2020-05-31,"G","Pipiens","no mosquitoes",0
"FC066GR|Tarsalis|2020|22","FC-066GR","NE","FC",2020,22,2020-05-31,"G","Tarsalis","no mosquitoes",0
"FC066GR|Pipiens|2022|25","FC-066GR","NE","FC",2022,25,2022-06-26,"G","Pipiens","no mosquitoes",0
"FC066GR|Tarsalis|2022|25","FC-066GR","NE","FC",2022,25,2022-06-26,"G","Tarsalis","no mosquitoes",0
"FC066GR|Pipiens|2022|31","FC-066GR","NE","FC",2022,31,2022-08-07,"G","Pipiens","malfunction",NA
"FC066GR|Tarsalis|2022|31","FC-066GR","NE","FC",2022,31,2022-08-07,"G","Tarsalis","malfunction",NA
"FC066GR|Pipiens|2023|23","FC-066GR","NE","FC",2023,23,2023-06-11,"G","Pipiens","no culex",0
"FC066GR|Tarsalis|2023|23","FC-066GR","NE","FC",2023,23,2023-06-11,"G","Tarsalis","no culex",0
"FC066GR|Pipiens|2023|37","FC-066GR","NE","FC",2023,37,2023-09-11,"G","Pipiens","no mosquitoes",0
"FC066GR|Tarsalis|2023|37","FC-066GR","NE","FC",2023,37,2023-09-11,"G","Tarsalis","no mosquitoes",0
"FC066GR|Pipiens|2024|23","FC-066GR","NE","FC",2024,23,2024-06-09,"G","Pipiens","no culex",0
"FC066GR|Tarsalis|2024|23","FC-066GR","NE","FC",2024,23,2024-06-09,"G","Tarsalis","no culex",0
"FC066GR|Pipiens|2024|25","FC-066GR","NE","FC",2024,25,2024-06-17,"G","Pipiens","no culex",0
"FC066GR|Tarsalis|2024|25","FC-066GR","NE","FC",2024,25,2024-06-17,"G","Tarsalis","no culex",0
"FC066GR|Pipiens|2025|26","FC-066GR","NE","FC",2025,26,2025-06-23,"G","Pipiens","no culex",0
"FC066GR|Tarsalis|2025|26","FC-066GR","NE","FC",2025,26,2025-06-23,"G","Tarsalis","no culex",0
"FC067|Pipiens|2020|33","FC-067","NE","FC",2020,33,2020-08-16,"L","Pipiens","malfunction",NA
"FC067|Tarsalis|2020|33","FC-067","NE","FC",2020,33,2020-08-16,"L","Tarsalis","malfunction",NA
"FC067|Pipiens|2020|35","FC-067","NE","FC",2020,35,2020-08-30,"L","Pipiens","no mosquitoes",0
"FC067|Tarsalis|2020|35","FC-067","NE","FC",2020,35,2020-08-30,"L","Tarsalis","no mosquitoes",0
"FC067|Pipiens|2021|24","FC-067","NE","FC",2021,24,2021-06-20,"L","Pipiens","no mosquitoes",0
"FC067|Tarsalis|2021|24","FC-067","NE","FC",2021,24,2021-06-20,"L","Tarsalis","no mosquitoes",0
"FC067|Pipiens|2021|36","FC-067","NE","FC",2021,36,2021-09-06,"L","Pipiens","no mosquitoes",0
"FC067|Tarsalis|2021|36","FC-067","NE","FC",2021,36,2021-09-06,"L","Tarsalis","no mosquitoes",0
"FC067|Pipiens|2022|22","FC-067","NE","FC",2022,22,2022-06-05,"L","Pipiens","no culex",0
"FC067|Tarsalis|2022|22","FC-067","NE","FC",2022,22,2022-06-05,"L","Tarsalis","no culex",0
"FC067|Pipiens|2023|22","FC-067","NE","FC",2023,22,2023-06-04,"L","Pipiens","no culex",0
"FC067|Tarsalis|2023|22","FC-067","NE","FC",2023,22,2023-06-04,"L","Tarsalis","no culex",0
"FC067|Pipiens|2023|36","FC-067","NE","FC",2023,36,2023-09-04,"L","Pipiens","no mosquitoes",0
"FC067|Tarsalis|2023|36","FC-067","NE","FC",2023,36,2023-09-04,"L","Tarsalis","no mosquitoes",0
"FC067|Pipiens|2023|37","FC-067","NE","FC",2023,37,2023-09-11,"L","Pipiens","no mosquitoes",0
"FC067|Tarsalis|2023|37","FC-067","NE","FC",2023,37,2023-09-11,"L","Tarsalis","no mosquitoes",0
"FC067|Pipiens|2024|22","FC-067","NE","FC",2024,22,2024-06-02,"L","Pipiens","no culex",0
"FC067|Tarsalis|2024|22","FC-067","NE","FC",2024,22,2024-06-02,"L","Tarsalis","no culex",0
"FC067|Pipiens|2024|23","FC-067","NE","FC",2024,23,2024-06-09,"L","Pipiens","no culex",0
"FC067|Tarsalis|2024|23","FC-067","NE","FC",2024,23,2024-06-09,"L","Tarsalis","no culex",0
"FC067|Pipiens|2024|35","FC-067","NE","FC",2024,35,2024-08-26,"L","Pipiens","no culex",0
"FC067|Tarsalis|2024|35","FC-067","NE","FC",2024,35,2024-08-26,"L","Tarsalis","no culex",0
"FC068|Pipiens|2020|23","FC-068","SW","FC",2020,23,2020-06-03,"L","Pipiens","no culex",0
"FC068|Tarsalis|2020|23","FC-068","SW","FC",2020,23,2020-06-03,"L","Tarsalis","no culex",0
"FC068|Pipiens|2020|25","FC-068","SW","FC",2020,25,2020-06-17,"L","Pipiens","no culex",0
"FC068|Tarsalis|2020|25","FC-068","SW","FC",2020,25,2020-06-17,"L","Tarsalis","no culex",0
"FC068|Pipiens|2020|26","FC-068","SW","FC",2020,26,2020-06-24,"L","Pipiens","no mosquitoes",0
"FC068|Tarsalis|2020|26","FC-068","SW","FC",2020,26,2020-06-24,"L","Tarsalis","no mosquitoes",0
"FC068|Pipiens|2020|28","FC-068","SW","FC",2020,28,2020-07-08,"L","Pipiens","no mosquitoes",0
"FC068|Tarsalis|2020|28","FC-068","SW","FC",2020,28,2020-07-08,"L","Tarsalis","no mosquitoes",0
"FC068|Pipiens|2021|29","FC-068","SW","FC",2021,29,2021-07-21,"L","Pipiens","no culex",0
"FC068|Tarsalis|2021|29","FC-068","SW","FC",2021,29,2021-07-21,"L","Tarsalis","no culex",0
"FC068|Pipiens|2022|22","FC-068","SW","FC",2022,22,2022-06-02,"L","Pipiens","no mosquitoes",0
"FC068|Tarsalis|2022|22","FC-068","SW","FC",2022,22,2022-06-02,"L","Tarsalis","no mosquitoes",0
"FC068|Pipiens|2022|24","FC-068","SW","FC",2022,24,2022-06-15,"L","Pipiens","no culex",0
"FC068|Tarsalis|2022|24","FC-068","SW","FC",2022,24,2022-06-15,"L","Tarsalis","no culex",0
"FC068|Pipiens|2023|23","FC-068","SW","FC",2023,23,2023-06-07,"L","Pipiens","no culex",0
"FC068|Tarsalis|2023|23","FC-068","SW","FC",2023,23,2023-06-07,"L","Tarsalis","no culex",0
"FC068|Pipiens|2023|36","FC-068","SW","FC",2023,36,2023-09-05,"L","Pipiens","no culex",0
"FC068|Tarsalis|2023|36","FC-068","SW","FC",2023,36,2023-09-05,"L","Tarsalis","no culex",0
"FC068|Pipiens|2023|37","FC-068","SW","FC",2023,37,2023-09-12,"L","Pipiens","no culex",0
"FC068|Tarsalis|2023|37","FC-068","SW","FC",2023,37,2023-09-12,"L","Tarsalis","no culex",0
"FC068|Pipiens|2024|24","FC-068","SW","FC",2024,24,2024-06-12,"L","Pipiens","no culex",0
"FC068|Tarsalis|2024|24","FC-068","SW","FC",2024,24,2024-06-12,"L","Tarsalis","no culex",0
"FC068|Pipiens|2024|25","FC-068","SW","FC",2024,25,2024-06-20,"L","Pipiens","no culex",0
"FC068|Tarsalis|2024|25","FC-068","SW","FC",2024,25,2024-06-20,"L","Tarsalis","no culex",0
"FC068|Pipiens|2024|30","FC-068","SW","FC",2024,30,2024-07-25,"L","Pipiens","no mosquitoes",0
"FC068|Tarsalis|2024|30","FC-068","SW","FC",2024,30,2024-07-25,"L","Tarsalis","no mosquitoes",0
"FC068|Pipiens|2025|32","FC-068","SW","FC",2025,32,2025-08-07,"L","Pipiens","no mosquitoes",0
"FC068|Tarsalis|2025|32","FC-068","SW","FC",2025,32,2025-08-07,"L","Tarsalis","no mosquitoes",0
"FC069|Pipiens|2022|22","FC-069","NE","FC",2022,22,2022-06-05,"L","Pipiens","no culex",0
"FC069|Tarsalis|2022|22","FC-069","NE","FC",2022,22,2022-06-05,"L","Tarsalis","no culex",0
"FC069|Pipiens|2023|37","FC-069","NE","FC",2023,37,2023-09-11,"L","Pipiens","no mosquitoes",0
"FC069|Tarsalis|2023|37","FC-069","NE","FC",2023,37,2023-09-11,"L","Tarsalis","no mosquitoes",0
"FC069|Pipiens|2024|22","FC-069","NE","FC",2024,22,2024-06-02,"L","Pipiens","no culex",0
"FC069|Tarsalis|2024|22","FC-069","NE","FC",2024,22,2024-06-02,"L","Tarsalis","no culex",0
"FC069|Pipiens|2024|29","FC-069","NE","FC",2024,29,2024-07-15,"L","Pipiens","malfunction",NA
"FC069|Tarsalis|2024|29","FC-069","NE","FC",2024,29,2024-07-15,"L","Tarsalis","malfunction",NA
"FC069|Pipiens|2025|30","FC-069","NE","FC",2025,30,2025-07-21,"L","Pipiens","no mosquitoes",0
"FC069|Tarsalis|2025|30","FC-069","NE","FC",2025,30,2025-07-21,"L","Tarsalis","no mosquitoes",0
"FC069|Pipiens|2025|33","FC-069","NE","FC",2025,33,2025-08-11,"L","Pipiens","no culex",0
"FC069|Tarsalis|2025|33","FC-069","NE","FC",2025,33,2025-08-11,"L","Tarsalis","no culex",0
"FC071|Pipiens|2020|23","FC-071","SW","FC",2020,23,2020-06-03,"L","Pipiens","malfunction",NA
"FC071|Tarsalis|2020|23","FC-071","SW","FC",2020,23,2020-06-03,"L","Tarsalis","malfunction",NA
"FC071|Pipiens|2020|24","FC-071","SW","FC",2020,24,2020-06-10,"L","Pipiens","no culex",0
"FC071|Tarsalis|2020|24","FC-071","SW","FC",2020,24,2020-06-10,"L","Tarsalis","no culex",0
"FC071|Pipiens|2020|25","FC-071","SW","FC",2020,25,2020-06-17,"L","Pipiens","no culex",0
"FC071|Tarsalis|2020|25","FC-071","SW","FC",2020,25,2020-06-17,"L","Tarsalis","no culex",0
"FC071|Pipiens|2020|26","FC-071","SW","FC",2020,26,2020-06-24,"L","Pipiens","no culex",0
"FC071|Tarsalis|2020|26","FC-071","SW","FC",2020,26,2020-06-24,"L","Tarsalis","no culex",0
"FC071|Pipiens|2020|30","FC-071","SW","FC",2020,30,2020-07-22,"L","Pipiens","no culex",0
"FC071|Tarsalis|2020|30","FC-071","SW","FC",2020,30,2020-07-22,"L","Tarsalis","no culex",0
"FC071|Pipiens|2020|36","FC-071","SW","FC",2020,36,2020-09-02,"L","Pipiens","no mosquitoes",0
"FC071|Tarsalis|2020|36","FC-071","SW","FC",2020,36,2020-09-02,"L","Tarsalis","no mosquitoes",0
"FC071|Pipiens|2021|28","FC-071","SW","FC",2021,28,2021-07-14,"L","Pipiens","no mosquitoes",0
"FC071|Tarsalis|2021|28","FC-071","SW","FC",2021,28,2021-07-14,"L","Tarsalis","no mosquitoes",0
"FC071|Pipiens|2021|29","FC-071","SW","FC",2021,29,2021-07-21,"L","Pipiens","no culex",0
"FC071|Tarsalis|2021|29","FC-071","SW","FC",2021,29,2021-07-21,"L","Tarsalis","no culex",0
"FC071|Pipiens|2021|33","FC-071","SW","FC",2021,33,2021-08-18,"L","Pipiens","no culex",0
"FC071|Tarsalis|2021|33","FC-071","SW","FC",2021,33,2021-08-18,"L","Tarsalis","no culex",0
"FC071|Pipiens|2021|35","FC-071","SW","FC",2021,35,2021-09-01,"L","Pipiens","no mosquitoes",0
"FC071|Tarsalis|2021|35","FC-071","SW","FC",2021,35,2021-09-01,"L","Tarsalis","no mosquitoes",0
"FC071|Pipiens|2022|22","FC-071","SW","FC",2022,22,2022-06-02,"L","Pipiens","no culex",0
"FC071|Tarsalis|2022|22","FC-071","SW","FC",2022,22,2022-06-02,"L","Tarsalis","no culex",0
"FC071|Pipiens|2022|26","FC-071","SW","FC",2022,26,2022-06-29,"L","Pipiens","no culex",0
"FC071|Tarsalis|2022|26","FC-071","SW","FC",2022,26,2022-06-29,"L","Tarsalis","no culex",0
"FC071|Pipiens|2023|37","FC-071","SW","FC",2023,37,2023-09-12,"L","Pipiens","no culex",0
"FC071|Tarsalis|2023|37","FC-071","SW","FC",2023,37,2023-09-12,"L","Tarsalis","no culex",0
"FC071|Pipiens|2024|24","FC-071","SW","FC",2024,24,2024-06-12,"L","Pipiens","no culex",0
"FC071|Tarsalis|2024|24","FC-071","SW","FC",2024,24,2024-06-12,"L","Tarsalis","no culex",0
"FC071|Pipiens|2024|25","FC-071","SW","FC",2024,25,2024-06-20,"L","Pipiens","no culex",0
"FC071|Tarsalis|2024|25","FC-071","SW","FC",2024,25,2024-06-20,"L","Tarsalis","no culex",0
"FC071|Pipiens|2024|32","FC-071","SW","FC",2024,32,2024-08-08,"L","Pipiens","malfunction",NA
"FC071|Tarsalis|2024|32","FC-071","SW","FC",2024,32,2024-08-08,"L","Tarsalis","malfunction",NA
"FC071|Pipiens|2024|34","FC-071","SW","FC",2024,34,2024-08-22,"L","Pipiens","no culex",0
"FC071|Tarsalis|2024|34","FC-071","SW","FC",2024,34,2024-08-22,"L","Tarsalis","no culex",0
"FC071|Pipiens|2024|37","FC-071","SW","FC",2024,37,2024-09-12,"L","Pipiens","no mosquitoes",0
"FC071|Tarsalis|2024|37","FC-071","SW","FC",2024,37,2024-09-12,"L","Tarsalis","no mosquitoes",0
"FC072|Pipiens|2020|35","FC-072","NE","FC",2020,35,2020-08-30,"L","Pipiens","no culex",0
"FC072|Tarsalis|2020|35","FC-072","NE","FC",2020,35,2020-08-30,"L","Tarsalis","no culex",0
"FC072|Pipiens|2021|24","FC-072","NE","FC",2021,24,2021-06-20,"L","Pipiens","no mosquitoes",0
"FC072|Tarsalis|2021|24","FC-072","NE","FC",2021,24,2021-06-20,"L","Tarsalis","no mosquitoes",0
"FC072|Pipiens|2023|22","FC-072","NE","FC",2023,22,2023-06-04,"L","Pipiens","no culex",0
"FC072|Tarsalis|2023|22","FC-072","NE","FC",2023,22,2023-06-04,"L","Tarsalis","no culex",0
"FC072|Pipiens|2023|37","FC-072","NE","FC",2023,37,2023-09-11,"L","Pipiens","malfunction",NA
"FC072|Tarsalis|2023|37","FC-072","NE","FC",2023,37,2023-09-11,"L","Tarsalis","malfunction",NA
"FC072|Pipiens|2024|23","FC-072","NE","FC",2024,23,2024-06-09,"L","Pipiens","no mosquitoes",0
"FC072|Tarsalis|2024|23","FC-072","NE","FC",2024,23,2024-06-09,"L","Tarsalis","no mosquitoes",0
"FC073|Pipiens|2020|25","FC-073","NW","FC",2020,25,2020-06-16,"L","Pipiens","no culex",0
"FC073|Tarsalis|2020|25","FC-073","NW","FC",2020,25,2020-06-16,"L","Tarsalis","no culex",0
"FC073|Pipiens|2021|25","FC-073","NW","FC",2021,25,2021-06-22,"L","Pipiens","no culex",0
"FC073|Tarsalis|2021|25","FC-073","NW","FC",2021,25,2021-06-22,"L","Tarsalis","no culex",0
"FC073|Pipiens|2022|22","FC-073","NW","FC",2022,22,2022-05-31,"L","Pipiens","no mosquitoes",0
"FC073|Tarsalis|2022|22","FC-073","NW","FC",2022,22,2022-05-31,"L","Tarsalis","no mosquitoes",0
"FC073|Pipiens|2023|28","FC-073","NW","FC",2023,28,2023-07-11,"L","Pipiens","malfunction",NA
"FC073|Tarsalis|2023|28","FC-073","NW","FC",2023,28,2023-07-11,"L","Tarsalis","malfunction",NA
"FC073|Pipiens|2024|23","FC-073","NW","FC",2024,23,2024-06-04,"L","Pipiens","no culex",0
"FC073|Tarsalis|2024|23","FC-073","NW","FC",2024,23,2024-06-04,"L","Tarsalis","no culex",0
"FC073|Pipiens|2025|28","FC-073","NW","FC",2025,28,2025-07-09,"L","Pipiens","no mosquitoes",0
"FC073|Tarsalis|2025|28","FC-073","NW","FC",2025,28,2025-07-09,"L","Tarsalis","no mosquitoes",0
"FC074|Pipiens|2020|22","FC-074","SE","FC",2020,22,2020-05-27,"L","Pipiens","no culex",0
"FC074|Tarsalis|2020|22","FC-074","SE","FC",2020,22,2020-05-27,"L","Tarsalis","no culex",0
"FC074|Pipiens|2020|24","FC-074","SE","FC",2020,24,2020-06-08,"L","Pipiens","no mosquitoes",0
"FC074|Tarsalis|2020|24","FC-074","SE","FC",2020,24,2020-06-08,"L","Tarsalis","no mosquitoes",0
"FC074|Pipiens|2022|25","FC-074","SE","FC",2022,25,2022-06-20,"L","Pipiens","no culex",0
"FC074|Tarsalis|2022|25","FC-074","SE","FC",2022,25,2022-06-20,"L","Tarsalis","no culex",0
"FC074|Pipiens|2024|37","FC-074","SE","FC",2024,37,2024-09-10,"L","Pipiens","malfunction",NA
"FC074|Tarsalis|2024|37","FC-074","SE","FC",2024,37,2024-09-10,"L","Tarsalis","malfunction",NA
"FC074|Pipiens|2025|28","FC-074","SE","FC",2025,28,2025-07-08,"L","Pipiens","no mosquitoes",0
"FC074|Tarsalis|2025|28","FC-074","SE","FC",2025,28,2025-07-08,"L","Tarsalis","no mosquitoes",0
"FC075|Pipiens|2020|24","FC-075","SE","FC",2020,24,2020-06-08,"L","Pipiens","no mosquitoes",0
"FC075|Tarsalis|2020|24","FC-075","SE","FC",2020,24,2020-06-08,"L","Tarsalis","no mosquitoes",0
"FC075|Pipiens|2020|36","FC-075","SE","FC",2020,36,2020-08-31,"L","Pipiens","no mosquitoes",0
"FC075|Tarsalis|2020|36","FC-075","SE","FC",2020,36,2020-08-31,"L","Tarsalis","no mosquitoes",0
"FC075|Pipiens|2024|23","FC-075","SE","FC",2024,23,2024-06-03,"L","Pipiens","no culex",0
"FC075|Tarsalis|2024|23","FC-075","SE","FC",2024,23,2024-06-03,"L","Tarsalis","no culex",0
"FC075|Pipiens|2024|24","FC-075","SE","FC",2024,24,2024-06-10,"L","Pipiens","no culex",0
"FC075|Tarsalis|2024|24","FC-075","SE","FC",2024,24,2024-06-10,"L","Tarsalis","no culex",0
"FC075GR|Pipiens|2020|24","FC-075GR","SE","FC",2020,24,2020-06-08,"G","Pipiens","no mosquitoes",0
"FC075GR|Tarsalis|2020|24","FC-075GR","SE","FC",2020,24,2020-06-08,"G","Tarsalis","no mosquitoes",0
"FC075GR|Pipiens|2020|30","FC-075GR","SE","FC",2020,30,2020-07-20,"G","Pipiens","no mosquitoes",0
"FC075GR|Tarsalis|2020|30","FC-075GR","SE","FC",2020,30,2020-07-20,"G","Tarsalis","no mosquitoes",0
"FC075GR|Pipiens|2022|23","FC-075GR","SE","FC",2022,23,2022-06-06,"G","Pipiens","no mosquitoes",0
"FC075GR|Tarsalis|2022|23","FC-075GR","SE","FC",2022,23,2022-06-06,"G","Tarsalis","no mosquitoes",0
"FC075GR|Pipiens|2024|26","FC-075GR","SE","FC",2024,26,2024-06-25,"G","Pipiens","malfunction",NA
"FC075GR|Tarsalis|2024|26","FC-075GR","SE","FC",2024,26,2024-06-25,"G","Tarsalis","malfunction",NA
"FC088GR|Pipiens|2020|24","FC-088GR","SE","FC",2020,24,2020-06-08,"G","Pipiens","no mosquitoes",0
"FC088GR|Tarsalis|2020|24","FC-088GR","SE","FC",2020,24,2020-06-08,"G","Tarsalis","no mosquitoes",0
"FC088GR|Pipiens|2025|26","FC-088GR","SE","FC",2025,26,2025-06-24,"G","Pipiens","no culex",0
"FC088GR|Tarsalis|2025|26","FC-088GR","SE","FC",2025,26,2025-06-24,"G","Tarsalis","no culex",0
"FC089GR|Pipiens|2020|33","FC-089GR","SW","FC",2020,33,2020-08-12,"G","Pipiens","no mosquitoes",0
"FC089GR|Tarsalis|2020|33","FC-089GR","SW","FC",2020,33,2020-08-12,"G","Tarsalis","no mosquitoes",0
"FC089GR|Pipiens|2022|22","FC-089GR","SW","FC",2022,22,2022-06-02,"G","Pipiens","no mosquitoes",0
"FC089GR|Tarsalis|2022|22","FC-089GR","SW","FC",2022,22,2022-06-02,"G","Tarsalis","no mosquitoes",0
"FC090GR|Pipiens|2022|22","FC-090GR","NW","FC",2022,22,2022-05-31,"G","Pipiens","no mosquitoes",0
"FC090GR|Tarsalis|2022|22","FC-090GR","NW","FC",2022,22,2022-05-31,"G","Tarsalis","no mosquitoes",0
"FC090GR|Pipiens|2022|23","FC-090GR","NW","FC",2022,23,2022-06-07,"G","Pipiens","no mosquitoes",0
"FC090GR|Tarsalis|2022|23","FC-090GR","NW","FC",2022,23,2022-06-07,"G","Tarsalis","no mosquitoes",0
"FC090GR|Pipiens|2023|24","FC-090GR","NW","FC",2023,24,2023-06-13,"G","Pipiens","no mosquitoes",0
"FC090GR|Tarsalis|2023|24","FC-090GR","NW","FC",2023,24,2023-06-13,"G","Tarsalis","no mosquitoes",0
"FC090GR|Pipiens|2025|25","FC-090GR","NW","FC",2025,25,2025-06-18,"G","Pipiens","no mosquitoes",0
"FC090GR|Tarsalis|2025|25","FC-090GR","NW","FC",2025,25,2025-06-18,"G","Tarsalis","no mosquitoes",0
"FC091GR|Pipiens|2020|23","FC-091GR","NE","FC",2020,23,2020-06-07,"G","Pipiens","malfunction",NA
"FC091GR|Tarsalis|2020|23","FC-091GR","NE","FC",2020,23,2020-06-07,"G","Tarsalis","malfunction",NA
"FC091GR|Pipiens|2021|24","FC-091GR","NE","FC",2021,24,2021-06-20,"G","Pipiens","no mosquitoes",0
"FC091GR|Tarsalis|2021|24","FC-091GR","NE","FC",2021,24,2021-06-20,"G","Tarsalis","no mosquitoes",0
"FC091GR|Pipiens|2022|22","FC-091GR","NE","FC",2022,22,2022-06-05,"G","Pipiens","no mosquitoes",0
"FC091GR|Tarsalis|2022|22","FC-091GR","NE","FC",2022,22,2022-06-05,"G","Tarsalis","no mosquitoes",0
"FC091GR|Pipiens|2022|24","FC-091GR","NE","FC",2022,24,2022-06-19,"G","Pipiens","no mosquitoes",0
"FC091GR|Tarsalis|2022|24","FC-091GR","NE","FC",2022,24,2022-06-19,"G","Tarsalis","no mosquitoes",0
"FC091GR|Pipiens|2022|25","FC-091GR","NE","FC",2022,25,2022-06-26,"G","Pipiens","no mosquitoes",0
"FC091GR|Tarsalis|2022|25","FC-091GR","NE","FC",2022,25,2022-06-26,"G","Tarsalis","no mosquitoes",0
"FC091GR|Pipiens|2023|22","FC-091GR","NE","FC",2023,22,2023-06-04,"G","Pipiens","no mosquitoes",0
"FC091GR|Tarsalis|2023|22","FC-091GR","NE","FC",2023,22,2023-06-04,"G","Tarsalis","no mosquitoes",0
"FC091GR|Pipiens|2023|23","FC-091GR","NE","FC",2023,23,2023-06-11,"G","Pipiens","no mosquitoes",0
"FC091GR|Tarsalis|2023|23","FC-091GR","NE","FC",2023,23,2023-06-11,"G","Tarsalis","no mosquitoes",0
"FC091GR|Pipiens|2023|37","FC-091GR","NE","FC",2023,37,2023-09-11,"G","Pipiens","no mosquitoes",0
"FC091GR|Tarsalis|2023|37","FC-091GR","NE","FC",2023,37,2023-09-11,"G","Tarsalis","no mosquitoes",0
"FC091GR|Pipiens|2024|22","FC-091GR","NE","FC",2024,22,2024-06-02,"G","Pipiens","no mosquitoes",0
"FC091GR|Tarsalis|2024|22","FC-091GR","NE","FC",2024,22,2024-06-02,"G","Tarsalis","no mosquitoes",0
"FC092GR|Pipiens|2020|28","FC-092GR","NE","FC",2020,28,2020-07-12,"G","Pipiens","no mosquitoes",0
"FC092GR|Tarsalis|2020|28","FC-092GR","NE","FC",2020,28,2020-07-12,"G","Tarsalis","no mosquitoes",0
"FC092GR|Pipiens|2022|22","FC-092GR","NE","FC",2022,22,2022-06-05,"G","Pipiens","no mosquitoes",0
"FC092GR|Tarsalis|2022|22","FC-092GR","NE","FC",2022,22,2022-06-05,"G","Tarsalis","no mosquitoes",0
"FC092GR|Pipiens|2022|25","FC-092GR","NE","FC",2022,25,2022-06-26,"G","Pipiens","no culex",0
"FC092GR|Tarsalis|2022|25","FC-092GR","NE","FC",2022,25,2022-06-26,"G","Tarsalis","no culex",0
"FC092GR|Pipiens|2022|31","FC-092GR","NE","FC",2022,31,2022-08-07,"G","Pipiens","malfunction",NA
"FC092GR|Tarsalis|2022|31","FC-092GR","NE","FC",2022,31,2022-08-07,"G","Tarsalis","malfunction",NA
"FC092GR|Pipiens|2022|35","FC-092GR","NE","FC",2022,35,2022-08-29,"G","Pipiens","no mosquitoes",0
"FC092GR|Tarsalis|2022|35","FC-092GR","NE","FC",2022,35,2022-08-29,"G","Tarsalis","no mosquitoes",0
"FC092GR|Pipiens|2023|23","FC-092GR","NE","FC",2023,23,2023-06-11,"G","Pipiens","no mosquitoes",0
"FC092GR|Tarsalis|2023|23","FC-092GR","NE","FC",2023,23,2023-06-11,"G","Tarsalis","no mosquitoes",0
"FC092GR|Pipiens|2023|24","FC-092GR","NE","FC",2023,24,2023-06-18,"G","Pipiens","no mosquitoes",0
"FC092GR|Tarsalis|2023|24","FC-092GR","NE","FC",2023,24,2023-06-18,"G","Tarsalis","no mosquitoes",0
"FC093|Pipiens|2020|34","FC-093","SW","FC",2020,34,2020-08-19,"L","Pipiens","no mosquitoes",0
"FC093|Tarsalis|2020|34","FC-093","SW","FC",2020,34,2020-08-19,"L","Tarsalis","no mosquitoes",0
"FC093|Pipiens|2021|29","FC-093","SW","FC",2021,29,2021-07-21,"L","Pipiens","no mosquitoes",0
"FC093|Tarsalis|2021|29","FC-093","SW","FC",2021,29,2021-07-21,"L","Tarsalis","no mosquitoes",0
"FC093|Pipiens|2022|22","FC-093","SW","FC",2022,22,2022-06-02,"L","Pipiens","no culex",0
"FC093|Tarsalis|2022|22","FC-093","SW","FC",2022,22,2022-06-02,"L","Tarsalis","no culex",0
"FC093|Pipiens|2022|36","FC-093","SW","FC",2022,36,2022-09-07,"L","Pipiens","no culex",0
"FC093|Tarsalis|2022|36","FC-093","SW","FC",2022,36,2022-09-07,"L","Tarsalis","no culex",0
"FC093|Pipiens|2023|26","FC-093","SW","FC",2023,26,2023-06-28,"L","Pipiens","no culex",0
"FC093|Tarsalis|2023|26","FC-093","SW","FC",2023,26,2023-06-28,"L","Tarsalis","no culex",0
"FC093|Pipiens|2024|23","FC-093","SW","FC",2024,23,2024-06-05,"L","Pipiens","no culex",0
"FC093|Tarsalis|2024|23","FC-093","SW","FC",2024,23,2024-06-05,"L","Tarsalis","no culex",0
"FC093|Pipiens|2024|33","FC-093","SW","FC",2024,33,2024-08-15,"L","Pipiens","no culex",0
"FC093|Tarsalis|2024|33","FC-093","SW","FC",2024,33,2024-08-15,"L","Tarsalis","no culex",0
"FC093|Pipiens|2024|36","FC-093","SW","FC",2024,36,2024-09-05,"L","Pipiens","no culex",0
"FC093|Tarsalis|2024|36","FC-093","SW","FC",2024,36,2024-09-05,"L","Tarsalis","no culex",0
"LC049|Pipiens|2020|23","LC-049","BE","BE",2020,23,2020-06-02,"L","Pipiens","no mosquitoes",0
"LC049|Tarsalis|2020|23","LC-049","BE","BE",2020,23,2020-06-02,"L","Tarsalis","no mosquitoes",0
"LC049|Pipiens|2020|24","LC-049","BE","BE",2020,24,2020-06-09,"L","Pipiens","no culex",0
"LC049|Tarsalis|2020|24","LC-049","BE","BE",2020,24,2020-06-09,"L","Tarsalis","no culex",0
"LC049|Pipiens|2020|25","LC-049","BE","BE",2020,25,2020-06-16,"L","Pipiens","no culex",0
"LC049|Tarsalis|2020|25","LC-049","BE","BE",2020,25,2020-06-16,"L","Tarsalis","no culex",0
"LC049|Pipiens|2020|26","LC-049","BE","BE",2020,26,2020-06-23,"L","Pipiens","no culex",0
"LC049|Tarsalis|2020|26","LC-049","BE","BE",2020,26,2020-06-23,"L","Tarsalis","no culex",0
"LC049|Pipiens|2020|29","LC-049","BE","BE",2020,29,2020-07-14,"L","Pipiens","no culex",0
"LC049|Tarsalis|2020|29","LC-049","BE","BE",2020,29,2020-07-14,"L","Tarsalis","no culex",0
"LC049|Pipiens|2020|32","LC-049","BE","BE",2020,32,2020-08-04,"L","Pipiens","no culex",0
"LC049|Tarsalis|2020|32","LC-049","BE","BE",2020,32,2020-08-04,"L","Tarsalis","no culex",0
"LC049|Pipiens|2021|23","LC-049","BE","BE",2021,23,2021-06-08,"L","Pipiens","no mosquitoes",0
"LC049|Tarsalis|2021|23","LC-049","BE","BE",2021,23,2021-06-08,"L","Tarsalis","no mosquitoes",0
"LC049|Pipiens|2022|23","LC-049","BE","BE",2022,23,2022-06-07,"L","Pipiens","no mosquitoes",0
"LC049|Tarsalis|2022|23","LC-049","BE","BE",2022,23,2022-06-07,"L","Tarsalis","no mosquitoes",0
"LC049|Pipiens|2024|23","LC-049","BE","BE",2024,23,2024-06-04,"L","Pipiens","no culex",0
"LC049|Tarsalis|2024|23","LC-049","BE","BE",2024,23,2024-06-04,"L","Tarsalis","no culex",0
"LC049|Pipiens|2024|24","LC-049","BE","BE",2024,24,2024-06-11,"L","Pipiens","no culex",0
"LC049|Tarsalis|2024|24","LC-049","BE","BE",2024,24,2024-06-11,"L","Tarsalis","no culex",0
"LC053|Pipiens|2020|23","LC-053","BE","BE",2020,23,2020-06-02,"L","Pipiens","malfunction",NA
"LC053|Tarsalis|2020|23","LC-053","BE","BE",2020,23,2020-06-02,"L","Tarsalis","malfunction",NA
"LC053|Pipiens|2020|26","LC-053","BE","BE",2020,26,2020-06-23,"L","Pipiens","no culex",0
"LC053|Tarsalis|2020|26","LC-053","BE","BE",2020,26,2020-06-23,"L","Tarsalis","no culex",0
"LC053|Pipiens|2020|29","LC-053","BE","BE",2020,29,2020-07-14,"L","Pipiens","no culex",0
"LC053|Tarsalis|2020|29","LC-053","BE","BE",2020,29,2020-07-14,"L","Tarsalis","no culex",0
"LC053|Pipiens|2022|23","LC-053","BE","BE",2022,23,2022-06-07,"L","Pipiens","no culex",0
"LC053|Tarsalis|2022|23","LC-053","BE","BE",2022,23,2022-06-07,"L","Tarsalis","no culex",0
"LC053|Pipiens|2024|25","LC-053","BE","BE",2024,25,2024-06-19,"L","Pipiens","no mosquitoes",0
"LC053|Tarsalis|2024|25","LC-053","BE","BE",2024,25,2024-06-19,"L","Tarsalis","no mosquitoes",0
"LC054|Pipiens|2021|26","LC-054","BE","BE",2021,26,2021-06-29,"L","Pipiens","no culex",0
"LC054|Tarsalis|2021|26","LC-054","BE","BE",2021,26,2021-06-29,"L","Tarsalis","no culex",0
"LC062|Pipiens|2025|27","LC-062","BE","BE",2025,27,2025-07-02,"L","Pipiens","malfunction",NA
"LC062|Tarsalis|2025|27","LC-062","BE","BE",2025,27,2025-07-02,"L","Tarsalis","malfunction",NA
"LV020|Pipiens|2022|22","LV-020","LV","LV",2022,22,2022-05-31,"L","Pipiens","no mosquitoes",0
"LV020|Tarsalis|2022|22","LV-020","LV","LV",2022,22,2022-05-31,"L","Tarsalis","no mosquitoes",0
"LV069|Pipiens|2020|24","LV-069","LV","LV",2020,24,2020-06-14,"L","Pipiens","no culex",0
"LV069|Tarsalis|2020|24","LV-069","LV","LV",2020,24,2020-06-14,"L","Tarsalis","no culex",0
"LV069|Pipiens|2022|22","LV-069","LV","LV",2022,22,2022-06-05,"L","Pipiens","no mosquitoes",0
"LV069|Tarsalis|2022|22","LV-069","LV","LV",2022,22,2022-06-05,"L","Tarsalis","no mosquitoes",0
"LV069|Pipiens|2022|24","LV-069","LV","LV",2022,24,2022-06-19,"L","Pipiens","no culex",0
"LV069|Tarsalis|2022|24","LV-069","LV","LV",2022,24,2022-06-19,"L","Tarsalis","no culex",0
"LV069|Pipiens|2024|23","LV-069","LV","LV",2024,23,2024-06-09,"L","Pipiens","no mosquitoes",0
"LV069|Tarsalis|2024|23","LV-069","LV","LV",2024,23,2024-06-09,"L","Tarsalis","no mosquitoes",0
"LV069|Pipiens|2024|30","LV-069","LV","LV",2024,30,2024-07-22,"L","Pipiens","no culex",0
"LV069|Tarsalis|2024|30","LV-069","LV","LV",2024,30,2024-07-22,"L","Tarsalis","no culex",0
"LV069|Pipiens|2024|34","LV-069","LV","LV",2024,34,2024-08-19,"L","Pipiens","no mosquitoes",0
"LV069|Tarsalis|2024|34","LV-069","LV","LV",2024,34,2024-08-19,"L","Tarsalis","no mosquitoes",0
"LV089|Pipiens|2020|23","LV-089","LV","LV",2020,23,2020-06-01,"L","Pipiens","no culex",0
"LV089|Tarsalis|2020|23","LV-089","LV","LV",2020,23,2020-06-01,"L","Tarsalis","no culex",0
"LV089|Pipiens|2020|24","LV-089","LV","LV",2020,24,2020-06-08,"L","Pipiens","no mosquitoes",0
"LV089|Tarsalis|2020|24","LV-089","LV","LV",2020,24,2020-06-08,"L","Tarsalis","no mosquitoes",0
"LV089|Pipiens|2021|23","LV-089","LV","LV",2021,23,2021-06-07,"L","Pipiens","no culex",0
"LV089|Tarsalis|2021|23","LV-089","LV","LV",2021,23,2021-06-07,"L","Tarsalis","no culex",0
"LV089|Pipiens|2022|25","LV-089","LV","LV",2022,25,2022-06-20,"L","Pipiens","no culex",0
"LV089|Tarsalis|2022|25","LV-089","LV","LV",2022,25,2022-06-20,"L","Tarsalis","no culex",0
"LV089|Pipiens|2023|36","LV-089","LV","LV",2023,36,2023-09-05,"L","Pipiens","malfunction",NA
"LV089|Tarsalis|2023|36","LV-089","LV","LV",2023,36,2023-09-05,"L","Tarsalis","malfunction",NA
"LV089|Pipiens|2025|34","LV-089","LV","LV",2025,34,2025-08-19,"L","Pipiens","no mosquitoes",0
"LV089|Tarsalis|2025|34","LV-089","LV","LV",2025,34,2025-08-19,"L","Tarsalis","no mosquitoes",0
"LV095|Pipiens|2021|36","LV-095","LV","LV",2021,36,2021-09-07,"L","Pipiens","no culex",0
"LV095|Tarsalis|2021|36","LV-095","LV","LV",2021,36,2021-09-07,"L","Tarsalis","no culex",0
"LV095|Pipiens|2023|29","LV-095","LV","LV",2023,29,2023-07-23,"L","Pipiens","malfunction",NA
"LV095|Tarsalis|2023|29","LV-095","LV","LV",2023,29,2023-07-23,"L","Tarsalis","malfunction",NA
"LV095|Pipiens|2024|23","LV-095","LV","LV",2024,23,2024-06-09,"L","Pipiens","no culex",0
"LV095|Tarsalis|2024|23","LV-095","LV","LV",2024,23,2024-06-09,"L","Tarsalis","no culex",0
"LV095|Pipiens|2024|29","LV-095","LV","LV",2024,29,2024-07-15,"L","Pipiens","no mosquitoes",0
"LV095|Tarsalis|2024|29","LV-095","LV","LV",2024,29,2024-07-15,"L","Tarsalis","no mosquitoes",0
"LV104|Pipiens|2020|24","LV-104","LV","LV",2020,24,2020-06-08,"L","Pipiens","no mosquitoes",0
"LV104|Tarsalis|2020|24","LV-104","LV","LV",2020,24,2020-06-08,"L","Tarsalis","no mosquitoes",0
"LV104|Pipiens|2022|24","LV-104","LV","LV",2022,24,2022-06-13,"L","Pipiens","no culex",0
"LV104|Tarsalis|2022|24","LV-104","LV","LV",2022,24,2022-06-13,"L","Tarsalis","no culex",0
"LV110|Pipiens|2020|24","LV-110","LV","LV",2020,24,2020-06-08,"L","Pipiens","no culex",0
"LV110|Tarsalis|2020|24","LV-110","LV","LV",2020,24,2020-06-08,"L","Tarsalis","no culex",0
"LV110|Pipiens|2020|36","LV-110","LV","LV",2020,36,2020-08-31,"L","Pipiens","no culex",0
"LV110|Tarsalis|2020|36","LV-110","LV","LV",2020,36,2020-08-31,"L","Tarsalis","no culex",0
"LV110|Pipiens|2022|24","LV-110","LV","LV",2022,24,2022-06-13,"L","Pipiens","no culex",0
"LV110|Tarsalis|2022|24","LV-110","LV","LV",2022,24,2022-06-13,"L","Tarsalis","no culex",0
"WC055|Pipiens|2020|23","WC-055","BE","BE",2020,23,2020-06-02,"L","Pipiens","no culex",0
"WC055|Tarsalis|2020|23","WC-055","BE","BE",2020,23,2020-06-02,"L","Tarsalis","no culex",0
"WC055|Pipiens|2020|24","WC-055","BE","BE",2020,24,2020-06-09,"L","Pipiens","no mosquitoes",0
"WC055|Tarsalis|2020|24","WC-055","BE","BE",2020,24,2020-06-09,"L","Tarsalis","no mosquitoes",0
"WC055|Pipiens|2020|26","WC-055","BE","BE",2020,26,2020-06-23,"L","Pipiens","no culex",0
"WC055|Tarsalis|2020|26","WC-055","BE","BE",2020,26,2020-06-23,"L","Tarsalis","no culex",0
"WC055|Pipiens|2020|27","WC-055","BE","BE",2020,27,2020-06-30,"L","Pipiens","no culex",0
"WC055|Tarsalis|2020|27","WC-055","BE","BE",2020,27,2020-06-30,"L","Tarsalis","no culex",0
"WC055|Pipiens|2020|28","WC-055","BE","BE",2020,28,2020-07-07,"L","Pipiens","no culex",0
"WC055|Tarsalis|2020|28","WC-055","BE","BE",2020,28,2020-07-07,"L","Tarsalis","no culex",0
"WC055|Pipiens|2020|35","WC-055","BE","BE",2020,35,2020-08-25,"L","Pipiens","no culex",0
"WC055|Tarsalis|2020|35","WC-055","BE","BE",2020,35,2020-08-25,"L","Tarsalis","no culex",0
"WC055|Pipiens|2021|23","WC-055","BE","BE",2021,23,2021-06-08,"L","Pipiens","no culex",0
"WC055|Tarsalis|2021|23","WC-055","BE","BE",2021,23,2021-06-08,"L","Tarsalis","no culex",0
"WC055|Pipiens|2021|24","WC-055","BE","BE",2021,24,2021-06-15,"L","Pipiens","no culex",0
"WC055|Tarsalis|2021|24","WC-055","BE","BE",2021,24,2021-06-15,"L","Tarsalis","no culex",0
"WC055|Pipiens|2022|23","WC-055","BE","BE",2022,23,2022-06-07,"L","Pipiens","no mosquitoes",0
"WC055|Tarsalis|2022|23","WC-055","BE","BE",2022,23,2022-06-07,"L","Tarsalis","no mosquitoes",0
"WC055|Pipiens|2022|25","WC-055","BE","BE",2022,25,2022-06-21,"L","Pipiens","no mosquitoes",0
"WC055|Tarsalis|2022|25","WC-055","BE","BE",2022,25,2022-06-21,"L","Tarsalis","no mosquitoes",0
"WC055|Pipiens|2024|23","WC-055","BE","BE",2024,23,2024-06-04,"L","Pipiens","no mosquitoes",0
"WC055|Tarsalis|2024|23","WC-055","BE","BE",2024,23,2024-06-04,"L","Tarsalis","no mosquitoes",0
"WC055|Pipiens|2024|24","WC-055","BE","BE",2024,24,2024-06-11,"L","Pipiens","no culex",0
"WC055|Tarsalis|2024|24","WC-055","BE","BE",2024,24,2024-06-11,"L","Tarsalis","no culex",0
"WC055|Pipiens|2024|25","WC-055","BE","BE",2024,25,2024-06-19,"L","Pipiens","no culex",0
"WC055|Tarsalis|2024|25","WC-055","BE","BE",2024,25,2024-06-19,"L","Tarsalis","no culex",0
