"key","trap_id","zone","zone2","year","week","trap_date","method","spp","trap_status","total","source"
"LC010|Pipiens|2019|25","LC-010","BE","BE",2019,25,2019-06-23,"L","Pipiens","culex",0,"vdci"
"LC010|Tarsalis|2019|25","LC-010","BE","BE",2019,25,2019-06-23,"L","Tarsalis","culex",1,"vdci"
"LC010|Pipiens|2019|26","LC-010","BE","BE",2019,26,2019-06-30,"L","Pipiens","culex",0,"vdci"
"LC010|Tarsalis|2019|26","LC-010","BE","BE",2019,26,2019-06-30,"L","Tarsalis","culex",40,"vdci"
"LC010|Pipiens|2019|27","LC-010","BE","BE",2019,27,2019-07-07,"L","Pipiens","culex",8,"vdci"
"LC010|Tarsalis|2019|27","LC-010","BE","BE",2019,27,2019-07-07,"L","Tarsalis","culex",88,"vdci"
"LC010|Pipiens|2019|28","LC-010","BE","BE",2019,28,2019-07-14,"L","Pipiens","culex",0,"vdci"
"LC010|Tarsalis|2019|28","LC-010","BE","BE",2019,28,2019-07-14,"L","Tarsalis","culex",604,"vdci"
"LC010|Pipiens|2019|29","LC-010","BE","BE",2019,29,2019-07-21,"L","Pipiens","culex",0,"vdci"
"LC010|Tarsalis|2019|29","LC-010","BE","BE",2019,29,2019-07-21,"L","Tarsalis","culex",100,"vdci"
"LC010|Pipiens|2019|30","LC-010","BE","BE",2019,30,2019-07-28,"L","Pipiens","culex",4,"vdci"
"LC010|Tarsalis|2019|30","LC-010","BE","BE",2019,30,2019-07-28,"L","Tarsalis","culex",132,"vdci"
"LC010|Pipiens|2019|31","LC-010","BE","BE",2019,31,2019-08-04,"L","Pipiens","culex",0,"vdci"
"LC010|Tarsalis|2019|31","LC-010","BE","BE",2019,31,2019-08-04,"L","Tarsalis","culex",32,"vdci"
"LC010|Pipiens|2019|32","LC-010","BE","BE",2019,32,2019-08-11,"L","Pipiens","culex",1,"vdci"
"LC010|Tarsalis|2019|32","LC-010","BE","BE",2019,32,2019-08-11,"L","Tarsalis","culex",46,"vdci"
"LC010|Pipiens|2019|33","LC-010","BE","BE",2019,33,2019-08-18,"L","Pipiens","culex",0,"vdci"
"LC010|Tarsalis|2019|33","LC-010","BE","BE",2019,33,2019-08-18,"L","Tarsalis","culex",19,"vdci"
"LC010|Pipiens|2019|34","LC-010","BE","BE",2019,34,2019-08-25,"L","Pipiens","culex",2,"vdci"
"LC010|Tarsalis|2019|34","LC-010","BE","BE",2019,34,2019-08-25,"L","Tarsalis","culex",15,"vdci"
"LC010|Pipiens|2020|23","LC-010","BE","BE",2020,23,2020-06-07,"L","Pipiens","culex",0,"vdci"
"LC010|Tarsalis|2020|23","LC-010","BE","BE",2020,23,2020-06-07,"L","Tarsalis","culex",1,"vdci"
"LC010|Pipiens|2020|24","LC-010","BE","BE",2020,24,2020-06-14,"L","Pipiens","culex",0,"vdci"
"LC010|Tarsalis|2020|24","LC-010","BE","BE",2020,24,2020-06-14,"L","Tarsalis","culex",10,"vdci"
"LC010|Pipiens|2020|25","LC-010","BE","BE",2020,25,2020-06-21,"L","Pipiens","culex",1,"vdci"
"LC010|Tarsalis|2020|25","LC-010","BE","BE",2020,25,2020-06-21,"L","Tarsalis","culex",11,"vdci"
"LC010|Pipiens|2020|26","LC-010","BE","BE",2020,26,2020-06-28,"L","Pipiens","culex",2,"vdci"
"LC010|Tarsalis|2020|26","LC-010","BE","BE",2020,26,2020-06-28,"L","Tarsalis","culex",47,"vdci"
"LC010|Pipiens|2020|27","LC-010","BE","BE",2020,27,2020-07-05,"L","Pipiens","culex",0,"vdci"
"LC010|Tarsalis|2020|27","LC-010","BE","BE",2020,27,2020-07-05,"L","Tarsalis","culex",44,"vdci"
"LC010|Pipiens|2020|28","LC-010","BE","BE",2020,28,2020-07-12,"L","Pipiens","culex",1,"vdci"
"LC010|Tarsalis|2020|28","LC-010","BE","BE",2020,28,2020-07-12,"L","Tarsalis","culex",165,"vdci"
"LC010|Pipiens|2020|29","LC-010","BE","BE",2020,29,2020-07-19,"L","Pipiens","culex",0,"vdci"
"LC010|Tarsalis|2020|29","LC-010","BE","BE",2020,29,2020-07-19,"L","Tarsalis","culex",58,"vdci"
"LC010|Pipiens|2020|30","LC-010","BE","BE",2020,30,2020-07-26,"L","Pipiens","culex",10,"vdci"
"LC010|Tarsalis|2020|30","LC-010","BE","BE",2020,30,2020-07-26,"L","Tarsalis","culex",117,"vdci"
"LC010|Pipiens|2020|31","LC-010","BE","BE",2020,31,2020-08-02,"L","Pipiens","culex",4,"vdci"
"LC010|Tarsalis|2020|31","LC-010","BE","BE",2020,31,2020-08-02,"L","Tarsalis","culex",29,"vdci"
"LC010|Pipiens|2020|32","LC-010","BE","BE",2020,32,2020-08-09,"L","Pipiens","culex",4,"vdci"
"LC010|Tarsalis|2020|32","LC-010","BE","BE",2020,32,2020-08-09,"L","Tarsalis","culex",96,"vdci"
"LC010|Pipiens|2020|33","LC-010","BE","BE",2020,33,2020-08-16,"L","Pipiens","culex",5,"vdci"
"LC010|Tarsalis|2020|33","LC-010","BE","BE",2020,33,2020-08-16,"L","Tarsalis","culex",44,"vdci"
"LC010|Pipiens|2020|34","LC-010","BE","BE",2020,34,2020-08-23,"L","Pipiens","culex",10,"vdci"
"LC010|Tarsalis|2020|34","LC-010","BE","BE",2020,34,2020-08-23,"L","Tarsalis","culex",32,"vdci"
"LC010|Pipiens|2021|22","LC-010","BE","BE",2021,22,2021-06-06,"L","Pipiens","culex",0,"vdci"
"LC010|Tarsalis|2021|22","LC-010","BE","BE",2021,22,2021-06-06,"L","Tarsalis","culex",6,"vdci"
"LC010|Pipiens|2021|23","LC-010","BE","BE",2021,23,2021-06-13,"L","Pipiens","culex",0,"vdci"
"LC010|Tarsalis|2021|23","LC-010","BE","BE",2021,23,2021-06-13,"L","Tarsalis","culex",9,"vdci"
"LC010|Pipiens|2021|24","LC-010","BE","BE",2021,24,2021-06-20,"L","Pipiens","culex",0,"vdci"
"LC010|Tarsalis|2021|24","LC-010","BE","BE",2021,24,2021-06-20,"L","Tarsalis","culex",9,"vdci"
"LC010|Pipiens|2021|25","LC-010","BE","BE",2021,25,2021-06-27,"L","Pipiens","culex",2,"vdci"
"LC010|Tarsalis|2021|25","LC-010","BE","BE",2021,25,2021-06-27,"L","Tarsalis","culex",22,"vdci"
"LC010|Pipiens|2021|26","LC-010","BE","BE",2021,26,2021-07-04,"L","Pipiens","culex",7,"vdci"
"LC010|Tarsalis|2021|26","LC-010","BE","BE",2021,26,2021-07-04,"L","Tarsalis","culex",230,"vdci"
"LC010|Pipiens|2021|27","LC-010","BE","BE",2021,27,2021-07-11,"L","Pipiens","culex",20,"vdci"
"LC010|Tarsalis|2021|27","LC-010","BE","BE",2021,27,2021-07-11,"L","Tarsalis","culex",232,"vdci"
"LC010|Pipiens|2021|29","LC-010","BE","BE",2021,29,2021-07-25,"L","Pipiens","culex",12,"vdci"
"LC010|Tarsalis|2021|29","LC-010","BE","BE",2021,29,2021-07-25,"L","Tarsalis","culex",356,"vdci"
"LC010|Pipiens|2021|30","LC-010","BE","BE",2021,30,2021-08-01,"L","Pipiens","culex",28,"vdci"
"LC010|Tarsalis|2021|30","LC-010","BE","BE",2021,30,2021-08-01,"L","Tarsalis","culex",228,"vdci"
"LC010|Pipiens|2021|31","LC-010","BE","BE",2021,31,2021-08-08,"L","Pipiens","culex",44,"vdci"
"LC010|Tarsalis|2021|31","LC-010","BE","BE",2021,31,2021-08-08,"L","Tarsalis","culex",148,"vdci"
"LC010|Pipiens|2021|32","LC-010","BE","BE",2021,32,2021-08-15,"L","Pipiens","culex",11,"vdci"
"LC010|Tarsalis|2021|32","LC-010","BE","BE",2021,32,2021-08-15,"L","Tarsalis","culex",61,"vdci"
"LC010|Pipiens|2021|33","LC-010","BE","BE",2021,33,2021-08-22,"L","Pipiens","culex",6,"vdci"
"LC010|Tarsalis|2021|33","LC-010","BE","BE",2021,33,2021-08-22,"L","Tarsalis","culex",37,"vdci"
"LC010|Pipiens|2021|34","LC-010","BE","BE",2021,34,2021-08-29,"L","Pipiens","culex",12,"vdci"
"LC010|Tarsalis|2021|34","LC-010","BE","BE",2021,34,2021-08-29,"L","Tarsalis","culex",41,"vdci"
"LC010|Pipiens|2022|23","LC-010","BE","BE",2022,23,2022-06-12,"L","Pipiens","culex",0,"vdci"
"LC010|Tarsalis|2022|23","LC-010","BE","BE",2022,23,2022-06-12,"L","Tarsalis","culex",6,"vdci"
"LC010|Pipiens|2022|24","LC-010","BE","BE",2022,24,2022-06-19,"L","Pipiens","culex",2,"vdci"
"LC010|Tarsalis|2022|24","LC-010","BE","BE",2022,24,2022-06-19,"L","Tarsalis","culex",50,"vdci"
"LC010|Pipiens|2022|25","LC-010","BE","BE",2022,25,2022-06-26,"L","Pipiens","culex",0,"vdci"
"LC010|Tarsalis|2022|25","LC-010","BE","BE",2022,25,2022-06-26,"L","Tarsalis","culex",22,"vdci"
"LC010|Pipiens|2022|26","LC-010","BE","BE",2022,26,2022-07-03,"L","Pipiens","culex",0,"vdci"
"LC010|Tarsalis|2022|26","LC-010","BE","BE",2022,26,2022-07-03,"L","Tarsalis","culex",72,"vdci"
"LC010|Pipiens|2022|27","LC-010","BE","BE",2022,27,2022-07-10,"L","Pipiens","culex",2,"vdci"
"LC010|Tarsalis|2022|27","LC-010","BE","BE",2022,27,2022-07-10,"L","Tarsalis","culex",100,"vdci"
"LC010|Pipiens|2022|28","LC-010","BE","BE",2022,28,2022-07-17,"L","Pipiens","culex",0,"vdci"
"LC010|Tarsalis|2022|28","LC-010","BE","BE",2022,28,2022-07-17,"L","Tarsalis","culex",50,"vdci"
"LC010|Pipiens|2022|29","LC-010","BE","BE",2022,29,2022-07-24,"L","Pipiens","culex",1,"vdci"
"LC010|Tarsalis|2022|29","LC-010","BE","BE",2022,29,2022-07-24,"L","Tarsalis","culex",16,"vdci"
"LC010|Pipiens|2022|30","LC-010","BE","BE",2022,30,2022-07-31,"L","Pipiens","culex",4,"vdci"
"LC010|Tarsalis|2022|30","LC-010","BE","BE",2022,30,2022-07-31,"L","Tarsalis","culex",316,"vdci"
"LC010|Pipiens|2022|31","LC-010","BE","BE",2022,31,2022-08-07,"L","Pipiens","culex",0,"vdci"
"LC010|Tarsalis|2022|31","LC-010","BE","BE",2022,31,2022-08-07,"L","Tarsalis","culex",84,"vdci"
"LC010|Pipiens|2022|32","LC-010","BE","BE",2022,32,2022-08-14,"L","Pipiens","culex",0,"vdci"
"LC010|Tarsalis|2022|32","LC-010","BE","BE",2022,32,2022-08-14,"L","Tarsalis","culex",312,"vdci"
"LC010|Pipiens|2022|33","LC-010","BE","BE",2022,33,2022-08-21,"L","Pipiens","culex",18,"vdci"
"LC010|Tarsalis|2022|33","LC-010","BE","BE",2022,33,2022-08-21,"L","Tarsalis","culex",38,"vdci"
"LC010|Pipiens|2022|34","LC-010","BE","BE",2022,34,2022-08-28,"L","Pipiens","culex",3,"vdci"
"LC010|Tarsalis|2022|34","LC-010","BE","BE",2022,34,2022-08-28,"L","Tarsalis","culex",21,"vdci"
"LC010|Pipiens|2023|23","LC-010","BE","BE",2023,23,2023-06-11,"L","Pipiens","culex",3,"vdci"
"LC010|Tarsalis|2023|23","LC-010","BE","BE",2023,23,2023-06-11,"L","Tarsalis","culex",1,"vdci"
"LC010|Pipiens|2023|24","LC-010","BE","BE",2023,24,2023-06-18,"L","Pipiens","culex",0,"vdci"
"LC010|Tarsalis|2023|24","LC-010","BE","BE",2023,24,2023-06-18,"L","Tarsalis","culex",32,"vdci"
"LC010|Pipiens|2023|25","LC-010","BE","BE",2023,25,2023-06-25,"L","Pipiens","culex",0,"vdci"
"LC010|Tarsalis|2023|25","LC-010","BE","BE",2023,25,2023-06-25,"L","Tarsalis","culex",84,"vdci"
"LC010|Pipiens|2023|27","LC-010","BE","BE",2023,27,2023-07-09,"L","Pipiens","culex",20,"vdci"
"LC010|Tarsalis|2023|27","LC-010","BE","BE",2023,27,2023-07-09,"L","Tarsalis","culex",300,"vdci"
"LC010|Pipiens|2023|29","LC-010","BE","BE",2023,29,2023-07-17,"L","Pipiens","culex",0,"vdci"
"LC010|Tarsalis|2023|29","LC-010","BE","BE",2023,29,2023-07-17,"L","Tarsalis","culex",1120,"vdci"
"LC010|Pipiens|2023|30","LC-010","BE","BE",2023,30,2023-07-30,"L","Pipiens","culex",0,"vdci"
"LC010|Tarsalis|2023|30","LC-010","BE","BE",2023,30,2023-07-30,"L","Tarsalis","culex",54,"vdci"
"LC010|Pipiens|2023|31","LC-010","BE","BE",2023,31,2023-08-06,"L","Pipiens","culex",8,"vdci"
"LC010|Tarsalis|2023|31","LC-010","BE","BE",2023,31,2023-08-06,"L","Tarsalis","culex",76,"vdci"
"LC010|Pipiens|2023|32","LC-010","BE","BE",2023,32,2023-08-13,"L","Pipiens","culex",20,"vdci"
"LC010|Tarsalis|2023|32","LC-010","BE","BE",2023,32,2023-08-13,"L","Tarsalis","culex",84,"vdci"
"LC010|Pipiens|2023|33","LC-010","BE","BE",2023,33,2023-08-20,"L","Pipiens","culex",4,"vdci"
"LC010|Tarsalis|2023|33","LC-010","BE","BE",2023,33,2023-08-20,"L","Tarsalis","culex",44,"vdci"
"LC010|Pipiens|2023|34","LC-010","BE","BE",2023,34,2023-08-27,"L","Pipiens","culex",0,"vdci"
"LC010|Tarsalis|2023|34","LC-010","BE","BE",2023,34,2023-08-27,"L","Tarsalis","culex",6,"vdci"
"LC010|Pipiens|2024|25","LC-010","BE","BE",2024,25,2024-06-17,"L","Pipiens","culex",0,"vdci"
"LC010|Tarsalis|2024|25","LC-010","BE","BE",2024,25,2024-06-17,"L","Tarsalis","culex",2,"vdci"
"LC010|Pipiens|2024|26","LC-010","BE","BE",2024,26,2024-06-24,"L","Pipiens","culex",0,"vdci"
"LC010|Tarsalis|2024|26","LC-010","BE","BE",2024,26,2024-06-24,"L","Tarsalis","culex",16,"vdci"
"LC010|Pipiens|2024|27","LC-010","BE","BE",2024,27,2024-07-01,"L","Pipiens","culex",0,"vdci"
"LC010|Tarsalis|2024|27","LC-010","BE","BE",2024,27,2024-07-01,"L","Tarsalis","culex",4,"vdci"
"LC010|Pipiens|2024|28","LC-010","BE","BE",2024,28,2024-07-08,"L","Pipiens","culex",2,"vdci"
"LC010|Tarsalis|2024|28","LC-010","BE","BE",2024,28,2024-07-08,"L","Tarsalis","culex",18,"vdci"
"LC010|Pipiens|2024|29","LC-010","BE","BE",2024,29,2024-07-15,"L","Pipiens","culex",0,"vdci"
"LC010|Tarsalis|2024|29","LC-010","BE","BE",2024,29,2024-07-15,"L","Tarsalis","culex",37,"vdci"
"LC010|Pipiens|2024|30","LC-010","BE","BE",2024,30,2024-07-22,"L","Pipiens","culex",0,"vdci"
"LC010|Tarsalis|2024|30","LC-010","BE","BE",2024,30,2024-07-22,"L","Tarsalis","culex",8,"vdci"
"LC010|Pipiens|2024|31","LC-010","BE","BE",2024,31,2024-07-29,"L","Pipiens","culex",0,"vdci"
"LC010|Tarsalis|2024|31","LC-010","BE","BE",2024,31,2024-07-29,"L","Tarsalis","culex",8,"vdci"
"LC010|Pipiens|2024|32","LC-010","BE","BE",2024,32,2024-08-05,"L","Pipiens","culex",0,"vdci"
"LC010|Tarsalis|2024|32","LC-010","BE","BE",2024,32,2024-08-05,"L","Tarsalis","culex",7,"vdci"
"LC010|Pipiens|2024|33","LC-010","BE","BE",2024,33,2024-08-12,"L","Pipiens","culex",0,"vdci"
"LC010|Tarsalis|2024|33","LC-010","BE","BE",2024,33,2024-08-12,"L","Tarsalis","culex",2,"vdci"
"LC010|Pipiens|2024|34","LC-010","BE","BE",2024,34,2024-08-19,"L","Pipiens","culex",0,"vdci"
"LC010|Tarsalis|2024|34","LC-010","BE","BE",2024,34,2024-08-19,"L","Tarsalis","culex",21,"vdci"
"LC010|Pipiens|2024|35","LC-010","BE","BE",2024,35,2024-08-26,"L","Pipiens","culex",1,"vdci"
"LC010|Tarsalis|2024|35","LC-010","BE","BE",2024,35,2024-08-26,"L","Tarsalis","culex",9,"vdci"
"LC022|Pipiens|2019|23","LC-022","BE","BE",2019,23,2019-06-09,"L","Pipiens","culex",0,"vdci"
"LC022|Tarsalis|2019|23","LC-022","BE","BE",2019,23,2019-06-09,"L","Tarsalis","culex",1,"vdci"
"LC022|Pipiens|2019|24","LC-022","BE","BE",2019,24,2019-06-16,"L","Pipiens","culex",1,"vdci"
"LC022|Tarsalis|2019|24","LC-022","BE","BE",2019,24,2019-06-16,"L","Tarsalis","culex",0,"vdci"
"LC022|Pipiens|2019|26","LC-022","BE","BE",2019,26,2019-06-30,"L","Pipiens","culex",0,"vdci"
"LC022|Tarsalis|2019|26","LC-022","BE","BE",2019,26,2019-06-30,"L","Tarsalis","culex",13,"vdci"
"LC022|Pipiens|2019|27","LC-022","BE","BE",2019,27,2019-07-07,"L","Pipiens","culex",2,"vdci"
"LC022|Tarsalis|2019|27","LC-022","BE","BE",2019,27,2019-07-07,"L","Tarsalis","culex",40,"vdci"
"LC022|Pipiens|2019|28","LC-022","BE","BE",2019,28,2019-07-14,"L","Pipiens","culex",4,"vdci"
"LC022|Tarsalis|2019|28","LC-022","BE","BE",2019,28,2019-07-14,"L","Tarsalis","culex",252,"vdci"
"LC022|Pipiens|2019|29","LC-022","BE","BE",2019,29,2019-07-21,"L","Pipiens","culex",1,"vdci"
"LC022|Tarsalis|2019|29","LC-022","BE","BE",2019,29,2019-07-21,"L","Tarsalis","culex",43,"vdci"
"LC022|Pipiens|2019|30","LC-022","BE","BE",2019,30,2019-07-28,"L","Pipiens","culex",1,"vdci"
"LC022|Tarsalis|2019|30","LC-022","BE","BE",2019,30,2019-07-28,"L","Tarsalis","culex",62,"vdci"
"LC022|Pipiens|2019|31","LC-022","BE","BE",2019,31,2019-08-04,"L","Pipiens","culex",3,"vdci"
"LC022|Tarsalis|2019|31","LC-022","BE","BE",2019,31,2019-08-04,"L","Tarsalis","culex",48,"vdci"
"LC022|Pipiens|2019|32","LC-022","BE","BE",2019,32,2019-08-11,"L","Pipiens","culex",0,"vdci"
"LC022|Tarsalis|2019|32","LC-022","BE","BE",2019,32,2019-08-11,"L","Tarsalis","culex",36,"vdci"
"LC022|Pipiens|2019|33","LC-022","BE","BE",2019,33,2019-08-18,"L","Pipiens","culex",0,"vdci"
"LC022|Tarsalis|2019|33","LC-022","BE","BE",2019,33,2019-08-18,"L","Tarsalis","culex",16,"vdci"
"LC022|Pipiens|2019|34","LC-022","BE","BE",2019,34,2019-08-25,"L","Pipiens","culex",1,"vdci"
"LC022|Tarsalis|2019|34","LC-022","BE","BE",2019,34,2019-08-25,"L","Tarsalis","culex",5,"vdci"
"LC022|Pipiens|2020|23","LC-022","BE","BE",2020,23,2020-06-07,"L","Pipiens","culex",0,"vdci"
"LC022|Tarsalis|2020|23","LC-022","BE","BE",2020,23,2020-06-07,"L","Tarsalis","culex",2,"vdci"
"LC022|Pipiens|2020|25","LC-022","BE","BE",2020,25,2020-06-21,"L","Pipiens","culex",0,"vdci"
"LC022|Tarsalis|2020|25","LC-022","BE","BE",2020,25,2020-06-21,"L","Tarsalis","culex",1,"vdci"
"LC022|Pipiens|2020|26","LC-022","BE","BE",2020,26,2020-06-28,"L","Pipiens","culex",0,"vdci"
"LC022|Tarsalis|2020|26","LC-022","BE","BE",2020,26,2020-06-28,"L","Tarsalis","culex",21,"vdci"
"LC022|Pipiens|2020|27","LC-022","BE","BE",2020,27,2020-07-05,"L","Pipiens","culex",0,"vdci"
"LC022|Tarsalis|2020|27","LC-022","BE","BE",2020,27,2020-07-05,"L","Tarsalis","culex",3,"vdci"
"LC022|Pipiens|2020|28","LC-022","BE","BE",2020,28,2020-07-12,"L","Pipiens","culex",0,"vdci"
"LC022|Tarsalis|2020|28","LC-022","BE","BE",2020,28,2020-07-12,"L","Tarsalis","culex",3,"vdci"
"LC022|Pipiens|2020|29","LC-022","BE","BE",2020,29,2020-07-19,"L","Pipiens","culex",0,"vdci"
"LC022|Tarsalis|2020|29","LC-022","BE","BE",2020,29,2020-07-19,"L","Tarsalis","culex",12,"vdci"
"LC022|Pipiens|2020|30","LC-022","BE","BE",2020,30,2020-07-26,"L","Pipiens","culex",2,"vdci"
"LC022|Tarsalis|2020|30","LC-022","BE","BE",2020,30,2020-07-26,"L","Tarsalis","culex",2,"vdci"
"LC022|Pipiens|2020|31","LC-022","BE","BE",2020,31,2020-08-02,"L","Pipiens","culex",0,"vdci"
"LC022|Tarsalis|2020|31","LC-022","BE","BE",2020,31,2020-08-02,"L","Tarsalis","culex",5,"vdci"
"LC022|Pipiens|2020|32","LC-022","BE","BE",2020,32,2020-08-09,"L","Pipiens","culex",0,"vdci"
"LC022|Tarsalis|2020|32","LC-022","BE","BE",2020,32,2020-08-09,"L","Tarsalis","culex",4,"vdci"
"LC022|Pipiens|2020|33","LC-022","BE","BE",2020,33,2020-08-16,"L","Pipiens","culex",0,"vdci"
"LC022|Tarsalis|2020|33","LC-022","BE","BE",2020,33,2020-08-16,"L","Tarsalis","culex",6,"vdci"
"LC022|Pipiens|2020|34","LC-022","BE","BE",2020,34,2020-08-23,"L","Pipiens","culex",2,"vdci"
"LC022|Tarsalis|2020|34","LC-022","BE","BE",2020,34,2020-08-23,"L","Tarsalis","culex",13,"vdci"
"LC022|Pipiens|2021|23","LC-022","BE","BE",2021,23,2021-06-13,"L","Pipiens","culex",8,"vdci"
"LC022|Tarsalis|2021|23","LC-022","BE","BE",2021,23,2021-06-13,"L","Tarsalis","culex",16,"vdci"
"LC022|Pipiens|2021|25","LC-022","BE","BE",2021,25,2021-06-27,"L","Pipiens","culex",1,"vdci"
"LC022|Tarsalis|2021|25","LC-022","BE","BE",2021,25,2021-06-27,"L","Tarsalis","culex",18,"vdci"
"LC022|Pipiens|2021|26","LC-022","BE","BE",2021,26,2021-07-04,"L","Pipiens","culex",2,"vdci"
"LC022|Tarsalis|2021|26","LC-022","BE","BE",2021,26,2021-07-04,"L","Tarsalis","culex",48,"vdci"
"LC022|Pipiens|2021|27","LC-022","BE","BE",2021,27,2021-07-11,"L","Pipiens","culex",0,"vdci"
"LC022|Tarsalis|2021|27","LC-022","BE","BE",2021,27,2021-07-11,"L","Tarsalis","culex",92,"vdci"
"LC022|Pipiens|2021|28","LC-022","BE","BE",2021,28,2021-07-18,"L","Pipiens","culex",0,"vdci"
"LC022|Tarsalis|2021|28","LC-022","BE","BE",2021,28,2021-07-18,"L","Tarsalis","culex",92,"vdci"
"LC022|Pipiens|2021|29","LC-022","BE","BE",2021,29,2021-07-25,"L","Pipiens","culex",6,"vdci"
"LC022|Tarsalis|2021|29","LC-022","BE","BE",2021,29,2021-07-25,"L","Tarsalis","culex",64,"vdci"
"LC022|Pipiens|2021|30","LC-022","BE","BE",2021,30,2021-08-01,"L","Pipiens","culex",8,"vdci"
"LC022|Tarsalis|2021|30","LC-022","BE","BE",2021,30,2021-08-01,"L","Tarsalis","culex",148,"vdci"
"LC022|Pipiens|2021|31","LC-022","BE","BE",2021,31,2021-08-08,"L","Pipiens","culex",17,"vdci"
"LC022|Tarsalis|2021|31","LC-022","BE","BE",2021,31,2021-08-08,"L","Tarsalis","culex",31,"vdci"
"LC022|Pipiens|2021|32","LC-022","BE","BE",2021,32,2021-08-15,"L","Pipiens","culex",12,"vdci"
"LC022|Tarsalis|2021|32","LC-022","BE","BE",2021,32,2021-08-15,"L","Tarsalis","culex",10,"vdci"
"LC022|Pipiens|2021|33","LC-022","BE","BE",2021,33,2021-08-22,"L","Pipiens","culex",48,"vdci"
"LC022|Tarsalis|2021|33","LC-022","BE","BE",2021,33,2021-08-22,"L","Tarsalis","culex",40,"vdci"
"LC022|Pipiens|2021|34","LC-022","BE","BE",2021,34,2021-08-29,"L","Pipiens","culex",10,"vdci"
"LC022|Tarsalis|2021|34","LC-022","BE","BE",2021,34,2021-08-29,"L","Tarsalis","culex",8,"vdci"
"LC022|Pipiens|2022|23","LC-022","BE","BE",2022,23,2022-06-12,"L","Pipiens","culex",0,"vdci"
"LC022|Tarsalis|2022|23","LC-022","BE","BE",2022,23,2022-06-12,"L","Tarsalis","culex",12,"vdci"
"LC022|Pipiens|2022|24","LC-022","BE","BE",2022,24,2022-06-19,"L","Pipiens","culex",0,"vdci"
"LC022|Tarsalis|2022|24","LC-022","BE","BE",2022,24,2022-06-19,"L","Tarsalis","culex",7,"vdci"
"LC022|Pipiens|2022|25","LC-022","BE","BE",2022,25,2022-06-26,"L","Pipiens","culex",0,"vdci"
"LC022|Tarsalis|2022|25","LC-022","BE","BE",2022,25,2022-06-26,"L","Tarsalis","culex",27,"vdci"
"LC022|Pipiens|2022|26","LC-022","BE","BE",2022,26,2022-07-03,"L","Pipiens","culex",0,"vdci"
"LC022|Tarsalis|2022|26","LC-022","BE","BE",2022,26,2022-07-03,"L","Tarsalis","culex",24,"vdci"
"LC022|Pipiens|2022|27","LC-022","BE","BE",2022,27,2022-07-10,"L","Pipiens","culex",4,"vdci"
"LC022|Tarsalis|2022|27","LC-022","BE","BE",2022,27,2022-07-10,"L","Tarsalis","culex",80,"vdci"
"LC022|Pipiens|2022|28","LC-022","BE","BE",2022,28,2022-07-17,"L","Pipiens","culex",0,"vdci"
"LC022|Tarsalis|2022|28","LC-022","BE","BE",2022,28,2022-07-17,"L","Tarsalis","culex",24,"vdci"
"LC022|Pipiens|2022|29","LC-022","BE","BE",2022,29,2022-07-24,"L","Pipiens","culex",1,"vdci"
"LC022|Tarsalis|2022|29","LC-022","BE","BE",2022,29,2022-07-24,"L","Tarsalis","culex",2,"vdci"
"LC022|Pipiens|2022|30","LC-022","BE","BE",2022,30,2022-07-31,"L","Pipiens","culex",1,"vdci"
"LC022|Tarsalis|2022|30","LC-022","BE","BE",2022,30,2022-07-31,"L","Tarsalis","culex",43,"vdci"
"LC022|Pipiens|2022|31","LC-022","BE","BE",2022,31,2022-08-07,"L","Pipiens","culex",0,"vdci"
"LC022|Tarsalis|2022|31","LC-022","BE","BE",2022,31,2022-08-07,"L","Tarsalis","culex",36,"vdci"
"LC022|Pipiens|2022|32","LC-022","BE","BE",2022,32,2022-08-14,"L","Pipiens","culex",0,"vdci"
"LC022|Tarsalis|2022|32","LC-022","BE","BE",2022,32,2022-08-14,"L","Tarsalis","culex",28,"vdci"
"LC022|Pipiens|2022|33","LC-022","BE","BE",2022,33,2022-08-21,"L","Pipiens","culex",2,"vdci"
"LC022|Tarsalis|2022|33","LC-022","BE","BE",2022,33,2022-08-21,"L","Tarsalis","culex",8,"vdci"
"LC022|Pipiens|2022|34","LC-022","BE","BE",2022,34,2022-08-28,"L","Pipiens","culex",4,"vdci"
"LC022|Tarsalis|2022|34","LC-022","BE","BE",2022,34,2022-08-28,"L","Tarsalis","culex",5,"vdci"
"LC022|Pipiens|2023|23","LC-022","BE","BE",2023,23,2023-06-11,"L","Pipiens","culex",1,"vdci"
"LC022|Tarsalis|2023|23","LC-022","BE","BE",2023,23,2023-06-11,"L","Tarsalis","culex",0,"vdci"
"LC022|Pipiens|2023|24","LC-022","BE","BE",2023,24,2023-06-18,"L","Pipiens","culex",0,"vdci"
"LC022|Tarsalis|2023|24","LC-022","BE","BE",2023,24,2023-06-18,"L","Tarsalis","culex",16,"vdci"
"LC022|Pipiens|2023|25","LC-022","BE","BE",2023,25,2023-06-25,"L","Pipiens","culex",0,"vdci"
"LC022|Tarsalis|2023|25","LC-022","BE","BE",2023,25,2023-06-25,"L","Tarsalis","culex",52,"vdci"
"LC022|Pipiens|2023|27","LC-022","BE","BE",2023,27,2023-07-09,"L","Pipiens","culex",36,"vdci"
"LC022|Tarsalis|2023|27","LC-022","BE","BE",2023,27,2023-07-09,"L","Tarsalis","culex",344,"vdci"
"LC022|Pipiens|2023|28","LC-022","BE","BE",2023,28,2023-07-16,"L","Pipiens","culex",0,"vdci"
"LC022|Tarsalis|2023|28","LC-022","BE","BE",2023,28,2023-07-16,"L","Tarsalis","culex",57,"vdci"
"LC022|Pipiens|2023|29","LC-022","BE","BE",2023,29,2023-07-23,"L","Pipiens","culex",16,"vdci"
"LC022|Tarsalis|2023|29","LC-022","BE","BE",2023,29,2023-07-23,"L","Tarsalis","culex",528,"vdci"
"LC022|Pipiens|2023|30","LC-022","BE","BE",2023,30,2023-07-30,"L","Pipiens","culex",12,"vdci"
"LC022|Tarsalis|2023|30","LC-022","BE","BE",2023,30,2023-07-30,"L","Tarsalis","culex",104,"vdci"
"LC022|Pipiens|2023|31","LC-022","BE","BE",2023,31,2023-08-06,"L","Pipiens","culex",8,"vdci"
"LC022|Tarsalis|2023|31","LC-022","BE","BE",2023,31,2023-08-06,"L","Tarsalis","culex",13,"vdci"
"LC022|Pipiens|2023|32","LC-022","BE","BE",2023,32,2023-08-13,"L","Pipiens","culex",0,"vdci"
"LC022|Tarsalis|2023|32","LC-022","BE","BE",2023,32,2023-08-13,"L","Tarsalis","culex",92,"vdci"
"LC022|Pipiens|2023|33","LC-022","BE","BE",2023,33,2023-08-20,"L","Pipiens","culex",4,"vdci"
"LC022|Tarsalis|2023|33","LC-022","BE","BE",2023,33,2023-08-20,"L","Tarsalis","culex",40,"vdci"
"LC022|Pipiens|2023|34","LC-022","BE","BE",2023,34,2023-08-27,"L","Pipiens","culex",0,"vdci"
"LC022|Tarsalis|2023|34","LC-022","BE","BE",2023,34,2023-08-27,"L","Tarsalis","culex",1,"vdci"
"LC022|Pipiens|2024|25","LC-022","BE","BE",2024,25,2024-06-17,"L","Pipiens","culex",0,"vdci"
"LC022|Tarsalis|2024|25","LC-022","BE","BE",2024,25,2024-06-17,"L","Tarsalis","culex",1,"vdci"
"LC022|Pipiens|2024|26","LC-022","BE","BE",2024,26,2024-06-24,"L","Pipiens","culex",0,"vdci"
"LC022|Tarsalis|2024|26","LC-022","BE","BE",2024,26,2024-06-24,"L","Tarsalis","culex",11,"vdci"
"LC022|Pipiens|2024|27","LC-022","BE","BE",2024,27,2024-07-01,"L","Pipiens","culex",0,"vdci"
"LC022|Tarsalis|2024|27","LC-022","BE","BE",2024,27,2024-07-01,"L","Tarsalis","culex",2,"vdci"
"LC022|Pipiens|2024|28","LC-022","BE","BE",2024,28,2024-07-08,"L","Pipiens","culex",0,"vdci"
"LC022|Tarsalis|2024|28","LC-022","BE","BE",2024,28,2024-07-08,"L","Tarsalis","culex",2,"vdci"
"LC022|Pipiens|2024|29","LC-022","BE","BE",2024,29,2024-07-15,"L","Pipiens","culex",0,"vdci"
"LC022|Tarsalis|2024|29","LC-022","BE","BE",2024,29,2024-07-15,"L","Tarsalis","culex",8,"vdci"
"LC022|Pipiens|2024|30","LC-022","BE","BE",2024,30,2024-07-22,"L","Pipiens","culex",1,"vdci"
"LC022|Tarsalis|2024|30","LC-022","BE","BE",2024,30,2024-07-22,"L","Tarsalis","culex",1,"vdci"
"LC022|Pipiens|2024|31","LC-022","BE","BE",2024,31,2024-07-29,"L","Pipiens","culex",1,"vdci"
"LC022|Tarsalis|2024|31","LC-022","BE","BE",2024,31,2024-07-29,"L","Tarsalis","culex",5,"vdci"
"LC022|Pipiens|2024|33","LC-022","BE","BE",2024,33,2024-08-12,"L","Pipiens","culex",3,"vdci"
"LC022|Tarsalis|2024|33","LC-022","BE","BE",2024,33,2024-08-12,"L","Tarsalis","culex",7,"vdci"
"LC022|Pipiens|2024|34","LC-022","BE","BE",2024,34,2024-08-19,"L","Pipiens","culex",2,"vdci"
"LC022|Tarsalis|2024|34","LC-022","BE","BE",2024,34,2024-08-19,"L","Tarsalis","culex",10,"vdci"
"LC022|Pipiens|2024|35","LC-022","BE","BE",2024,35,2024-08-26,"L","Pipiens","culex",7,"vdci"
"LC022|Tarsalis|2024|35","LC-022","BE","BE",2024,35,2024-08-26,"L","Tarsalis","culex",4,"vdci"
"LC048|Pipiens|2019|25","LC-048","BE","BE",2019,25,2019-06-23,"L","Pipiens","culex",0,"vdci"
"LC048|Tarsalis|2019|25","LC-048","BE","BE",2019,25,2019-06-23,"L","Tarsalis","culex",3,"vdci"
"LC048|Pipiens|2019|27","LC-048","BE","BE",2019,27,2019-07-07,"L","Pipiens","culex",5,"vdci"
"LC048|Tarsalis|2019|27","LC-048","BE","BE",2019,27,2019-07-07,"L","Tarsalis","culex",95,"vdci"
"LC048|Pipiens|2019|28","LC-048","BE","BE",2019,28,2019-07-14,"L","Pipiens","culex",0,"vdci"
"LC048|Tarsalis|2019|28","LC-048","BE","BE",2019,28,2019-07-14,"L","Tarsalis","culex",110,"vdci"
"LC048|Pipiens|2019|29","LC-048","BE","BE",2019,29,2019-07-21,"L","Pipiens","culex",0,"vdci"
"LC048|Tarsalis|2019|29","LC-048","BE","BE",2019,29,2019-07-21,"L","Tarsalis","culex",37,"vdci"
"LC048|Pipiens|2019|30","LC-048","BE","BE",2019,30,2019-07-28,"L","Pipiens","culex",0,"vdci"
"LC048|Tarsalis|2019|30","LC-048","BE","BE",2019,30,2019-07-28,"L","Tarsalis","culex",156,"vdci"
"LC048|Pipiens|2019|31","LC-048","BE","BE",2019,31,2019-08-04,"L","Pipiens","culex",12,"vdci"
"LC048|Tarsalis|2019|31","LC-048","BE","BE",2019,31,2019-08-04,"L","Tarsalis","culex",136,"vdci"
"LC048|Pipiens|2019|32","LC-048","BE","BE",2019,32,2019-08-11,"L","Pipiens","culex",2,"vdci"
"LC048|Tarsalis|2019|32","LC-048","BE","BE",2019,32,2019-08-11,"L","Tarsalis","culex",72,"vdci"
"LC048|Pipiens|2019|33","LC-048","BE","BE",2019,33,2019-08-18,"L","Pipiens","culex",0,"vdci"
"LC048|Tarsalis|2019|33","LC-048","BE","BE",2019,33,2019-08-18,"L","Tarsalis","culex",29,"vdci"
"LC048|Pipiens|2019|34","LC-048","BE","BE",2019,34,2019-08-25,"L","Pipiens","culex",0,"vdci"
"LC048|Tarsalis|2019|34","LC-048","BE","BE",2019,34,2019-08-25,"L","Tarsalis","culex",12,"vdci"
"LC048|Pipiens|2020|23","LC-048","BE","BE",2020,23,2020-06-07,"L","Pipiens","culex",0,"vdci"
"LC048|Tarsalis|2020|23","LC-048","BE","BE",2020,23,2020-06-07,"L","Tarsalis","culex",1,"vdci"
"LC048|Pipiens|2020|24","LC-048","BE","BE",2020,24,2020-06-14,"L","Pipiens","culex",0,"vdci"
"LC048|Tarsalis|2020|24","LC-048","BE","BE",2020,24,2020-06-14,"L","Tarsalis","culex",4,"vdci"
"LC048|Pipiens|2020|26","LC-048","BE","BE",2020,26,2020-06-28,"L","Pipiens","culex",0,"vdci"
"LC048|Tarsalis|2020|26","LC-048","BE","BE",2020,26,2020-06-28,"L","Tarsalis","culex",1,"vdci"
"LC048|Pipiens|2020|27","LC-048","BE","BE",2020,27,2020-07-05,"L","Pipiens","culex",0,"vdci"
"LC048|Tarsalis|2020|27","LC-048","BE","BE",2020,27,2020-07-05,"L","Tarsalis","culex",10,"vdci"
"LC048|Pipiens|2020|28","LC-048","BE","BE",2020,28,2020-07-12,"L","Pipiens","culex",0,"vdci"
"LC048|Tarsalis|2020|28","LC-048","BE","BE",2020,28,2020-07-12,"L","Tarsalis","culex",11,"vdci"
"LC048|Pipiens|2020|29","LC-048","BE","BE",2020,29,2020-07-19,"L","Pipiens","culex",0,"vdci"
"LC048|Tarsalis|2020|29","LC-048","BE","BE",2020,29,2020-07-19,"L","Tarsalis","culex",4,"vdci"
"LC048|Pipiens|2020|30","LC-048","BE","BE",2020,30,2020-07-26,"L","Pipiens","culex",0,"vdci"
"LC048|Tarsalis|2020|30","LC-048","BE","BE",2020,30,2020-07-26,"L","Tarsalis","culex",18,"vdci"
"LC048|Pipiens|2020|32","LC-048","BE","BE",2020,32,2020-08-09,"L","Pipiens","culex",4,"vdci"
"LC048|Tarsalis|2020|32","LC-048","BE","BE",2020,32,2020-08-09,"L","Tarsalis","culex",16,"vdci"
"LC048|Pipiens|2020|33","LC-048","BE","BE",2020,33,2020-08-16,"L","Pipiens","culex",2,"vdci"
"LC048|Tarsalis|2020|33","LC-048","BE","BE",2020,33,2020-08-16,"L","Tarsalis","culex",3,"vdci"
"LC048|Pipiens|2020|34","LC-048","BE","BE",2020,34,2020-08-23,"L","Pipiens","culex",6,"vdci"
"LC048|Tarsalis|2020|34","LC-048","BE","BE",2020,34,2020-08-23,"L","Tarsalis","culex",15,"vdci"
"LC048|Pipiens|2021|22","LC-048","BE","BE",2021,22,2021-06-06,"L","Pipiens","culex",0,"vdci"
"LC048|Tarsalis|2021|22","LC-048","BE","BE",2021,22,2021-06-06,"L","Tarsalis","culex",2,"vdci"
"LC048|Pipiens|2021|23","LC-048","BE","BE",2021,23,2021-06-13,"L","Pipiens","culex",0,"vdci"
"LC048|Tarsalis|2021|23","LC-048","BE","BE",2021,23,2021-06-13,"L","Tarsalis","culex",2,"vdci"
"LC048|Pipiens|2021|24","LC-048","BE","BE",2021,24,2021-06-20,"L","Pipiens","culex",0,"vdci"
"LC048|Tarsalis|2021|24","LC-048","BE","BE",2021,24,2021-06-20,"L","Tarsalis","culex",1,"vdci"
"LC048|Pipiens|2021|25","LC-048","BE","BE",2021,25,2021-06-27,"L","Pipiens","culex",0,"vdci"
"LC048|Tarsalis|2021|25","LC-048","BE","BE",2021,25,2021-06-27,"L","Tarsalis","culex",13,"vdci"
"LC048|Pipiens|2021|26","LC-048","BE","BE",2021,26,2021-07-04,"L","Pipiens","culex",1,"vdci"
"LC048|Tarsalis|2021|26","LC-048","BE","BE",2021,26,2021-07-04,"L","Tarsalis","culex",79,"vdci"
"LC048|Pipiens|2021|27","LC-048","BE","BE",2021,27,2021-07-11,"L","Pipiens","culex",4,"vdci"
"LC048|Tarsalis|2021|27","LC-048","BE","BE",2021,27,2021-07-11,"L","Tarsalis","culex",49,"vdci"
"LC048|Pipiens|2021|28","LC-048","BE","BE",2021,28,2021-07-18,"L","Pipiens","culex",0,"vdci"
"LC048|Tarsalis|2021|28","LC-048","BE","BE",2021,28,2021-07-18,"L","Tarsalis","culex",120,"vdci"
"LC048|Pipiens|2021|29","LC-048","BE","BE",2021,29,2021-07-25,"L","Pipiens","culex",1,"vdci"
"LC048|Tarsalis|2021|29","LC-048","BE","BE",2021,29,2021-07-25,"L","Tarsalis","culex",38,"vdci"
"LC048|Pipiens|2021|30","LC-048","BE","BE",2021,30,2021-08-01,"L","Pipiens","culex",4,"vdci"
"LC048|Tarsalis|2021|30","LC-048","BE","BE",2021,30,2021-08-01,"L","Tarsalis","culex",79,"vdci"
"LC048|Pipiens|2021|31","LC-048","BE","BE",2021,31,2021-08-08,"L","Pipiens","culex",4,"vdci"
"LC048|Tarsalis|2021|31","LC-048","BE","BE",2021,31,2021-08-08,"L","Tarsalis","culex",112,"vdci"
"LC048|Pipiens|2021|32","LC-048","BE","BE",2021,32,2021-08-15,"L","Pipiens","culex",5,"vdci"
"LC048|Tarsalis|2021|32","LC-048","BE","BE",2021,32,2021-08-15,"L","Tarsalis","culex",32,"vdci"
"LC048|Pipiens|2021|33","LC-048","BE","BE",2021,33,2021-08-22,"L","Pipiens","culex",3,"vdci"
"LC048|Tarsalis|2021|33","LC-048","BE","BE",2021,33,2021-08-22,"L","Tarsalis","culex",17,"vdci"
"LC048|Pipiens|2021|34","LC-048","BE","BE",2021,34,2021-08-29,"L","Pipiens","culex",5,"vdci"
"LC048|Tarsalis|2021|34","LC-048","BE","BE",2021,34,2021-08-29,"L","Tarsalis","culex",17,"vdci"
"LC048|Pipiens|2022|23","LC-048","BE","BE",2022,23,2022-06-12,"L","Pipiens","culex",0,"vdci"
"LC048|Tarsalis|2022|23","LC-048","BE","BE",2022,23,2022-06-12,"L","Tarsalis","culex",17,"vdci"
"LC048|Pipiens|2022|24","LC-048","BE","BE",2022,24,2022-06-19,"L","Pipiens","culex",0,"vdci"
"LC048|Tarsalis|2022|24","LC-048","BE","BE",2022,24,2022-06-19,"L","Tarsalis","culex",19,"vdci"
"LC048|Pipiens|2022|25","LC-048","BE","BE",2022,25,2022-06-26,"L","Pipiens","culex",0,"vdci"
"LC048|Tarsalis|2022|25","LC-048","BE","BE",2022,25,2022-06-26,"L","Tarsalis","culex",4,"vdci"
"LC048|Pipiens|2022|26","LC-048","BE","BE",2022,26,2022-07-03,"L","Pipiens","culex",0,"vdci"
"LC048|Tarsalis|2022|26","LC-048","BE","BE",2022,26,2022-07-03,"L","Tarsalis","culex",42,"vdci"
"LC048|Pipiens|2022|27","LC-048","BE","BE",2022,27,2022-07-10,"L","Pipiens","culex",0,"vdci"
"LC048|Tarsalis|2022|27","LC-048","BE","BE",2022,27,2022-07-10,"L","Tarsalis","culex",29,"vdci"
"LC048|Pipiens|2022|28","LC-048","BE","BE",2022,28,2022-07-17,"L","Pipiens","culex",2,"vdci"
"LC048|Tarsalis|2022|28","LC-048","BE","BE",2022,28,2022-07-17,"L","Tarsalis","culex",60,"vdci"
"LC048|Pipiens|2022|29","LC-048","BE","BE",2022,29,2022-07-24,"L","Pipiens","culex",1,"vdci"
"LC048|Tarsalis|2022|29","LC-048","BE","BE",2022,29,2022-07-24,"L","Tarsalis","culex",53,"vdci"
"LC048|Pipiens|2022|30","LC-048","BE","BE",2022,30,2022-07-31,"L","Pipiens","culex",4,"vdci"
"LC048|Tarsalis|2022|30","LC-048","BE","BE",2022,30,2022-07-31,"L","Tarsalis","culex",128,"vdci"
"LC048|Pipiens|2022|31","LC-048","BE","BE",2022,31,2022-08-07,"L","Pipiens","culex",1,"vdci"
"LC048|Tarsalis|2022|31","LC-048","BE","BE",2022,31,2022-08-07,"L","Tarsalis","culex",8,"vdci"
"LC048|Pipiens|2022|32","LC-048","BE","BE",2022,32,2022-08-14,"L","Pipiens","culex",0,"vdci"
"LC048|Tarsalis|2022|32","LC-048","BE","BE",2022,32,2022-08-14,"L","Tarsalis","culex",99,"vdci"
"LC048|Pipiens|2022|33","LC-048","BE","BE",2022,33,2022-08-21,"L","Pipiens","culex",1,"vdci"
"LC048|Tarsalis|2022|33","LC-048","BE","BE",2022,33,2022-08-21,"L","Tarsalis","culex",5,"vdci"
"LC048|Pipiens|2022|34","LC-048","BE","BE",2022,34,2022-08-28,"L","Pipiens","culex",21,"vdci"
"LC048|Tarsalis|2022|34","LC-048","BE","BE",2022,34,2022-08-28,"L","Tarsalis","culex",25,"vdci"
"LC048|Pipiens|2023|23","LC-048","BE","BE",2023,23,2023-06-11,"L","Pipiens","culex",0,"vdci"
"LC048|Tarsalis|2023|23","LC-048","BE","BE",2023,23,2023-06-11,"L","Tarsalis","culex",5,"vdci"
"LC048|Pipiens|2023|24","LC-048","BE","BE",2023,24,2023-06-18,"L","Pipiens","culex",2,"vdci"
"LC048|Tarsalis|2023|24","LC-048","BE","BE",2023,24,2023-06-18,"L","Tarsalis","culex",14,"vdci"
"LC048|Pipiens|2023|25","LC-048","BE","BE",2023,25,2023-06-25,"L","Pipiens","culex",0,"vdci"
"LC048|Tarsalis|2023|25","LC-048","BE","BE",2023,25,2023-06-25,"L","Tarsalis","culex",18,"vdci"
"LC048|Pipiens|2023|27","LC-048","BE","BE",2023,27,2023-07-09,"L","Pipiens","culex",9,"vdci"
"LC048|Tarsalis|2023|27","LC-048","BE","BE",2023,27,2023-07-09,"L","Tarsalis","culex",158,"vdci"
"LC048|Pipiens|2023|28","LC-048","BE","BE",2023,28,2023-07-16,"L","Pipiens","culex",0,"vdci"
"LC048|Tarsalis|2023|28","LC-048","BE","BE",2023,28,2023-07-16,"L","Tarsalis","culex",43,"vdci"
"LC048|Pipiens|2023|29","LC-048","BE","BE",2023,29,2023-07-23,"L","Pipiens","culex",0,"vdci"
"LC048|Tarsalis|2023|29","LC-048","BE","BE",2023,29,2023-07-23,"L","Tarsalis","culex",354,"vdci"
"LC048|Pipiens|2023|30","LC-048","BE","BE",2023,30,2023-07-30,"L","Pipiens","culex",0,"vdci"
"LC048|Tarsalis|2023|30","LC-048","BE","BE",2023,30,2023-07-30,"L","Tarsalis","culex",184,"vdci"
"LC048|Pipiens|2023|31","LC-048","BE","BE",2023,31,2023-08-06,"L","Pipiens","culex",4,"vdci"
"LC048|Tarsalis|2023|31","LC-048","BE","BE",2023,31,2023-08-06,"L","Tarsalis","culex",26,"vdci"
"LC048|Pipiens|2023|32","LC-048","BE","BE",2023,32,2023-08-13,"L","Pipiens","culex",4,"vdci"
"LC048|Tarsalis|2023|32","LC-048","BE","BE",2023,32,2023-08-13,"L","Tarsalis","culex",40,"vdci"
"LC048|Pipiens|2023|33","LC-048","BE","BE",2023,33,2023-08-20,"L","Pipiens","culex",12,"vdci"
"LC048|Tarsalis|2023|33","LC-048","BE","BE",2023,33,2023-08-20,"L","Tarsalis","culex",44,"vdci"
"LC048|Pipiens|2023|34","LC-048","BE","BE",2023,34,2023-08-27,"L","Pipiens","culex",0,"vdci"
"LC048|Tarsalis|2023|34","LC-048","BE","BE",2023,34,2023-08-27,"L","Tarsalis","culex",11,"vdci"
"LC048|Pipiens|2024|25","LC-048","BE","BE",2024,25,2024-06-17,"L","Pipiens","culex",0,"vdci"
"LC048|Tarsalis|2024|25","LC-048","BE","BE",2024,25,2024-06-17,"L","Tarsalis","culex",10,"vdci"
"LC048|Pipiens|2024|27","LC-048","BE","BE",2024,27,2024-07-01,"L","Pipiens","culex",0,"vdci"
"LC048|Tarsalis|2024|27","LC-048","BE","BE",2024,27,2024-07-01,"L","Tarsalis","culex",14,"vdci"
"LC048|Pipiens|2024|28","LC-048","BE","BE",2024,28,2024-07-08,"L","Pipiens","culex",0,"vdci"
"LC048|Tarsalis|2024|28","LC-048","BE","BE",2024,28,2024-07-08,"L","Tarsalis","culex",3,"vdci"
"LC048|Pipiens|2024|29","LC-048","BE","BE",2024,29,2024-07-15,"L","Pipiens","culex",1,"vdci"
"LC048|Tarsalis|2024|29","LC-048","BE","BE",2024,29,2024-07-15,"L","Tarsalis","culex",20,"vdci"
"LC048|Pipiens|2024|30","LC-048","BE","BE",2024,30,2024-07-22,"L","Pipiens","culex",0,"vdci"
"LC048|Tarsalis|2024|30","LC-048","BE","BE",2024,30,2024-07-22,"L","Tarsalis","culex",10,"vdci"
"LC048|Pipiens|2024|31","LC-048","BE","BE",2024,31,2024-07-29,"L","Pipiens","culex",0,"vdci"
"LC048|Tarsalis|2024|31","LC-048","BE","BE",2024,31,2024-07-29,"L","Tarsalis","culex",17,"vdci"
"LC048|Pipiens|2024|32","LC-048","BE","BE",2024,32,2024-08-05,"L","Pipiens","culex",0,"vdci"
"LC048|Tarsalis|2024|32","LC-048","BE","BE",2024,32,2024-08-05,"L","Tarsalis","culex",35,"vdci"
"LC048|Pipiens|2024|33","LC-048","BE","BE",2024,33,2024-08-12,"L","Pipiens","culex",0,"vdci"
"LC048|Tarsalis|2024|33","LC-048","BE","BE",2024,33,2024-08-12,"L","Tarsalis","culex",29,"vdci"
"LC048|Pipiens|2024|34","LC-048","BE","BE",2024,34,2024-08-19,"L","Pipiens","culex",3,"vdci"
"LC048|Tarsalis|2024|34","LC-048","BE","BE",2024,34,2024-08-19,"L","Tarsalis","culex",18,"vdci"
"LC048|Pipiens|2024|35","LC-048","BE","BE",2024,35,2024-08-26,"L","Pipiens","culex",4,"vdci"
"LC048|Tarsalis|2024|35","LC-048","BE","BE",2024,35,2024-08-26,"L","Tarsalis","culex",12,"vdci"
"LC050|Pipiens|2019|23","LC-050","BE","BE",2019,23,2019-06-09,"L","Pipiens","culex",0,"vdci"
"LC050|Tarsalis|2019|23","LC-050","BE","BE",2019,23,2019-06-09,"L","Tarsalis","culex",7,"vdci"
"LC050|Pipiens|2019|24","LC-050","BE","BE",2019,24,2019-06-16,"L","Pipiens","culex",0,"vdci"
"LC050|Tarsalis|2019|24","LC-050","BE","BE",2019,24,2019-06-16,"L","Tarsalis","culex",2,"vdci"
"LC050|Pipiens|2019|25","LC-050","BE","BE",2019,25,2019-06-23,"L","Pipiens","culex",2,"vdci"
"LC050|Tarsalis|2019|25","LC-050","BE","BE",2019,25,2019-06-23,"L","Tarsalis","culex",1,"vdci"
"LC050|Pipiens|2019|26","LC-050","BE","BE",2019,26,2019-06-30,"L","Pipiens","culex",8,"vdci"
"LC050|Tarsalis|2019|26","LC-050","BE","BE",2019,26,2019-06-30,"L","Tarsalis","culex",51,"vdci"
"LC050|Pipiens|2019|27","LC-050","BE","BE",2019,27,2019-07-07,"L","Pipiens","culex",44,"vdci"
"LC050|Tarsalis|2019|27","LC-050","BE","BE",2019,27,2019-07-07,"L","Tarsalis","culex",232,"vdci"
"LC050|Pipiens|2019|28","LC-050","BE","BE",2019,28,2019-07-14,"L","Pipiens","culex",32,"vdci"
"LC050|Tarsalis|2019|28","LC-050","BE","BE",2019,28,2019-07-14,"L","Tarsalis","culex",348,"vdci"
"LC050|Pipiens|2019|29","LC-050","BE","BE",2019,29,2019-07-21,"L","Pipiens","culex",17,"vdci"
"LC050|Tarsalis|2019|29","LC-050","BE","BE",2019,29,2019-07-21,"L","Tarsalis","culex",89,"vdci"
"LC050|Pipiens|2019|30","LC-050","BE","BE",2019,30,2019-07-28,"L","Pipiens","culex",16,"vdci"
"LC050|Tarsalis|2019|30","LC-050","BE","BE",2019,30,2019-07-28,"L","Tarsalis","culex",208,"vdci"
"LC050|Pipiens|2019|31","LC-050","BE","BE",2019,31,2019-08-04,"L","Pipiens","culex",1,"vdci"
"LC050|Tarsalis|2019|31","LC-050","BE","BE",2019,31,2019-08-04,"L","Tarsalis","culex",47,"vdci"
"LC050|Pipiens|2019|32","LC-050","BE","BE",2019,32,2019-08-11,"L","Pipiens","culex",2,"vdci"
"LC050|Tarsalis|2019|32","LC-050","BE","BE",2019,32,2019-08-11,"L","Tarsalis","culex",51,"vdci"
"LC050|Pipiens|2019|33","LC-050","BE","BE",2019,33,2019-08-18,"L","Pipiens","culex",2,"vdci"
"LC050|Tarsalis|2019|33","LC-050","BE","BE",2019,33,2019-08-18,"L","Tarsalis","culex",80,"vdci"
"LC050|Pipiens|2019|34","LC-050","BE","BE",2019,34,2019-08-25,"L","Pipiens","culex",2,"vdci"
"LC050|Tarsalis|2019|34","LC-050","BE","BE",2019,34,2019-08-25,"L","Tarsalis","culex",29,"vdci"
"LC050|Pipiens|2020|24","LC-050","BE","BE",2020,24,2020-06-14,"L","Pipiens","culex",0,"vdci"
"LC050|Tarsalis|2020|24","LC-050","BE","BE",2020,24,2020-06-14,"L","Tarsalis","culex",5,"vdci"
"LC050|Pipiens|2020|25","LC-050","BE","BE",2020,25,2020-06-21,"L","Pipiens","culex",3,"vdci"
"LC050|Tarsalis|2020|25","LC-050","BE","BE",2020,25,2020-06-21,"L","Tarsalis","culex",4,"vdci"
"LC050|Pipiens|2020|26","LC-050","BE","BE",2020,26,2020-06-28,"L","Pipiens","culex",0,"vdci"
"LC050|Tarsalis|2020|26","LC-050","BE","BE",2020,26,2020-06-28,"L","Tarsalis","culex",13,"vdci"
"LC050|Pipiens|2020|27","LC-050","BE","BE",2020,27,2020-07-05,"L","Pipiens","culex",1,"vdci"
"LC050|Tarsalis|2020|27","LC-050","BE","BE",2020,27,2020-07-05,"L","Tarsalis","culex",15,"vdci"
"LC050|Pipiens|2020|28","LC-050","BE","BE",2020,28,2020-07-12,"L","Pipiens","culex",4,"vdci"
"LC050|Tarsalis|2020|28","LC-050","BE","BE",2020,28,2020-07-12,"L","Tarsalis","culex",59,"vdci"
"LC050|Pipiens|2020|29","LC-050","BE","BE",2020,29,2020-07-19,"L","Pipiens","culex",7,"vdci"
"LC050|Tarsalis|2020|29","LC-050","BE","BE",2020,29,2020-07-19,"L","Tarsalis","culex",25,"vdci"
"LC050|Pipiens|2020|30","LC-050","BE","BE",2020,30,2020-07-26,"L","Pipiens","culex",16,"vdci"
"LC050|Tarsalis|2020|30","LC-050","BE","BE",2020,30,2020-07-26,"L","Tarsalis","culex",14,"vdci"
"LC050|Pipiens|2020|31","LC-050","BE","BE",2020,31,2020-08-02,"L","Pipiens","culex",17,"vdci"
"LC050|Tarsalis|2020|31","LC-050","BE","BE",2020,31,2020-08-02,"L","Tarsalis","culex",15,"vdci"
"LC050|Pipiens|2020|32","LC-050","BE","BE",2020,32,2020-08-09,"L","Pipiens","culex",9,"vdci"
"LC050|Tarsalis|2020|32","LC-050","BE","BE",2020,32,2020-08-09,"L","Tarsalis","culex",84,"vdci"
"LC050|Pipiens|2020|33","LC-050","BE","BE",2020,33,2020-08-16,"L","Pipiens","culex",5,"vdci"
"LC050|Tarsalis|2020|33","LC-050","BE","BE",2020,33,2020-08-16,"L","Tarsalis","culex",19,"vdci"
"LC050|Pipiens|2020|34","LC-050","BE","BE",2020,34,2020-08-23,"L","Pipiens","culex",10,"vdci"
"LC050|Tarsalis|2020|34","LC-050","BE","BE",2020,34,2020-08-23,"L","Tarsalis","culex",7,"vdci"
"LC050|Pipiens|2021|22","LC-050","BE","BE",2021,22,2021-06-06,"L","Pipiens","culex",0,"vdci"
"LC050|Tarsalis|2021|22","LC-050","BE","BE",2021,22,2021-06-06,"L","Tarsalis","culex",1,"vdci"
"LC050|Pipiens|2021|23","LC-050","BE","BE",2021,23,2021-06-13,"L","Pipiens","culex",2,"vdci"
"LC050|Tarsalis|2021|23","LC-050","BE","BE",2021,23,2021-06-13,"L","Tarsalis","culex",39,"vdci"
"LC050|Pipiens|2021|24","LC-050","BE","BE",2021,24,2021-06-20,"L","Pipiens","culex",1,"vdci"
"LC050|Tarsalis|2021|24","LC-050","BE","BE",2021,24,2021-06-20,"L","Tarsalis","culex",46,"vdci"
"LC050|Pipiens|2021|25","LC-050","BE","BE",2021,25,2021-06-27,"L","Pipiens","culex",4,"vdci"
"LC050|Tarsalis|2021|25","LC-050","BE","BE",2021,25,2021-06-27,"L","Tarsalis","culex",32,"vdci"
"LC050|Pipiens|2021|26","LC-050","BE","BE",2021,26,2021-07-04,"L","Pipiens","culex",7,"vdci"
"LC050|Tarsalis|2021|26","LC-050","BE","BE",2021,26,2021-07-04,"L","Tarsalis","culex",183,"vdci"
"LC050|Pipiens|2021|27","LC-050","BE","BE",2021,27,2021-07-11,"L","Pipiens","culex",8,"vdci"
"LC050|Tarsalis|2021|27","LC-050","BE","BE",2021,27,2021-07-11,"L","Tarsalis","culex",240,"vdci"
"LC050|Pipiens|2021|28","LC-050","BE","BE",2021,28,2021-07-18,"L","Pipiens","culex",0,"vdci"
"LC050|Tarsalis|2021|28","LC-050","BE","BE",2021,28,2021-07-18,"L","Tarsalis","culex",80,"vdci"
"LC050|Pipiens|2021|29","LC-050","BE","BE",2021,29,2021-07-25,"L","Pipiens","culex",12,"vdci"
"LC050|Tarsalis|2021|29","LC-050","BE","BE",2021,29,2021-07-25,"L","Tarsalis","culex",196,"vdci"
"LC050|Pipiens|2021|30","LC-050","BE","BE",2021,30,2021-08-01,"L","Pipiens","culex",40,"vdci"
"LC050|Tarsalis|2021|30","LC-050","BE","BE",2021,30,2021-08-01,"L","Tarsalis","culex",468,"vdci"
"LC050|Pipiens|2021|31","LC-050","BE","BE",2021,31,2021-08-08,"L","Pipiens","culex",4,"vdci"
"LC050|Tarsalis|2021|31","LC-050","BE","BE",2021,31,2021-08-08,"L","Tarsalis","culex",23,"vdci"
"LC050|Pipiens|2021|32","LC-050","BE","BE",2021,32,2021-08-15,"L","Pipiens","culex",9,"vdci"
"LC050|Tarsalis|2021|32","LC-050","BE","BE",2021,32,2021-08-15,"L","Tarsalis","culex",24,"vdci"
"LC050|Pipiens|2021|33","LC-050","BE","BE",2021,33,2021-08-22,"L","Pipiens","culex",7,"vdci"
"LC050|Tarsalis|2021|33","LC-050","BE","BE",2021,33,2021-08-22,"L","Tarsalis","culex",12,"vdci"
"LC050|Pipiens|2021|34","LC-050","BE","BE",2021,34,2021-08-29,"L","Pipiens","culex",4,"vdci"
"LC050|Tarsalis|2021|34","LC-050","BE","BE",2021,34,2021-08-29,"L","Tarsalis","culex",9,"vdci"
"LC050|Pipiens|2022|23","LC-050","BE","BE",2022,23,2022-06-12,"L","Pipiens","culex",0,"vdci"
"LC050|Tarsalis|2022|23","LC-050","BE","BE",2022,23,2022-06-12,"L","Tarsalis","culex",6,"vdci"
"LC050|Pipiens|2022|24","LC-050","BE","BE",2022,24,2022-06-19,"L","Pipiens","culex",0,"vdci"
"LC050|Tarsalis|2022|24","LC-050","BE","BE",2022,24,2022-06-19,"L","Tarsalis","culex",14,"vdci"
"LC050|Pipiens|2022|25","LC-050","BE","BE",2022,25,2022-06-26,"L","Pipiens","culex",0,"vdci"
"LC050|Tarsalis|2022|25","LC-050","BE","BE",2022,25,2022-06-26,"L","Tarsalis","culex",2,"vdci"
"LC050|Pipiens|2022|26","LC-050","BE","BE",2022,26,2022-07-03,"L","Pipiens","culex",3,"vdci"
"LC050|Tarsalis|2022|26","LC-050","BE","BE",2022,26,2022-07-03,"L","Tarsalis","culex",25,"vdci"
"LC050|Pipiens|2022|27","LC-050","BE","BE",2022,27,2022-07-10,"L","Pipiens","culex",3,"vdci"
"LC050|Tarsalis|2022|27","LC-050","BE","BE",2022,27,2022-07-10,"L","Tarsalis","culex",35,"vdci"
"LC050|Pipiens|2022|28","LC-050","BE","BE",2022,28,2022-07-17,"L","Pipiens","culex",0,"vdci"
"LC050|Tarsalis|2022|28","LC-050","BE","BE",2022,28,2022-07-17,"L","Tarsalis","culex",80,"vdci"
"LC050|Pipiens|2022|29","LC-050","BE","BE",2022,29,2022-07-24,"L","Pipiens","culex",8,"vdci"
"LC050|Tarsalis|2022|29","LC-050","BE","BE",2022,29,2022-07-24,"L","Tarsalis","culex",40,"vdci"
"LC050|Pipiens|2022|30","LC-050","BE","BE",2022,30,2022-07-31,"L","Pipiens","culex",8,"vdci"
"LC050|Tarsalis|2022|30","LC-050","BE","BE",2022,30,2022-07-31,"L","Tarsalis","culex",39,"vdci"
"LC050|Pipiens|2022|31","LC-050","BE","BE",2022,31,2022-08-07,"L","Pipiens","culex",16,"vdci"
"LC050|Tarsalis|2022|31","LC-050","BE","BE",2022,31,2022-08-07,"L","Tarsalis","culex",45,"vdci"
"LC050|Pipiens|2022|32","LC-050","BE","BE",2022,32,2022-08-14,"L","Pipiens","culex",4,"vdci"
"LC050|Tarsalis|2022|32","LC-050","BE","BE",2022,32,2022-08-14,"L","Tarsalis","culex",88,"vdci"
"LC050|Pipiens|2022|33","LC-050","BE","BE",2022,33,2022-08-21,"L","Pipiens","culex",11,"vdci"
"LC050|Tarsalis|2022|33","LC-050","BE","BE",2022,33,2022-08-21,"L","Tarsalis","culex",20,"vdci"
"LC050|Pipiens|2022|34","LC-050","BE","BE",2022,34,2022-08-28,"L","Pipiens","culex",0,"vdci"
"LC050|Tarsalis|2022|34","LC-050","BE","BE",2022,34,2022-08-28,"L","Tarsalis","culex",1,"vdci"
"LC050|Pipiens|2023|24","LC-050","BE","BE",2023,24,2023-06-18,"L","Pipiens","culex",0,"vdci"
"LC050|Tarsalis|2023|24","LC-050","BE","BE",2023,24,2023-06-18,"L","Tarsalis","culex",60,"vdci"
"LC050|Pipiens|2023|25","LC-050","BE","BE",2023,25,2023-06-25,"L","Pipiens","culex",0,"vdci"
"LC050|Tarsalis|2023|25","LC-050","BE","BE",2023,25,2023-06-25,"L","Tarsalis","culex",39,"vdci"
"LC050|Pipiens|2023|27","LC-050","BE","BE",2023,27,2023-07-09,"L","Pipiens","culex",0,"vdci"
"LC050|Tarsalis|2023|27","LC-050","BE","BE",2023,27,2023-07-09,"L","Tarsalis","culex",252,"vdci"
"LC050|Pipiens|2023|28","LC-050","BE","BE",2023,28,2023-07-16,"L","Pipiens","culex",8,"vdci"
"LC050|Tarsalis|2023|28","LC-050","BE","BE",2023,28,2023-07-16,"L","Tarsalis","culex",224,"vdci"
"LC050|Pipiens|2023|29","LC-050","BE","BE",2023,29,2023-07-23,"L","Pipiens","culex",32,"vdci"
"LC050|Tarsalis|2023|29","LC-050","BE","BE",2023,29,2023-07-23,"L","Tarsalis","culex",688,"vdci"
"LC050|Pipiens|2023|30","LC-050","BE","BE",2023,30,2023-07-30,"L","Pipiens","culex",0,"vdci"
"LC050|Tarsalis|2023|30","LC-050","BE","BE",2023,30,2023-07-30,"L","Tarsalis","culex",100,"vdci"
"LC050|Pipiens|2023|31","LC-050","BE","BE",2023,31,2023-08-06,"L","Pipiens","culex",24,"vdci"
"LC050|Tarsalis|2023|31","LC-050","BE","BE",2023,31,2023-08-06,"L","Tarsalis","culex",52,"vdci"
"LC050|Pipiens|2023|32","LC-050","BE","BE",2023,32,2023-08-13,"L","Pipiens","culex",20,"vdci"
"LC050|Tarsalis|2023|32","LC-050","BE","BE",2023,32,2023-08-13,"L","Tarsalis","culex",116,"vdci"
"LC050|Pipiens|2023|33","LC-050","BE","BE",2023,33,2023-08-20,"L","Pipiens","culex",4,"vdci"
"LC050|Tarsalis|2023|33","LC-050","BE","BE",2023,33,2023-08-20,"L","Tarsalis","culex",40,"vdci"
"LC050|Pipiens|2023|34","LC-050","BE","BE",2023,34,2023-08-27,"L","Pipiens","culex",16,"vdci"
"LC050|Tarsalis|2023|34","LC-050","BE","BE",2023,34,2023-08-27,"L","Tarsalis","culex",0,"vdci"
"LC050|Pipiens|2024|25","LC-050","BE","BE",2024,25,2024-06-17,"L","Pipiens","culex",0,"vdci"
"LC050|Tarsalis|2024|25","LC-050","BE","BE",2024,25,2024-06-17,"L","Tarsalis","culex",7,"vdci"
"LC050|Pipiens|2024|26","LC-050","BE","BE",2024,26,2024-06-24,"L","Pipiens","culex",48,"vdci"
"LC050|Tarsalis|2024|26","LC-050","BE","BE",2024,26,2024-06-24,"L","Tarsalis","culex",64,"vdci"
"LC050|Pipiens|2024|28","LC-050","BE","BE",2024,28,2024-07-08,"L","Pipiens","culex",2,"vdci"
"LC050|Tarsalis|2024|28","LC-050","BE","BE",2024,28,2024-07-08,"L","Tarsalis","culex",3,"vdci"
"LC050|Pipiens|2024|29","LC-050","BE","BE",2024,29,2024-07-15,"L","Pipiens","culex",0,"vdci"
"LC050|Tarsalis|2024|29","LC-050","BE","BE",2024,29,2024-07-15,"L","Tarsalis","culex",11,"vdci"
"LC050|Pipiens|2024|30","LC-050","BE","BE",2024,30,2024-07-22,"L","Pipiens","culex",7,"vdci"
"LC050|Tarsalis|2024|30","LC-050","BE","BE",2024,30,2024-07-22,"L","Tarsalis","culex",4,"vdci"
"LC050|Pipiens|2024|31","LC-050","BE","BE",2024,31,2024-07-29,"L","Pipiens","culex",4,"vdci"
"LC050|Tarsalis|2024|31","LC-050","BE","BE",2024,31,2024-07-29,"L","Tarsalis","culex",12,"vdci"
"LC050|Pipiens|2024|32","LC-050","BE","BE",2024,32,2024-08-05,"L","Pipiens","culex",1,"vdci"
"LC050|Tarsalis|2024|32","LC-050","BE","BE",2024,32,2024-08-05,"L","Tarsalis","culex",14,"vdci"
"LC050|Pipiens|2024|33","LC-050","BE","BE",2024,33,2024-08-12,"L","Pipiens","culex",1,"vdci"
"LC050|Tarsalis|2024|33","LC-050","BE","BE",2024,33,2024-08-12,"L","Tarsalis","culex",5,"vdci"
"LC050|Pipiens|2024|34","LC-050","BE","BE",2024,34,2024-08-19,"L","Pipiens","culex",0,"vdci"
"LC050|Tarsalis|2024|34","LC-050","BE","BE",2024,34,2024-08-19,"L","Tarsalis","culex",1,"vdci"
"LC050|Pipiens|2024|35","LC-050","BE","BE",2024,35,2024-08-26,"L","Pipiens","culex",9,"vdci"
"LC050|Tarsalis|2024|35","LC-050","BE","BE",2024,35,2024-08-26,"L","Tarsalis","culex",5,"vdci"
"LC051|Pipiens|2019|23","LC-051","BE","BE",2019,23,2019-06-09,"L","Pipiens","culex",0,"vdci"
"LC051|Tarsalis|2019|23","LC-051","BE","BE",2019,23,2019-06-09,"L","Tarsalis","culex",2,"vdci"
"LC051|Pipiens|2019|24","LC-051","BE","BE",2019,24,2019-06-16,"L","Pipiens","culex",0,"vdci"
"LC051|Tarsalis|2019|24","LC-051","BE","BE",2019,24,2019-06-16,"L","Tarsalis","culex",2,"vdci"
"LC051|Pipiens|2019|25","LC-051","BE","BE",2019,25,2019-06-23,"L","Pipiens","culex",0,"vdci"
"LC051|Tarsalis|2019|25","LC-051","BE","BE",2019,25,2019-06-23,"L","Tarsalis","culex",2,"vdci"
"LC051|Pipiens|2019|26","LC-051","BE","BE",2019,26,2019-06-30,"L","Pipiens","culex",0,"vdci"
"LC051|Tarsalis|2019|26","LC-051","BE","BE",2019,26,2019-06-30,"L","Tarsalis","culex",49,"vdci"
"LC051|Pipiens|2019|27","LC-051","BE","BE",2019,27,2019-07-07,"L","Pipiens","culex",0,"vdci"
"LC051|Tarsalis|2019|27","LC-051","BE","BE",2019,27,2019-07-07,"L","Tarsalis","culex",228,"vdci"
"LC051|Pipiens|2019|28","LC-051","BE","BE",2019,28,2019-07-14,"L","Pipiens","culex",0,"vdci"
"LC051|Tarsalis|2019|28","LC-051","BE","BE",2019,28,2019-07-14,"L","Tarsalis","culex",460,"vdci"
"LC051|Pipiens|2019|29","LC-051","BE","BE",2019,29,2019-07-21,"L","Pipiens","culex",12,"vdci"
"LC051|Tarsalis|2019|29","LC-051","BE","BE",2019,29,2019-07-21,"L","Tarsalis","culex",396,"vdci"
"LC051|Pipiens|2019|30","LC-051","BE","BE",2019,30,2019-07-28,"L","Pipiens","culex",12,"vdci"
"LC051|Tarsalis|2019|30","LC-051","BE","BE",2019,30,2019-07-28,"L","Tarsalis","culex",192,"vdci"
"LC051|Pipiens|2019|31","LC-051","BE","BE",2019,31,2019-08-04,"L","Pipiens","culex",8,"vdci"
"LC051|Tarsalis|2019|31","LC-051","BE","BE",2019,31,2019-08-04,"L","Tarsalis","culex",71,"vdci"
"LC051|Pipiens|2019|32","LC-051","BE","BE",2019,32,2019-08-11,"L","Pipiens","culex",4,"vdci"
"LC051|Tarsalis|2019|32","LC-051","BE","BE",2019,32,2019-08-11,"L","Tarsalis","culex",148,"vdci"
"LC051|Pipiens|2019|33","LC-051","BE","BE",2019,33,2019-08-18,"L","Pipiens","culex",4,"vdci"
"LC051|Tarsalis|2019|33","LC-051","BE","BE",2019,33,2019-08-18,"L","Tarsalis","culex",28,"vdci"
"LC051|Pipiens|2019|34","LC-051","BE","BE",2019,34,2019-08-25,"L","Pipiens","culex",1,"vdci"
"LC051|Tarsalis|2019|34","LC-051","BE","BE",2019,34,2019-08-25,"L","Tarsalis","culex",20,"vdci"
"LC051|Pipiens|2020|23","LC-051","BE","BE",2020,23,2020-06-07,"L","Pipiens","culex",0,"vdci"
"LC051|Tarsalis|2020|23","LC-051","BE","BE",2020,23,2020-06-07,"L","Tarsalis","culex",4,"vdci"
"LC051|Pipiens|2020|24","LC-051","BE","BE",2020,24,2020-06-14,"L","Pipiens","culex",0,"vdci"
"LC051|Tarsalis|2020|24","LC-051","BE","BE",2020,24,2020-06-14,"L","Tarsalis","culex",2,"vdci"
"LC051|Pipiens|2020|26","LC-051","BE","BE",2020,26,2020-06-28,"L","Pipiens","culex",0,"vdci"
"LC051|Tarsalis|2020|26","LC-051","BE","BE",2020,26,2020-06-28,"L","Tarsalis","culex",14,"vdci"
"LC051|Pipiens|2020|27","LC-051","BE","BE",2020,27,2020-07-05,"L","Pipiens","culex",0,"vdci"
"LC051|Tarsalis|2020|27","LC-051","BE","BE",2020,27,2020-07-05,"L","Tarsalis","culex",15,"vdci"
"LC051|Pipiens|2020|28","LC-051","BE","BE",2020,28,2020-07-12,"L","Pipiens","culex",0,"vdci"
"LC051|Tarsalis|2020|28","LC-051","BE","BE",2020,28,2020-07-12,"L","Tarsalis","culex",23,"vdci"
"LC051|Pipiens|2020|29","LC-051","BE","BE",2020,29,2020-07-19,"L","Pipiens","culex",0,"vdci"
"LC051|Tarsalis|2020|29","LC-051","BE","BE",2020,29,2020-07-19,"L","Tarsalis","culex",45,"vdci"
"LC051|Pipiens|2020|30","LC-051","BE","BE",2020,30,2020-07-26,"L","Pipiens","culex",2,"vdci"
"LC051|Tarsalis|2020|30","LC-051","BE","BE",2020,30,2020-07-26,"L","Tarsalis","culex",40,"vdci"
"LC051|Pipiens|2020|31","LC-051","BE","BE",2020,31,2020-08-02,"L","Pipiens","culex",5,"vdci"
"LC051|Tarsalis|2020|31","LC-051","BE","BE",2020,31,2020-08-02,"L","Tarsalis","culex",77,"vdci"
"LC051|Pipiens|2020|32","LC-051","BE","BE",2020,32,2020-08-09,"L","Pipiens","culex",0,"vdci"
"LC051|Tarsalis|2020|32","LC-051","BE","BE",2020,32,2020-08-09,"L","Tarsalis","culex",97,"vdci"
"LC051|Pipiens|2020|33","LC-051","BE","BE",2020,33,2020-08-16,"L","Pipiens","culex",9,"vdci"
"LC051|Tarsalis|2020|33","LC-051","BE","BE",2020,33,2020-08-16,"L","Tarsalis","culex",49,"vdci"
"LC051|Pipiens|2020|34","LC-051","BE","BE",2020,34,2020-08-23,"L","Pipiens","culex",1,"vdci"
"LC051|Tarsalis|2020|34","LC-051","BE","BE",2020,34,2020-08-23,"L","Tarsalis","culex",2,"vdci"
"LC051|Pipiens|2021|23","LC-051","BE","BE",2021,23,2021-06-13,"L","Pipiens","culex",0,"vdci"
"LC051|Tarsalis|2021|23","LC-051","BE","BE",2021,23,2021-06-13,"L","Tarsalis","culex",60,"vdci"
"LC051|Pipiens|2021|24","LC-051","BE","BE",2021,24,2021-06-20,"L","Pipiens","culex",0,"vdci"
"LC051|Tarsalis|2021|24","LC-051","BE","BE",2021,24,2021-06-20,"L","Tarsalis","culex",12,"vdci"
"LC051|Pipiens|2021|25","LC-051","BE","BE",2021,25,2021-06-27,"L","Pipiens","culex",0,"vdci"
"LC051|Tarsalis|2021|25","LC-051","BE","BE",2021,25,2021-06-27,"L","Tarsalis","culex",9,"vdci"
"LC051|Pipiens|2021|26","LC-051","BE","BE",2021,26,2021-07-04,"L","Pipiens","culex",6,"vdci"
"LC051|Tarsalis|2021|26","LC-051","BE","BE",2021,26,2021-07-04,"L","Tarsalis","culex",240,"vdci"
"LC051|Pipiens|2021|27","LC-051","BE","BE",2021,27,2021-07-11,"L","Pipiens","culex",2,"vdci"
"LC051|Tarsalis|2021|27","LC-051","BE","BE",2021,27,2021-07-11,"L","Tarsalis","culex",88,"vdci"
"LC051|Pipiens|2021|28","LC-051","BE","BE",2021,28,2021-07-18,"L","Pipiens","culex",0,"vdci"
"LC051|Tarsalis|2021|28","LC-051","BE","BE",2021,28,2021-07-18,"L","Tarsalis","culex",72,"vdci"
"LC051|Pipiens|2021|29","LC-051","BE","BE",2021,29,2021-07-25,"L","Pipiens","culex",2,"vdci"
"LC051|Tarsalis|2021|29","LC-051","BE","BE",2021,29,2021-07-25,"L","Tarsalis","culex",76,"vdci"
"LC051|Pipiens|2021|30","LC-051","BE","BE",2021,30,2021-08-01,"L","Pipiens","culex",8,"vdci"
"LC051|Tarsalis|2021|30","LC-051","BE","BE",2021,30,2021-08-01,"L","Tarsalis","culex",94,"vdci"
"LC051|Pipiens|2021|31","LC-051","BE","BE",2021,31,2021-08-08,"L","Pipiens","culex",11,"vdci"
"LC051|Tarsalis|2021|31","LC-051","BE","BE",2021,31,2021-08-08,"L","Tarsalis","culex",60,"vdci"
"LC051|Pipiens|2021|32","LC-051","BE","BE",2021,32,2021-08-15,"L","Pipiens","culex",9,"vdci"
"LC051|Tarsalis|2021|32","LC-051","BE","BE",2021,32,2021-08-15,"L","Tarsalis","culex",49,"vdci"
"LC051|Pipiens|2021|33","LC-051","BE","BE",2021,33,2021-08-22,"L","Pipiens","culex",3,"vdci"
"LC051|Tarsalis|2021|33","LC-051","BE","BE",2021,33,2021-08-22,"L","Tarsalis","culex",28,"vdci"
"LC051|Pipiens|2021|34","LC-051","BE","BE",2021,34,2021-08-29,"L","Pipiens","culex",6,"vdci"
"LC051|Tarsalis|2021|34","LC-051","BE","BE",2021,34,2021-08-29,"L","Tarsalis","culex",11,"vdci"
"LC051|Pipiens|2022|23","LC-051","BE","BE",2022,23,2022-06-12,"L","Pipiens","culex",4,"vdci"
"LC051|Tarsalis|2022|23","LC-051","BE","BE",2022,23,2022-06-12,"L","Tarsalis","culex",6,"vdci"
"LC051|Pipiens|2022|24","LC-051","BE","BE",2022,24,2022-06-19,"L","Pipiens","culex",0,"vdci"
"LC051|Tarsalis|2022|24","LC-051","BE","BE",2022,24,2022-06-19,"L","Tarsalis","culex",6,"vdci"
"LC051|Pipiens|2022|25","LC-051","BE","BE",2022,25,2022-06-26,"L","Pipiens","culex",0,"vdci"
"LC051|Tarsalis|2022|25","LC-051","BE","BE",2022,25,2022-06-26,"L","Tarsalis","culex",1,"vdci"
"LC051|Pipiens|2022|26","LC-051","BE","BE",2022,26,2022-07-03,"L","Pipiens","culex",0,"vdci"
"LC051|Tarsalis|2022|26","LC-051","BE","BE",2022,26,2022-07-03,"L","Tarsalis","culex",9,"vdci"
"LC051|Pipiens|2022|27","LC-051","BE","BE",2022,27,2022-07-10,"L","Pipiens","culex",3,"vdci"
"LC051|Tarsalis|2022|27","LC-051","BE","BE",2022,27,2022-07-10,"L","Tarsalis","culex",70,"vdci"
"LC051|Pipiens|2022|28","LC-051","BE","BE",2022,28,2022-07-17,"L","Pipiens","culex",0,"vdci"
"LC051|Tarsalis|2022|28","LC-051","BE","BE",2022,28,2022-07-17,"L","Tarsalis","culex",42,"vdci"
"LC051|Pipiens|2022|29","LC-051","BE","BE",2022,29,2022-07-24,"L","Pipiens","culex",2,"vdci"
"LC051|Tarsalis|2022|29","LC-051","BE","BE",2022,29,2022-07-24,"L","Tarsalis","culex",45,"vdci"
"LC051|Pipiens|2022|30","LC-051","BE","BE",2022,30,2022-07-31,"L","Pipiens","culex",5,"vdci"
"LC051|Tarsalis|2022|30","LC-051","BE","BE",2022,30,2022-07-31,"L","Tarsalis","culex",201,"vdci"
"LC051|Pipiens|2022|31","LC-051","BE","BE",2022,31,2022-08-07,"L","Pipiens","culex",0,"vdci"
"LC051|Tarsalis|2022|31","LC-051","BE","BE",2022,31,2022-08-07,"L","Tarsalis","culex",78,"vdci"
"LC051|Pipiens|2022|32","LC-051","BE","BE",2022,32,2022-08-14,"L","Pipiens","culex",0,"vdci"
"LC051|Tarsalis|2022|32","LC-051","BE","BE",2022,32,2022-08-14,"L","Tarsalis","culex",152,"vdci"
"LC051|Pipiens|2022|33","LC-051","BE","BE",2022,33,2022-08-21,"L","Pipiens","culex",12,"vdci"
"LC051|Tarsalis|2022|33","LC-051","BE","BE",2022,33,2022-08-21,"L","Tarsalis","culex",50,"vdci"
"LC051|Pipiens|2022|34","LC-051","BE","BE",2022,34,2022-08-28,"L","Pipiens","culex",19,"vdci"
"LC051|Tarsalis|2022|34","LC-051","BE","BE",2022,34,2022-08-28,"L","Tarsalis","culex",54,"vdci"
"LC051|Pipiens|2023|23","LC-051","BE","BE",2023,23,2023-06-11,"L","Pipiens","culex",0,"vdci"
"LC051|Tarsalis|2023|23","LC-051","BE","BE",2023,23,2023-06-11,"L","Tarsalis","culex",22,"vdci"
"LC051|Pipiens|2023|24","LC-051","BE","BE",2023,24,2023-06-18,"L","Pipiens","culex",0,"vdci"
"LC051|Tarsalis|2023|24","LC-051","BE","BE",2023,24,2023-06-18,"L","Tarsalis","culex",48,"vdci"
"LC051|Pipiens|2023|25","LC-051","BE","BE",2023,25,2023-06-25,"L","Pipiens","culex",0,"vdci"
"LC051|Tarsalis|2023|25","LC-051","BE","BE",2023,25,2023-06-25,"L","Tarsalis","culex",236,"vdci"
"LC051|Pipiens|2023|27","LC-051","BE","BE",2023,27,2023-07-09,"L","Pipiens","culex",0,"vdci"
"LC051|Tarsalis|2023|27","LC-051","BE","BE",2023,27,2023-07-09,"L","Tarsalis","culex",284,"vdci"
"LC051|Pipiens|2023|28","LC-051","BE","BE",2023,28,2023-07-16,"L","Pipiens","culex",0,"vdci"
"LC051|Tarsalis|2023|28","LC-051","BE","BE",2023,28,2023-07-16,"L","Tarsalis","culex",816,"vdci"
"LC051|Pipiens|2023|29","LC-051","BE","BE",2023,29,2023-07-23,"L","Pipiens","culex",0,"vdci"
"LC051|Tarsalis|2023|29","LC-051","BE","BE",2023,29,2023-07-23,"L","Tarsalis","culex",148,"vdci"
"LC051|Pipiens|2023|30","LC-051","BE","BE",2023,30,2023-07-30,"L","Pipiens","culex",5,"vdci"
"LC051|Tarsalis|2023|30","LC-051","BE","BE",2023,30,2023-07-30,"L","Tarsalis","culex",143,"vdci"
"LC051|Pipiens|2023|31","LC-051","BE","BE",2023,31,2023-08-06,"L","Pipiens","culex",20,"vdci"
"LC051|Tarsalis|2023|31","LC-051","BE","BE",2023,31,2023-08-06,"L","Tarsalis","culex",64,"vdci"
"LC051|Pipiens|2023|32","LC-051","BE","BE",2023,32,2023-08-13,"L","Pipiens","culex",48,"vdci"
"LC051|Tarsalis|2023|32","LC-051","BE","BE",2023,32,2023-08-13,"L","Tarsalis","culex",144,"vdci"
"LC051|Pipiens|2023|33","LC-051","BE","BE",2023,33,2023-08-20,"L","Pipiens","culex",4,"vdci"
"LC051|Tarsalis|2023|33","LC-051","BE","BE",2023,33,2023-08-20,"L","Tarsalis","culex",56,"vdci"
"LC051|Pipiens|2023|34","LC-051","BE","BE",2023,34,2023-08-27,"L","Pipiens","culex",3,"vdci"
"LC051|Tarsalis|2023|34","LC-051","BE","BE",2023,34,2023-08-27,"L","Tarsalis","culex",42,"vdci"
"LC051|Pipiens|2024|25","LC-051","BE","BE",2024,25,2024-06-17,"L","Pipiens","culex",0,"vdci"
"LC051|Tarsalis|2024|25","LC-051","BE","BE",2024,25,2024-06-17,"L","Tarsalis","culex",12,"vdci"
"LC051|Pipiens|2024|26","LC-051","BE","BE",2024,26,2024-06-24,"L","Pipiens","culex",1,"vdci"
"LC051|Tarsalis|2024|26","LC-051","BE","BE",2024,26,2024-06-24,"L","Tarsalis","culex",9,"vdci"
"LC051|Pipiens|2024|27","LC-051","BE","BE",2024,27,2024-07-01,"L","Pipiens","culex",0,"vdci"
"LC051|Tarsalis|2024|27","LC-051","BE","BE",2024,27,2024-07-01,"L","Tarsalis","culex",3,"vdci"
"LC051|Pipiens|2024|28","LC-051","BE","BE",2024,28,2024-07-08,"L","Pipiens","culex",0,"vdci"
"LC051|Tarsalis|2024|28","LC-051","BE","BE",2024,28,2024-07-08,"L","Tarsalis","culex",8,"vdci"
"LC051|Pipiens|2024|29","LC-051","BE","BE",2024,29,2024-07-15,"L","Pipiens","culex",1,"vdci"
"LC051|Tarsalis|2024|29","LC-051","BE","BE",2024,29,2024-07-15,"L","Tarsalis","culex",8,"vdci"
"LC051|Pipiens|2024|30","LC-051","BE","BE",2024,30,2024-07-22,"L","Pipiens","culex",0,"vdci"
"LC051|Tarsalis|2024|30","LC-051","BE","BE",2024,30,2024-07-22,"L","Tarsalis","culex",15,"vdci"
"LC051|Pipiens|2024|31","LC-051","BE","BE",2024,31,2024-07-29,"L","Pipiens","culex",0,"vdci"
"LC051|Tarsalis|2024|31","LC-051","BE","BE",2024,31,2024-07-29,"L","Tarsalis","culex",5,"vdci"
"LC051|Pipiens|2024|32","LC-051","BE","BE",2024,32,2024-08-05,"L","Pipiens","culex",0,"vdci"
"LC051|Tarsalis|2024|32","LC-051","BE","BE",2024,32,2024-08-05,"L","Tarsalis","culex",11,"vdci"
"LC051|Pipiens|2024|33","LC-051","BE","BE",2024,33,2024-08-12,"L","Pipiens","culex",0,"vdci"
"LC051|Tarsalis|2024|33","LC-051","BE","BE",2024,33,2024-08-12,"L","Tarsalis","culex",16,"vdci"
"LC051|Pipiens|2024|34","LC-051","BE","BE",2024,34,2024-08-19,"L","Pipiens","culex",0,"vdci"
"LC051|Tarsalis|2024|34","LC-051","BE","BE",2024,34,2024-08-19,"L","Tarsalis","culex",6,"vdci"
"LC051|Pipiens|2024|35","LC-051","BE","BE",2024,35,2024-08-26,"L","Pipiens","culex",3,"vdci"
"LC051|Tarsalis|2024|35","LC-051","BE","BE",2024,35,2024-08-26,"L","Tarsalis","culex",4,"vdci"
"LC052|Pipiens|2019|23","LC-052","BE","BE",2019,23,2019-06-09,"L","Pipiens","culex",0,"vdci"
"LC052|Tarsalis|2019|23","LC-052","BE","BE",2019,23,2019-06-09,"L","Tarsalis","culex",12,"vdci"
"LC052|Pipiens|2019|25","LC-052","BE","BE",2019,25,2019-06-23,"L","Pipiens","culex",0,"vdci"
"LC052|Tarsalis|2019|25","LC-052","BE","BE",2019,25,2019-06-23,"L","Tarsalis","culex",4,"vdci"
"LC052|Pipiens|2019|26","LC-052","BE","BE",2019,26,2019-06-30,"L","Pipiens","culex",0,"vdci"
"LC052|Tarsalis|2019|26","LC-052","BE","BE",2019,26,2019-06-30,"L","Tarsalis","culex",1,"vdci"
"LC052|Pipiens|2019|27","LC-052","BE","BE",2019,27,2019-07-07,"L","Pipiens","culex",0,"vdci"
"LC052|Tarsalis|2019|27","LC-052","BE","BE",2019,27,2019-07-07,"L","Tarsalis","culex",100,"vdci"
"LC052|Pipiens|2019|28","LC-052","BE","BE",2019,28,2019-07-14,"L","Pipiens","culex",8,"vdci"
"LC052|Tarsalis|2019|28","LC-052","BE","BE",2019,28,2019-07-14,"L","Tarsalis","culex",360,"vdci"
"LC052|Pipiens|2019|29","LC-052","BE","BE",2019,29,2019-07-21,"L","Pipiens","culex",0,"vdci"
"LC052|Tarsalis|2019|29","LC-052","BE","BE",2019,29,2019-07-21,"L","Tarsalis","culex",160,"vdci"
"LC052|Pipiens|2019|30","LC-052","BE","BE",2019,30,2019-07-28,"L","Pipiens","culex",28,"vdci"
"LC052|Tarsalis|2019|30","LC-052","BE","BE",2019,30,2019-07-28,"L","Tarsalis","culex",304,"vdci"
"LC052|Pipiens|2019|31","LC-052","BE","BE",2019,31,2019-08-04,"L","Pipiens","culex",4,"vdci"
"LC052|Tarsalis|2019|31","LC-052","BE","BE",2019,31,2019-08-04,"L","Tarsalis","culex",268,"vdci"
"LC052|Pipiens|2019|32","LC-052","BE","BE",2019,32,2019-08-11,"L","Pipiens","culex",8,"vdci"
"LC052|Tarsalis|2019|32","LC-052","BE","BE",2019,32,2019-08-11,"L","Tarsalis","culex",100,"vdci"
"LC052|Pipiens|2019|33","LC-052","BE","BE",2019,33,2019-08-18,"L","Pipiens","culex",0,"vdci"
"LC052|Tarsalis|2019|33","LC-052","BE","BE",2019,33,2019-08-18,"L","Tarsalis","culex",16,"vdci"
"LC052|Pipiens|2019|34","LC-052","BE","BE",2019,34,2019-08-25,"L","Pipiens","culex",7,"vdci"
"LC052|Tarsalis|2019|34","LC-052","BE","BE",2019,34,2019-08-25,"L","Tarsalis","culex",46,"vdci"
"LC052|Pipiens|2020|23","LC-052","BE","BE",2020,23,2020-06-07,"L","Pipiens","culex",0,"vdci"
"LC052|Tarsalis|2020|23","LC-052","BE","BE",2020,23,2020-06-07,"L","Tarsalis","culex",3,"vdci"
"LC052|Pipiens|2020|24","LC-052","BE","BE",2020,24,2020-06-14,"L","Pipiens","culex",1,"vdci"
"LC052|Tarsalis|2020|24","LC-052","BE","BE",2020,24,2020-06-14,"L","Tarsalis","culex",9,"vdci"
"LC052|Pipiens|2020|25","LC-052","BE","BE",2020,25,2020-06-21,"L","Pipiens","culex",0,"vdci"
"LC052|Tarsalis|2020|25","LC-052","BE","BE",2020,25,2020-06-21,"L","Tarsalis","culex",15,"vdci"
"LC052|Pipiens|2020|26","LC-052","BE","BE",2020,26,2020-06-28,"L","Pipiens","culex",0,"vdci"
"LC052|Tarsalis|2020|26","LC-052","BE","BE",2020,26,2020-06-28,"L","Tarsalis","culex",16,"vdci"
"LC052|Pipiens|2020|27","LC-052","BE","BE",2020,27,2020-07-05,"L","Pipiens","culex",2,"vdci"
"LC052|Tarsalis|2020|27","LC-052","BE","BE",2020,27,2020-07-05,"L","Tarsalis","culex",56,"vdci"
"LC052|Pipiens|2020|28","LC-052","BE","BE",2020,28,2020-07-12,"L","Pipiens","culex",9,"vdci"
"LC052|Tarsalis|2020|28","LC-052","BE","BE",2020,28,2020-07-12,"L","Tarsalis","culex",317,"vdci"
"LC052|Pipiens|2020|29","LC-052","BE","BE",2020,29,2020-07-19,"L","Pipiens","culex",0,"vdci"
"LC052|Tarsalis|2020|29","LC-052","BE","BE",2020,29,2020-07-19,"L","Tarsalis","culex",55,"vdci"
"LC052|Pipiens|2020|30","LC-052","BE","BE",2020,30,2020-07-26,"L","Pipiens","culex",7,"vdci"
"LC052|Tarsalis|2020|30","LC-052","BE","BE",2020,30,2020-07-26,"L","Tarsalis","culex",123,"vdci"
"LC052|Pipiens|2020|32","LC-052","BE","BE",2020,32,2020-08-09,"L","Pipiens","culex",9,"vdci"
"LC052|Tarsalis|2020|32","LC-052","BE","BE",2020,32,2020-08-09,"L","Tarsalis","culex",88,"vdci"
"LC052|Pipiens|2020|33","LC-052","BE","BE",2020,33,2020-08-16,"L","Pipiens","culex",1,"vdci"
"LC052|Tarsalis|2020|33","LC-052","BE","BE",2020,33,2020-08-16,"L","Tarsalis","culex",39,"vdci"
"LC052|Pipiens|2020|34","LC-052","BE","BE",2020,34,2020-08-23,"L","Pipiens","culex",2,"vdci"
"LC052|Tarsalis|2020|34","LC-052","BE","BE",2020,34,2020-08-23,"L","Tarsalis","culex",22,"vdci"
"LC052|Pipiens|2021|22","LC-052","BE","BE",2021,22,2021-06-06,"L","Pipiens","culex",0,"vdci"
"LC052|Tarsalis|2021|22","LC-052","BE","BE",2021,22,2021-06-06,"L","Tarsalis","culex",40,"vdci"
"LC052|Pipiens|2021|23","LC-052","BE","BE",2021,23,2021-06-13,"L","Pipiens","culex",0,"vdci"
"LC052|Tarsalis|2021|23","LC-052","BE","BE",2021,23,2021-06-13,"L","Tarsalis","culex",20,"vdci"
"LC052|Pipiens|2021|24","LC-052","BE","BE",2021,24,2021-06-20,"L","Pipiens","culex",2,"vdci"
"LC052|Tarsalis|2021|24","LC-052","BE","BE",2021,24,2021-06-20,"L","Tarsalis","culex",37,"vdci"
"LC052|Pipiens|2021|25","LC-052","BE","BE",2021,25,2021-06-27,"L","Pipiens","culex",3,"vdci"
"LC052|Tarsalis|2021|25","LC-052","BE","BE",2021,25,2021-06-27,"L","Tarsalis","culex",51,"vdci"
"LC052|Pipiens|2021|26","LC-052","BE","BE",2021,26,2021-07-04,"L","Pipiens","culex",3,"vdci"
"LC052|Tarsalis|2021|26","LC-052","BE","BE",2021,26,2021-07-04,"L","Tarsalis","culex",115,"vdci"
"LC052|Pipiens|2021|27","LC-052","BE","BE",2021,27,2021-07-11,"L","Pipiens","culex",4,"vdci"
"LC052|Tarsalis|2021|27","LC-052","BE","BE",2021,27,2021-07-11,"L","Tarsalis","culex",268,"vdci"
"LC052|Pipiens|2021|28","LC-052","BE","BE",2021,28,2021-07-18,"L","Pipiens","culex",8,"vdci"
"LC052|Tarsalis|2021|28","LC-052","BE","BE",2021,28,2021-07-18,"L","Tarsalis","culex",145,"vdci"
"LC052|Pipiens|2021|29","LC-052","BE","BE",2021,29,2021-07-25,"L","Pipiens","culex",8,"vdci"
"LC052|Tarsalis|2021|29","LC-052","BE","BE",2021,29,2021-07-25,"L","Tarsalis","culex",188,"vdci"
"LC052|Pipiens|2021|30","LC-052","BE","BE",2021,30,2021-08-01,"L","Pipiens","culex",32,"vdci"
"LC052|Tarsalis|2021|30","LC-052","BE","BE",2021,30,2021-08-01,"L","Tarsalis","culex",160,"vdci"
"LC052|Pipiens|2021|31","LC-052","BE","BE",2021,31,2021-08-08,"L","Pipiens","culex",96,"vdci"
"LC052|Tarsalis|2021|31","LC-052","BE","BE",2021,31,2021-08-08,"L","Tarsalis","culex",136,"vdci"
"LC052|Pipiens|2021|32","LC-052","BE","BE",2021,32,2021-08-15,"L","Pipiens","culex",3,"vdci"
"LC052|Tarsalis|2021|32","LC-052","BE","BE",2021,32,2021-08-15,"L","Tarsalis","culex",17,"vdci"
"LC052|Pipiens|2021|33","LC-052","BE","BE",2021,33,2021-08-22,"L","Pipiens","culex",4,"vdci"
"LC052|Tarsalis|2021|33","LC-052","BE","BE",2021,33,2021-08-22,"L","Tarsalis","culex",56,"vdci"
"LC052|Pipiens|2021|34","LC-052","BE","BE",2021,34,2021-08-29,"L","Pipiens","culex",7,"vdci"
"LC052|Tarsalis|2021|34","LC-052","BE","BE",2021,34,2021-08-29,"L","Tarsalis","culex",7,"vdci"
"LC052|Pipiens|2022|23","LC-052","BE","BE",2022,23,2022-06-12,"L","Pipiens","culex",4,"vdci"
"LC052|Tarsalis|2022|23","LC-052","BE","BE",2022,23,2022-06-12,"L","Tarsalis","culex",178,"vdci"
"LC052|Pipiens|2022|24","LC-052","BE","BE",2022,24,2022-06-19,"L","Pipiens","culex",0,"vdci"
"LC052|Tarsalis|2022|24","LC-052","BE","BE",2022,24,2022-06-19,"L","Tarsalis","culex",152,"vdci"
"LC052|Pipiens|2022|25","LC-052","BE","BE",2022,25,2022-06-26,"L","Pipiens","culex",0,"vdci"
"LC052|Tarsalis|2022|25","LC-052","BE","BE",2022,25,2022-06-26,"L","Tarsalis","culex",126,"vdci"
"LC052|Pipiens|2022|26","LC-052","BE","BE",2022,26,2022-07-03,"L","Pipiens","culex",0,"vdci"
"LC052|Tarsalis|2022|26","LC-052","BE","BE",2022,26,2022-07-03,"L","Tarsalis","culex",640,"vdci"
"LC052|Pipiens|2022|27","LC-052","BE","BE",2022,27,2022-07-10,"L","Pipiens","culex",12,"vdci"
"LC052|Tarsalis|2022|27","LC-052","BE","BE",2022,27,2022-07-10,"L","Tarsalis","culex",1164,"vdci"
"LC052|Pipiens|2022|28","LC-052","BE","BE",2022,28,2022-07-17,"L","Pipiens","culex",0,"vdci"
"LC052|Tarsalis|2022|28","LC-052","BE","BE",2022,28,2022-07-17,"L","Tarsalis","culex",340,"vdci"
"LC052|Pipiens|2022|29","LC-052","BE","BE",2022,29,2022-07-24,"L","Pipiens","culex",4,"vdci"
"LC052|Tarsalis|2022|29","LC-052","BE","BE",2022,29,2022-07-24,"L","Tarsalis","culex",138,"vdci"
"LC052|Pipiens|2022|30","LC-052","BE","BE",2022,30,2022-07-31,"L","Pipiens","culex",4,"vdci"
"LC052|Tarsalis|2022|30","LC-052","BE","BE",2022,30,2022-07-31,"L","Tarsalis","culex",108,"vdci"
"LC052|Pipiens|2022|31","LC-052","BE","BE",2022,31,2022-08-07,"L","Pipiens","culex",12,"vdci"
"LC052|Tarsalis|2022|31","LC-052","BE","BE",2022,31,2022-08-07,"L","Tarsalis","culex",236,"vdci"
"LC052|Pipiens|2022|32","LC-052","BE","BE",2022,32,2022-08-14,"L","Pipiens","culex",0,"vdci"
"LC052|Tarsalis|2022|32","LC-052","BE","BE",2022,32,2022-08-14,"L","Tarsalis","culex",60,"vdci"
"LC052|Pipiens|2022|33","LC-052","BE","BE",2022,33,2022-08-21,"L","Pipiens","culex",2,"vdci"
"LC052|Tarsalis|2022|33","LC-052","BE","BE",2022,33,2022-08-21,"L","Tarsalis","culex",33,"vdci"
"LC052|Pipiens|2022|34","LC-052","BE","BE",2022,34,2022-08-28,"L","Pipiens","culex",2,"vdci"
"LC052|Tarsalis|2022|34","LC-052","BE","BE",2022,34,2022-08-28,"L","Tarsalis","culex",33,"vdci"
"LC052|Pipiens|2023|23","LC-052","BE","BE",2023,23,2023-06-11,"L","Pipiens","culex",4,"vdci"
"LC052|Tarsalis|2023|23","LC-052","BE","BE",2023,23,2023-06-11,"L","Tarsalis","culex",16,"vdci"
"LC052|Pipiens|2023|24","LC-052","BE","BE",2023,24,2023-06-18,"L","Pipiens","culex",0,"vdci"
"LC052|Tarsalis|2023|24","LC-052","BE","BE",2023,24,2023-06-18,"L","Tarsalis","culex",112,"vdci"
"LC052|Pipiens|2023|25","LC-052","BE","BE",2023,25,2023-06-25,"L","Pipiens","culex",0,"vdci"
"LC052|Tarsalis|2023|25","LC-052","BE","BE",2023,25,2023-06-25,"L","Tarsalis","culex",440,"vdci"
"LC052|Pipiens|2023|27","LC-052","BE","BE",2023,27,2023-07-03,"L","Pipiens","culex",16,"vdci"
"LC052|Tarsalis|2023|27","LC-052","BE","BE",2023,27,2023-07-03,"L","Tarsalis","culex",864,"vdci"
"LC052|Pipiens|2023|28","LC-052","BE","BE",2023,28,2023-07-16,"L","Pipiens","culex",16,"vdci"
"LC052|Tarsalis|2023|28","LC-052","BE","BE",2023,28,2023-07-16,"L","Tarsalis","culex",1424,"vdci"
"LC052|Pipiens|2023|29","LC-052","BE","BE",2023,29,2023-07-23,"L","Pipiens","culex",32,"vdci"
"LC052|Tarsalis|2023|29","LC-052","BE","BE",2023,29,2023-07-23,"L","Tarsalis","culex",976,"vdci"
"LC052|Pipiens|2023|30","LC-052","BE","BE",2023,30,2023-07-30,"L","Pipiens","culex",16,"vdci"
"LC052|Tarsalis|2023|30","LC-052","BE","BE",2023,30,2023-07-30,"L","Tarsalis","culex",240,"vdci"
"LC052|Pipiens|2023|31","LC-052","BE","BE",2023,31,2023-08-06,"L","Pipiens","culex",28,"vdci"
"LC052|Tarsalis|2023|31","LC-052","BE","BE",2023,31,2023-08-06,"L","Tarsalis","culex",60,"vdci"
"LC052|Pipiens|2023|32","LC-052","BE","BE",2023,32,2023-08-13,"L","Pipiens","culex",5,"vdci"
"LC052|Tarsalis|2023|32","LC-052","BE","BE",2023,32,2023-08-13,"L","Tarsalis","culex",33,"vdci"
"LC052|Pipiens|2023|33","LC-052","BE","BE",2023,33,2023-08-20,"L","Pipiens","culex",0,"vdci"
"LC052|Tarsalis|2023|33","LC-052","BE","BE",2023,33,2023-08-20,"L","Tarsalis","culex",24,"vdci"
"LC052|Pipiens|2023|34","LC-052","BE","BE",2023,34,2023-08-27,"L","Pipiens","culex",1,"vdci"
"LC052|Tarsalis|2023|34","LC-052","BE","BE",2023,34,2023-08-27,"L","Tarsalis","culex",1,"vdci"
"LC052|Pipiens|2024|26","LC-052","BE","BE",2024,26,2024-06-24,"L","Pipiens","culex",0,"vdci"
"LC052|Tarsalis|2024|26","LC-052","BE","BE",2024,26,2024-06-24,"L","Tarsalis","culex",64,"vdci"
"LC052|Pipiens|2024|27","LC-052","BE","BE",2024,27,2024-07-01,"L","Pipiens","culex",0,"vdci"
"LC052|Tarsalis|2024|27","LC-052","BE","BE",2024,27,2024-07-01,"L","Tarsalis","culex",19,"vdci"
"LC052|Pipiens|2024|28","LC-052","BE","BE",2024,28,2024-07-08,"L","Pipiens","culex",0,"vdci"
"LC052|Tarsalis|2024|28","LC-052","BE","BE",2024,28,2024-07-08,"L","Tarsalis","culex",34,"vdci"
"LC052|Pipiens|2024|29","LC-052","BE","BE",2024,29,2024-07-15,"L","Pipiens","culex",0,"vdci"
"LC052|Tarsalis|2024|29","LC-052","BE","BE",2024,29,2024-07-15,"L","Tarsalis","culex",112,"vdci"
"LC052|Pipiens|2024|30","LC-052","BE","BE",2024,30,2024-07-22,"L","Pipiens","culex",1,"vdci"
"LC052|Tarsalis|2024|30","LC-052","BE","BE",2024,30,2024-07-22,"L","Tarsalis","culex",11,"vdci"
"LC052|Pipiens|2024|31","LC-052","BE","BE",2024,31,2024-07-29,"L","Pipiens","culex",0,"vdci"
"LC052|Tarsalis|2024|31","LC-052","BE","BE",2024,31,2024-07-29,"L","Tarsalis","culex",8,"vdci"
"LC052|Pipiens|2024|32","LC-052","BE","BE",2024,32,2024-08-05,"L","Pipiens","culex",0,"vdci"
"LC052|Tarsalis|2024|32","LC-052","BE","BE",2024,32,2024-08-05,"L","Tarsalis","culex",12,"vdci"
"LC052|Pipiens|2024|33","LC-052","BE","BE",2024,33,2024-08-12,"L","Pipiens","culex",0,"vdci"
"LC052|Tarsalis|2024|33","LC-052","BE","BE",2024,33,2024-08-12,"L","Tarsalis","culex",8,"vdci"
"LC052|Pipiens|2024|34","LC-052","BE","BE",2024,34,2024-08-19,"L","Pipiens","culex",1,"vdci"
"LC052|Tarsalis|2024|34","LC-052","BE","BE",2024,34,2024-08-19,"L","Tarsalis","culex",26,"vdci"
"LC052|Pipiens|2024|35","LC-052","BE","BE",2024,35,2024-08-26,"L","Pipiens","culex",2,"vdci"
"LC052|Tarsalis|2024|35","LC-052","BE","BE",2024,35,2024-08-26,"L","Tarsalis","culex",16,"vdci"
"LC056|Pipiens|2021|25","LC-056","BE","BE",2021,25,2021-06-27,"L","Pipiens","culex",1,"vdci"
"LC056|Tarsalis|2021|25","LC-056","BE","BE",2021,25,2021-06-27,"L","Tarsalis","culex",40,"vdci"
"LC056|Pipiens|2021|26","LC-056","BE","BE",2021,26,2021-07-04,"L","Pipiens","culex",6,"vdci"
"LC056|Tarsalis|2021|26","LC-056","BE","BE",2021,26,2021-07-04,"L","Tarsalis","culex",92,"vdci"
"LC057|Pipiens|2023|23","LC-057","BE","BE",2023,23,2023-06-11,"L","Pipiens","culex",0,"vdci"
"LC057|Tarsalis|2023|23","LC-057","BE","BE",2023,23,2023-06-11,"L","Tarsalis","culex",12,"vdci"
"LC057|Pipiens|2023|24","LC-057","BE","BE",2023,24,2023-06-18,"L","Pipiens","culex",0,"vdci"
"LC057|Tarsalis|2023|24","LC-057","BE","BE",2023,24,2023-06-18,"L","Tarsalis","culex",128,"vdci"
"LC057|Pipiens|2023|25","LC-057","BE","BE",2023,25,2023-06-25,"L","Pipiens","culex",0,"vdci"
"LC057|Tarsalis|2023|25","LC-057","BE","BE",2023,25,2023-06-25,"L","Tarsalis","culex",320,"vdci"
"LC057|Pipiens|2023|27","LC-057","BE","BE",2023,27,2023-07-03,"L","Pipiens","culex",0,"vdci"
"LC057|Tarsalis|2023|27","LC-057","BE","BE",2023,27,2023-07-03,"L","Tarsalis","culex",832,"vdci"
"LC057|Pipiens|2023|28","LC-057","BE","BE",2023,28,2023-07-16,"L","Pipiens","culex",0,"vdci"
"LC057|Tarsalis|2023|28","LC-057","BE","BE",2023,28,2023-07-16,"L","Tarsalis","culex",736,"vdci"
"LC057|Pipiens|2023|29","LC-057","BE","BE",2023,29,2023-07-23,"L","Pipiens","culex",32,"vdci"
"LC057|Tarsalis|2023|29","LC-057","BE","BE",2023,29,2023-07-23,"L","Tarsalis","culex",2016,"vdci"
"LC057|Pipiens|2023|30","LC-057","BE","BE",2023,30,2023-07-30,"L","Pipiens","culex",0,"vdci"
"LC057|Tarsalis|2023|30","LC-057","BE","BE",2023,30,2023-07-30,"L","Tarsalis","culex",232,"vdci"
"LC057|Pipiens|2023|31","LC-057","BE","BE",2023,31,2023-08-06,"L","Pipiens","culex",41,"vdci"
"LC057|Tarsalis|2023|31","LC-057","BE","BE",2023,31,2023-08-06,"L","Tarsalis","culex",115,"vdci"
"LC057|Pipiens|2023|32","LC-057","BE","BE",2023,32,2023-08-13,"L","Pipiens","culex",28,"vdci"
"LC057|Tarsalis|2023|32","LC-057","BE","BE",2023,32,2023-08-13,"L","Tarsalis","culex",140,"vdci"
"LC057|Pipiens|2023|33","LC-057","BE","BE",2023,33,2023-08-20,"L","Pipiens","culex",20,"vdci"
"LC057|Tarsalis|2023|33","LC-057","BE","BE",2023,33,2023-08-20,"L","Tarsalis","culex",176,"vdci"
"LC057|Pipiens|2023|34","LC-057","BE","BE",2023,34,2023-08-27,"L","Pipiens","culex",0,"vdci"
"LC057|Tarsalis|2023|34","LC-057","BE","BE",2023,34,2023-08-27,"L","Tarsalis","culex",17,"vdci"
"LC057|Pipiens|2024|25","LC-057","BE","BE",2024,25,2024-06-17,"L","Pipiens","culex",0,"vdci"
"LC057|Tarsalis|2024|25","LC-057","BE","BE",2024,25,2024-06-17,"L","Tarsalis","culex",14,"vdci"
"LC057|Pipiens|2024|26","LC-057","BE","BE",2024,26,2024-06-24,"L","Pipiens","culex",0,"vdci"
"LC057|Tarsalis|2024|26","LC-057","BE","BE",2024,26,2024-06-24,"L","Tarsalis","culex",40,"vdci"
"LC057|Pipiens|2024|27","LC-057","BE","BE",2024,27,2024-07-01,"L","Pipiens","culex",0,"vdci"
"LC057|Tarsalis|2024|27","LC-057","BE","BE",2024,27,2024-07-01,"L","Tarsalis","culex",21,"vdci"
"LC057|Pipiens|2024|28","LC-057","BE","BE",2024,28,2024-07-08,"L","Pipiens","culex",1,"vdci"
"LC057|Tarsalis|2024|28","LC-057","BE","BE",2024,28,2024-07-08,"L","Tarsalis","culex",18,"vdci"
"LC057|Pipiens|2024|29","LC-057","BE","BE",2024,29,2024-07-15,"L","Pipiens","culex",0,"vdci"
"LC057|Tarsalis|2024|29","LC-057","BE","BE",2024,29,2024-07-15,"L","Tarsalis","culex",43,"vdci"
"LC057|Pipiens|2024|30","LC-057","BE","BE",2024,30,2024-07-22,"L","Pipiens","culex",0,"vdci"
"LC057|Tarsalis|2024|30","LC-057","BE","BE",2024,30,2024-07-22,"L","Tarsalis","culex",17,"vdci"
"LC057|Pipiens|2024|31","LC-057","BE","BE",2024,31,2024-07-29,"L","Pipiens","culex",0,"vdci"
"LC057|Tarsalis|2024|31","LC-057","BE","BE",2024,31,2024-07-29,"L","Tarsalis","culex",36,"vdci"
"LC057|Pipiens|2024|32","LC-057","BE","BE",2024,32,2024-08-05,"L","Pipiens","culex",0,"vdci"
"LC057|Tarsalis|2024|32","LC-057","BE","BE",2024,32,2024-08-05,"L","Tarsalis","culex",35,"vdci"
"LC057|Pipiens|2024|33","LC-057","BE","BE",2024,33,2024-08-12,"L","Pipiens","culex",0,"vdci"
"LC057|Tarsalis|2024|33","LC-057","BE","BE",2024,33,2024-08-12,"L","Tarsalis","culex",2,"vdci"
"LC057|Pipiens|2024|34","LC-057","BE","BE",2024,34,2024-08-19,"L","Pipiens","culex",0,"vdci"
"LC057|Tarsalis|2024|34","LC-057","BE","BE",2024,34,2024-08-19,"L","Tarsalis","culex",34,"vdci"
"LC057|Pipiens|2024|35","LC-057","BE","BE",2024,35,2024-08-26,"L","Pipiens","culex",5,"vdci"
"LC057|Tarsalis|2024|35","LC-057","BE","BE",2024,35,2024-08-26,"L","Tarsalis","culex",14,"vdci"
"LV004|Pipiens|2019|25","LV-004","LV","LV",2019,25,2019-06-23,"L","Pipiens","culex",0,"vdci"
"LV004|Tarsalis|2019|25","LV-004","LV","LV",2019,25,2019-06-23,"L","Tarsalis","culex",2,"vdci"
"LV004|Pipiens|2019|26","LV-004","LV","LV",2019,26,2019-06-30,"L","Pipiens","culex",0,"vdci"
"LV004|Tarsalis|2019|26","LV-004","LV","LV",2019,26,2019-06-30,"L","Tarsalis","culex",17,"vdci"
"LV004|Pipiens|2019|27","LV-004","LV","LV",2019,27,2019-07-07,"L","Pipiens","culex",1,"vdci"
"LV004|Tarsalis|2019|27","LV-004","LV","LV",2019,27,2019-07-07,"L","Tarsalis","culex",32,"vdci"
"LV004|Pipiens|2019|28","LV-004","LV","LV",2019,28,2019-07-14,"L","Pipiens","culex",0,"vdci"
"LV004|Tarsalis|2019|28","LV-004","LV","LV",2019,28,2019-07-14,"L","Tarsalis","culex",42,"vdci"
"LV004|Pipiens|2019|29","LV-004","LV","LV",2019,29,2019-07-21,"L","Pipiens","culex",0,"vdci"
"LV004|Tarsalis|2019|29","LV-004","LV","LV",2019,29,2019-07-21,"L","Tarsalis","culex",14,"vdci"
"LV004|Pipiens|2019|30","LV-004","LV","LV",2019,30,2019-07-28,"L","Pipiens","culex",8,"vdci"
"LV004|Tarsalis|2019|30","LV-004","LV","LV",2019,30,2019-07-28,"L","Tarsalis","culex",213,"vdci"
"LV004|Pipiens|2019|31","LV-004","LV","LV",2019,31,2019-08-04,"L","Pipiens","culex",13,"vdci"
"LV004|Tarsalis|2019|31","LV-004","LV","LV",2019,31,2019-08-04,"L","Tarsalis","culex",193,"vdci"
"LV004|Pipiens|2019|32","LV-004","LV","LV",2019,32,2019-08-11,"L","Pipiens","culex",0,"vdci"
"LV004|Tarsalis|2019|32","LV-004","LV","LV",2019,32,2019-08-11,"L","Tarsalis","culex",4,"vdci"
"LV004|Pipiens|2019|33","LV-004","LV","LV",2019,33,2019-08-18,"L","Pipiens","culex",2,"vdci"
"LV004|Tarsalis|2019|33","LV-004","LV","LV",2019,33,2019-08-18,"L","Tarsalis","culex",5,"vdci"
"LV004|Pipiens|2019|34","LV-004","LV","LV",2019,34,2019-08-25,"L","Pipiens","culex",1,"vdci"
"LV004|Tarsalis|2019|34","LV-004","LV","LV",2019,34,2019-08-25,"L","Tarsalis","culex",18,"vdci"
"LV004|Pipiens|2020|23","LV-004","LV","LV",2020,23,2020-06-07,"L","Pipiens","culex",0,"vdci"
"LV004|Tarsalis|2020|23","LV-004","LV","LV",2020,23,2020-06-07,"L","Tarsalis","culex",3,"vdci"
"LV004|Pipiens|2020|24","LV-004","LV","LV",2020,24,2020-06-14,"L","Pipiens","culex",0,"vdci"
"LV004|Tarsalis|2020|24","LV-004","LV","LV",2020,24,2020-06-14,"L","Tarsalis","culex",3,"vdci"
"LV004|Pipiens|2020|25","LV-004","LV","LV",2020,25,2020-06-21,"L","Pipiens","culex",0,"vdci"
"LV004|Tarsalis|2020|25","LV-004","LV","LV",2020,25,2020-06-21,"L","Tarsalis","culex",2,"vdci"
"LV004|Pipiens|2020|26","LV-004","LV","LV",2020,26,2020-06-28,"L","Pipiens","culex",0,"vdci"
"LV004|Tarsalis|2020|26","LV-004","LV","LV",2020,26,2020-06-28,"L","Tarsalis","culex",27,"vdci"
"LV004|Pipiens|2020|27","LV-004","LV","LV",2020,27,2020-07-05,"L","Pipiens","culex",0,"vdci"
"LV004|Tarsalis|2020|27","LV-004","LV","LV",2020,27,2020-07-05,"L","Tarsalis","culex",57,"vdci"
"LV004|Pipiens|2020|28","LV-004","LV","LV",2020,28,2020-07-12,"L","Pipiens","culex",1,"vdci"
"LV004|Tarsalis|2020|28","LV-004","LV","LV",2020,28,2020-07-12,"L","Tarsalis","culex",59,"vdci"
"LV004|Pipiens|2020|29","LV-004","LV","LV",2020,29,2020-07-19,"L","Pipiens","culex",2,"vdci"
"LV004|Tarsalis|2020|29","LV-004","LV","LV",2020,29,2020-07-19,"L","Tarsalis","culex",25,"vdci"
"LV004|Pipiens|2020|30","LV-004","LV","LV",2020,30,2020-07-26,"L","Pipiens","culex",1,"vdci"
"LV004|Tarsalis|2020|30","LV-004","LV","LV",2020,30,2020-07-26,"L","Tarsalis","culex",34,"vdci"
"LV004|Pipiens|2020|31","LV-004","LV","LV",2020,31,2020-08-02,"L","Pipiens","culex",0,"vdci"
"LV004|Tarsalis|2020|31","LV-004","LV","LV",2020,31,2020-08-02,"L","Tarsalis","culex",14,"vdci"
"LV004|Pipiens|2020|32","LV-004","LV","LV",2020,32,2020-08-09,"L","Pipiens","culex",3,"vdci"
"LV004|Tarsalis|2020|32","LV-004","LV","LV",2020,32,2020-08-09,"L","Tarsalis","culex",77,"vdci"
"LV004|Pipiens|2020|33","LV-004","LV","LV",2020,33,2020-08-16,"L","Pipiens","culex",0,"vdci"
"LV004|Tarsalis|2020|33","LV-004","LV","LV",2020,33,2020-08-16,"L","Tarsalis","culex",2,"vdci"
"LV004|Pipiens|2020|34","LV-004","LV","LV",2020,34,2020-08-23,"L","Pipiens","culex",0,"vdci"
"LV004|Tarsalis|2020|34","LV-004","LV","LV",2020,34,2020-08-23,"L","Tarsalis","culex",14,"vdci"
"LV004|Pipiens|2021|22","LV-004","LV","LV",2021,22,2021-06-06,"L","Pipiens","culex",1,"vdci"
"LV004|Tarsalis|2021|22","LV-004","LV","LV",2021,22,2021-06-06,"L","Tarsalis","culex",20,"vdci"
"LV004|Pipiens|2021|23","LV-004","LV","LV",2021,23,2021-06-13,"L","Pipiens","culex",0,"vdci"
"LV004|Tarsalis|2021|23","LV-004","LV","LV",2021,23,2021-06-13,"L","Tarsalis","culex",27,"vdci"
"LV004|Pipiens|2021|24","LV-004","LV","LV",2021,24,2021-06-20,"L","Pipiens","culex",0,"vdci"
"LV004|Tarsalis|2021|24","LV-004","LV","LV",2021,24,2021-06-20,"L","Tarsalis","culex",7,"vdci"
"LV004|Pipiens|2021|25","LV-004","LV","LV",2021,25,2021-06-27,"L","Pipiens","culex",0,"vdci"
"LV004|Tarsalis|2021|25","LV-004","LV","LV",2021,25,2021-06-27,"L","Tarsalis","culex",47,"vdci"
"LV004|Pipiens|2021|26","LV-004","LV","LV",2021,26,2021-07-04,"L","Pipiens","culex",0,"vdci"
"LV004|Tarsalis|2021|26","LV-004","LV","LV",2021,26,2021-07-04,"L","Tarsalis","culex",244,"vdci"
"LV004|Pipiens|2021|27","LV-004","LV","LV",2021,27,2021-07-11,"L","Pipiens","culex",3,"vdci"
"LV004|Tarsalis|2021|27","LV-004","LV","LV",2021,27,2021-07-11,"L","Tarsalis","culex",792,"vdci"
"LV004|Pipiens|2021|28","LV-004","LV","LV",2021,28,2021-07-18,"L","Pipiens","culex",36,"vdci"
"LV004|Tarsalis|2021|28","LV-004","LV","LV",2021,28,2021-07-18,"L","Tarsalis","culex",220,"vdci"
"LV004|Pipiens|2021|29","LV-004","LV","LV",2021,29,2021-07-25,"L","Pipiens","culex",16,"vdci"
"LV004|Tarsalis|2021|29","LV-004","LV","LV",2021,29,2021-07-25,"L","Tarsalis","culex",124,"vdci"
"LV004|Pipiens|2021|30","LV-004","LV","LV",2021,30,2021-08-01,"L","Pipiens","culex",23,"vdci"
"LV004|Tarsalis|2021|30","LV-004","LV","LV",2021,30,2021-08-01,"L","Tarsalis","culex",140,"vdci"
"LV004|Pipiens|2021|31","LV-004","LV","LV",2021,31,2021-08-08,"L","Pipiens","culex",4,"vdci"
"LV004|Tarsalis|2021|31","LV-004","LV","LV",2021,31,2021-08-08,"L","Tarsalis","culex",104,"vdci"
"LV004|Pipiens|2021|32","LV-004","LV","LV",2021,32,2021-08-15,"L","Pipiens","culex",12,"vdci"
"LV004|Tarsalis|2021|32","LV-004","LV","LV",2021,32,2021-08-15,"L","Tarsalis","culex",56,"vdci"
"LV004|Pipiens|2021|33","LV-004","LV","LV",2021,33,2021-08-22,"L","Pipiens","culex",5,"vdci"
"LV004|Tarsalis|2021|33","LV-004","LV","LV",2021,33,2021-08-22,"L","Tarsalis","culex",37,"vdci"
"LV004|Pipiens|2021|34","LV-004","LV","LV",2021,34,2021-08-29,"L","Pipiens","culex",6,"vdci"
"LV004|Tarsalis|2021|34","LV-004","LV","LV",2021,34,2021-08-29,"L","Tarsalis","culex",18,"vdci"
"LV004|Pipiens|2022|22","LV-004","LV","LV",2022,22,2022-06-05,"L","Pipiens","culex",0,"vdci"
"LV004|Tarsalis|2022|22","LV-004","LV","LV",2022,22,2022-06-05,"L","Tarsalis","culex",1,"vdci"
"LV004|Pipiens|2022|23","LV-004","LV","LV",2022,23,2022-06-12,"L","Pipiens","culex",3,"vdci"
"LV004|Tarsalis|2022|23","LV-004","LV","LV",2022,23,2022-06-12,"L","Tarsalis","culex",0,"vdci"
"LV004|Pipiens|2022|24","LV-004","LV","LV",2022,24,2022-06-19,"L","Pipiens","culex",0,"vdci"
"LV004|Tarsalis|2022|24","LV-004","LV","LV",2022,24,2022-06-19,"L","Tarsalis","culex",6,"vdci"
"LV004|Pipiens|2022|25","LV-004","LV","LV",2022,25,2022-06-26,"L","Pipiens","culex",2,"vdci"
"LV004|Tarsalis|2022|25","LV-004","LV","LV",2022,25,2022-06-26,"L","Tarsalis","culex",10,"vdci"
"LV004|Pipiens|2022|26","LV-004","LV","LV",2022,26,2022-07-03,"L","Pipiens","culex",2,"vdci"
"LV004|Tarsalis|2022|26","LV-004","LV","LV",2022,26,2022-07-03,"L","Tarsalis","culex",6,"vdci"
"LV004|Pipiens|2022|27","LV-004","LV","LV",2022,27,2022-07-10,"L","Pipiens","culex",6,"vdci"
"LV004|Tarsalis|2022|27","LV-004","LV","LV",2022,27,2022-07-10,"L","Tarsalis","culex",108,"vdci"
"LV004|Pipiens|2022|28","LV-004","LV","LV",2022,28,2022-07-17,"L","Pipiens","culex",5,"vdci"
"LV004|Tarsalis|2022|28","LV-004","LV","LV",2022,28,2022-07-17,"L","Tarsalis","culex",234,"vdci"
"LV004|Pipiens|2022|29","LV-004","LV","LV",2022,29,2022-07-24,"L","Pipiens","culex",1,"vdci"
"LV004|Tarsalis|2022|29","LV-004","LV","LV",2022,29,2022-07-24,"L","Tarsalis","culex",27,"vdci"
"LV004|Pipiens|2022|30","LV-004","LV","LV",2022,30,2022-07-31,"L","Pipiens","culex",9,"vdci"
"LV004|Tarsalis|2022|30","LV-004","LV","LV",2022,30,2022-07-31,"L","Tarsalis","culex",115,"vdci"
"LV004|Pipiens|2022|31","LV-004","LV","LV",2022,31,2022-08-07,"L","Pipiens","culex",3,"vdci"
"LV004|Tarsalis|2022|31","LV-004","LV","LV",2022,31,2022-08-07,"L","Tarsalis","culex",25,"vdci"
"LV004|Pipiens|2022|32","LV-004","LV","LV",2022,32,2022-08-14,"L","Pipiens","culex",7,"vdci"
"LV004|Tarsalis|2022|32","LV-004","LV","LV",2022,32,2022-08-14,"L","Tarsalis","culex",52,"vdci"
"LV004|Pipiens|2022|33","LV-004","LV","LV",2022,33,2022-08-21,"L","Pipiens","culex",14,"vdci"
"LV004|Tarsalis|2022|33","LV-004","LV","LV",2022,33,2022-08-21,"L","Tarsalis","culex",102,"vdci"
"LV004|Pipiens|2022|34","LV-004","LV","LV",2022,34,2022-08-28,"L","Pipiens","culex",0,"vdci"
"LV004|Tarsalis|2022|34","LV-004","LV","LV",2022,34,2022-08-28,"L","Tarsalis","culex",9,"vdci"
"LV004|Pipiens|2023|22","LV-004","LV","LV",2023,22,2023-06-04,"L","Pipiens","culex",0,"vdci"
"LV004|Tarsalis|2023|22","LV-004","LV","LV",2023,22,2023-06-04,"L","Tarsalis","culex",2,"vdci"
"LV004|Pipiens|2023|23","LV-004","LV","LV",2023,23,2023-06-11,"L","Pipiens","culex",1,"vdci"
"LV004|Tarsalis|2023|23","LV-004","LV","LV",2023,23,2023-06-11,"L","Tarsalis","culex",14,"vdci"
"LV004|Pipiens|2023|24","LV-004","LV","LV",2023,24,2023-06-18,"L","Pipiens","culex",4,"vdci"
"LV004|Tarsalis|2023|24","LV-004","LV","LV",2023,24,2023-06-18,"L","Tarsalis","culex",92,"vdci"
"LV004|Pipiens|2023|25","LV-004","LV","LV",2023,25,2023-06-25,"L","Pipiens","culex",0,"vdci"
"LV004|Tarsalis|2023|25","LV-004","LV","LV",2023,25,2023-06-25,"L","Tarsalis","culex",688,"vdci"
"LV004|Pipiens|2023|26","LV-004","LV","LV",2023,26,2023-07-02,"L","Pipiens","culex",0,"vdci"
"LV004|Tarsalis|2023|26","LV-004","LV","LV",2023,26,2023-07-02,"L","Tarsalis","culex",576,"vdci"
"LV004|Pipiens|2023|27","LV-004","LV","LV",2023,27,2023-07-09,"L","Pipiens","culex",8,"vdci"
"LV004|Tarsalis|2023|27","LV-004","LV","LV",2023,27,2023-07-09,"L","Tarsalis","culex",524,"vdci"
"LV004|Pipiens|2023|28","LV-004","LV","LV",2023,28,2023-07-16,"L","Pipiens","culex",0,"vdci"
"LV004|Tarsalis|2023|28","LV-004","LV","LV",2023,28,2023-07-16,"L","Tarsalis","culex",3392,"vdci"
"LV004|Pipiens|2023|29","LV-004","LV","LV",2023,29,2023-07-23,"L","Pipiens","culex",0,"vdci"
"LV004|Tarsalis|2023|29","LV-004","LV","LV",2023,29,2023-07-23,"L","Tarsalis","culex",1984,"vdci"
"LV004|Pipiens|2023|30","LV-004","LV","LV",2023,30,2023-07-30,"L","Pipiens","culex",28,"vdci"
"LV004|Tarsalis|2023|30","LV-004","LV","LV",2023,30,2023-07-30,"L","Tarsalis","culex",576,"vdci"
"LV004|Pipiens|2023|31","LV-004","LV","LV",2023,31,2023-08-06,"L","Pipiens","culex",36,"vdci"
"LV004|Tarsalis|2023|31","LV-004","LV","LV",2023,31,2023-08-06,"L","Tarsalis","culex",148,"vdci"
"LV004|Pipiens|2023|32","LV-004","LV","LV",2023,32,2023-08-13,"L","Pipiens","culex",0,"vdci"
"LV004|Tarsalis|2023|32","LV-004","LV","LV",2023,32,2023-08-13,"L","Tarsalis","culex",44,"vdci"
"LV004|Pipiens|2023|33","LV-004","LV","LV",2023,33,2023-08-20,"L","Pipiens","culex",40,"vdci"
"LV004|Tarsalis|2023|33","LV-004","LV","LV",2023,33,2023-08-20,"L","Tarsalis","culex",100,"vdci"
"LV004|Pipiens|2023|34","LV-004","LV","LV",2023,34,2023-08-27,"L","Pipiens","culex",4,"vdci"
"LV004|Tarsalis|2023|34","LV-004","LV","LV",2023,34,2023-08-27,"L","Tarsalis","culex",9,"vdci"
"LV004|Pipiens|2023|36","LV-004","LV","LV",2023,36,2023-09-04,"L","Pipiens","culex",2,"vdci"
"LV004|Tarsalis|2023|36","LV-004","LV","LV",2023,36,2023-09-04,"L","Tarsalis","culex",10,"vdci"
"LV004|Pipiens|2024|25","LV-004","LV","LV",2024,25,2024-06-17,"L","Pipiens","culex",0,"vdci"
"LV004|Tarsalis|2024|25","LV-004","LV","LV",2024,25,2024-06-17,"L","Tarsalis","culex",12,"vdci"
"LV004|Pipiens|2024|26","LV-004","LV","LV",2024,26,2024-06-24,"L","Pipiens","culex",2,"vdci"
"LV004|Tarsalis|2024|26","LV-004","LV","LV",2024,26,2024-06-24,"L","Tarsalis","culex",5,"vdci"
"LV004|Pipiens|2024|27","LV-004","LV","LV",2024,27,2024-07-01,"L","Pipiens","culex",0,"vdci"
"LV004|Tarsalis|2024|27","LV-004","LV","LV",2024,27,2024-07-01,"L","Tarsalis","culex",7,"vdci"
"LV004|Pipiens|2024|28","LV-004","LV","LV",2024,28,2024-07-08,"L","Pipiens","culex",6,"vdci"
"LV004|Tarsalis|2024|28","LV-004","LV","LV",2024,28,2024-07-08,"L","Tarsalis","culex",17,"vdci"
"LV004|Pipiens|2024|29","LV-004","LV","LV",2024,29,2024-07-15,"L","Pipiens","culex",2,"vdci"
"LV004|Tarsalis|2024|29","LV-004","LV","LV",2024,29,2024-07-15,"L","Tarsalis","culex",39,"vdci"
"LV004|Pipiens|2024|30","LV-004","LV","LV",2024,30,2024-07-22,"L","Pipiens","culex",12,"vdci"
"LV004|Tarsalis|2024|30","LV-004","LV","LV",2024,30,2024-07-22,"L","Tarsalis","culex",37,"vdci"
"LV004|Pipiens|2024|31","LV-004","LV","LV",2024,31,2024-07-29,"L","Pipiens","culex",4,"vdci"
"LV004|Tarsalis|2024|31","LV-004","LV","LV",2024,31,2024-07-29,"L","Tarsalis","culex",85,"vdci"
"LV004|Pipiens|2024|32","LV-004","LV","LV",2024,32,2024-08-05,"L","Pipiens","culex",3,"vdci"
"LV004|Tarsalis|2024|32","LV-004","LV","LV",2024,32,2024-08-05,"L","Tarsalis","culex",63,"vdci"
"LV004|Pipiens|2024|34","LV-004","LV","LV",2024,34,2024-08-19,"L","Pipiens","culex",1,"vdci"
"LV004|Tarsalis|2024|34","LV-004","LV","LV",2024,34,2024-08-19,"L","Tarsalis","culex",17,"vdci"
"LV004|Pipiens|2024|35","LV-004","LV","LV",2024,35,2024-08-26,"L","Pipiens","culex",3,"vdci"
"LV004|Tarsalis|2024|35","LV-004","LV","LV",2024,35,2024-08-26,"L","Tarsalis","culex",1,"vdci"
"LV004|Pipiens|2025|23","LV-004","LV","LV",2025,23,2025-06-02,"L","Pipiens","culex",0,"vdci"
"LV004|Tarsalis|2025|23","LV-004","LV","LV",2025,23,2025-06-02,"L","Tarsalis","culex",3,"vdci"
"LV004|Pipiens|2025|24","LV-004","LV","LV",2025,24,2025-06-09,"L","Pipiens","culex",0,"vdci"
"LV004|Tarsalis|2025|24","LV-004","LV","LV",2025,24,2025-06-09,"L","Tarsalis","culex",3,"vdci"
"LV004|Pipiens|2025|25","LV-004","LV","LV",2025,25,2025-06-16,"L","Pipiens","culex",0,"vdci"
"LV004|Tarsalis|2025|25","LV-004","LV","LV",2025,25,2025-06-16,"L","Tarsalis","culex",9,"vdci"
"LV004|Pipiens|2025|26","LV-004","LV","LV",2025,26,2025-06-23,"L","Pipiens","culex",0,"vdci"
"LV004|Tarsalis|2025|26","LV-004","LV","LV",2025,26,2025-06-23,"L","Tarsalis","culex",11,"vdci"
"LV004|Pipiens|2025|27","LV-004","LV","LV",2025,27,2025-06-30,"L","Pipiens","culex",2,"vdci"
"LV004|Tarsalis|2025|27","LV-004","LV","LV",2025,27,2025-06-30,"L","Tarsalis","culex",65,"vdci"
"LV004|Pipiens|2025|28","LV-004","LV","LV",2025,28,2025-07-07,"L","Pipiens","culex",6,"vdci"
"LV004|Tarsalis|2025|28","LV-004","LV","LV",2025,28,2025-07-07,"L","Tarsalis","culex",52,"vdci"
"LV004|Pipiens|2025|29","LV-004","LV","LV",2025,29,2025-07-14,"L","Pipiens","culex",5,"vdci"
"LV004|Tarsalis|2025|29","LV-004","LV","LV",2025,29,2025-07-14,"L","Tarsalis","culex",139,"vdci"
"LV004|Pipiens|2025|30","LV-004","LV","LV",2025,30,2025-07-21,"L","Pipiens","culex",6,"vdci"
"LV004|Tarsalis|2025|30","LV-004","LV","LV",2025,30,2025-07-21,"L","Tarsalis","culex",102,"vdci"
"LV004|Pipiens|2025|31","LV-004","LV","LV",2025,31,2025-07-28,"L","Pipiens","culex",2,"vdci"
"LV004|Tarsalis|2025|31","LV-004","LV","LV",2025,31,2025-07-28,"L","Tarsalis","culex",35,"vdci"
"LV004|Pipiens|2025|32","LV-004","LV","LV",2025,32,2025-08-04,"L","Pipiens","culex",10,"vdci"
"LV004|Tarsalis|2025|32","LV-004","LV","LV",2025,32,2025-08-04,"L","Tarsalis","culex",87,"vdci"
"LV004|Pipiens|2025|33","LV-004","LV","LV",2025,33,2025-08-11,"L","Pipiens","culex",4,"vdci"
"LV004|Tarsalis|2025|33","LV-004","LV","LV",2025,33,2025-08-11,"L","Tarsalis","culex",8,"vdci"
"LV004|Pipiens|2025|34","LV-004","LV","LV",2025,34,2025-08-18,"L","Pipiens","culex",2,"vdci"
"LV004|Tarsalis|2025|34","LV-004","LV","LV",2025,34,2025-08-18,"L","Tarsalis","culex",16,"vdci"
"LV004|Pipiens|2025|35","LV-004","LV","LV",2025,35,2025-08-25,"L","Pipiens","culex",0,"vdci"
"LV004|Tarsalis|2025|35","LV-004","LV","LV",2025,35,2025-08-25,"L","Tarsalis","culex",1,"vdci"
"LV010GR|Pipiens|2019|24","LV-010GR","LV","LV",2019,24,2019-06-12,"G","Pipiens","culex",1,"vdci"
"LV010GR|Tarsalis|2019|24","LV-010GR","LV","LV",2019,24,2019-06-12,"G","Tarsalis","culex",0,"vdci"
"LV010GR|Pipiens|2019|25","LV-010GR","LV","LV",2019,25,2019-06-19,"G","Pipiens","culex",1,"vdci"
"LV010GR|Tarsalis|2019|25","LV-010GR","LV","LV",2019,25,2019-06-19,"G","Tarsalis","culex",0,"vdci"
"LV010GR|Pipiens|2019|26","LV-010GR","LV","LV",2019,26,2019-06-26,"G","Pipiens","culex",1,"vdci"
"LV010GR|Tarsalis|2019|26","LV-010GR","LV","LV",2019,26,2019-06-26,"G","Tarsalis","culex",0,"vdci"
"LV010GR|Pipiens|2019|28","LV-010GR","LV","LV",2019,28,2019-07-10,"G","Pipiens","culex",6,"vdci"
"LV010GR|Tarsalis|2019|28","LV-010GR","LV","LV",2019,28,2019-07-10,"G","Tarsalis","culex",0,"vdci"
"LV010GR|Pipiens|2019|29","LV-010GR","LV","LV",2019,29,2019-07-17,"G","Pipiens","culex",1,"vdci"
"LV010GR|Tarsalis|2019|29","LV-010GR","LV","LV",2019,29,2019-07-17,"G","Tarsalis","culex",0,"vdci"
"LV010GR|Pipiens|2019|30","LV-010GR","LV","LV",2019,30,2019-07-24,"G","Pipiens","culex",16,"vdci"
"LV010GR|Tarsalis|2019|30","LV-010GR","LV","LV",2019,30,2019-07-24,"G","Tarsalis","culex",0,"vdci"
"LV010GR|Pipiens|2019|31","LV-010GR","LV","LV",2019,31,2019-07-31,"G","Pipiens","culex",23,"vdci"
"LV010GR|Tarsalis|2019|31","LV-010GR","LV","LV",2019,31,2019-07-31,"G","Tarsalis","culex",0,"vdci"
"LV010GR|Pipiens|2019|32","LV-010GR","LV","LV",2019,32,2019-08-07,"G","Pipiens","culex",9,"vdci"
"LV010GR|Tarsalis|2019|32","LV-010GR","LV","LV",2019,32,2019-08-07,"G","Tarsalis","culex",0,"vdci"
"LV010GR|Pipiens|2019|33","LV-010GR","LV","LV",2019,33,2019-08-14,"G","Pipiens","culex",74,"vdci"
"LV010GR|Tarsalis|2019|33","LV-010GR","LV","LV",2019,33,2019-08-14,"G","Tarsalis","culex",0,"vdci"
"LV010GR|Pipiens|2019|34","LV-010GR","LV","LV",2019,34,2019-08-21,"G","Pipiens","culex",31,"vdci"
"LV010GR|Tarsalis|2019|34","LV-010GR","LV","LV",2019,34,2019-08-21,"G","Tarsalis","culex",0,"vdci"
"LV010GR|Pipiens|2019|35","LV-010GR","LV","LV",2019,35,2019-08-28,"G","Pipiens","culex",11,"vdci"
"LV010GR|Tarsalis|2019|35","LV-010GR","LV","LV",2019,35,2019-08-28,"G","Tarsalis","culex",0,"vdci"
"LV010GR|Pipiens|2020|24","LV-010GR","LV","LV",2020,24,2020-06-10,"G","Pipiens","culex",11,"vdci"
"LV010GR|Tarsalis|2020|24","LV-010GR","LV","LV",2020,24,2020-06-10,"G","Tarsalis","culex",0,"vdci"
"LV010GR|Pipiens|2020|25","LV-010GR","LV","LV",2020,25,2020-06-17,"G","Pipiens","culex",6,"vdci"
"LV010GR|Tarsalis|2020|25","LV-010GR","LV","LV",2020,25,2020-06-17,"G","Tarsalis","culex",0,"vdci"
"LV010GR|Pipiens|2020|26","LV-010GR","LV","LV",2020,26,2020-06-24,"G","Pipiens","culex",3,"vdci"
"LV010GR|Tarsalis|2020|26","LV-010GR","LV","LV",2020,26,2020-06-24,"G","Tarsalis","culex",0,"vdci"
"LV010GR|Pipiens|2020|27","LV-010GR","LV","LV",2020,27,2020-07-01,"G","Pipiens","culex",26,"vdci"
"LV010GR|Tarsalis|2020|27","LV-010GR","LV","LV",2020,27,2020-07-01,"G","Tarsalis","culex",0,"vdci"
"LV010GR|Pipiens|2020|28","LV-010GR","LV","LV",2020,28,2020-07-08,"G","Pipiens","culex",72,"vdci"
"LV010GR|Tarsalis|2020|28","LV-010GR","LV","LV",2020,28,2020-07-08,"G","Tarsalis","culex",1,"vdci"
"LV010GR|Pipiens|2020|29","LV-010GR","LV","LV",2020,29,2020-07-15,"G","Pipiens","culex",24,"vdci"
"LV010GR|Tarsalis|2020|29","LV-010GR","LV","LV",2020,29,2020-07-15,"G","Tarsalis","culex",0,"vdci"
"LV010GR|Pipiens|2020|30","LV-010GR","LV","LV",2020,30,2020-07-22,"G","Pipiens","culex",0,"vdci"
"LV010GR|Tarsalis|2020|30","LV-010GR","LV","LV",2020,30,2020-07-22,"G","Tarsalis","culex",39,"vdci"
"LV010GR|Pipiens|2020|31","LV-010GR","LV","LV",2020,31,2020-07-29,"G","Pipiens","culex",6,"vdci"
"LV010GR|Tarsalis|2020|31","LV-010GR","LV","LV",2020,31,2020-07-29,"G","Tarsalis","culex",0,"vdci"
"LV010GR|Pipiens|2020|32","LV-010GR","LV","LV",2020,32,2020-08-05,"G","Pipiens","culex",6,"vdci"
"LV010GR|Tarsalis|2020|32","LV-010GR","LV","LV",2020,32,2020-08-05,"G","Tarsalis","culex",0,"vdci"
"LV010GR|Pipiens|2020|33","LV-010GR","LV","LV",2020,33,2020-08-12,"G","Pipiens","culex",16,"vdci"
"LV010GR|Tarsalis|2020|33","LV-010GR","LV","LV",2020,33,2020-08-12,"G","Tarsalis","culex",0,"vdci"
"LV010GR|Pipiens|2020|34","LV-010GR","LV","LV",2020,34,2020-08-19,"G","Pipiens","culex",6,"vdci"
"LV010GR|Tarsalis|2020|34","LV-010GR","LV","LV",2020,34,2020-08-19,"G","Tarsalis","culex",0,"vdci"
"LV010GR|Pipiens|2020|35","LV-010GR","LV","LV",2020,35,2020-08-26,"G","Pipiens","culex",11,"vdci"
"LV010GR|Tarsalis|2020|35","LV-010GR","LV","LV",2020,35,2020-08-26,"G","Tarsalis","culex",0,"vdci"
"LV010GR|Pipiens|2021|23","LV-010GR","LV","LV",2021,23,2021-06-09,"G","Pipiens","culex",46,"vdci"
"LV010GR|Tarsalis|2021|23","LV-010GR","LV","LV",2021,23,2021-06-09,"G","Tarsalis","culex",0,"vdci"
"LV010GR|Pipiens|2021|24","LV-010GR","LV","LV",2021,24,2021-06-16,"G","Pipiens","culex",44,"vdci"
"LV010GR|Tarsalis|2021|24","LV-010GR","LV","LV",2021,24,2021-06-16,"G","Tarsalis","culex",0,"vdci"
"LV010GR|Pipiens|2021|25","LV-010GR","LV","LV",2021,25,2021-06-23,"G","Pipiens","culex",94,"vdci"
"LV010GR|Tarsalis|2021|25","LV-010GR","LV","LV",2021,25,2021-06-23,"G","Tarsalis","culex",0,"vdci"
"LV010GR|Pipiens|2021|26","LV-010GR","LV","LV",2021,26,2021-07-01,"G","Pipiens","culex",81,"vdci"
"LV010GR|Tarsalis|2021|26","LV-010GR","LV","LV",2021,26,2021-07-01,"G","Tarsalis","culex",1,"vdci"
"LV010GR|Pipiens|2021|27","LV-010GR","LV","LV",2021,27,2021-07-07,"G","Pipiens","culex",48,"vdci"
"LV010GR|Tarsalis|2021|27","LV-010GR","LV","LV",2021,27,2021-07-07,"G","Tarsalis","culex",0,"vdci"
"LV010GR|Pipiens|2021|28","LV-010GR","LV","LV",2021,28,2021-07-14,"G","Pipiens","culex",25,"vdci"
"LV010GR|Tarsalis|2021|28","LV-010GR","LV","LV",2021,28,2021-07-14,"G","Tarsalis","culex",0,"vdci"
"LV010GR|Pipiens|2021|29","LV-010GR","LV","LV",2021,29,2021-07-21,"G","Pipiens","culex",30,"vdci"
"LV010GR|Tarsalis|2021|29","LV-010GR","LV","LV",2021,29,2021-07-21,"G","Tarsalis","culex",0,"vdci"
"LV010GR|Pipiens|2021|30","LV-010GR","LV","LV",2021,30,2021-07-28,"G","Pipiens","culex",97,"vdci"
"LV010GR|Tarsalis|2021|30","LV-010GR","LV","LV",2021,30,2021-07-28,"G","Tarsalis","culex",4,"vdci"
"LV010GR|Pipiens|2021|31","LV-010GR","LV","LV",2021,31,2021-08-04,"G","Pipiens","culex",11,"vdci"
"LV010GR|Tarsalis|2021|31","LV-010GR","LV","LV",2021,31,2021-08-04,"G","Tarsalis","culex",0,"vdci"
"LV010GR|Pipiens|2021|32","LV-010GR","LV","LV",2021,32,2021-08-11,"G","Pipiens","culex",47,"vdci"
"LV010GR|Tarsalis|2021|32","LV-010GR","LV","LV",2021,32,2021-08-11,"G","Tarsalis","culex",0,"vdci"
"LV010GR|Pipiens|2021|33","LV-010GR","LV","LV",2021,33,2021-08-18,"G","Pipiens","culex",258,"vdci"
"LV010GR|Tarsalis|2021|33","LV-010GR","LV","LV",2021,33,2021-08-18,"G","Tarsalis","culex",0,"vdci"
"LV010GR|Pipiens|2021|34","LV-010GR","LV","LV",2021,34,2021-08-25,"G","Pipiens","culex",37,"vdci"
"LV010GR|Tarsalis|2021|34","LV-010GR","LV","LV",2021,34,2021-08-25,"G","Tarsalis","culex",0,"vdci"
"LV010GR|Pipiens|2021|35","LV-010GR","LV","LV",2021,35,2021-09-01,"G","Pipiens","culex",17,"vdci"
"LV010GR|Tarsalis|2021|35","LV-010GR","LV","LV",2021,35,2021-09-01,"G","Tarsalis","culex",0,"vdci"
"LV010GR|Pipiens|2022|23","LV-010GR","LV","LV",2022,23,2022-06-08,"G","Pipiens","culex",44,"vdci"
"LV010GR|Tarsalis|2022|23","LV-010GR","LV","LV",2022,23,2022-06-08,"G","Tarsalis","culex",0,"vdci"
"LV010GR|Pipiens|2022|24","LV-010GR","LV","LV",2022,24,2022-06-15,"G","Pipiens","culex",31,"vdci"
"LV010GR|Tarsalis|2022|24","LV-010GR","LV","LV",2022,24,2022-06-15,"G","Tarsalis","culex",0,"vdci"
"LV010GR|Pipiens|2022|25","LV-010GR","LV","LV",2022,25,2022-06-22,"G","Pipiens","culex",11,"vdci"
"LV010GR|Tarsalis|2022|25","LV-010GR","LV","LV",2022,25,2022-06-22,"G","Tarsalis","culex",0,"vdci"
"LV010GR|Pipiens|2022|26","LV-010GR","LV","LV",2022,26,2022-06-29,"G","Pipiens","culex",38,"vdci"
"LV010GR|Tarsalis|2022|26","LV-010GR","LV","LV",2022,26,2022-06-29,"G","Tarsalis","culex",0,"vdci"
"LV010GR|Pipiens|2022|28","LV-010GR","LV","LV",2022,28,2022-07-13,"G","Pipiens","culex",161,"vdci"
"LV010GR|Tarsalis|2022|28","LV-010GR","LV","LV",2022,28,2022-07-13,"G","Tarsalis","culex",1,"vdci"
"LV010GR|Pipiens|2022|29","LV-010GR","LV","LV",2022,29,2022-07-20,"G","Pipiens","culex",66,"vdci"
"LV010GR|Tarsalis|2022|29","LV-010GR","LV","LV",2022,29,2022-07-20,"G","Tarsalis","culex",2,"vdci"
"LV010GR|Pipiens|2022|30","LV-010GR","LV","LV",2022,30,2022-07-27,"G","Pipiens","culex",28,"vdci"
"LV010GR|Tarsalis|2022|30","LV-010GR","LV","LV",2022,30,2022-07-27,"G","Tarsalis","culex",0,"vdci"
"LV010GR|Pipiens|2022|31","LV-010GR","LV","LV",2022,31,2022-08-03,"G","Pipiens","culex",7,"vdci"
"LV010GR|Tarsalis|2022|31","LV-010GR","LV","LV",2022,31,2022-08-03,"G","Tarsalis","culex",0,"vdci"
"LV010GR|Pipiens|2022|32","LV-010GR","LV","LV",2022,32,2022-08-10,"G","Pipiens","culex",153,"vdci"
"LV010GR|Tarsalis|2022|32","LV-010GR","LV","LV",2022,32,2022-08-10,"G","Tarsalis","culex",0,"vdci"
"LV010GR|Pipiens|2022|33","LV-010GR","LV","LV",2022,33,2022-08-17,"G","Pipiens","culex",15,"vdci"
"LV010GR|Tarsalis|2022|33","LV-010GR","LV","LV",2022,33,2022-08-17,"G","Tarsalis","culex",0,"vdci"
"LV010GR|Pipiens|2022|34","LV-010GR","LV","LV",2022,34,2022-08-24,"G","Pipiens","culex",56,"vdci"
"LV010GR|Tarsalis|2022|34","LV-010GR","LV","LV",2022,34,2022-08-24,"G","Tarsalis","culex",0,"vdci"
"LV010GR|Pipiens|2022|35","LV-010GR","LV","LV",2022,35,2022-08-31,"G","Pipiens","culex",34,"vdci"
"LV010GR|Tarsalis|2022|35","LV-010GR","LV","LV",2022,35,2022-08-31,"G","Tarsalis","culex",0,"vdci"
"LV010GR|Pipiens|2023|23","LV-010GR","LV","LV",2023,23,2023-06-07,"G","Pipiens","culex",3,"vdci"
"LV010GR|Tarsalis|2023|23","LV-010GR","LV","LV",2023,23,2023-06-07,"G","Tarsalis","culex",0,"vdci"
"LV010GR|Pipiens|2023|24","LV-010GR","LV","LV",2023,24,2023-06-14,"G","Pipiens","culex",35,"vdci"
"LV010GR|Tarsalis|2023|24","LV-010GR","LV","LV",2023,24,2023-06-14,"G","Tarsalis","culex",0,"vdci"
"LV010GR|Pipiens|2023|25","LV-010GR","LV","LV",2023,25,2023-06-21,"G","Pipiens","culex",28,"vdci"
"LV010GR|Tarsalis|2023|25","LV-010GR","LV","LV",2023,25,2023-06-21,"G","Tarsalis","culex",0,"vdci"
"LV010GR|Pipiens|2023|26","LV-010GR","LV","LV",2023,26,2023-06-28,"G","Pipiens","culex",22,"vdci"
"LV010GR|Tarsalis|2023|26","LV-010GR","LV","LV",2023,26,2023-06-28,"G","Tarsalis","culex",0,"vdci"
"LV010GR|Pipiens|2023|28","LV-010GR","LV","LV",2023,28,2023-07-13,"G","Pipiens","culex",112,"vdci"
"LV010GR|Tarsalis|2023|28","LV-010GR","LV","LV",2023,28,2023-07-13,"G","Tarsalis","culex",0,"vdci"
"LV010GR|Pipiens|2023|29","LV-010GR","LV","LV",2023,29,2023-07-19,"G","Pipiens","culex",67,"vdci"
"LV010GR|Tarsalis|2023|29","LV-010GR","LV","LV",2023,29,2023-07-19,"G","Tarsalis","culex",0,"vdci"
"LV010GR|Pipiens|2023|30","LV-010GR","LV","LV",2023,30,2023-07-26,"G","Pipiens","culex",81,"vdci"
"LV010GR|Tarsalis|2023|30","LV-010GR","LV","LV",2023,30,2023-07-26,"G","Tarsalis","culex",0,"vdci"
"LV010GR|Pipiens|2023|32","LV-010GR","LV","LV",2023,32,2023-08-09,"G","Pipiens","culex",33,"vdci"
"LV010GR|Tarsalis|2023|32","LV-010GR","LV","LV",2023,32,2023-08-09,"G","Tarsalis","culex",0,"vdci"
"LV010GR|Pipiens|2023|33","LV-010GR","LV","LV",2023,33,2023-08-16,"G","Pipiens","culex",124,"vdci"
"LV010GR|Tarsalis|2023|33","LV-010GR","LV","LV",2023,33,2023-08-16,"G","Tarsalis","culex",1,"vdci"
"LV010GR|Pipiens|2023|34","LV-010GR","LV","LV",2023,34,2023-08-23,"G","Pipiens","culex",11,"vdci"
"LV010GR|Tarsalis|2023|34","LV-010GR","LV","LV",2023,34,2023-08-23,"G","Tarsalis","culex",0,"vdci"
"LV010GR|Pipiens|2023|35","LV-010GR","LV","LV",2023,35,2023-08-30,"G","Pipiens","culex",48,"vdci"
"LV010GR|Tarsalis|2023|35","LV-010GR","LV","LV",2023,35,2023-08-30,"G","Tarsalis","culex",0,"vdci"
"LV010GR|Pipiens|2024|25","LV-010GR","LV","LV",2024,25,2024-06-20,"G","Pipiens","culex",4,"vdci"
"LV010GR|Tarsalis|2024|25","LV-010GR","LV","LV",2024,25,2024-06-20,"G","Tarsalis","culex",0,"vdci"
"LV010GR|Pipiens|2024|26","LV-010GR","LV","LV",2024,26,2024-06-27,"G","Pipiens","culex",15,"vdci"
"LV010GR|Tarsalis|2024|26","LV-010GR","LV","LV",2024,26,2024-06-27,"G","Tarsalis","culex",0,"vdci"
"LV010GR|Pipiens|2024|28","LV-010GR","LV","LV",2024,28,2024-07-11,"G","Pipiens","culex",19,"vdci"
"LV010GR|Tarsalis|2024|28","LV-010GR","LV","LV",2024,28,2024-07-11,"G","Tarsalis","culex",0,"vdci"
"LV010GR|Pipiens|2024|29","LV-010GR","LV","LV",2024,29,2024-07-18,"G","Pipiens","culex",30,"vdci"
"LV010GR|Tarsalis|2024|29","LV-010GR","LV","LV",2024,29,2024-07-18,"G","Tarsalis","culex",0,"vdci"
"LV010GR|Pipiens|2024|30","LV-010GR","LV","LV",2024,30,2024-07-25,"G","Pipiens","culex",16,"vdci"
"LV010GR|Tarsalis|2024|30","LV-010GR","LV","LV",2024,30,2024-07-25,"G","Tarsalis","culex",0,"vdci"
"LV010GR|Pipiens|2024|31","LV-010GR","LV","LV",2024,31,2024-08-01,"G","Pipiens","culex",20,"vdci"
"LV010GR|Tarsalis|2024|31","LV-010GR","LV","LV",2024,31,2024-08-01,"G","Tarsalis","culex",0,"vdci"
"LV010GR|Pipiens|2024|32","LV-010GR","LV","LV",2024,32,2024-08-08,"G","Pipiens","culex",41,"vdci"
"LV010GR|Tarsalis|2024|32","LV-010GR","LV","LV",2024,32,2024-08-08,"G","Tarsalis","culex",0,"vdci"
"LV010GR|Pipiens|2024|33","LV-010GR","LV","LV",2024,33,2024-08-15,"G","Pipiens","culex",29,"vdci"
"LV010GR|Tarsalis|2024|33","LV-010GR","LV","LV",2024,33,2024-08-15,"G","Tarsalis","culex",0,"vdci"
"LV010GR|Pipiens|2024|34","LV-010GR","LV","LV",2024,34,2024-08-22,"G","Pipiens","culex",36,"vdci"
"LV010GR|Tarsalis|2024|34","LV-010GR","LV","LV",2024,34,2024-08-22,"G","Tarsalis","culex",0,"vdci"
"LV010GR|Pipiens|2024|35","LV-010GR","LV","LV",2024,35,2024-08-29,"G","Pipiens","culex",57,"vdci"
"LV010GR|Tarsalis|2024|35","LV-010GR","LV","LV",2024,35,2024-08-29,"G","Tarsalis","culex",0,"vdci"
"LV010GR|Pipiens|2025|23","LV-010GR","LV","LV",2025,23,2025-06-05,"G","Pipiens","culex",3,"vdci"
"LV010GR|Tarsalis|2025|23","LV-010GR","LV","LV",2025,23,2025-06-05,"G","Tarsalis","culex",1,"vdci"
"LV010GR|Pipiens|2025|24","LV-010GR","LV","LV",2025,24,2025-06-12,"G","Pipiens","culex",20,"vdci"
"LV010GR|Tarsalis|2025|24","LV-010GR","LV","LV",2025,24,2025-06-12,"G","Tarsalis","culex",0,"vdci"
"LV010GR|Pipiens|2025|25","LV-010GR","LV","LV",2025,25,2025-06-19,"G","Pipiens","culex",117,"vdci"
"LV010GR|Tarsalis|2025|25","LV-010GR","LV","LV",2025,25,2025-06-19,"G","Tarsalis","culex",0,"vdci"
"LV010GR|Pipiens|2025|26","LV-010GR","LV","LV",2025,26,2025-06-26,"G","Pipiens","culex",10,"vdci"
"LV010GR|Tarsalis|2025|26","LV-010GR","LV","LV",2025,26,2025-06-26,"G","Tarsalis","culex",0,"vdci"
"LV010GR|Pipiens|2025|27","LV-010GR","LV","LV",2025,27,2025-07-03,"G","Pipiens","culex",153,"vdci"
"LV010GR|Tarsalis|2025|27","LV-010GR","LV","LV",2025,27,2025-07-03,"G","Tarsalis","culex",2,"vdci"
"LV010GR|Pipiens|2025|28","LV-010GR","LV","LV",2025,28,2025-07-10,"G","Pipiens","culex",712,"vdci"
"LV010GR|Tarsalis|2025|28","LV-010GR","LV","LV",2025,28,2025-07-10,"G","Tarsalis","culex",8,"vdci"
"LV010GR|Pipiens|2025|30","LV-010GR","LV","LV",2025,30,2025-07-24,"G","Pipiens","culex",120,"vdci"
"LV010GR|Tarsalis|2025|30","LV-010GR","LV","LV",2025,30,2025-07-24,"G","Tarsalis","culex",4,"vdci"
"LV010GR|Pipiens|2025|31","LV-010GR","LV","LV",2025,31,2025-07-31,"G","Pipiens","culex",113,"vdci"
"LV010GR|Tarsalis|2025|31","LV-010GR","LV","LV",2025,31,2025-07-31,"G","Tarsalis","culex",0,"vdci"
"LV010GR|Pipiens|2025|32","LV-010GR","LV","LV",2025,32,2025-08-07,"G","Pipiens","culex",1,"vdci"
"LV010GR|Tarsalis|2025|32","LV-010GR","LV","LV",2025,32,2025-08-07,"G","Tarsalis","culex",0,"vdci"
"LV010GR|Pipiens|2025|33","LV-010GR","LV","LV",2025,33,2025-08-14,"G","Pipiens","culex",90,"vdci"
"LV010GR|Tarsalis|2025|33","LV-010GR","LV","LV",2025,33,2025-08-14,"G","Tarsalis","culex",0,"vdci"
"LV010GR|Pipiens|2025|34","LV-010GR","LV","LV",2025,34,2025-08-21,"G","Pipiens","culex",29,"vdci"
"LV010GR|Tarsalis|2025|34","LV-010GR","LV","LV",2025,34,2025-08-21,"G","Tarsalis","culex",3,"vdci"
"LV010GR|Pipiens|2025|35","LV-010GR","LV","LV",2025,35,2025-08-28,"G","Pipiens","culex",69,"vdci"
"LV010GR|Tarsalis|2025|35","LV-010GR","LV","LV",2025,35,2025-08-28,"G","Tarsalis","culex",0,"vdci"
"LV014|Pipiens|2019|27","LV-014","LV","LV",2019,27,2019-07-03,"L","Pipiens","culex",1,"vdci"
"LV014|Tarsalis|2019|27","LV-014","LV","LV",2019,27,2019-07-03,"L","Tarsalis","culex",13,"vdci"
"LV014|Pipiens|2019|28","LV-014","LV","LV",2019,28,2019-07-10,"L","Pipiens","culex",1,"vdci"
"LV014|Tarsalis|2019|28","LV-014","LV","LV",2019,28,2019-07-10,"L","Tarsalis","culex",4,"vdci"
"LV014|Pipiens|2019|30","LV-014","LV","LV",2019,30,2019-07-24,"L","Pipiens","culex",0,"vdci"
"LV014|Tarsalis|2019|30","LV-014","LV","LV",2019,30,2019-07-24,"L","Tarsalis","culex",6,"vdci"
"LV014|Pipiens|2019|31","LV-014","LV","LV",2019,31,2019-07-31,"L","Pipiens","culex",2,"vdci"
"LV014|Tarsalis|2019|31","LV-014","LV","LV",2019,31,2019-07-31,"L","Tarsalis","culex",8,"vdci"
"LV014|Pipiens|2019|32","LV-014","LV","LV",2019,32,2019-08-07,"L","Pipiens","culex",0,"vdci"
"LV014|Tarsalis|2019|32","LV-014","LV","LV",2019,32,2019-08-07,"L","Tarsalis","culex",2,"vdci"
"LV014|Pipiens|2019|33","LV-014","LV","LV",2019,33,2019-08-14,"L","Pipiens","culex",0,"vdci"
"LV014|Tarsalis|2019|33","LV-014","LV","LV",2019,33,2019-08-14,"L","Tarsalis","culex",14,"vdci"
"LV014|Pipiens|2019|34","LV-014","LV","LV",2019,34,2019-08-21,"L","Pipiens","culex",1,"vdci"
"LV014|Tarsalis|2019|34","LV-014","LV","LV",2019,34,2019-08-21,"L","Tarsalis","culex",6,"vdci"
"LV014|Pipiens|2019|35","LV-014","LV","LV",2019,35,2019-08-28,"L","Pipiens","culex",6,"vdci"
"LV014|Tarsalis|2019|35","LV-014","LV","LV",2019,35,2019-08-28,"L","Tarsalis","culex",8,"vdci"
"LV014|Pipiens|2020|24","LV-014","LV","LV",2020,24,2020-06-10,"L","Pipiens","culex",1,"vdci"
"LV014|Tarsalis|2020|24","LV-014","LV","LV",2020,24,2020-06-10,"L","Tarsalis","culex",1,"vdci"
"LV014|Pipiens|2020|25","LV-014","LV","LV",2020,25,2020-06-17,"L","Pipiens","culex",0,"vdci"
"LV014|Tarsalis|2020|25","LV-014","LV","LV",2020,25,2020-06-17,"L","Tarsalis","culex",1,"vdci"
"LV014|Pipiens|2020|26","LV-014","LV","LV",2020,26,2020-06-24,"L","Pipiens","culex",0,"vdci"
"LV014|Tarsalis|2020|26","LV-014","LV","LV",2020,26,2020-06-24,"L","Tarsalis","culex",1,"vdci"
"LV014|Pipiens|2020|27","LV-014","LV","LV",2020,27,2020-07-01,"L","Pipiens","culex",1,"vdci"
"LV014|Tarsalis|2020|27","LV-014","LV","LV",2020,27,2020-07-01,"L","Tarsalis","culex",3,"vdci"
"LV014|Pipiens|2020|28","LV-014","LV","LV",2020,28,2020-07-08,"L","Pipiens","culex",0,"vdci"
"LV014|Tarsalis|2020|28","LV-014","LV","LV",2020,28,2020-07-08,"L","Tarsalis","culex",4,"vdci"
"LV014|Pipiens|2020|29","LV-014","LV","LV",2020,29,2020-07-15,"L","Pipiens","culex",0,"vdci"
"LV014|Tarsalis|2020|29","LV-014","LV","LV",2020,29,2020-07-15,"L","Tarsalis","culex",4,"vdci"
"LV014|Pipiens|2020|30","LV-014","LV","LV",2020,30,2020-07-22,"L","Pipiens","culex",0,"vdci"
"LV014|Tarsalis|2020|30","LV-014","LV","LV",2020,30,2020-07-22,"L","Tarsalis","culex",6,"vdci"
"LV014|Pipiens|2020|31","LV-014","LV","LV",2020,31,2020-07-29,"L","Pipiens","culex",0,"vdci"
"LV014|Tarsalis|2020|31","LV-014","LV","LV",2020,31,2020-07-29,"L","Tarsalis","culex",4,"vdci"
"LV014|Pipiens|2020|32","LV-014","LV","LV",2020,32,2020-08-05,"L","Pipiens","culex",1,"vdci"
"LV014|Tarsalis|2020|32","LV-014","LV","LV",2020,32,2020-08-05,"L","Tarsalis","culex",3,"vdci"
"LV014|Pipiens|2020|33","LV-014","LV","LV",2020,33,2020-08-12,"L","Pipiens","culex",0,"vdci"
"LV014|Tarsalis|2020|33","LV-014","LV","LV",2020,33,2020-08-12,"L","Tarsalis","culex",3,"vdci"
"LV014|Pipiens|2020|34","LV-014","LV","LV",2020,34,2020-08-19,"L","Pipiens","culex",0,"vdci"
"LV014|Tarsalis|2020|34","LV-014","LV","LV",2020,34,2020-08-19,"L","Tarsalis","culex",2,"vdci"
"LV014|Pipiens|2020|35","LV-014","LV","LV",2020,35,2020-08-26,"L","Pipiens","culex",0,"vdci"
"LV014|Tarsalis|2020|35","LV-014","LV","LV",2020,35,2020-08-26,"L","Tarsalis","culex",1,"vdci"
"LV014|Pipiens|2021|23","LV-014","LV","LV",2021,23,2021-06-09,"L","Pipiens","culex",0,"vdci"
"LV014|Tarsalis|2021|23","LV-014","LV","LV",2021,23,2021-06-09,"L","Tarsalis","culex",2,"vdci"
"LV014|Pipiens|2021|24","LV-014","LV","LV",2021,24,2021-06-16,"L","Pipiens","culex",0,"vdci"
"LV014|Tarsalis|2021|24","LV-014","LV","LV",2021,24,2021-06-16,"L","Tarsalis","culex",14,"vdci"
"LV014|Pipiens|2021|25","LV-014","LV","LV",2021,25,2021-06-23,"L","Pipiens","culex",0,"vdci"
"LV014|Tarsalis|2021|25","LV-014","LV","LV",2021,25,2021-06-23,"L","Tarsalis","culex",8,"vdci"
"LV014|Pipiens|2021|26","LV-014","LV","LV",2021,26,2021-07-01,"L","Pipiens","culex",0,"vdci"
"LV014|Tarsalis|2021|26","LV-014","LV","LV",2021,26,2021-07-01,"L","Tarsalis","culex",3,"vdci"
"LV014|Pipiens|2021|27","LV-014","LV","LV",2021,27,2021-07-07,"L","Pipiens","culex",0,"vdci"
"LV014|Tarsalis|2021|27","LV-014","LV","LV",2021,27,2021-07-07,"L","Tarsalis","culex",29,"vdci"
"LV014|Pipiens|2021|28","LV-014","LV","LV",2021,28,2021-07-14,"L","Pipiens","culex",0,"vdci"
"LV014|Tarsalis|2021|28","LV-014","LV","LV",2021,28,2021-07-14,"L","Tarsalis","culex",9,"vdci"
"LV014|Pipiens|2021|29","LV-014","LV","LV",2021,29,2021-07-21,"L","Pipiens","culex",0,"vdci"
"LV014|Tarsalis|2021|29","LV-014","LV","LV",2021,29,2021-07-21,"L","Tarsalis","culex",8,"vdci"
"LV014|Pipiens|2021|30","LV-014","LV","LV",2021,30,2021-07-28,"L","Pipiens","culex",3,"vdci"
"LV014|Tarsalis|2021|30","LV-014","LV","LV",2021,30,2021-07-28,"L","Tarsalis","culex",17,"vdci"
"LV014|Pipiens|2021|31","LV-014","LV","LV",2021,31,2021-08-04,"L","Pipiens","culex",3,"vdci"
"LV014|Tarsalis|2021|31","LV-014","LV","LV",2021,31,2021-08-04,"L","Tarsalis","culex",17,"vdci"
"LV014|Pipiens|2021|32","LV-014","LV","LV",2021,32,2021-08-11,"L","Pipiens","culex",3,"vdci"
"LV014|Tarsalis|2021|32","LV-014","LV","LV",2021,32,2021-08-11,"L","Tarsalis","culex",12,"vdci"
"LV014|Pipiens|2021|33","LV-014","LV","LV",2021,33,2021-08-18,"L","Pipiens","culex",1,"vdci"
"LV014|Tarsalis|2021|33","LV-014","LV","LV",2021,33,2021-08-18,"L","Tarsalis","culex",2,"vdci"
"LV014|Pipiens|2021|34","LV-014","LV","LV",2021,34,2021-08-25,"L","Pipiens","culex",2,"vdci"
"LV014|Tarsalis|2021|34","LV-014","LV","LV",2021,34,2021-08-25,"L","Tarsalis","culex",2,"vdci"
"LV014|Pipiens|2021|35","LV-014","LV","LV",2021,35,2021-09-01,"L","Pipiens","culex",2,"vdci"
"LV014|Tarsalis|2021|35","LV-014","LV","LV",2021,35,2021-09-01,"L","Tarsalis","culex",1,"vdci"
"LV014|Pipiens|2022|23","LV-014","LV","LV",2022,23,2022-06-08,"L","Pipiens","culex",3,"vdci"
"LV014|Tarsalis|2022|23","LV-014","LV","LV",2022,23,2022-06-08,"L","Tarsalis","culex",0,"vdci"
"LV014|Pipiens|2022|24","LV-014","LV","LV",2022,24,2022-06-15,"L","Pipiens","culex",1,"vdci"
"LV014|Tarsalis|2022|24","LV-014","LV","LV",2022,24,2022-06-15,"L","Tarsalis","culex",10,"vdci"
"LV014|Pipiens|2022|25","LV-014","LV","LV",2022,25,2022-06-22,"L","Pipiens","culex",2,"vdci"
"LV014|Tarsalis|2022|25","LV-014","LV","LV",2022,25,2022-06-22,"L","Tarsalis","culex",4,"vdci"
"LV014|Pipiens|2022|26","LV-014","LV","LV",2022,26,2022-06-29,"L","Pipiens","culex",3,"vdci"
"LV014|Tarsalis|2022|26","LV-014","LV","LV",2022,26,2022-06-29,"L","Tarsalis","culex",0,"vdci"
"LV014|Pipiens|2022|28","LV-014","LV","LV",2022,28,2022-07-13,"L","Pipiens","culex",1,"vdci"
"LV014|Tarsalis|2022|28","LV-014","LV","LV",2022,28,2022-07-13,"L","Tarsalis","culex",9,"vdci"
"LV014|Pipiens|2022|29","LV-014","LV","LV",2022,29,2022-07-20,"L","Pipiens","culex",2,"vdci"
"LV014|Tarsalis|2022|29","LV-014","LV","LV",2022,29,2022-07-20,"L","Tarsalis","culex",15,"vdci"
"LV014|Pipiens|2022|30","LV-014","LV","LV",2022,30,2022-07-27,"L","Pipiens","culex",1,"vdci"
"LV014|Tarsalis|2022|30","LV-014","LV","LV",2022,30,2022-07-27,"L","Tarsalis","culex",6,"vdci"
"LV014|Pipiens|2022|31","LV-014","LV","LV",2022,31,2022-08-03,"L","Pipiens","culex",3,"vdci"
"LV014|Tarsalis|2022|31","LV-014","LV","LV",2022,31,2022-08-03,"L","Tarsalis","culex",8,"vdci"
"LV014|Pipiens|2022|32","LV-014","LV","LV",2022,32,2022-08-10,"L","Pipiens","culex",3,"vdci"
"LV014|Tarsalis|2022|32","LV-014","LV","LV",2022,32,2022-08-10,"L","Tarsalis","culex",19,"vdci"
"LV014|Pipiens|2022|33","LV-014","LV","LV",2022,33,2022-08-17,"L","Pipiens","culex",11,"vdci"
"LV014|Tarsalis|2022|33","LV-014","LV","LV",2022,33,2022-08-17,"L","Tarsalis","culex",21,"vdci"
"LV014|Pipiens|2022|34","LV-014","LV","LV",2022,34,2022-08-24,"L","Pipiens","culex",4,"vdci"
"LV014|Tarsalis|2022|34","LV-014","LV","LV",2022,34,2022-08-24,"L","Tarsalis","culex",10,"vdci"
"LV014|Pipiens|2022|35","LV-014","LV","LV",2022,35,2022-08-31,"L","Pipiens","culex",7,"vdci"
"LV014|Tarsalis|2022|35","LV-014","LV","LV",2022,35,2022-08-31,"L","Tarsalis","culex",4,"vdci"
"LV014|Pipiens|2023|23","LV-014","LV","LV",2023,23,2023-06-07,"L","Pipiens","culex",1,"vdci"
"LV014|Tarsalis|2023|23","LV-014","LV","LV",2023,23,2023-06-07,"L","Tarsalis","culex",3,"vdci"
"LV014|Pipiens|2023|24","LV-014","LV","LV",2023,24,2023-06-14,"L","Pipiens","culex",0,"vdci"
"LV014|Tarsalis|2023|24","LV-014","LV","LV",2023,24,2023-06-14,"L","Tarsalis","culex",1,"vdci"
"LV014|Pipiens|2023|25","LV-014","LV","LV",2023,25,2023-06-21,"L","Pipiens","culex",1,"vdci"
"LV014|Tarsalis|2023|25","LV-014","LV","LV",2023,25,2023-06-21,"L","Tarsalis","culex",4,"vdci"
"LV014|Pipiens|2023|26","LV-014","LV","LV",2023,26,2023-06-28,"L","Pipiens","culex",0,"vdci"
"LV014|Tarsalis|2023|26","LV-014","LV","LV",2023,26,2023-06-28,"L","Tarsalis","culex",161,"vdci"
"LV014|Pipiens|2023|28","LV-014","LV","LV",2023,28,2023-07-12,"L","Pipiens","culex",0,"vdci"
"LV014|Tarsalis|2023|28","LV-014","LV","LV",2023,28,2023-07-12,"L","Tarsalis","culex",27,"vdci"
"LV014|Pipiens|2023|29","LV-014","LV","LV",2023,29,2023-07-19,"L","Pipiens","culex",1,"vdci"
"LV014|Tarsalis|2023|29","LV-014","LV","LV",2023,29,2023-07-19,"L","Tarsalis","culex",24,"vdci"
"LV014|Pipiens|2023|30","LV-014","LV","LV",2023,30,2023-07-26,"L","Pipiens","culex",28,"vdci"
"LV014|Tarsalis|2023|30","LV-014","LV","LV",2023,30,2023-07-26,"L","Tarsalis","culex",10,"vdci"
"LV014|Pipiens|2023|31","LV-014","LV","LV",2023,31,2023-08-02,"L","Pipiens","culex",3,"vdci"
"LV014|Tarsalis|2023|31","LV-014","LV","LV",2023,31,2023-08-02,"L","Tarsalis","culex",47,"vdci"
"LV014|Pipiens|2023|32","LV-014","LV","LV",2023,32,2023-08-09,"L","Pipiens","culex",24,"vdci"
"LV014|Tarsalis|2023|32","LV-014","LV","LV",2023,32,2023-08-09,"L","Tarsalis","culex",204,"vdci"
"LV014|Pipiens|2023|33","LV-014","LV","LV",2023,33,2023-08-16,"L","Pipiens","culex",4,"vdci"
"LV014|Tarsalis|2023|33","LV-014","LV","LV",2023,33,2023-08-16,"L","Tarsalis","culex",20,"vdci"
"LV014|Pipiens|2023|34","LV-014","LV","LV",2023,34,2023-08-23,"L","Pipiens","culex",0,"vdci"
"LV014|Tarsalis|2023|34","LV-014","LV","LV",2023,34,2023-08-23,"L","Tarsalis","culex",10,"vdci"
"LV014|Pipiens|2023|35","LV-014","LV","LV",2023,35,2023-08-30,"L","Pipiens","culex",1,"vdci"
"LV014|Tarsalis|2023|35","LV-014","LV","LV",2023,35,2023-08-30,"L","Tarsalis","culex",8,"vdci"
"LV014|Pipiens|2024|25","LV-014","LV","LV",2024,25,2024-06-20,"L","Pipiens","culex",1,"vdci"
"LV014|Tarsalis|2024|25","LV-014","LV","LV",2024,25,2024-06-20,"L","Tarsalis","culex",0,"vdci"
"LV014|Pipiens|2024|26","LV-014","LV","LV",2024,26,2024-06-27,"L","Pipiens","culex",4,"vdci"
"LV014|Tarsalis|2024|26","LV-014","LV","LV",2024,26,2024-06-27,"L","Tarsalis","culex",6,"vdci"
"LV014|Pipiens|2024|28","LV-014","LV","LV",2024,28,2024-07-11,"L","Pipiens","culex",2,"vdci"
"LV014|Tarsalis|2024|28","LV-014","LV","LV",2024,28,2024-07-11,"L","Tarsalis","culex",2,"vdci"
"LV014|Pipiens|2024|29","LV-014","LV","LV",2024,29,2024-07-18,"L","Pipiens","culex",4,"vdci"
"LV014|Tarsalis|2024|29","LV-014","LV","LV",2024,29,2024-07-18,"L","Tarsalis","culex",3,"vdci"
"LV014|Pipiens|2024|30","LV-014","LV","LV",2024,30,2024-07-25,"L","Pipiens","culex",2,"vdci"
"LV014|Tarsalis|2024|30","LV-014","LV","LV",2024,30,2024-07-25,"L","Tarsalis","culex",1,"vdci"
"LV014|Pipiens|2024|31","LV-014","LV","LV",2024,31,2024-08-01,"L","Pipiens","culex",4,"vdci"
"LV014|Tarsalis|2024|31","LV-014","LV","LV",2024,31,2024-08-01,"L","Tarsalis","culex",5,"vdci"
"LV014|Pipiens|2024|32","LV-014","LV","LV",2024,32,2024-08-08,"L","Pipiens","culex",6,"vdci"
"LV014|Tarsalis|2024|32","LV-014","LV","LV",2024,32,2024-08-08,"L","Tarsalis","culex",4,"vdci"
"LV014|Pipiens|2024|33","LV-014","LV","LV",2024,33,2024-08-15,"L","Pipiens","culex",4,"vdci"
"LV014|Tarsalis|2024|33","LV-014","LV","LV",2024,33,2024-08-15,"L","Tarsalis","culex",5,"vdci"
"LV014|Pipiens|2024|34","LV-014","LV","LV",2024,34,2024-08-22,"L","Pipiens","culex",2,"vdci"
"LV014|Tarsalis|2024|34","LV-014","LV","LV",2024,34,2024-08-22,"L","Tarsalis","culex",2,"vdci"
"LV014|Pipiens|2025|23","LV-014","LV","LV",2025,23,2025-06-05,"L","Pipiens","culex",1,"vdci"
"LV014|Tarsalis|2025|23","LV-014","LV","LV",2025,23,2025-06-05,"L","Tarsalis","culex",1,"vdci"
"LV014|Pipiens|2025|24","LV-014","LV","LV",2025,24,2025-06-12,"L","Pipiens","culex",0,"vdci"
"LV014|Tarsalis|2025|24","LV-014","LV","LV",2025,24,2025-06-12,"L","Tarsalis","culex",2,"vdci"
"LV014|Pipiens|2025|25","LV-014","LV","LV",2025,25,2025-06-19,"L","Pipiens","culex",1,"vdci"
"LV014|Tarsalis|2025|25","LV-014","LV","LV",2025,25,2025-06-19,"L","Tarsalis","culex",1,"vdci"
"LV014|Pipiens|2025|26","LV-014","LV","LV",2025,26,2025-06-26,"L","Pipiens","culex",2,"vdci"
"LV014|Tarsalis|2025|26","LV-014","LV","LV",2025,26,2025-06-26,"L","Tarsalis","culex",8,"vdci"
"LV014|Pipiens|2025|27","LV-014","LV","LV",2025,27,2025-07-03,"L","Pipiens","culex",1,"vdci"
"LV014|Tarsalis|2025|27","LV-014","LV","LV",2025,27,2025-07-03,"L","Tarsalis","culex",14,"vdci"
"LV014|Pipiens|2025|28","LV-014","LV","LV",2025,28,2025-07-10,"L","Pipiens","culex",4,"vdci"
"LV014|Tarsalis|2025|28","LV-014","LV","LV",2025,28,2025-07-10,"L","Tarsalis","culex",10,"vdci"
"LV014|Pipiens|2025|29","LV-014","LV","LV",2025,29,2025-07-17,"L","Pipiens","culex",0,"vdci"
"LV014|Tarsalis|2025|29","LV-014","LV","LV",2025,29,2025-07-17,"L","Tarsalis","culex",3,"vdci"
"LV014|Pipiens|2025|30","LV-014","LV","LV",2025,30,2025-07-24,"L","Pipiens","culex",0,"vdci"
"LV014|Tarsalis|2025|30","LV-014","LV","LV",2025,30,2025-07-24,"L","Tarsalis","culex",5,"vdci"
"LV014|Pipiens|2025|31","LV-014","LV","LV",2025,31,2025-07-31,"L","Pipiens","culex",0,"vdci"
"LV014|Tarsalis|2025|31","LV-014","LV","LV",2025,31,2025-07-31,"L","Tarsalis","culex",4,"vdci"
"LV014|Pipiens|2025|32","LV-014","LV","LV",2025,32,2025-08-07,"L","Pipiens","culex",0,"vdci"
"LV014|Tarsalis|2025|32","LV-014","LV","LV",2025,32,2025-08-07,"L","Tarsalis","culex",13,"vdci"
"LV014|Pipiens|2025|33","LV-014","LV","LV",2025,33,2025-08-14,"L","Pipiens","culex",1,"vdci"
"LV014|Tarsalis|2025|33","LV-014","LV","LV",2025,33,2025-08-14,"L","Tarsalis","culex",21,"vdci"
"LV014|Pipiens|2025|34","LV-014","LV","LV",2025,34,2025-08-21,"L","Pipiens","culex",3,"vdci"
"LV014|Tarsalis|2025|34","LV-014","LV","LV",2025,34,2025-08-21,"L","Tarsalis","culex",4,"vdci"
"LV014|Pipiens|2025|35","LV-014","LV","LV",2025,35,2025-08-28,"L","Pipiens","culex",1,"vdci"
"LV014|Tarsalis|2025|35","LV-014","LV","LV",2025,35,2025-08-28,"L","Tarsalis","culex",2,"vdci"
"LV019|Pipiens|2019|24","LV-019","LV","LV",2019,24,2019-06-11,"L","Pipiens","culex",0,"vdci"
"LV019|Tarsalis|2019|24","LV-019","LV","LV",2019,24,2019-06-11,"L","Tarsalis","culex",8,"vdci"
"LV019|Pipiens|2019|26","LV-019","LV","LV",2019,26,2019-06-25,"L","Pipiens","culex",1,"vdci"
"LV019|Tarsalis|2019|26","LV-019","LV","LV",2019,26,2019-06-25,"L","Tarsalis","culex",3,"vdci"
"LV019|Pipiens|2019|27","LV-019","LV","LV",2019,27,2019-07-01,"L","Pipiens","culex",1,"vdci"
"LV019|Tarsalis|2019|27","LV-019","LV","LV",2019,27,2019-07-01,"L","Tarsalis","culex",3,"vdci"
"LV019|Pipiens|2019|28","LV-019","LV","LV",2019,28,2019-07-09,"L","Pipiens","culex",11,"vdci"
"LV019|Tarsalis|2019|28","LV-019","LV","LV",2019,28,2019-07-09,"L","Tarsalis","culex",39,"vdci"
"LV019|Pipiens|2019|29","LV-019","LV","LV",2019,29,2019-07-16,"L","Pipiens","culex",5,"vdci"
"LV019|Tarsalis|2019|29","LV-019","LV","LV",2019,29,2019-07-16,"L","Tarsalis","culex",67,"vdci"
"LV019|Pipiens|2019|30","LV-019","LV","LV",2019,30,2019-07-23,"L","Pipiens","culex",6,"vdci"
"LV019|Tarsalis|2019|30","LV-019","LV","LV",2019,30,2019-07-23,"L","Tarsalis","culex",40,"vdci"
"LV019|Pipiens|2019|31","LV-019","LV","LV",2019,31,2019-07-30,"L","Pipiens","culex",14,"vdci"
"LV019|Tarsalis|2019|31","LV-019","LV","LV",2019,31,2019-07-30,"L","Tarsalis","culex",75,"vdci"
"LV019|Pipiens|2019|32","LV-019","LV","LV",2019,32,2019-08-06,"L","Pipiens","culex",17,"vdci"
"LV019|Tarsalis|2019|32","LV-019","LV","LV",2019,32,2019-08-06,"L","Tarsalis","culex",55,"vdci"
"LV019|Pipiens|2019|33","LV-019","LV","LV",2019,33,2019-08-13,"L","Pipiens","culex",0,"vdci"
"LV019|Tarsalis|2019|33","LV-019","LV","LV",2019,33,2019-08-13,"L","Tarsalis","culex",54,"vdci"
"LV019|Pipiens|2019|34","LV-019","LV","LV",2019,34,2019-08-20,"L","Pipiens","culex",3,"vdci"
"LV019|Tarsalis|2019|34","LV-019","LV","LV",2019,34,2019-08-20,"L","Tarsalis","culex",4,"vdci"
"LV019|Pipiens|2019|35","LV-019","LV","LV",2019,35,2019-08-27,"L","Pipiens","culex",19,"vdci"
"LV019|Tarsalis|2019|35","LV-019","LV","LV",2019,35,2019-08-27,"L","Tarsalis","culex",21,"vdci"
"LV019|Pipiens|2020|26","LV-019","LV","LV",2020,26,2020-06-23,"L","Pipiens","culex",0,"vdci"
"LV019|Tarsalis|2020|26","LV-019","LV","LV",2020,26,2020-06-23,"L","Tarsalis","culex",2,"vdci"
"LV019|Pipiens|2020|27","LV-019","LV","LV",2020,27,2020-06-30,"L","Pipiens","culex",1,"vdci"
"LV019|Tarsalis|2020|27","LV-019","LV","LV",2020,27,2020-06-30,"L","Tarsalis","culex",5,"vdci"
"LV019|Pipiens|2020|28","LV-019","LV","LV",2020,28,2020-07-07,"L","Pipiens","culex",0,"vdci"
"LV019|Tarsalis|2020|28","LV-019","LV","LV",2020,28,2020-07-07,"L","Tarsalis","culex",20,"vdci"
"LV019|Pipiens|2020|29","LV-019","LV","LV",2020,29,2020-07-14,"L","Pipiens","culex",1,"vdci"
"LV019|Tarsalis|2020|29","LV-019","LV","LV",2020,29,2020-07-14,"L","Tarsalis","culex",6,"vdci"
"LV019|Pipiens|2020|30","LV-019","LV","LV",2020,30,2020-07-21,"L","Pipiens","culex",1,"vdci"
"LV019|Tarsalis|2020|30","LV-019","LV","LV",2020,30,2020-07-21,"L","Tarsalis","culex",2,"vdci"
"LV019|Pipiens|2020|31","LV-019","LV","LV",2020,31,2020-07-28,"L","Pipiens","culex",0,"vdci"
"LV019|Tarsalis|2020|31","LV-019","LV","LV",2020,31,2020-07-28,"L","Tarsalis","culex",6,"vdci"
"LV019|Pipiens|2020|32","LV-019","LV","LV",2020,32,2020-08-04,"L","Pipiens","culex",2,"vdci"
"LV019|Tarsalis|2020|32","LV-019","LV","LV",2020,32,2020-08-04,"L","Tarsalis","culex",13,"vdci"
"LV019|Pipiens|2020|34","LV-019","LV","LV",2020,34,2020-08-18,"L","Pipiens","culex",0,"vdci"
"LV019|Tarsalis|2020|34","LV-019","LV","LV",2020,34,2020-08-18,"L","Tarsalis","culex",5,"vdci"
"LV019|Pipiens|2020|35","LV-019","LV","LV",2020,35,2020-08-25,"L","Pipiens","culex",0,"vdci"
"LV019|Tarsalis|2020|35","LV-019","LV","LV",2020,35,2020-08-25,"L","Tarsalis","culex",13,"vdci"
"LV019|Pipiens|2021|23","LV-019","LV","LV",2021,23,2021-06-08,"L","Pipiens","culex",1,"vdci"
"LV019|Tarsalis|2021|23","LV-019","LV","LV",2021,23,2021-06-08,"L","Tarsalis","culex",9,"vdci"
"LV019|Pipiens|2021|24","LV-019","LV","LV",2021,24,2021-06-15,"L","Pipiens","culex",1,"vdci"
"LV019|Tarsalis|2021|24","LV-019","LV","LV",2021,24,2021-06-15,"L","Tarsalis","culex",33,"vdci"
"LV019|Pipiens|2021|25","LV-019","LV","LV",2021,25,2021-06-22,"L","Pipiens","culex",2,"vdci"
"LV019|Tarsalis|2021|25","LV-019","LV","LV",2021,25,2021-06-22,"L","Tarsalis","culex",26,"vdci"
"LV019|Pipiens|2021|27","LV-019","LV","LV",2021,27,2021-07-06,"L","Pipiens","culex",16,"vdci"
"LV019|Tarsalis|2021|27","LV-019","LV","LV",2021,27,2021-07-06,"L","Tarsalis","culex",236,"vdci"
"LV019|Pipiens|2021|28","LV-019","LV","LV",2021,28,2021-07-13,"L","Pipiens","culex",4,"vdci"
"LV019|Tarsalis|2021|28","LV-019","LV","LV",2021,28,2021-07-13,"L","Tarsalis","culex",368,"vdci"
"LV019|Pipiens|2021|29","LV-019","LV","LV",2021,29,2021-07-20,"L","Pipiens","culex",0,"vdci"
"LV019|Tarsalis|2021|29","LV-019","LV","LV",2021,29,2021-07-20,"L","Tarsalis","culex",95,"vdci"
"LV019|Pipiens|2021|30","LV-019","LV","LV",2021,30,2021-07-27,"L","Pipiens","culex",20,"vdci"
"LV019|Tarsalis|2021|30","LV-019","LV","LV",2021,30,2021-07-27,"L","Tarsalis","culex",154,"vdci"
"LV019|Pipiens|2021|31","LV-019","LV","LV",2021,31,2021-08-03,"L","Pipiens","culex",42,"vdci"
"LV019|Tarsalis|2021|31","LV-019","LV","LV",2021,31,2021-08-03,"L","Tarsalis","culex",7,"vdci"
"LV019|Pipiens|2021|32","LV-019","LV","LV",2021,32,2021-08-10,"L","Pipiens","culex",4,"vdci"
"LV019|Tarsalis|2021|32","LV-019","LV","LV",2021,32,2021-08-10,"L","Tarsalis","culex",20,"vdci"
"LV019|Pipiens|2021|33","LV-019","LV","LV",2021,33,2021-08-17,"L","Pipiens","culex",8,"vdci"
"LV019|Tarsalis|2021|33","LV-019","LV","LV",2021,33,2021-08-17,"L","Tarsalis","culex",14,"vdci"
"LV019|Pipiens|2021|34","LV-019","LV","LV",2021,34,2021-08-24,"L","Pipiens","culex",3,"vdci"
"LV019|Tarsalis|2021|34","LV-019","LV","LV",2021,34,2021-08-24,"L","Tarsalis","culex",2,"vdci"
"LV019|Pipiens|2021|35","LV-019","LV","LV",2021,35,2021-08-31,"L","Pipiens","culex",2,"vdci"
"LV019|Tarsalis|2021|35","LV-019","LV","LV",2021,35,2021-08-31,"L","Tarsalis","culex",4,"vdci"
"LV019|Pipiens|2022|23","LV-019","LV","LV",2022,23,2022-06-07,"L","Pipiens","culex",1,"vdci"
"LV019|Tarsalis|2022|23","LV-019","LV","LV",2022,23,2022-06-07,"L","Tarsalis","culex",8,"vdci"
"LV019|Pipiens|2022|24","LV-019","LV","LV",2022,24,2022-06-14,"L","Pipiens","culex",7,"vdci"
"LV019|Tarsalis|2022|24","LV-019","LV","LV",2022,24,2022-06-14,"L","Tarsalis","culex",6,"vdci"
"LV019|Pipiens|2022|25","LV-019","LV","LV",2022,25,2022-06-21,"L","Pipiens","culex",0,"vdci"
"LV019|Tarsalis|2022|25","LV-019","LV","LV",2022,25,2022-06-21,"L","Tarsalis","culex",3,"vdci"
"LV019|Pipiens|2022|26","LV-019","LV","LV",2022,26,2022-06-28,"L","Pipiens","culex",0,"vdci"
"LV019|Tarsalis|2022|26","LV-019","LV","LV",2022,26,2022-06-28,"L","Tarsalis","culex",8,"vdci"
"LV019|Pipiens|2022|27","LV-019","LV","LV",2022,27,2022-07-05,"L","Pipiens","culex",0,"vdci"
"LV019|Tarsalis|2022|27","LV-019","LV","LV",2022,27,2022-07-05,"L","Tarsalis","culex",6,"vdci"
"LV019|Pipiens|2022|28","LV-019","LV","LV",2022,28,2022-07-12,"L","Pipiens","culex",1,"vdci"
"LV019|Tarsalis|2022|28","LV-019","LV","LV",2022,28,2022-07-12,"L","Tarsalis","culex",10,"vdci"
"LV019|Pipiens|2022|29","LV-019","LV","LV",2022,29,2022-07-19,"L","Pipiens","culex",0,"vdci"
"LV019|Tarsalis|2022|29","LV-019","LV","LV",2022,29,2022-07-19,"L","Tarsalis","culex",9,"vdci"
"LV019|Pipiens|2022|30","LV-019","LV","LV",2022,30,2022-07-26,"L","Pipiens","culex",1,"vdci"
"LV019|Tarsalis|2022|30","LV-019","LV","LV",2022,30,2022-07-26,"L","Tarsalis","culex",3,"vdci"
"LV019|Pipiens|2022|31","LV-019","LV","LV",2022,31,2022-08-02,"L","Pipiens","culex",4,"vdci"
"LV019|Tarsalis|2022|31","LV-019","LV","LV",2022,31,2022-08-02,"L","Tarsalis","culex",24,"vdci"
"LV019|Pipiens|2022|32","LV-019","LV","LV",2022,32,2022-08-09,"L","Pipiens","culex",3,"vdci"
"LV019|Tarsalis|2022|32","LV-019","LV","LV",2022,32,2022-08-09,"L","Tarsalis","culex",19,"vdci"
"LV019|Pipiens|2022|33","LV-019","LV","LV",2022,33,2022-08-16,"L","Pipiens","culex",2,"vdci"
"LV019|Tarsalis|2022|33","LV-019","LV","LV",2022,33,2022-08-16,"L","Tarsalis","culex",3,"vdci"
"LV019|Pipiens|2022|34","LV-019","LV","LV",2022,34,2022-08-23,"L","Pipiens","culex",6,"vdci"
"LV019|Tarsalis|2022|34","LV-019","LV","LV",2022,34,2022-08-23,"L","Tarsalis","culex",13,"vdci"
"LV019|Pipiens|2022|35","LV-019","LV","LV",2022,35,2022-08-30,"L","Pipiens","culex",6,"vdci"
"LV019|Tarsalis|2022|35","LV-019","LV","LV",2022,35,2022-08-30,"L","Tarsalis","culex",10,"vdci"
"LV019|Pipiens|2023|23","LV-019","LV","LV",2023,23,2023-06-06,"L","Pipiens","culex",0,"vdci"
"LV019|Tarsalis|2023|23","LV-019","LV","LV",2023,23,2023-06-06,"L","Tarsalis","culex",2,"vdci"
"LV019|Pipiens|2023|25","LV-019","LV","LV",2023,25,2023-06-20,"L","Pipiens","culex",0,"vdci"
"LV019|Tarsalis|2023|25","LV-019","LV","LV",2023,25,2023-06-20,"L","Tarsalis","culex",32,"vdci"
"LV019|Pipiens|2023|26","LV-019","LV","LV",2023,26,2023-06-27,"L","Pipiens","culex",0,"vdci"
"LV019|Tarsalis|2023|26","LV-019","LV","LV",2023,26,2023-06-27,"L","Tarsalis","culex",16,"vdci"
"LV019|Pipiens|2023|27","LV-019","LV","LV",2023,27,2023-07-03,"L","Pipiens","culex",8,"vdci"
"LV019|Tarsalis|2023|27","LV-019","LV","LV",2023,27,2023-07-03,"L","Tarsalis","culex",68,"vdci"
"LV019|Pipiens|2023|28","LV-019","LV","LV",2023,28,2023-07-11,"L","Pipiens","culex",0,"vdci"
"LV019|Tarsalis|2023|28","LV-019","LV","LV",2023,28,2023-07-11,"L","Tarsalis","culex",10,"vdci"
"LV019|Pipiens|2023|29","LV-019","LV","LV",2023,29,2023-07-18,"L","Pipiens","culex",0,"vdci"
"LV019|Tarsalis|2023|29","LV-019","LV","LV",2023,29,2023-07-18,"L","Tarsalis","culex",288,"vdci"
"LV019|Pipiens|2023|30","LV-019","LV","LV",2023,30,2023-07-25,"L","Pipiens","culex",4,"vdci"
"LV019|Tarsalis|2023|30","LV-019","LV","LV",2023,30,2023-07-25,"L","Tarsalis","culex",232,"vdci"
"LV019|Pipiens|2023|31","LV-019","LV","LV",2023,31,2023-08-01,"L","Pipiens","culex",6,"vdci"
"LV019|Tarsalis|2023|31","LV-019","LV","LV",2023,31,2023-08-01,"L","Tarsalis","culex",28,"vdci"
"LV019|Pipiens|2023|32","LV-019","LV","LV",2023,32,2023-08-08,"L","Pipiens","culex",12,"vdci"
"LV019|Tarsalis|2023|32","LV-019","LV","LV",2023,32,2023-08-08,"L","Tarsalis","culex",108,"vdci"
"LV019|Pipiens|2023|33","LV-019","LV","LV",2023,33,2023-08-15,"L","Pipiens","culex",4,"vdci"
"LV019|Tarsalis|2023|33","LV-019","LV","LV",2023,33,2023-08-15,"L","Tarsalis","culex",28,"vdci"
"LV019|Pipiens|2023|34","LV-019","LV","LV",2023,34,2023-08-22,"L","Pipiens","culex",2,"vdci"
"LV019|Tarsalis|2023|34","LV-019","LV","LV",2023,34,2023-08-22,"L","Tarsalis","culex",28,"vdci"
"LV019|Pipiens|2023|35","LV-019","LV","LV",2023,35,2023-08-29,"L","Pipiens","culex",6,"vdci"
"LV019|Tarsalis|2023|35","LV-019","LV","LV",2023,35,2023-08-29,"L","Tarsalis","culex",7,"vdci"
"LV019|Pipiens|2023|36","LV-019","LV","LV",2023,36,2023-09-06,"L","Pipiens","culex",0,"vdci"
"LV019|Tarsalis|2023|36","LV-019","LV","LV",2023,36,2023-09-06,"L","Tarsalis","culex",1,"vdci"
"LV019|Pipiens|2024|27","LV-019","LV","LV",2024,27,2024-07-03,"L","Pipiens","culex",2,"vdci"
"LV019|Tarsalis|2024|27","LV-019","LV","LV",2024,27,2024-07-03,"L","Tarsalis","culex",6,"vdci"
"LV019|Pipiens|2024|28","LV-019","LV","LV",2024,28,2024-07-10,"L","Pipiens","culex",2,"vdci"
"LV019|Tarsalis|2024|28","LV-019","LV","LV",2024,28,2024-07-10,"L","Tarsalis","culex",6,"vdci"
"LV019|Pipiens|2024|29","LV-019","LV","LV",2024,29,2024-07-17,"L","Pipiens","culex",0,"vdci"
"LV019|Tarsalis|2024|29","LV-019","LV","LV",2024,29,2024-07-17,"L","Tarsalis","culex",5,"vdci"
"LV019|Pipiens|2024|30","LV-019","LV","LV",2024,30,2024-07-24,"L","Pipiens","culex",1,"vdci"
"LV019|Tarsalis|2024|30","LV-019","LV","LV",2024,30,2024-07-24,"L","Tarsalis","culex",11,"vdci"
"LV019|Pipiens|2024|31","LV-019","LV","LV",2024,31,2024-07-31,"L","Pipiens","culex",0,"vdci"
"LV019|Tarsalis|2024|31","LV-019","LV","LV",2024,31,2024-07-31,"L","Tarsalis","culex",11,"vdci"
"LV019|Pipiens|2024|32","LV-019","LV","LV",2024,32,2024-08-07,"L","Pipiens","culex",2,"vdci"
"LV019|Tarsalis|2024|32","LV-019","LV","LV",2024,32,2024-08-07,"L","Tarsalis","culex",11,"vdci"
"LV019|Pipiens|2024|34","LV-019","LV","LV",2024,34,2024-08-21,"L","Pipiens","culex",1,"vdci"
"LV019|Tarsalis|2024|34","LV-019","LV","LV",2024,34,2024-08-21,"L","Tarsalis","culex",1,"vdci"
"LV019|Pipiens|2024|35","LV-019","LV","LV",2024,35,2024-08-28,"L","Pipiens","culex",0,"vdci"
"LV019|Tarsalis|2024|35","LV-019","LV","LV",2024,35,2024-08-28,"L","Tarsalis","culex",2,"vdci"
"LV019|Pipiens|2025|25","LV-019","LV","LV",2025,25,2025-06-18,"L","Pipiens","culex",0,"vdci"
"LV019|Tarsalis|2025|25","LV-019","LV","LV",2025,25,2025-06-18,"L","Tarsalis","culex",6,"vdci"
"LV019|Pipiens|2025|26","LV-019","LV","LV",2025,26,2025-06-25,"L","Pipiens","culex",0,"vdci"
"LV019|Tarsalis|2025|26","LV-019","LV","LV",2025,26,2025-06-25,"L","Tarsalis","culex",1,"vdci"
"LV019|Pipiens|2025|27","LV-019","LV","LV",2025,27,2025-07-02,"L","Pipiens","culex",5,"vdci"
"LV019|Tarsalis|2025|27","LV-019","LV","LV",2025,27,2025-07-02,"L","Tarsalis","culex",24,"vdci"
"LV019|Pipiens|2025|28","LV-019","LV","LV",2025,28,2025-07-09,"L","Pipiens","culex",0,"vdci"
"LV019|Tarsalis|2025|28","LV-019","LV","LV",2025,28,2025-07-09,"L","Tarsalis","culex",5,"vdci"
"LV019|Pipiens|2025|29","LV-019","LV","LV",2025,29,2025-07-16,"L","Pipiens","culex",0,"vdci"
"LV019|Tarsalis|2025|29","LV-019","LV","LV",2025,29,2025-07-16,"L","Tarsalis","culex",3,"vdci"
"LV019|Pipiens|2025|30","LV-019","LV","LV",2025,30,2025-07-23,"L","Pipiens","culex",2,"vdci"
"LV019|Tarsalis|2025|30","LV-019","LV","LV",2025,30,2025-07-23,"L","Tarsalis","culex",25,"vdci"
"LV019|Pipiens|2025|31","LV-019","LV","LV",2025,31,2025-07-30,"L","Pipiens","culex",0,"vdci"
"LV019|Tarsalis|2025|31","LV-019","LV","LV",2025,31,2025-07-30,"L","Tarsalis","culex",6,"vdci"
"LV019|Pipiens|2025|32","LV-019","LV","LV",2025,32,2025-08-06,"L","Pipiens","culex",3,"vdci"
"LV019|Tarsalis|2025|32","LV-019","LV","LV",2025,32,2025-08-06,"L","Tarsalis","culex",5,"vdci"
"LV019|Pipiens|2025|33","LV-019","LV","LV",2025,33,2025-08-13,"L","Pipiens","culex",2,"vdci"
"LV019|Tarsalis|2025|33","LV-019","LV","LV",2025,33,2025-08-13,"L","Tarsalis","culex",16,"vdci"
"LV019|Pipiens|2025|34","LV-019","LV","LV",2025,34,2025-08-20,"L","Pipiens","culex",3,"vdci"
"LV019|Tarsalis|2025|34","LV-019","LV","LV",2025,34,2025-08-20,"L","Tarsalis","culex",7,"vdci"
"LV021|Pipiens|2019|26","LV-021","LV","LV",2019,26,2019-06-25,"L","Pipiens","culex",0,"vdci"
"LV021|Tarsalis|2019|26","LV-021","LV","LV",2019,26,2019-06-25,"L","Tarsalis","culex",1,"vdci"
"LV021|Pipiens|2019|27","LV-021","LV","LV",2019,27,2019-07-02,"L","Pipiens","culex",0,"vdci"
"LV021|Tarsalis|2019|27","LV-021","LV","LV",2019,27,2019-07-02,"L","Tarsalis","culex",11,"vdci"
"LV021|Pipiens|2019|28","LV-021","LV","LV",2019,28,2019-07-09,"L","Pipiens","culex",0,"vdci"
"LV021|Tarsalis|2019|28","LV-021","LV","LV",2019,28,2019-07-09,"L","Tarsalis","culex",39,"vdci"
"LV021|Pipiens|2019|29","LV-021","LV","LV",2019,29,2019-07-16,"L","Pipiens","culex",2,"vdci"
"LV021|Tarsalis|2019|29","LV-021","LV","LV",2019,29,2019-07-16,"L","Tarsalis","culex",20,"vdci"
"LV021|Pipiens|2019|31","LV-021","LV","LV",2019,31,2019-07-30,"L","Pipiens","culex",0,"vdci"
"LV021|Tarsalis|2019|31","LV-021","LV","LV",2019,31,2019-07-30,"L","Tarsalis","culex",57,"vdci"
"LV021|Pipiens|2019|32","LV-021","LV","LV",2019,32,2019-08-06,"L","Pipiens","culex",0,"vdci"
"LV021|Tarsalis|2019|32","LV-021","LV","LV",2019,32,2019-08-06,"L","Tarsalis","culex",5,"vdci"
"LV021|Pipiens|2019|33","LV-021","LV","LV",2019,33,2019-08-13,"L","Pipiens","culex",0,"vdci"
"LV021|Tarsalis|2019|33","LV-021","LV","LV",2019,33,2019-08-13,"L","Tarsalis","culex",17,"vdci"
"LV021|Pipiens|2019|34","LV-021","LV","LV",2019,34,2019-08-20,"L","Pipiens","culex",1,"vdci"
"LV021|Tarsalis|2019|34","LV-021","LV","LV",2019,34,2019-08-20,"L","Tarsalis","culex",9,"vdci"
"LV021|Pipiens|2019|35","LV-021","LV","LV",2019,35,2019-08-27,"L","Pipiens","culex",0,"vdci"
"LV021|Tarsalis|2019|35","LV-021","LV","LV",2019,35,2019-08-27,"L","Tarsalis","culex",4,"vdci"
"LV021|Pipiens|2020|25","LV-021","LV","LV",2020,25,2020-06-16,"L","Pipiens","culex",0,"vdci"
"LV021|Tarsalis|2020|25","LV-021","LV","LV",2020,25,2020-06-16,"L","Tarsalis","culex",4,"vdci"
"LV021|Pipiens|2020|26","LV-021","LV","LV",2020,26,2020-06-23,"L","Pipiens","culex",0,"vdci"
"LV021|Tarsalis|2020|26","LV-021","LV","LV",2020,26,2020-06-23,"L","Tarsalis","culex",4,"vdci"
"LV021|Pipiens|2020|27","LV-021","LV","LV",2020,27,2020-06-30,"L","Pipiens","culex",0,"vdci"
"LV021|Tarsalis|2020|27","LV-021","LV","LV",2020,27,2020-06-30,"L","Tarsalis","culex",2,"vdci"
"LV021|Pipiens|2020|28","LV-021","LV","LV",2020,28,2020-07-07,"L","Pipiens","culex",0,"vdci"
"LV021|Tarsalis|2020|28","LV-021","LV","LV",2020,28,2020-07-07,"L","Tarsalis","culex",7,"vdci"
"LV021|Pipiens|2020|29","LV-021","LV","LV",2020,29,2020-07-14,"L","Pipiens","culex",0,"vdci"
"LV021|Tarsalis|2020|29","LV-021","LV","LV",2020,29,2020-07-14,"L","Tarsalis","culex",7,"vdci"
"LV021|Pipiens|2020|30","LV-021","LV","LV",2020,30,2020-07-21,"L","Pipiens","culex",0,"vdci"
"LV021|Tarsalis|2020|30","LV-021","LV","LV",2020,30,2020-07-21,"L","Tarsalis","culex",12,"vdci"
"LV021|Pipiens|2020|31","LV-021","LV","LV",2020,31,2020-07-28,"L","Pipiens","culex",0,"vdci"
"LV021|Tarsalis|2020|31","LV-021","LV","LV",2020,31,2020-07-28,"L","Tarsalis","culex",8,"vdci"
"LV021|Pipiens|2020|32","LV-021","LV","LV",2020,32,2020-08-04,"L","Pipiens","culex",6,"vdci"
"LV021|Tarsalis|2020|32","LV-021","LV","LV",2020,32,2020-08-04,"L","Tarsalis","culex",41,"vdci"
"LV021|Pipiens|2020|33","LV-021","LV","LV",2020,33,2020-08-11,"L","Pipiens","culex",0,"vdci"
"LV021|Tarsalis|2020|33","LV-021","LV","LV",2020,33,2020-08-11,"L","Tarsalis","culex",2,"vdci"
"LV021|Pipiens|2020|34","LV-021","LV","LV",2020,34,2020-08-18,"L","Pipiens","culex",0,"vdci"
"LV021|Tarsalis|2020|34","LV-021","LV","LV",2020,34,2020-08-18,"L","Tarsalis","culex",7,"vdci"
"LV021|Pipiens|2020|35","LV-021","LV","LV",2020,35,2020-08-25,"L","Pipiens","culex",2,"vdci"
"LV021|Tarsalis|2020|35","LV-021","LV","LV",2020,35,2020-08-25,"L","Tarsalis","culex",31,"vdci"
"LV021|Pipiens|2021|23","LV-021","LV","LV",2021,23,2021-06-08,"L","Pipiens","culex",0,"vdci"
"LV021|Tarsalis|2021|23","LV-021","LV","LV",2021,23,2021-06-08,"L","Tarsalis","culex",15,"vdci"
"LV021|Pipiens|2021|24","LV-021","LV","LV",2021,24,2021-06-15,"L","Pipiens","culex",0,"vdci"
"LV021|Tarsalis|2021|24","LV-021","LV","LV",2021,24,2021-06-15,"L","Tarsalis","culex",54,"vdci"
"LV021|Pipiens|2021|25","LV-021","LV","LV",2021,25,2021-06-22,"L","Pipiens","culex",0,"vdci"
"LV021|Tarsalis|2021|25","LV-021","LV","LV",2021,25,2021-06-22,"L","Tarsalis","culex",37,"vdci"
"LV021|Pipiens|2021|26","LV-021","LV","LV",2021,26,2021-06-29,"L","Pipiens","culex",1,"vdci"
"LV021|Tarsalis|2021|26","LV-021","LV","LV",2021,26,2021-06-29,"L","Tarsalis","culex",43,"vdci"
"LV021|Pipiens|2021|27","LV-021","LV","LV",2021,27,2021-07-06,"L","Pipiens","culex",1,"vdci"
"LV021|Tarsalis|2021|27","LV-021","LV","LV",2021,27,2021-07-06,"L","Tarsalis","culex",125,"vdci"
"LV021|Pipiens|2021|28","LV-021","LV","LV",2021,28,2021-07-13,"L","Pipiens","culex",12,"vdci"
"LV021|Tarsalis|2021|28","LV-021","LV","LV",2021,28,2021-07-13,"L","Tarsalis","culex",147,"vdci"
"LV021|Pipiens|2021|29","LV-021","LV","LV",2021,29,2021-07-20,"L","Pipiens","culex",4,"vdci"
"LV021|Tarsalis|2021|29","LV-021","LV","LV",2021,29,2021-07-20,"L","Tarsalis","culex",112,"vdci"
"LV021|Pipiens|2021|30","LV-021","LV","LV",2021,30,2021-07-27,"L","Pipiens","culex",4,"vdci"
"LV021|Tarsalis|2021|30","LV-021","LV","LV",2021,30,2021-07-27,"L","Tarsalis","culex",156,"vdci"
"LV021|Pipiens|2021|31","LV-021","LV","LV",2021,31,2021-08-03,"L","Pipiens","culex",0,"vdci"
"LV021|Tarsalis|2021|31","LV-021","LV","LV",2021,31,2021-08-03,"L","Tarsalis","culex",4,"vdci"
"LV021|Pipiens|2021|32","LV-021","LV","LV",2021,32,2021-08-10,"L","Pipiens","culex",1,"vdci"
"LV021|Tarsalis|2021|32","LV-021","LV","LV",2021,32,2021-08-10,"L","Tarsalis","culex",7,"vdci"
"LV021|Pipiens|2021|33","LV-021","LV","LV",2021,33,2021-08-17,"L","Pipiens","culex",3,"vdci"
"LV021|Tarsalis|2021|33","LV-021","LV","LV",2021,33,2021-08-17,"L","Tarsalis","culex",29,"vdci"
"LV021|Pipiens|2021|34","LV-021","LV","LV",2021,34,2021-08-24,"L","Pipiens","culex",0,"vdci"
"LV021|Tarsalis|2021|34","LV-021","LV","LV",2021,34,2021-08-24,"L","Tarsalis","culex",13,"vdci"
"LV021|Pipiens|2021|35","LV-021","LV","LV",2021,35,2021-08-31,"L","Pipiens","culex",7,"vdci"
"LV021|Tarsalis|2021|35","LV-021","LV","LV",2021,35,2021-08-31,"L","Tarsalis","culex",17,"vdci"
"LV021|Pipiens|2022|23","LV-021","LV","LV",2022,23,2022-06-07,"L","Pipiens","culex",0,"vdci"
"LV021|Tarsalis|2022|23","LV-021","LV","LV",2022,23,2022-06-07,"L","Tarsalis","culex",15,"vdci"
"LV021|Pipiens|2022|24","LV-021","LV","LV",2022,24,2022-06-14,"L","Pipiens","culex",1,"vdci"
"LV021|Tarsalis|2022|24","LV-021","LV","LV",2022,24,2022-06-14,"L","Tarsalis","culex",24,"vdci"
"LV021|Pipiens|2022|25","LV-021","LV","LV",2022,25,2022-06-21,"L","Pipiens","culex",0,"vdci"
"LV021|Tarsalis|2022|25","LV-021","LV","LV",2022,25,2022-06-21,"L","Tarsalis","culex",9,"vdci"
"LV021|Pipiens|2022|26","LV-021","LV","LV",2022,26,2022-06-28,"L","Pipiens","culex",0,"vdci"
"LV021|Tarsalis|2022|26","LV-021","LV","LV",2022,26,2022-06-28,"L","Tarsalis","culex",1,"vdci"
"LV021|Pipiens|2022|27","LV-021","LV","LV",2022,27,2022-07-05,"L","Pipiens","culex",0,"vdci"
"LV021|Tarsalis|2022|27","LV-021","LV","LV",2022,27,2022-07-05,"L","Tarsalis","culex",9,"vdci"
"LV021|Pipiens|2022|28","LV-021","LV","LV",2022,28,2022-07-12,"L","Pipiens","culex",0,"vdci"
"LV021|Tarsalis|2022|28","LV-021","LV","LV",2022,28,2022-07-12,"L","Tarsalis","culex",14,"vdci"
"LV021|Pipiens|2022|29","LV-021","LV","LV",2022,29,2022-07-19,"L","Pipiens","culex",0,"vdci"
"LV021|Tarsalis|2022|29","LV-021","LV","LV",2022,29,2022-07-19,"L","Tarsalis","culex",31,"vdci"
"LV021|Pipiens|2022|30","LV-021","LV","LV",2022,30,2022-07-26,"L","Pipiens","culex",0,"vdci"
"LV021|Tarsalis|2022|30","LV-021","LV","LV",2022,30,2022-07-26,"L","Tarsalis","culex",40,"vdci"
"LV021|Pipiens|2022|31","LV-021","LV","LV",2022,31,2022-08-02,"L","Pipiens","culex",2,"vdci"
"LV021|Tarsalis|2022|31","LV-021","LV","LV",2022,31,2022-08-02,"L","Tarsalis","culex",41,"vdci"
"LV021|Pipiens|2022|32","LV-021","LV","LV",2022,32,2022-08-09,"L","Pipiens","culex",2,"vdci"
"LV021|Tarsalis|2022|32","LV-021","LV","LV",2022,32,2022-08-09,"L","Tarsalis","culex",48,"vdci"
"LV021|Pipiens|2022|33","LV-021","LV","LV",2022,33,2022-08-16,"L","Pipiens","culex",8,"vdci"
"LV021|Tarsalis|2022|33","LV-021","LV","LV",2022,33,2022-08-16,"L","Tarsalis","culex",16,"vdci"
"LV021|Pipiens|2022|34","LV-021","LV","LV",2022,34,2022-08-23,"L","Pipiens","culex",3,"vdci"
"LV021|Tarsalis|2022|34","LV-021","LV","LV",2022,34,2022-08-23,"L","Tarsalis","culex",34,"vdci"
"LV021|Pipiens|2022|35","LV-021","LV","LV",2022,35,2022-08-30,"L","Pipiens","culex",9,"vdci"
"LV021|Tarsalis|2022|35","LV-021","LV","LV",2022,35,2022-08-30,"L","Tarsalis","culex",16,"vdci"
"LV021|Pipiens|2023|23","LV-021","LV","LV",2023,23,2023-06-06,"L","Pipiens","culex",0,"vdci"
"LV021|Tarsalis|2023|23","LV-021","LV","LV",2023,23,2023-06-06,"L","Tarsalis","culex",22,"vdci"
"LV021|Pipiens|2023|24","LV-021","LV","LV",2023,24,2023-06-13,"L","Pipiens","culex",0,"vdci"
"LV021|Tarsalis|2023|24","LV-021","LV","LV",2023,24,2023-06-13,"L","Tarsalis","culex",1,"vdci"
"LV021|Pipiens|2023|25","LV-021","LV","LV",2023,25,2023-06-20,"L","Pipiens","culex",0,"vdci"
"LV021|Tarsalis|2023|25","LV-021","LV","LV",2023,25,2023-06-20,"L","Tarsalis","culex",9,"vdci"
"LV021|Pipiens|2023|26","LV-021","LV","LV",2023,26,2023-06-27,"L","Pipiens","culex",0,"vdci"
"LV021|Tarsalis|2023|26","LV-021","LV","LV",2023,26,2023-06-27,"L","Tarsalis","culex",100,"vdci"
"LV021|Pipiens|2023|27","LV-021","LV","LV",2023,27,2023-07-03,"L","Pipiens","culex",20,"vdci"
"LV021|Tarsalis|2023|27","LV-021","LV","LV",2023,27,2023-07-03,"L","Tarsalis","culex",348,"vdci"
"LV021|Pipiens|2023|28","LV-021","LV","LV",2023,28,2023-07-11,"L","Pipiens","culex",0,"vdci"
"LV021|Tarsalis|2023|28","LV-021","LV","LV",2023,28,2023-07-11,"L","Tarsalis","culex",228,"vdci"
"LV021|Pipiens|2023|29","LV-021","LV","LV",2023,29,2023-07-18,"L","Pipiens","culex",32,"vdci"
"LV021|Tarsalis|2023|29","LV-021","LV","LV",2023,29,2023-07-18,"L","Tarsalis","culex",304,"vdci"
"LV021|Pipiens|2023|30","LV-021","LV","LV",2023,30,2023-07-25,"L","Pipiens","culex",16,"vdci"
"LV021|Tarsalis|2023|30","LV-021","LV","LV",2023,30,2023-07-25,"L","Tarsalis","culex",264,"vdci"
"LV021|Pipiens|2023|31","LV-021","LV","LV",2023,31,2023-08-01,"L","Pipiens","culex",2,"vdci"
"LV021|Tarsalis|2023|31","LV-021","LV","LV",2023,31,2023-08-01,"L","Tarsalis","culex",49,"vdci"
"LV021|Pipiens|2023|32","LV-021","LV","LV",2023,32,2023-08-08,"L","Pipiens","culex",0,"vdci"
"LV021|Tarsalis|2023|32","LV-021","LV","LV",2023,32,2023-08-08,"L","Tarsalis","culex",4,"vdci"
"LV021|Pipiens|2023|33","LV-021","LV","LV",2023,33,2023-08-15,"L","Pipiens","culex",40,"vdci"
"LV021|Tarsalis|2023|33","LV-021","LV","LV",2023,33,2023-08-15,"L","Tarsalis","culex",52,"vdci"
"LV021|Pipiens|2023|34","LV-021","LV","LV",2023,34,2023-08-22,"L","Pipiens","culex",6,"vdci"
"LV021|Tarsalis|2023|34","LV-021","LV","LV",2023,34,2023-08-22,"L","Tarsalis","culex",14,"vdci"
"LV021|Pipiens|2023|35","LV-021","LV","LV",2023,35,2023-08-29,"L","Pipiens","culex",2,"vdci"
"LV021|Tarsalis|2023|35","LV-021","LV","LV",2023,35,2023-08-29,"L","Tarsalis","culex",4,"vdci"
"LV021|Pipiens|2023|36","LV-021","LV","LV",2023,36,2023-09-06,"L","Pipiens","culex",4,"vdci"
"LV021|Tarsalis|2023|36","LV-021","LV","LV",2023,36,2023-09-06,"L","Tarsalis","culex",1,"vdci"
"LV021|Pipiens|2024|25","LV-021","LV","LV",2024,25,2024-06-19,"L","Pipiens","culex",0,"vdci"
"LV021|Tarsalis|2024|25","LV-021","LV","LV",2024,25,2024-06-19,"L","Tarsalis","culex",1,"vdci"
"LV021|Pipiens|2024|26","LV-021","LV","LV",2024,26,2024-06-26,"L","Pipiens","culex",0,"vdci"
"LV021|Tarsalis|2024|26","LV-021","LV","LV",2024,26,2024-06-26,"L","Tarsalis","culex",7,"vdci"
"LV021|Pipiens|2024|27","LV-021","LV","LV",2024,27,2024-07-03,"L","Pipiens","culex",4,"vdci"
"LV021|Tarsalis|2024|27","LV-021","LV","LV",2024,27,2024-07-03,"L","Tarsalis","culex",17,"vdci"
"LV021|Pipiens|2024|28","LV-021","LV","LV",2024,28,2024-07-10,"L","Pipiens","culex",1,"vdci"
"LV021|Tarsalis|2024|28","LV-021","LV","LV",2024,28,2024-07-10,"L","Tarsalis","culex",9,"vdci"
"LV021|Pipiens|2024|30","LV-021","LV","LV",2024,30,2024-07-24,"L","Pipiens","culex",3,"vdci"
"LV021|Tarsalis|2024|30","LV-021","LV","LV",2024,30,2024-07-24,"L","Tarsalis","culex",10,"vdci"
"LV021|Pipiens|2024|32","LV-021","LV","LV",2024,32,2024-08-07,"L","Pipiens","culex",1,"vdci"
"LV021|Tarsalis|2024|32","LV-021","LV","LV",2024,32,2024-08-07,"L","Tarsalis","culex",17,"vdci"
"LV021|Pipiens|2024|33","LV-021","LV","LV",2024,33,2024-08-14,"L","Pipiens","culex",4,"vdci"
"LV021|Tarsalis|2024|33","LV-021","LV","LV",2024,33,2024-08-14,"L","Tarsalis","culex",36,"vdci"
"LV021|Pipiens|2024|35","LV-021","LV","LV",2024,35,2024-08-28,"L","Pipiens","culex",12,"vdci"
"LV021|Tarsalis|2024|35","LV-021","LV","LV",2024,35,2024-08-28,"L","Tarsalis","culex",47,"vdci"
"LV021|Pipiens|2025|23","LV-021","LV","LV",2025,23,2025-06-04,"L","Pipiens","culex",0,"vdci"
"LV021|Tarsalis|2025|23","LV-021","LV","LV",2025,23,2025-06-04,"L","Tarsalis","culex",1,"vdci"
"LV021|Pipiens|2025|24","LV-021","LV","LV",2025,24,2025-06-11,"L","Pipiens","culex",0,"vdci"
"LV021|Tarsalis|2025|24","LV-021","LV","LV",2025,24,2025-06-11,"L","Tarsalis","culex",5,"vdci"
"LV021|Pipiens|2025|25","LV-021","LV","LV",2025,25,2025-06-18,"L","Pipiens","culex",0,"vdci"
"LV021|Tarsalis|2025|25","LV-021","LV","LV",2025,25,2025-06-18,"L","Tarsalis","culex",3,"vdci"
"LV021|Pipiens|2025|26","LV-021","LV","LV",2025,26,2025-06-25,"L","Pipiens","culex",0,"vdci"
"LV021|Tarsalis|2025|26","LV-021","LV","LV",2025,26,2025-06-25,"L","Tarsalis","culex",24,"vdci"
"LV021|Pipiens|2025|27","LV-021","LV","LV",2025,27,2025-07-02,"L","Pipiens","culex",4,"vdci"
"LV021|Tarsalis|2025|27","LV-021","LV","LV",2025,27,2025-07-02,"L","Tarsalis","culex",40,"vdci"
"LV021|Pipiens|2025|28","LV-021","LV","LV",2025,28,2025-07-09,"L","Pipiens","culex",0,"vdci"
"LV021|Tarsalis|2025|28","LV-021","LV","LV",2025,28,2025-07-09,"L","Tarsalis","culex",17,"vdci"
"LV021|Pipiens|2025|29","LV-021","LV","LV",2025,29,2025-07-16,"L","Pipiens","culex",1,"vdci"
"LV021|Tarsalis|2025|29","LV-021","LV","LV",2025,29,2025-07-16,"L","Tarsalis","culex",13,"vdci"
"LV021|Pipiens|2025|30","LV-021","LV","LV",2025,30,2025-07-23,"L","Pipiens","culex",2,"vdci"
"LV021|Tarsalis|2025|30","LV-021","LV","LV",2025,30,2025-07-23,"L","Tarsalis","culex",17,"vdci"
"LV021|Pipiens|2025|31","LV-021","LV","LV",2025,31,2025-07-30,"L","Pipiens","culex",1,"vdci"
"LV021|Tarsalis|2025|31","LV-021","LV","LV",2025,31,2025-07-30,"L","Tarsalis","culex",25,"vdci"
"LV021|Pipiens|2025|32","LV-021","LV","LV",2025,32,2025-08-06,"L","Pipiens","culex",0,"vdci"
"LV021|Tarsalis|2025|32","LV-021","LV","LV",2025,32,2025-08-06,"L","Tarsalis","culex",7,"vdci"
"LV021|Pipiens|2025|33","LV-021","LV","LV",2025,33,2025-08-13,"L","Pipiens","culex",6,"vdci"
"LV021|Tarsalis|2025|33","LV-021","LV","LV",2025,33,2025-08-13,"L","Tarsalis","culex",37,"vdci"
"LV021|Pipiens|2025|34","LV-021","LV","LV",2025,34,2025-08-20,"L","Pipiens","culex",8,"vdci"
"LV021|Tarsalis|2025|34","LV-021","LV","LV",2025,34,2025-08-20,"L","Tarsalis","culex",93,"vdci"
"LV021|Pipiens|2025|35","LV-021","LV","LV",2025,35,2025-08-27,"L","Pipiens","culex",1,"vdci"
"LV021|Tarsalis|2025|35","LV-021","LV","LV",2025,35,2025-08-27,"L","Tarsalis","culex",7,"vdci"
"LV042|Pipiens|2019|24","LV-042","LV","LV",2019,24,2019-06-11,"L","Pipiens","culex",0,"vdci"
"LV042|Tarsalis|2019|24","LV-042","LV","LV",2019,24,2019-06-11,"L","Tarsalis","culex",11,"vdci"
"LV042|Pipiens|2019|26","LV-042","LV","LV",2019,26,2019-06-25,"L","Pipiens","culex",2,"vdci"
"LV042|Tarsalis|2019|26","LV-042","LV","LV",2019,26,2019-06-25,"L","Tarsalis","culex",7,"vdci"
"LV042|Pipiens|2019|27","LV-042","LV","LV",2019,27,2019-07-02,"L","Pipiens","culex",0,"vdci"
"LV042|Tarsalis|2019|27","LV-042","LV","LV",2019,27,2019-07-02,"L","Tarsalis","culex",33,"vdci"
"LV042|Pipiens|2019|28","LV-042","LV","LV",2019,28,2019-07-09,"L","Pipiens","culex",2,"vdci"
"LV042|Tarsalis|2019|28","LV-042","LV","LV",2019,28,2019-07-09,"L","Tarsalis","culex",15,"vdci"
"LV042|Pipiens|2019|29","LV-042","LV","LV",2019,29,2019-07-16,"L","Pipiens","culex",4,"vdci"
"LV042|Tarsalis|2019|29","LV-042","LV","LV",2019,29,2019-07-16,"L","Tarsalis","culex",7,"vdci"
"LV042|Pipiens|2019|30","LV-042","LV","LV",2019,30,2019-07-23,"L","Pipiens","culex",4,"vdci"
"LV042|Tarsalis|2019|30","LV-042","LV","LV",2019,30,2019-07-23,"L","Tarsalis","culex",32,"vdci"
"LV042|Pipiens|2019|31","LV-042","LV","LV",2019,31,2019-07-30,"L","Pipiens","culex",5,"vdci"
"LV042|Tarsalis|2019|31","LV-042","LV","LV",2019,31,2019-07-30,"L","Tarsalis","culex",72,"vdci"
"LV042|Pipiens|2019|32","LV-042","LV","LV",2019,32,2019-08-06,"L","Pipiens","culex",0,"vdci"
"LV042|Tarsalis|2019|32","LV-042","LV","LV",2019,32,2019-08-06,"L","Tarsalis","culex",44,"vdci"
"LV042|Pipiens|2019|33","LV-042","LV","LV",2019,33,2019-08-13,"L","Pipiens","culex",4,"vdci"
"LV042|Tarsalis|2019|33","LV-042","LV","LV",2019,33,2019-08-13,"L","Tarsalis","culex",19,"vdci"
"LV042|Pipiens|2019|34","LV-042","LV","LV",2019,34,2019-08-20,"L","Pipiens","culex",4,"vdci"
"LV042|Tarsalis|2019|34","LV-042","LV","LV",2019,34,2019-08-20,"L","Tarsalis","culex",0,"vdci"
"LV042|Pipiens|2019|35","LV-042","LV","LV",2019,35,2019-08-27,"L","Pipiens","culex",19,"vdci"
"LV042|Tarsalis|2019|35","LV-042","LV","LV",2019,35,2019-08-27,"L","Tarsalis","culex",21,"vdci"
"LV042|Pipiens|2020|24","LV-042","LV","LV",2020,24,2020-06-09,"L","Pipiens","culex",0,"vdci"
"LV042|Tarsalis|2020|24","LV-042","LV","LV",2020,24,2020-06-09,"L","Tarsalis","culex",10,"vdci"
"LV042|Pipiens|2020|25","LV-042","LV","LV",2020,25,2020-06-16,"L","Pipiens","culex",0,"vdci"
"LV042|Tarsalis|2020|25","LV-042","LV","LV",2020,25,2020-06-16,"L","Tarsalis","culex",8,"vdci"
"LV042|Pipiens|2020|26","LV-042","LV","LV",2020,26,2020-06-23,"L","Pipiens","culex",8,"vdci"
"LV042|Tarsalis|2020|26","LV-042","LV","LV",2020,26,2020-06-23,"L","Tarsalis","culex",35,"vdci"
"LV042|Pipiens|2020|27","LV-042","LV","LV",2020,27,2020-06-30,"L","Pipiens","culex",2,"vdci"
"LV042|Tarsalis|2020|27","LV-042","LV","LV",2020,27,2020-06-30,"L","Tarsalis","culex",0,"vdci"
"LV042|Pipiens|2020|28","LV-042","LV","LV",2020,28,2020-07-07,"L","Pipiens","culex",1,"vdci"
"LV042|Tarsalis|2020|28","LV-042","LV","LV",2020,28,2020-07-07,"L","Tarsalis","culex",32,"vdci"
"LV042|Pipiens|2020|29","LV-042","LV","LV",2020,29,2020-07-14,"L","Pipiens","culex",1,"vdci"
"LV042|Tarsalis|2020|29","LV-042","LV","LV",2020,29,2020-07-14,"L","Tarsalis","culex",9,"vdci"
"LV042|Pipiens|2020|30","LV-042","LV","LV",2020,30,2020-07-21,"L","Pipiens","culex",0,"vdci"
"LV042|Tarsalis|2020|30","LV-042","LV","LV",2020,30,2020-07-21,"L","Tarsalis","culex",31,"vdci"
"LV042|Pipiens|2020|31","LV-042","LV","LV",2020,31,2020-07-28,"L","Pipiens","culex",0,"vdci"
"LV042|Tarsalis|2020|31","LV-042","LV","LV",2020,31,2020-07-28,"L","Tarsalis","culex",24,"vdci"
"LV042|Pipiens|2020|32","LV-042","LV","LV",2020,32,2020-08-04,"L","Pipiens","culex",1,"vdci"
"LV042|Tarsalis|2020|32","LV-042","LV","LV",2020,32,2020-08-04,"L","Tarsalis","culex",9,"vdci"
"LV042|Pipiens|2020|33","LV-042","LV","LV",2020,33,2020-08-11,"L","Pipiens","culex",1,"vdci"
"LV042|Tarsalis|2020|33","LV-042","LV","LV",2020,33,2020-08-11,"L","Tarsalis","culex",30,"vdci"
"LV042|Pipiens|2020|34","LV-042","LV","LV",2020,34,2020-08-18,"L","Pipiens","culex",0,"vdci"
"LV042|Tarsalis|2020|34","LV-042","LV","LV",2020,34,2020-08-18,"L","Tarsalis","culex",12,"vdci"
"LV042|Pipiens|2020|35","LV-042","LV","LV",2020,35,2020-08-25,"L","Pipiens","culex",0,"vdci"
"LV042|Tarsalis|2020|35","LV-042","LV","LV",2020,35,2020-08-25,"L","Tarsalis","culex",8,"vdci"
"LV042|Pipiens|2021|23","LV-042","LV","LV",2021,23,2021-06-08,"L","Pipiens","culex",0,"vdci"
"LV042|Tarsalis|2021|23","LV-042","LV","LV",2021,23,2021-06-08,"L","Tarsalis","culex",53,"vdci"
"LV042|Pipiens|2021|24","LV-042","LV","LV",2021,24,2021-06-15,"L","Pipiens","culex",9,"vdci"
"LV042|Tarsalis|2021|24","LV-042","LV","LV",2021,24,2021-06-15,"L","Tarsalis","culex",30,"vdci"
"LV042|Pipiens|2021|25","LV-042","LV","LV",2021,25,2021-06-22,"L","Pipiens","culex",6,"vdci"
"LV042|Tarsalis|2021|25","LV-042","LV","LV",2021,25,2021-06-22,"L","Tarsalis","culex",126,"vdci"
"LV042|Pipiens|2021|26","LV-042","LV","LV",2021,26,2021-06-29,"L","Pipiens","culex",24,"vdci"
"LV042|Tarsalis|2021|26","LV-042","LV","LV",2021,26,2021-06-29,"L","Tarsalis","culex",188,"vdci"
"LV042|Pipiens|2021|27","LV-042","LV","LV",2021,27,2021-07-06,"L","Pipiens","culex",56,"vdci"
"LV042|Tarsalis|2021|27","LV-042","LV","LV",2021,27,2021-07-06,"L","Tarsalis","culex",212,"vdci"
"LV042|Pipiens|2021|28","LV-042","LV","LV",2021,28,2021-07-13,"L","Pipiens","culex",16,"vdci"
"LV042|Tarsalis|2021|28","LV-042","LV","LV",2021,28,2021-07-13,"L","Tarsalis","culex",252,"vdci"
"LV042|Pipiens|2021|29","LV-042","LV","LV",2021,29,2021-07-20,"L","Pipiens","culex",44,"vdci"
"LV042|Tarsalis|2021|29","LV-042","LV","LV",2021,29,2021-07-20,"L","Tarsalis","culex",148,"vdci"
"LV042|Pipiens|2021|30","LV-042","LV","LV",2021,30,2021-07-27,"L","Pipiens","culex",72,"vdci"
"LV042|Tarsalis|2021|30","LV-042","LV","LV",2021,30,2021-07-27,"L","Tarsalis","culex",152,"vdci"
"LV042|Pipiens|2021|31","LV-042","LV","LV",2021,31,2021-08-03,"L","Pipiens","culex",49,"vdci"
"LV042|Tarsalis|2021|31","LV-042","LV","LV",2021,31,2021-08-03,"L","Tarsalis","culex",40,"vdci"
"LV042|Pipiens|2021|32","LV-042","LV","LV",2021,32,2021-08-10,"L","Pipiens","culex",112,"vdci"
"LV042|Tarsalis|2021|32","LV-042","LV","LV",2021,32,2021-08-10,"L","Tarsalis","culex",64,"vdci"
"LV042|Pipiens|2021|33","LV-042","LV","LV",2021,33,2021-08-17,"L","Pipiens","culex",8,"vdci"
"LV042|Tarsalis|2021|33","LV-042","LV","LV",2021,33,2021-08-17,"L","Tarsalis","culex",33,"vdci"
"LV042|Pipiens|2021|34","LV-042","LV","LV",2021,34,2021-08-24,"L","Pipiens","culex",9,"vdci"
"LV042|Tarsalis|2021|34","LV-042","LV","LV",2021,34,2021-08-24,"L","Tarsalis","culex",14,"vdci"
"LV042|Pipiens|2021|35","LV-042","LV","LV",2021,35,2021-08-31,"L","Pipiens","culex",4,"vdci"
"LV042|Tarsalis|2021|35","LV-042","LV","LV",2021,35,2021-08-31,"L","Tarsalis","culex",9,"vdci"
"LV042|Pipiens|2022|23","LV-042","LV","LV",2022,23,2022-06-07,"L","Pipiens","culex",1,"vdci"
"LV042|Tarsalis|2022|23","LV-042","LV","LV",2022,23,2022-06-07,"L","Tarsalis","culex",63,"vdci"
"LV042|Pipiens|2022|24","LV-042","LV","LV",2022,24,2022-06-14,"L","Pipiens","culex",5,"vdci"
"LV042|Tarsalis|2022|24","LV-042","LV","LV",2022,24,2022-06-14,"L","Tarsalis","culex",34,"vdci"
"LV042|Pipiens|2022|25","LV-042","LV","LV",2022,25,2022-06-21,"L","Pipiens","culex",0,"vdci"
"LV042|Tarsalis|2022|25","LV-042","LV","LV",2022,25,2022-06-21,"L","Tarsalis","culex",7,"vdci"
"LV042|Pipiens|2022|26","LV-042","LV","LV",2022,26,2022-06-28,"L","Pipiens","culex",0,"vdci"
"LV042|Tarsalis|2022|26","LV-042","LV","LV",2022,26,2022-06-28,"L","Tarsalis","culex",41,"vdci"
"LV042|Pipiens|2022|27","LV-042","LV","LV",2022,27,2022-07-05,"L","Pipiens","culex",0,"vdci"
"LV042|Tarsalis|2022|27","LV-042","LV","LV",2022,27,2022-07-05,"L","Tarsalis","culex",45,"vdci"
"LV042|Pipiens|2022|28","LV-042","LV","LV",2022,28,2022-07-12,"L","Pipiens","culex",0,"vdci"
"LV042|Tarsalis|2022|28","LV-042","LV","LV",2022,28,2022-07-12,"L","Tarsalis","culex",1,"vdci"
"LV042|Pipiens|2022|29","LV-042","LV","LV",2022,29,2022-07-19,"L","Pipiens","culex",15,"vdci"
"LV042|Tarsalis|2022|29","LV-042","LV","LV",2022,29,2022-07-19,"L","Tarsalis","culex",26,"vdci"
"LV042|Pipiens|2022|30","LV-042","LV","LV",2022,30,2022-07-26,"L","Pipiens","culex",20,"vdci"
"LV042|Tarsalis|2022|30","LV-042","LV","LV",2022,30,2022-07-26,"L","Tarsalis","culex",72,"vdci"
"LV042|Pipiens|2022|31","LV-042","LV","LV",2022,31,2022-08-02,"L","Pipiens","culex",7,"vdci"
"LV042|Tarsalis|2022|31","LV-042","LV","LV",2022,31,2022-08-02,"L","Tarsalis","culex",32,"vdci"
"LV042|Pipiens|2022|32","LV-042","LV","LV",2022,32,2022-08-09,"L","Pipiens","culex",32,"vdci"
"LV042|Tarsalis|2022|32","LV-042","LV","LV",2022,32,2022-08-09,"L","Tarsalis","culex",105,"vdci"
"LV042|Pipiens|2022|33","LV-042","LV","LV",2022,33,2022-08-16,"L","Pipiens","culex",33,"vdci"
"LV042|Tarsalis|2022|33","LV-042","LV","LV",2022,33,2022-08-16,"L","Tarsalis","culex",26,"vdci"
"LV042|Pipiens|2022|34","LV-042","LV","LV",2022,34,2022-08-23,"L","Pipiens","culex",13,"vdci"
"LV042|Tarsalis|2022|34","LV-042","LV","LV",2022,34,2022-08-23,"L","Tarsalis","culex",20,"vdci"
"LV042|Pipiens|2022|35","LV-042","LV","LV",2022,35,2022-08-30,"L","Pipiens","culex",16,"vdci"
"LV042|Tarsalis|2022|35","LV-042","LV","LV",2022,35,2022-08-30,"L","Tarsalis","culex",15,"vdci"
"LV042|Pipiens|2023|24","LV-042","LV","LV",2023,24,2023-06-13,"L","Pipiens","culex",0,"vdci"
"LV042|Tarsalis|2023|24","LV-042","LV","LV",2023,24,2023-06-13,"L","Tarsalis","culex",12,"vdci"
"LV042|Pipiens|2023|25","LV-042","LV","LV",2023,25,2023-06-20,"L","Pipiens","culex",0,"vdci"
"LV042|Tarsalis|2023|25","LV-042","LV","LV",2023,25,2023-06-20,"L","Tarsalis","culex",88,"vdci"
"LV042|Pipiens|2023|26","LV-042","LV","LV",2023,26,2023-06-27,"L","Pipiens","culex",12,"vdci"
"LV042|Tarsalis|2023|26","LV-042","LV","LV",2023,26,2023-06-27,"L","Tarsalis","culex",312,"vdci"
"LV042|Pipiens|2023|27","LV-042","LV","LV",2023,27,2023-07-03,"L","Pipiens","culex",8,"vdci"
"LV042|Tarsalis|2023|27","LV-042","LV","LV",2023,27,2023-07-03,"L","Tarsalis","culex",140,"vdci"
"LV042|Pipiens|2023|28","LV-042","LV","LV",2023,28,2023-07-11,"L","Pipiens","culex",0,"vdci"
"LV042|Tarsalis|2023|28","LV-042","LV","LV",2023,28,2023-07-11,"L","Tarsalis","culex",140,"vdci"
"LV042|Pipiens|2023|29","LV-042","LV","LV",2023,29,2023-07-18,"L","Pipiens","culex",0,"vdci"
"LV042|Tarsalis|2023|29","LV-042","LV","LV",2023,29,2023-07-18,"L","Tarsalis","culex",368,"vdci"
"LV042|Pipiens|2023|30","LV-042","LV","LV",2023,30,2023-07-25,"L","Pipiens","culex",0,"vdci"
"LV042|Tarsalis|2023|30","LV-042","LV","LV",2023,30,2023-07-25,"L","Tarsalis","culex",28,"vdci"
"LV042|Pipiens|2023|31","LV-042","LV","LV",2023,31,2023-08-01,"L","Pipiens","culex",3,"vdci"
"LV042|Tarsalis|2023|31","LV-042","LV","LV",2023,31,2023-08-01,"L","Tarsalis","culex",45,"vdci"
"LV042|Pipiens|2023|32","LV-042","LV","LV",2023,32,2023-08-08,"L","Pipiens","culex",20,"vdci"
"LV042|Tarsalis|2023|32","LV-042","LV","LV",2023,32,2023-08-08,"L","Tarsalis","culex",52,"vdci"
"LV042|Pipiens|2023|33","LV-042","LV","LV",2023,33,2023-08-15,"L","Pipiens","culex",20,"vdci"
"LV042|Tarsalis|2023|33","LV-042","LV","LV",2023,33,2023-08-15,"L","Tarsalis","culex",76,"vdci"
"LV042|Pipiens|2023|34","LV-042","LV","LV",2023,34,2023-08-22,"L","Pipiens","culex",34,"vdci"
"LV042|Tarsalis|2023|34","LV-042","LV","LV",2023,34,2023-08-22,"L","Tarsalis","culex",29,"vdci"
"LV042|Pipiens|2023|35","LV-042","LV","LV",2023,35,2023-08-29,"L","Pipiens","culex",23,"vdci"
"LV042|Tarsalis|2023|35","LV-042","LV","LV",2023,35,2023-08-29,"L","Tarsalis","culex",27,"vdci"
"LV042|Pipiens|2023|36","LV-042","LV","LV",2023,36,2023-09-06,"L","Pipiens","culex",15,"vdci"
"LV042|Tarsalis|2023|36","LV-042","LV","LV",2023,36,2023-09-06,"L","Tarsalis","culex",4,"vdci"
"LV042|Pipiens|2024|25","LV-042","LV","LV",2024,25,2024-06-19,"L","Pipiens","culex",0,"vdci"
"LV042|Tarsalis|2024|25","LV-042","LV","LV",2024,25,2024-06-19,"L","Tarsalis","culex",4,"vdci"
"LV042|Pipiens|2024|26","LV-042","LV","LV",2024,26,2024-06-26,"L","Pipiens","culex",0,"vdci"
"LV042|Tarsalis|2024|26","LV-042","LV","LV",2024,26,2024-06-26,"L","Tarsalis","culex",29,"vdci"
"LV042|Pipiens|2024|27","LV-042","LV","LV",2024,27,2024-07-03,"L","Pipiens","culex",1,"vdci"
"LV042|Tarsalis|2024|27","LV-042","LV","LV",2024,27,2024-07-03,"L","Tarsalis","culex",14,"vdci"
"LV042|Pipiens|2024|28","LV-042","LV","LV",2024,28,2024-07-10,"L","Pipiens","culex",1,"vdci"
"LV042|Tarsalis|2024|28","LV-042","LV","LV",2024,28,2024-07-10,"L","Tarsalis","culex",2,"vdci"
"LV042|Pipiens|2024|29","LV-042","LV","LV",2024,29,2024-07-17,"L","Pipiens","culex",2,"vdci"
"LV042|Tarsalis|2024|29","LV-042","LV","LV",2024,29,2024-07-17,"L","Tarsalis","culex",15,"vdci"
"LV042|Pipiens|2024|30","LV-042","LV","LV",2024,30,2024-07-24,"L","Pipiens","culex",3,"vdci"
"LV042|Tarsalis|2024|30","LV-042","LV","LV",2024,30,2024-07-24,"L","Tarsalis","culex",11,"vdci"
"LV042|Pipiens|2024|31","LV-042","LV","LV",2024,31,2024-07-31,"L","Pipiens","culex",5,"vdci"
"LV042|Tarsalis|2024|31","LV-042","LV","LV",2024,31,2024-07-31,"L","Tarsalis","culex",23,"vdci"
"LV042|Pipiens|2024|32","LV-042","LV","LV",2024,32,2024-08-07,"L","Pipiens","culex",9,"vdci"
"LV042|Tarsalis|2024|32","LV-042","LV","LV",2024,32,2024-08-07,"L","Tarsalis","culex",33,"vdci"
"LV042|Pipiens|2024|33","LV-042","LV","LV",2024,33,2024-08-14,"L","Pipiens","culex",1,"vdci"
"LV042|Tarsalis|2024|33","LV-042","LV","LV",2024,33,2024-08-14,"L","Tarsalis","culex",7,"vdci"
"LV042|Pipiens|2024|34","LV-042","LV","LV",2024,34,2024-08-21,"L","Pipiens","culex",0,"vdci"
"LV042|Tarsalis|2024|34","LV-042","LV","LV",2024,34,2024-08-21,"L","Tarsalis","culex",12,"vdci"
"LV042|Pipiens|2024|35","LV-042","LV","LV",2024,35,2024-08-28,"L","Pipiens","culex",3,"vdci"
"LV042|Tarsalis|2024|35","LV-042","LV","LV",2024,35,2024-08-28,"L","Tarsalis","culex",3,"vdci"
"LV042|Pipiens|2025|23","LV-042","LV","LV",2025,23,2025-06-04,"L","Pipiens","culex",1,"vdci"
"LV042|Tarsalis|2025|23","LV-042","LV","LV",2025,23,2025-06-04,"L","Tarsalis","culex",0,"vdci"
"LV042|Pipiens|2025|24","LV-042","LV","LV",2025,24,2025-06-11,"L","Pipiens","culex",0,"vdci"
"LV042|Tarsalis|2025|24","LV-042","LV","LV",2025,24,2025-06-11,"L","Tarsalis","culex",10,"vdci"
"LV042|Pipiens|2025|25","LV-042","LV","LV",2025,25,2025-06-18,"L","Pipiens","culex",0,"vdci"
"LV042|Tarsalis|2025|25","LV-042","LV","LV",2025,25,2025-06-18,"L","Tarsalis","culex",4,"vdci"
"LV042|Pipiens|2025|26","LV-042","LV","LV",2025,26,2025-06-25,"L","Pipiens","culex",4,"vdci"
"LV042|Tarsalis|2025|26","LV-042","LV","LV",2025,26,2025-06-25,"L","Tarsalis","culex",30,"vdci"
"LV042|Pipiens|2025|27","LV-042","LV","LV",2025,27,2025-07-02,"L","Pipiens","culex",1,"vdci"
"LV042|Tarsalis|2025|27","LV-042","LV","LV",2025,27,2025-07-02,"L","Tarsalis","culex",51,"vdci"
"LV042|Pipiens|2025|28","LV-042","LV","LV",2025,28,2025-07-09,"L","Pipiens","culex",4,"vdci"
"LV042|Tarsalis|2025|28","LV-042","LV","LV",2025,28,2025-07-09,"L","Tarsalis","culex",59,"vdci"
"LV042|Pipiens|2025|29","LV-042","LV","LV",2025,29,2025-07-16,"L","Pipiens","culex",2,"vdci"
"LV042|Tarsalis|2025|29","LV-042","LV","LV",2025,29,2025-07-16,"L","Tarsalis","culex",5,"vdci"
"LV042|Pipiens|2025|30","LV-042","LV","LV",2025,30,2025-07-23,"L","Pipiens","culex",3,"vdci"
"LV042|Tarsalis|2025|30","LV-042","LV","LV",2025,30,2025-07-23,"L","Tarsalis","culex",22,"vdci"
"LV042|Pipiens|2025|31","LV-042","LV","LV",2025,31,2025-07-30,"L","Pipiens","culex",2,"vdci"
"LV042|Tarsalis|2025|31","LV-042","LV","LV",2025,31,2025-07-30,"L","Tarsalis","culex",36,"vdci"
"LV042|Pipiens|2025|33","LV-042","LV","LV",2025,33,2025-08-13,"L","Pipiens","culex",9,"vdci"
"LV042|Tarsalis|2025|33","LV-042","LV","LV",2025,33,2025-08-13,"L","Tarsalis","culex",10,"vdci"
"LV042|Pipiens|2025|34","LV-042","LV","LV",2025,34,2025-08-20,"L","Pipiens","culex",7,"vdci"
"LV042|Tarsalis|2025|34","LV-042","LV","LV",2025,34,2025-08-20,"L","Tarsalis","culex",13,"vdci"
"LV042|Pipiens|2025|35","LV-042","LV","LV",2025,35,2025-08-27,"L","Pipiens","culex",10,"vdci"
"LV042|Tarsalis|2025|35","LV-042","LV","LV",2025,35,2025-08-27,"L","Tarsalis","culex",4,"vdci"
"LV066|Pipiens|2019|24","LV-066","LV","LV",2019,24,2019-06-16,"L","Pipiens","culex",0,"vdci"
"LV066|Tarsalis|2019|24","LV-066","LV","LV",2019,24,2019-06-16,"L","Tarsalis","culex",1,"vdci"
"LV066|Pipiens|2019|26","LV-066","LV","LV",2019,26,2019-06-30,"L","Pipiens","culex",0,"vdci"
"LV066|Tarsalis|2019|26","LV-066","LV","LV",2019,26,2019-06-30,"L","Tarsalis","culex",9,"vdci"
"LV066|Pipiens|2019|27","LV-066","LV","LV",2019,27,2019-07-07,"L","Pipiens","culex",0,"vdci"
"LV066|Tarsalis|2019|27","LV-066","LV","LV",2019,27,2019-07-07,"L","Tarsalis","culex",80,"vdci"
"LV066|Pipiens|2019|28","LV-066","LV","LV",2019,28,2019-07-14,"L","Pipiens","culex",2,"vdci"
"LV066|Tarsalis|2019|28","LV-066","LV","LV",2019,28,2019-07-14,"L","Tarsalis","culex",14,"vdci"
"LV066|Pipiens|2019|29","LV-066","LV","LV",2019,29,2019-07-21,"L","Pipiens","culex",5,"vdci"
"LV066|Tarsalis|2019|29","LV-066","LV","LV",2019,29,2019-07-21,"L","Tarsalis","culex",36,"vdci"
"LV066|Pipiens|2019|30","LV-066","LV","LV",2019,30,2019-07-28,"L","Pipiens","culex",4,"vdci"
"LV066|Tarsalis|2019|30","LV-066","LV","LV",2019,30,2019-07-28,"L","Tarsalis","culex",184,"vdci"
"LV066|Pipiens|2019|31","LV-066","LV","LV",2019,31,2019-08-04,"L","Pipiens","culex",0,"vdci"
"LV066|Tarsalis|2019|31","LV-066","LV","LV",2019,31,2019-08-04,"L","Tarsalis","culex",120,"vdci"
"LV066|Pipiens|2019|32","LV-066","LV","LV",2019,32,2019-08-11,"L","Pipiens","culex",1,"vdci"
"LV066|Tarsalis|2019|32","LV-066","LV","LV",2019,32,2019-08-11,"L","Tarsalis","culex",48,"vdci"
"LV066|Pipiens|2019|33","LV-066","LV","LV",2019,33,2019-08-18,"L","Pipiens","culex",36,"vdci"
"LV066|Tarsalis|2019|33","LV-066","LV","LV",2019,33,2019-08-18,"L","Tarsalis","culex",53,"vdci"
"LV066|Pipiens|2019|34","LV-066","LV","LV",2019,34,2019-08-25,"L","Pipiens","culex",13,"vdci"
"LV066|Tarsalis|2019|34","LV-066","LV","LV",2019,34,2019-08-25,"L","Tarsalis","culex",50,"vdci"
"LV066|Pipiens|2020|24","LV-066","LV","LV",2020,24,2020-06-14,"L","Pipiens","culex",0,"vdci"
"LV066|Tarsalis|2020|24","LV-066","LV","LV",2020,24,2020-06-14,"L","Tarsalis","culex",12,"vdci"
"LV066|Pipiens|2020|26","LV-066","LV","LV",2020,26,2020-06-28,"L","Pipiens","culex",1,"vdci"
"LV066|Tarsalis|2020|26","LV-066","LV","LV",2020,26,2020-06-28,"L","Tarsalis","culex",28,"vdci"
"LV066|Pipiens|2020|27","LV-066","LV","LV",2020,27,2020-07-05,"L","Pipiens","culex",0,"vdci"
"LV066|Tarsalis|2020|27","LV-066","LV","LV",2020,27,2020-07-05,"L","Tarsalis","culex",23,"vdci"
"LV066|Pipiens|2020|28","LV-066","LV","LV",2020,28,2020-07-12,"L","Pipiens","culex",5,"vdci"
"LV066|Tarsalis|2020|28","LV-066","LV","LV",2020,28,2020-07-12,"L","Tarsalis","culex",31,"vdci"
"LV066|Pipiens|2020|29","LV-066","LV","LV",2020,29,2020-07-19,"L","Pipiens","culex",1,"vdci"
"LV066|Tarsalis|2020|29","LV-066","LV","LV",2020,29,2020-07-19,"L","Tarsalis","culex",13,"vdci"
"LV066|Pipiens|2020|30","LV-066","LV","LV",2020,30,2020-07-26,"L","Pipiens","culex",0,"vdci"
"LV066|Tarsalis|2020|30","LV-066","LV","LV",2020,30,2020-07-26,"L","Tarsalis","culex",32,"vdci"
"LV066|Pipiens|2020|31","LV-066","LV","LV",2020,31,2020-08-02,"L","Pipiens","culex",0,"vdci"
"LV066|Tarsalis|2020|31","LV-066","LV","LV",2020,31,2020-08-02,"L","Tarsalis","culex",38,"vdci"
"LV066|Pipiens|2020|32","LV-066","LV","LV",2020,32,2020-08-09,"L","Pipiens","culex",0,"vdci"
"LV066|Tarsalis|2020|32","LV-066","LV","LV",2020,32,2020-08-09,"L","Tarsalis","culex",35,"vdci"
"LV066|Pipiens|2020|33","LV-066","LV","LV",2020,33,2020-08-16,"L","Pipiens","culex",0,"vdci"
"LV066|Tarsalis|2020|33","LV-066","LV","LV",2020,33,2020-08-16,"L","Tarsalis","culex",29,"vdci"
"LV066|Pipiens|2020|34","LV-066","LV","LV",2020,34,2020-08-23,"L","Pipiens","culex",0,"vdci"
"LV066|Tarsalis|2020|34","LV-066","LV","LV",2020,34,2020-08-23,"L","Tarsalis","culex",17,"vdci"
"LV066|Pipiens|2021|22","LV-066","LV","LV",2021,22,2021-06-06,"L","Pipiens","culex",0,"vdci"
"LV066|Tarsalis|2021|22","LV-066","LV","LV",2021,22,2021-06-06,"L","Tarsalis","culex",3,"vdci"
"LV066|Pipiens|2021|23","LV-066","LV","LV",2021,23,2021-06-13,"L","Pipiens","culex",0,"vdci"
"LV066|Tarsalis|2021|23","LV-066","LV","LV",2021,23,2021-06-13,"L","Tarsalis","culex",12,"vdci"
"LV066|Pipiens|2021|24","LV-066","LV","LV",2021,24,2021-06-20,"L","Pipiens","culex",0,"vdci"
"LV066|Tarsalis|2021|24","LV-066","LV","LV",2021,24,2021-06-20,"L","Tarsalis","culex",1,"vdci"
"LV066|Pipiens|2021|25","LV-066","LV","LV",2021,25,2021-06-27,"L","Pipiens","culex",6,"vdci"
"LV066|Tarsalis|2021|25","LV-066","LV","LV",2021,25,2021-06-27,"L","Tarsalis","culex",73,"vdci"
"LV066|Pipiens|2021|27","LV-066","LV","LV",2021,27,2021-07-11,"L","Pipiens","culex",8,"vdci"
"LV066|Tarsalis|2021|27","LV-066","LV","LV",2021,27,2021-07-11,"L","Tarsalis","culex",172,"vdci"
"LV066|Pipiens|2021|28","LV-066","LV","LV",2021,28,2021-07-18,"L","Pipiens","culex",4,"vdci"
"LV066|Tarsalis|2021|28","LV-066","LV","LV",2021,28,2021-07-18,"L","Tarsalis","culex",204,"vdci"
"LV066|Pipiens|2021|29","LV-066","LV","LV",2021,29,2021-07-25,"L","Pipiens","culex",2,"vdci"
"LV066|Tarsalis|2021|29","LV-066","LV","LV",2021,29,2021-07-25,"L","Tarsalis","culex",39,"vdci"
"LV066|Pipiens|2021|30","LV-066","LV","LV",2021,30,2021-08-01,"L","Pipiens","culex",16,"vdci"
"LV066|Tarsalis|2021|30","LV-066","LV","LV",2021,30,2021-08-01,"L","Tarsalis","culex",52,"vdci"
"LV066|Pipiens|2021|31","LV-066","LV","LV",2021,31,2021-08-08,"L","Pipiens","culex",15,"vdci"
"LV066|Tarsalis|2021|31","LV-066","LV","LV",2021,31,2021-08-08,"L","Tarsalis","culex",48,"vdci"
"LV066|Pipiens|2021|32","LV-066","LV","LV",2021,32,2021-08-15,"L","Pipiens","culex",3,"vdci"
"LV066|Tarsalis|2021|32","LV-066","LV","LV",2021,32,2021-08-15,"L","Tarsalis","culex",5,"vdci"
"LV066|Pipiens|2021|33","LV-066","LV","LV",2021,33,2021-08-22,"L","Pipiens","culex",8,"vdci"
"LV066|Tarsalis|2021|33","LV-066","LV","LV",2021,33,2021-08-22,"L","Tarsalis","culex",8,"vdci"
"LV066|Pipiens|2021|34","LV-066","LV","LV",2021,34,2021-08-29,"L","Pipiens","culex",8,"vdci"
"LV066|Tarsalis|2021|34","LV-066","LV","LV",2021,34,2021-08-29,"L","Tarsalis","culex",6,"vdci"
"LV066|Pipiens|2022|22","LV-066","LV","LV",2022,22,2022-06-05,"L","Pipiens","culex",6,"vdci"
"LV066|Tarsalis|2022|22","LV-066","LV","LV",2022,22,2022-06-05,"L","Tarsalis","culex",3,"vdci"
"LV066|Pipiens|2022|24","LV-066","LV","LV",2022,24,2022-06-19,"L","Pipiens","culex",1,"vdci"
"LV066|Tarsalis|2022|24","LV-066","LV","LV",2022,24,2022-06-19,"L","Tarsalis","culex",10,"vdci"
"LV066|Pipiens|2022|25","LV-066","LV","LV",2022,25,2022-06-26,"L","Pipiens","culex",0,"vdci"
"LV066|Tarsalis|2022|25","LV-066","LV","LV",2022,25,2022-06-26,"L","Tarsalis","culex",13,"vdci"
"LV066|Pipiens|2022|26","LV-066","LV","LV",2022,26,2022-07-03,"L","Pipiens","culex",8,"vdci"
"LV066|Tarsalis|2022|26","LV-066","LV","LV",2022,26,2022-07-03,"L","Tarsalis","culex",116,"vdci"
"LV066|Pipiens|2022|27","LV-066","LV","LV",2022,27,2022-07-10,"L","Pipiens","culex",0,"vdci"
"LV066|Tarsalis|2022|27","LV-066","LV","LV",2022,27,2022-07-10,"L","Tarsalis","culex",140,"vdci"
"LV066|Pipiens|2022|28","LV-066","LV","LV",2022,28,2022-07-17,"L","Pipiens","culex",0,"vdci"
"LV066|Tarsalis|2022|28","LV-066","LV","LV",2022,28,2022-07-17,"L","Tarsalis","culex",1,"vdci"
"LV066|Pipiens|2022|29","LV-066","LV","LV",2022,29,2022-07-24,"L","Pipiens","culex",4,"vdci"
"LV066|Tarsalis|2022|29","LV-066","LV","LV",2022,29,2022-07-24,"L","Tarsalis","culex",24,"vdci"
"LV066|Pipiens|2022|30","LV-066","LV","LV",2022,30,2022-07-31,"L","Pipiens","culex",9,"vdci"
"LV066|Tarsalis|2022|30","LV-066","LV","LV",2022,30,2022-07-31,"L","Tarsalis","culex",58,"vdci"
"LV066|Pipiens|2022|31","LV-066","LV","LV",2022,31,2022-08-07,"L","Pipiens","culex",8,"vdci"
"LV066|Tarsalis|2022|31","LV-066","LV","LV",2022,31,2022-08-07,"L","Tarsalis","culex",56,"vdci"
"LV066|Pipiens|2022|32","LV-066","LV","LV",2022,32,2022-08-14,"L","Pipiens","culex",0,"vdci"
"LV066|Tarsalis|2022|32","LV-066","LV","LV",2022,32,2022-08-14,"L","Tarsalis","culex",16,"vdci"
"LV066|Pipiens|2022|33","LV-066","LV","LV",2022,33,2022-08-21,"L","Pipiens","culex",4,"vdci"
"LV066|Tarsalis|2022|33","LV-066","LV","LV",2022,33,2022-08-21,"L","Tarsalis","culex",19,"vdci"
"LV066|Pipiens|2022|34","LV-066","LV","LV",2022,34,2022-08-28,"L","Pipiens","culex",2,"vdci"
"LV066|Tarsalis|2022|34","LV-066","LV","LV",2022,34,2022-08-28,"L","Tarsalis","culex",3,"vdci"
"LV066|Pipiens|2022|36","LV-066","LV","LV",2022,36,2022-09-06,"L","Pipiens","culex",9,"vdci"
"LV066|Tarsalis|2022|36","LV-066","LV","LV",2022,36,2022-09-06,"L","Tarsalis","culex",12,"vdci"
"LV066|Pipiens|2023|23","LV-066","LV","LV",2023,23,2023-06-11,"L","Pipiens","culex",3,"vdci"
"LV066|Tarsalis|2023|23","LV-066","LV","LV",2023,23,2023-06-11,"L","Tarsalis","culex",3,"vdci"
"LV066|Pipiens|2023|24","LV-066","LV","LV",2023,24,2023-06-18,"L","Pipiens","culex",0,"vdci"
"LV066|Tarsalis|2023|24","LV-066","LV","LV",2023,24,2023-06-18,"L","Tarsalis","culex",64,"vdci"
"LV066|Pipiens|2023|25","LV-066","LV","LV",2023,25,2023-06-25,"L","Pipiens","culex",0,"vdci"
"LV066|Tarsalis|2023|25","LV-066","LV","LV",2023,25,2023-06-25,"L","Tarsalis","culex",696,"vdci"
"LV066|Pipiens|2023|26","LV-066","LV","LV",2023,26,2023-07-02,"L","Pipiens","culex",0,"vdci"
"LV066|Tarsalis|2023|26","LV-066","LV","LV",2023,26,2023-07-02,"L","Tarsalis","culex",576,"vdci"
"LV066|Pipiens|2023|27","LV-066","LV","LV",2023,27,2023-07-09,"L","Pipiens","culex",0,"vdci"
"LV066|Tarsalis|2023|27","LV-066","LV","LV",2023,27,2023-07-09,"L","Tarsalis","culex",208,"vdci"
"LV066|Pipiens|2023|28","LV-066","LV","LV",2023,28,2023-07-16,"L","Pipiens","culex",0,"vdci"
"LV066|Tarsalis|2023|28","LV-066","LV","LV",2023,28,2023-07-16,"L","Tarsalis","culex",120,"vdci"
"LV066|Pipiens|2023|29","LV-066","LV","LV",2023,29,2023-07-23,"L","Pipiens","culex",8,"vdci"
"LV066|Tarsalis|2023|29","LV-066","LV","LV",2023,29,2023-07-23,"L","Tarsalis","culex",240,"vdci"
"LV066|Pipiens|2023|30","LV-066","LV","LV",2023,30,2023-07-30,"L","Pipiens","culex",16,"vdci"
"LV066|Tarsalis|2023|30","LV-066","LV","LV",2023,30,2023-07-30,"L","Tarsalis","culex",480,"vdci"
"LV066|Pipiens|2023|31","LV-066","LV","LV",2023,31,2023-08-06,"L","Pipiens","culex",8,"vdci"
"LV066|Tarsalis|2023|31","LV-066","LV","LV",2023,31,2023-08-06,"L","Tarsalis","culex",17,"vdci"
"LV066|Pipiens|2023|32","LV-066","LV","LV",2023,32,2023-08-13,"L","Pipiens","culex",1,"vdci"
"LV066|Tarsalis|2023|32","LV-066","LV","LV",2023,32,2023-08-13,"L","Tarsalis","culex",5,"vdci"
"LV066|Pipiens|2023|33","LV-066","LV","LV",2023,33,2023-08-20,"L","Pipiens","culex",0,"vdci"
"LV066|Tarsalis|2023|33","LV-066","LV","LV",2023,33,2023-08-20,"L","Tarsalis","culex",24,"vdci"
"LV066|Pipiens|2023|34","LV-066","LV","LV",2023,34,2023-08-27,"L","Pipiens","culex",16,"vdci"
"LV066|Tarsalis|2023|34","LV-066","LV","LV",2023,34,2023-08-27,"L","Tarsalis","culex",44,"vdci"
"LV066|Pipiens|2023|36","LV-066","LV","LV",2023,36,2023-09-04,"L","Pipiens","culex",2,"vdci"
"LV066|Tarsalis|2023|36","LV-066","LV","LV",2023,36,2023-09-04,"L","Tarsalis","culex",1,"vdci"
"LV066|Pipiens|2024|26","LV-066","LV","LV",2024,26,2024-06-24,"L","Pipiens","culex",0,"vdci"
"LV066|Tarsalis|2024|26","LV-066","LV","LV",2024,26,2024-06-24,"L","Tarsalis","culex",3,"vdci"
"LV066|Pipiens|2024|27","LV-066","LV","LV",2024,27,2024-07-01,"L","Pipiens","culex",0,"vdci"
"LV066|Tarsalis|2024|27","LV-066","LV","LV",2024,27,2024-07-01,"L","Tarsalis","culex",4,"vdci"
"LV066|Pipiens|2024|28","LV-066","LV","LV",2024,28,2024-07-08,"L","Pipiens","culex",1,"vdci"
"LV066|Tarsalis|2024|28","LV-066","LV","LV",2024,28,2024-07-08,"L","Tarsalis","culex",6,"vdci"
"LV066|Pipiens|2024|29","LV-066","LV","LV",2024,29,2024-07-15,"L","Pipiens","culex",0,"vdci"
"LV066|Tarsalis|2024|29","LV-066","LV","LV",2024,29,2024-07-15,"L","Tarsalis","culex",12,"vdci"
"LV066|Pipiens|2024|30","LV-066","LV","LV",2024,30,2024-07-22,"L","Pipiens","culex",0,"vdci"
"LV066|Tarsalis|2024|30","LV-066","LV","LV",2024,30,2024-07-22,"L","Tarsalis","culex",12,"vdci"
"LV066|Pipiens|2024|31","LV-066","LV","LV",2024,31,2024-07-29,"L","Pipiens","culex",4,"vdci"
"LV066|Tarsalis|2024|31","LV-066","LV","LV",2024,31,2024-07-29,"L","Tarsalis","culex",11,"vdci"
"LV066|Pipiens|2024|32","LV-066","LV","LV",2024,32,2024-08-05,"L","Pipiens","culex",0,"vdci"
"LV066|Tarsalis|2024|32","LV-066","LV","LV",2024,32,2024-08-05,"L","Tarsalis","culex",10,"vdci"
"LV066|Pipiens|2024|33","LV-066","LV","LV",2024,33,2024-08-12,"L","Pipiens","culex",2,"vdci"
"LV066|Tarsalis|2024|33","LV-066","LV","LV",2024,33,2024-08-12,"L","Tarsalis","culex",5,"vdci"
"LV066|Pipiens|2024|34","LV-066","LV","LV",2024,34,2024-08-19,"L","Pipiens","culex",0,"vdci"
"LV066|Tarsalis|2024|34","LV-066","LV","LV",2024,34,2024-08-19,"L","Tarsalis","culex",4,"vdci"
"LV066|Pipiens|2024|35","LV-066","LV","LV",2024,35,2024-08-26,"L","Pipiens","culex",2,"vdci"
"LV066|Tarsalis|2024|35","LV-066","LV","LV",2024,35,2024-08-26,"L","Tarsalis","culex",0,"vdci"
"LV066|Pipiens|2025|23","LV-066","LV","LV",2025,23,2025-06-02,"L","Pipiens","culex",0,"vdci"
"LV066|Tarsalis|2025|23","LV-066","LV","LV",2025,23,2025-06-02,"L","Tarsalis","culex",20,"vdci"
"LV066|Pipiens|2025|24","LV-066","LV","LV",2025,24,2025-06-09,"L","Pipiens","culex",4,"vdci"
"LV066|Tarsalis|2025|24","LV-066","LV","LV",2025,24,2025-06-09,"L","Tarsalis","culex",10,"vdci"
"LV066|Pipiens|2025|26","LV-066","LV","LV",2025,26,2025-06-23,"L","Pipiens","culex",4,"vdci"
"LV066|Tarsalis|2025|26","LV-066","LV","LV",2025,26,2025-06-23,"L","Tarsalis","culex",140,"vdci"
"LV066|Pipiens|2025|27","LV-066","LV","LV",2025,27,2025-06-30,"L","Pipiens","culex",3,"vdci"
"LV066|Tarsalis|2025|27","LV-066","LV","LV",2025,27,2025-06-30,"L","Tarsalis","culex",72,"vdci"
"LV066|Pipiens|2025|28","LV-066","LV","LV",2025,28,2025-07-07,"L","Pipiens","culex",1,"vdci"
"LV066|Tarsalis|2025|28","LV-066","LV","LV",2025,28,2025-07-07,"L","Tarsalis","culex",35,"vdci"
"LV066|Pipiens|2025|29","LV-066","LV","LV",2025,29,2025-07-14,"L","Pipiens","culex",1,"vdci"
"LV066|Tarsalis|2025|29","LV-066","LV","LV",2025,29,2025-07-14,"L","Tarsalis","culex",83,"vdci"
"LV066|Pipiens|2025|30","LV-066","LV","LV",2025,30,2025-07-21,"L","Pipiens","culex",6,"vdci"
"LV066|Tarsalis|2025|30","LV-066","LV","LV",2025,30,2025-07-21,"L","Tarsalis","culex",80,"vdci"
"LV066|Pipiens|2025|31","LV-066","LV","LV",2025,31,2025-07-28,"L","Pipiens","culex",4,"vdci"
"LV066|Tarsalis|2025|31","LV-066","LV","LV",2025,31,2025-07-28,"L","Tarsalis","culex",76,"vdci"
"LV066|Pipiens|2025|32","LV-066","LV","LV",2025,32,2025-08-04,"L","Pipiens","culex",1,"vdci"
"LV066|Tarsalis|2025|32","LV-066","LV","LV",2025,32,2025-08-04,"L","Tarsalis","culex",11,"vdci"
"LV066|Pipiens|2025|33","LV-066","LV","LV",2025,33,2025-08-11,"L","Pipiens","culex",2,"vdci"
"LV066|Tarsalis|2025|33","LV-066","LV","LV",2025,33,2025-08-11,"L","Tarsalis","culex",6,"vdci"
"LV066|Pipiens|2025|34","LV-066","LV","LV",2025,34,2025-08-18,"L","Pipiens","culex",4,"vdci"
"LV066|Tarsalis|2025|34","LV-066","LV","LV",2025,34,2025-08-18,"L","Tarsalis","culex",25,"vdci"
"LV066|Pipiens|2025|35","LV-066","LV","LV",2025,35,2025-08-25,"L","Pipiens","culex",1,"vdci"
"LV066|Tarsalis|2025|35","LV-066","LV","LV",2025,35,2025-08-25,"L","Tarsalis","culex",3,"vdci"
"LV067|Pipiens|2019|24","LV-067","LV","LV",2019,24,2019-06-11,"L","Pipiens","culex",1,"vdci"
"LV067|Tarsalis|2019|24","LV-067","LV","LV",2019,24,2019-06-11,"L","Tarsalis","culex",9,"vdci"
"LV067|Pipiens|2019|27","LV-067","LV","LV",2019,27,2019-07-01,"L","Pipiens","culex",0,"vdci"
"LV067|Tarsalis|2019|27","LV-067","LV","LV",2019,27,2019-07-01,"L","Tarsalis","culex",16,"vdci"
"LV067|Pipiens|2019|28","LV-067","LV","LV",2019,28,2019-07-09,"L","Pipiens","culex",3,"vdci"
"LV067|Tarsalis|2019|28","LV-067","LV","LV",2019,28,2019-07-09,"L","Tarsalis","culex",35,"vdci"
"LV067|Pipiens|2019|30","LV-067","LV","LV",2019,30,2019-07-23,"L","Pipiens","culex",3,"vdci"
"LV067|Tarsalis|2019|30","LV-067","LV","LV",2019,30,2019-07-23,"L","Tarsalis","culex",24,"vdci"
"LV067|Pipiens|2019|31","LV-067","LV","LV",2019,31,2019-07-30,"L","Pipiens","culex",2,"vdci"
"LV067|Tarsalis|2019|31","LV-067","LV","LV",2019,31,2019-07-30,"L","Tarsalis","culex",13,"vdci"
"LV067|Pipiens|2019|33","LV-067","LV","LV",2019,33,2019-08-13,"L","Pipiens","culex",0,"vdci"
"LV067|Tarsalis|2019|33","LV-067","LV","LV",2019,33,2019-08-13,"L","Tarsalis","culex",6,"vdci"
"LV067|Pipiens|2019|34","LV-067","LV","LV",2019,34,2019-08-20,"L","Pipiens","culex",3,"vdci"
"LV067|Tarsalis|2019|34","LV-067","LV","LV",2019,34,2019-08-20,"L","Tarsalis","culex",13,"vdci"
"LV067|Pipiens|2019|35","LV-067","LV","LV",2019,35,2019-08-27,"L","Pipiens","culex",10,"vdci"
"LV067|Tarsalis|2019|35","LV-067","LV","LV",2019,35,2019-08-27,"L","Tarsalis","culex",12,"vdci"
"LV067|Pipiens|2020|24","LV-067","LV","LV",2020,24,2020-06-09,"L","Pipiens","culex",0,"vdci"
"LV067|Tarsalis|2020|24","LV-067","LV","LV",2020,24,2020-06-09,"L","Tarsalis","culex",2,"vdci"
"LV067|Pipiens|2020|25","LV-067","LV","LV",2020,25,2020-06-16,"L","Pipiens","culex",0,"vdci"
"LV067|Tarsalis|2020|25","LV-067","LV","LV",2020,25,2020-06-16,"L","Tarsalis","culex",8,"vdci"
"LV067|Pipiens|2020|26","LV-067","LV","LV",2020,26,2020-06-23,"L","Pipiens","culex",2,"vdci"
"LV067|Tarsalis|2020|26","LV-067","LV","LV",2020,26,2020-06-23,"L","Tarsalis","culex",10,"vdci"
"LV067|Pipiens|2020|27","LV-067","LV","LV",2020,27,2020-06-30,"L","Pipiens","culex",0,"vdci"
"LV067|Tarsalis|2020|27","LV-067","LV","LV",2020,27,2020-06-30,"L","Tarsalis","culex",3,"vdci"
"LV067|Pipiens|2020|28","LV-067","LV","LV",2020,28,2020-07-07,"L","Pipiens","culex",1,"vdci"
"LV067|Tarsalis|2020|28","LV-067","LV","LV",2020,28,2020-07-07,"L","Tarsalis","culex",13,"vdci"
"LV067|Pipiens|2020|29","LV-067","LV","LV",2020,29,2020-07-14,"L","Pipiens","culex",0,"vdci"
"LV067|Tarsalis|2020|29","LV-067","LV","LV",2020,29,2020-07-14,"L","Tarsalis","culex",13,"vdci"
"LV067|Pipiens|2020|30","LV-067","LV","LV",2020,30,2020-07-21,"L","Pipiens","culex",0,"vdci"
"LV067|Tarsalis|2020|30","LV-067","LV","LV",2020,30,2020-07-21,"L","Tarsalis","culex",25,"vdci"
"LV067|Pipiens|2020|31","LV-067","LV","LV",2020,31,2020-07-28,"L","Pipiens","culex",0,"vdci"
"LV067|Tarsalis|2020|31","LV-067","LV","LV",2020,31,2020-07-28,"L","Tarsalis","culex",14,"vdci"
"LV067|Pipiens|2020|32","LV-067","LV","LV",2020,32,2020-08-04,"L","Pipiens","culex",0,"vdci"
"LV067|Tarsalis|2020|32","LV-067","LV","LV",2020,32,2020-08-04,"L","Tarsalis","culex",16,"vdci"
"LV067|Pipiens|2020|33","LV-067","LV","LV",2020,33,2020-08-11,"L","Pipiens","culex",2,"vdci"
"LV067|Tarsalis|2020|33","LV-067","LV","LV",2020,33,2020-08-11,"L","Tarsalis","culex",7,"vdci"
"LV067|Pipiens|2020|34","LV-067","LV","LV",2020,34,2020-08-18,"L","Pipiens","culex",0,"vdci"
"LV067|Tarsalis|2020|34","LV-067","LV","LV",2020,34,2020-08-18,"L","Tarsalis","culex",9,"vdci"
"LV067|Pipiens|2020|35","LV-067","LV","LV",2020,35,2020-08-25,"L","Pipiens","culex",0,"vdci"
"LV067|Tarsalis|2020|35","LV-067","LV","LV",2020,35,2020-08-25,"L","Tarsalis","culex",1,"vdci"
"LV067|Pipiens|2021|23","LV-067","LV","LV",2021,23,2021-06-08,"L","Pipiens","culex",0,"vdci"
"LV067|Tarsalis|2021|23","LV-067","LV","LV",2021,23,2021-06-08,"L","Tarsalis","culex",51,"vdci"
"LV067|Pipiens|2021|24","LV-067","LV","LV",2021,24,2021-06-15,"L","Pipiens","culex",0,"vdci"
"LV067|Tarsalis|2021|24","LV-067","LV","LV",2021,24,2021-06-15,"L","Tarsalis","culex",66,"vdci"
"LV067|Pipiens|2021|25","LV-067","LV","LV",2021,25,2021-06-22,"L","Pipiens","culex",4,"vdci"
"LV067|Tarsalis|2021|25","LV-067","LV","LV",2021,25,2021-06-22,"L","Tarsalis","culex",62,"vdci"
"LV067|Pipiens|2021|26","LV-067","LV","LV",2021,26,2021-06-29,"L","Pipiens","culex",8,"vdci"
"LV067|Tarsalis|2021|26","LV-067","LV","LV",2021,26,2021-06-29,"L","Tarsalis","culex",128,"vdci"
"LV067|Pipiens|2021|27","LV-067","LV","LV",2021,27,2021-07-06,"L","Pipiens","culex",36,"vdci"
"LV067|Tarsalis|2021|27","LV-067","LV","LV",2021,27,2021-07-06,"L","Tarsalis","culex",440,"vdci"
"LV067|Pipiens|2021|29","LV-067","LV","LV",2021,29,2021-07-20,"L","Pipiens","culex",24,"vdci"
"LV067|Tarsalis|2021|29","LV-067","LV","LV",2021,29,2021-07-20,"L","Tarsalis","culex",188,"vdci"
"LV067|Pipiens|2021|30","LV-067","LV","LV",2021,30,2021-07-27,"L","Pipiens","culex",8,"vdci"
"LV067|Tarsalis|2021|30","LV-067","LV","LV",2021,30,2021-07-27,"L","Tarsalis","culex",228,"vdci"
"LV067|Pipiens|2021|31","LV-067","LV","LV",2021,31,2021-08-03,"L","Pipiens","culex",7,"vdci"
"LV067|Tarsalis|2021|31","LV-067","LV","LV",2021,31,2021-08-03,"L","Tarsalis","culex",25,"vdci"
"LV067|Pipiens|2021|32","LV-067","LV","LV",2021,32,2021-08-10,"L","Pipiens","culex",20,"vdci"
"LV067|Tarsalis|2021|32","LV-067","LV","LV",2021,32,2021-08-10,"L","Tarsalis","culex",144,"vdci"
"LV067|Pipiens|2021|33","LV-067","LV","LV",2021,33,2021-08-17,"L","Pipiens","culex",17,"vdci"
"LV067|Tarsalis|2021|33","LV-067","LV","LV",2021,33,2021-08-17,"L","Tarsalis","culex",42,"vdci"
"LV067|Pipiens|2021|34","LV-067","LV","LV",2021,34,2021-08-24,"L","Pipiens","culex",24,"vdci"
"LV067|Tarsalis|2021|34","LV-067","LV","LV",2021,34,2021-08-24,"L","Tarsalis","culex",14,"vdci"
"LV067|Pipiens|2021|35","LV-067","LV","LV",2021,35,2021-08-31,"L","Pipiens","culex",7,"vdci"
"LV067|Tarsalis|2021|35","LV-067","LV","LV",2021,35,2021-08-31,"L","Tarsalis","culex",9,"vdci"
"LV067|Pipiens|2022|23","LV-067","LV","LV",2022,23,2022-06-07,"L","Pipiens","culex",2,"vdci"
"LV067|Tarsalis|2022|23","LV-067","LV","LV",2022,23,2022-06-07,"L","Tarsalis","culex",10,"vdci"
"LV067|Pipiens|2022|24","LV-067","LV","LV",2022,24,2022-06-14,"L","Pipiens","culex",0,"vdci"
"LV067|Tarsalis|2022|24","LV-067","LV","LV",2022,24,2022-06-14,"L","Tarsalis","culex",1,"vdci"
"LV067|Pipiens|2022|25","LV-067","LV","LV",2022,25,2022-06-21,"L","Pipiens","culex",0,"vdci"
"LV067|Tarsalis|2022|25","LV-067","LV","LV",2022,25,2022-06-21,"L","Tarsalis","culex",29,"vdci"
"LV067|Pipiens|2022|26","LV-067","LV","LV",2022,26,2022-06-28,"L","Pipiens","culex",0,"vdci"
"LV067|Tarsalis|2022|26","LV-067","LV","LV",2022,26,2022-06-28,"L","Tarsalis","culex",32,"vdci"
"LV067|Pipiens|2022|27","LV-067","LV","LV",2022,27,2022-07-05,"L","Pipiens","culex",1,"vdci"
"LV067|Tarsalis|2022|27","LV-067","LV","LV",2022,27,2022-07-05,"L","Tarsalis","culex",25,"vdci"
"LV067|Pipiens|2022|29","LV-067","LV","LV",2022,29,2022-07-19,"L","Pipiens","culex",1,"vdci"
"LV067|Tarsalis|2022|29","LV-067","LV","LV",2022,29,2022-07-19,"L","Tarsalis","culex",64,"vdci"
"LV067|Pipiens|2022|30","LV-067","LV","LV",2022,30,2022-07-26,"L","Pipiens","culex",0,"vdci"
"LV067|Tarsalis|2022|30","LV-067","LV","LV",2022,30,2022-07-26,"L","Tarsalis","culex",64,"vdci"
"LV067|Pipiens|2022|31","LV-067","LV","LV",2022,31,2022-08-02,"L","Pipiens","culex",2,"vdci"
"LV067|Tarsalis|2022|31","LV-067","LV","LV",2022,31,2022-08-02,"L","Tarsalis","culex",40,"vdci"
"LV067|Pipiens|2022|32","LV-067","LV","LV",2022,32,2022-08-09,"L","Pipiens","culex",27,"vdci"
"LV067|Tarsalis|2022|32","LV-067","LV","LV",2022,32,2022-08-09,"L","Tarsalis","culex",69,"vdci"
"LV067|Pipiens|2022|33","LV-067","LV","LV",2022,33,2022-08-16,"L","Pipiens","culex",13,"vdci"
"LV067|Tarsalis|2022|33","LV-067","LV","LV",2022,33,2022-08-16,"L","Tarsalis","culex",27,"vdci"
"LV067|Pipiens|2022|34","LV-067","LV","LV",2022,34,2022-08-23,"L","Pipiens","culex",22,"vdci"
"LV067|Tarsalis|2022|34","LV-067","LV","LV",2022,34,2022-08-23,"L","Tarsalis","culex",46,"vdci"
"LV067|Pipiens|2022|35","LV-067","LV","LV",2022,35,2022-08-30,"L","Pipiens","culex",9,"vdci"
"LV067|Tarsalis|2022|35","LV-067","LV","LV",2022,35,2022-08-30,"L","Tarsalis","culex",5,"vdci"
"LV067|Pipiens|2023|23","LV-067","LV","LV",2023,23,2023-06-06,"L","Pipiens","culex",0,"vdci"
"LV067|Tarsalis|2023|23","LV-067","LV","LV",2023,23,2023-06-06,"L","Tarsalis","culex",34,"vdci"
"LV067|Pipiens|2023|24","LV-067","LV","LV",2023,24,2023-06-13,"L","Pipiens","culex",0,"vdci"
"LV067|Tarsalis|2023|24","LV-067","LV","LV",2023,24,2023-06-13,"L","Tarsalis","culex",4,"vdci"
"LV067|Pipiens|2023|25","LV-067","LV","LV",2023,25,2023-06-20,"L","Pipiens","culex",0,"vdci"
"LV067|Tarsalis|2023|25","LV-067","LV","LV",2023,25,2023-06-20,"L","Tarsalis","culex",88,"vdci"
"LV067|Pipiens|2023|26","LV-067","LV","LV",2023,26,2023-06-27,"L","Pipiens","culex",16,"vdci"
"LV067|Tarsalis|2023|26","LV-067","LV","LV",2023,26,2023-06-27,"L","Tarsalis","culex",280,"vdci"
"LV067|Pipiens|2023|27","LV-067","LV","LV",2023,27,2023-07-03,"L","Pipiens","culex",8,"vdci"
"LV067|Tarsalis|2023|27","LV-067","LV","LV",2023,27,2023-07-03,"L","Tarsalis","culex",400,"vdci"
"LV067|Pipiens|2023|28","LV-067","LV","LV",2023,28,2023-07-11,"L","Pipiens","culex",20,"vdci"
"LV067|Tarsalis|2023|28","LV-067","LV","LV",2023,28,2023-07-11,"L","Tarsalis","culex",428,"vdci"
"LV067|Pipiens|2023|29","LV-067","LV","LV",2023,29,2023-07-18,"L","Pipiens","culex",16,"vdci"
"LV067|Tarsalis|2023|29","LV-067","LV","LV",2023,29,2023-07-18,"L","Tarsalis","culex",848,"vdci"
"LV067|Pipiens|2023|30","LV-067","LV","LV",2023,30,2023-07-25,"L","Pipiens","culex",0,"vdci"
"LV067|Tarsalis|2023|30","LV-067","LV","LV",2023,30,2023-07-25,"L","Tarsalis","culex",3,"vdci"
"LV067|Pipiens|2023|31","LV-067","LV","LV",2023,31,2023-08-01,"L","Pipiens","culex",6,"vdci"
"LV067|Tarsalis|2023|31","LV-067","LV","LV",2023,31,2023-08-01,"L","Tarsalis","culex",61,"vdci"
"LV067|Pipiens|2023|32","LV-067","LV","LV",2023,32,2023-08-08,"L","Pipiens","culex",4,"vdci"
"LV067|Tarsalis|2023|32","LV-067","LV","LV",2023,32,2023-08-08,"L","Tarsalis","culex",27,"vdci"
"LV067|Pipiens|2023|33","LV-067","LV","LV",2023,33,2023-08-15,"L","Pipiens","culex",56,"vdci"
"LV067|Tarsalis|2023|33","LV-067","LV","LV",2023,33,2023-08-15,"L","Tarsalis","culex",60,"vdci"
"LV067|Pipiens|2023|34","LV-067","LV","LV",2023,34,2023-08-22,"L","Pipiens","culex",36,"vdci"
"LV067|Tarsalis|2023|34","LV-067","LV","LV",2023,34,2023-08-22,"L","Tarsalis","culex",56,"vdci"
"LV067|Pipiens|2023|35","LV-067","LV","LV",2023,35,2023-08-29,"L","Pipiens","culex",3,"vdci"
"LV067|Tarsalis|2023|35","LV-067","LV","LV",2023,35,2023-08-29,"L","Tarsalis","culex",2,"vdci"
"LV067|Pipiens|2023|36","LV-067","LV","LV",2023,36,2023-09-06,"L","Pipiens","culex",14,"vdci"
"LV067|Tarsalis|2023|36","LV-067","LV","LV",2023,36,2023-09-06,"L","Tarsalis","culex",3,"vdci"
"LV067|Pipiens|2024|25","LV-067","LV","LV",2024,25,2024-06-19,"L","Pipiens","culex",0,"vdci"
"LV067|Tarsalis|2024|25","LV-067","LV","LV",2024,25,2024-06-19,"L","Tarsalis","culex",3,"vdci"
"LV067|Pipiens|2024|26","LV-067","LV","LV",2024,26,2024-06-26,"L","Pipiens","culex",0,"vdci"
"LV067|Tarsalis|2024|26","LV-067","LV","LV",2024,26,2024-06-26,"L","Tarsalis","culex",9,"vdci"
"LV067|Pipiens|2024|27","LV-067","LV","LV",2024,27,2024-07-03,"L","Pipiens","culex",3,"vdci"
"LV067|Tarsalis|2024|27","LV-067","LV","LV",2024,27,2024-07-03,"L","Tarsalis","culex",7,"vdci"
"LV067|Pipiens|2024|28","LV-067","LV","LV",2024,28,2024-07-10,"L","Pipiens","culex",1,"vdci"
"LV067|Tarsalis|2024|28","LV-067","LV","LV",2024,28,2024-07-10,"L","Tarsalis","culex",5,"vdci"
"LV067|Pipiens|2024|29","LV-067","LV","LV",2024,29,2024-07-17,"L","Pipiens","culex",0,"vdci"
"LV067|Tarsalis|2024|29","LV-067","LV","LV",2024,29,2024-07-17,"L","Tarsalis","culex",6,"vdci"
"LV067|Pipiens|2024|31","LV-067","LV","LV",2024,31,2024-07-31,"L","Pipiens","culex",0,"vdci"
"LV067|Tarsalis|2024|31","LV-067","LV","LV",2024,31,2024-07-31,"L","Tarsalis","culex",4,"vdci"
"LV067|Pipiens|2024|32","LV-067","LV","LV",2024,32,2024-08-07,"L","Pipiens","culex",0,"vdci"
"LV067|Tarsalis|2024|32","LV-067","LV","LV",2024,32,2024-08-07,"L","Tarsalis","culex",7,"vdci"
"LV067|Pipiens|2024|35","LV-067","LV","LV",2024,35,2024-08-28,"L","Pipiens","culex",2,"vdci"
"LV067|Tarsalis|2024|35","LV-067","LV","LV",2024,35,2024-08-28,"L","Tarsalis","culex",5,"vdci"
"LV067|Pipiens|2025|23","LV-067","LV","LV",2025,23,2025-06-04,"L","Pipiens","culex",0,"vdci"
"LV067|Tarsalis|2025|23","LV-067","LV","LV",2025,23,2025-06-04,"L","Tarsalis","culex",4,"vdci"
"LV067|Pipiens|2025|24","LV-067","LV","LV",2025,24,2025-06-11,"L","Pipiens","culex",0,"vdci"
"LV067|Tarsalis|2025|24","LV-067","LV","LV",2025,24,2025-06-11,"L","Tarsalis","culex",26,"vdci"
"LV067|Pipiens|2025|25","LV-067","LV","LV",2025,25,2025-06-18,"L","Pipiens","culex",0,"vdci"
"LV067|Tarsalis|2025|25","LV-067","LV","LV",2025,25,2025-06-18,"L","Tarsalis","culex",4,"vdci"
"LV067|Pipiens|2025|26","LV-067","LV","LV",2025,26,2025-06-25,"L","Pipiens","culex",1,"vdci"
"LV067|Tarsalis|2025|26","LV-067","LV","LV",2025,26,2025-06-25,"L","Tarsalis","culex",10,"vdci"
"LV067|Pipiens|2025|27","LV-067","LV","LV",2025,27,2025-07-02,"L","Pipiens","culex",6,"vdci"
"LV067|Tarsalis|2025|27","LV-067","LV","LV",2025,27,2025-07-02,"L","Tarsalis","culex",44,"vdci"
"LV067|Pipiens|2025|29","LV-067","LV","LV",2025,29,2025-07-16,"L","Pipiens","culex",0,"vdci"
"LV067|Tarsalis|2025|29","LV-067","LV","LV",2025,29,2025-07-16,"L","Tarsalis","culex",1,"vdci"
"LV067|Pipiens|2025|30","LV-067","LV","LV",2025,30,2025-07-23,"L","Pipiens","culex",0,"vdci"
"LV067|Tarsalis|2025|30","LV-067","LV","LV",2025,30,2025-07-23,"L","Tarsalis","culex",5,"vdci"
"LV067|Pipiens|2025|31","LV-067","LV","LV",2025,31,2025-07-30,"L","Pipiens","culex",1,"vdci"
"LV067|Tarsalis|2025|31","LV-067","LV","LV",2025,31,2025-07-30,"L","Tarsalis","culex",22,"vdci"
"LV067|Pipiens|2025|32","LV-067","LV","LV",2025,32,2025-08-06,"L","Pipiens","culex",7,"vdci"
"LV067|Tarsalis|2025|32","LV-067","LV","LV",2025,32,2025-08-06,"L","Tarsalis","culex",53,"vdci"
"LV067|Pipiens|2025|33","LV-067","LV","LV",2025,33,2025-08-13,"L","Pipiens","culex",3,"vdci"
"LV067|Tarsalis|2025|33","LV-067","LV","LV",2025,33,2025-08-13,"L","Tarsalis","culex",14,"vdci"
"LV067|Pipiens|2025|34","LV-067","LV","LV",2025,34,2025-08-20,"L","Pipiens","culex",3,"vdci"
"LV067|Tarsalis|2025|34","LV-067","LV","LV",2025,34,2025-08-20,"L","Tarsalis","culex",6,"vdci"
"LV067|Pipiens|2025|35","LV-067","LV","LV",2025,35,2025-08-27,"L","Pipiens","culex",0,"vdci"
"LV067|Tarsalis|2025|35","LV-067","LV","LV",2025,35,2025-08-27,"L","Tarsalis","culex",1,"vdci"
"LV077|Pipiens|2019|24","LV-077","LV","LV",2019,24,2019-06-10,"L","Pipiens","culex",0,"vdci"
"LV077|Tarsalis|2019|24","LV-077","LV","LV",2019,24,2019-06-10,"L","Tarsalis","culex",1,"vdci"
"LV077|Pipiens|2019|27","LV-077","LV","LV",2019,27,2019-07-01,"L","Pipiens","culex",0,"vdci"
"LV077|Tarsalis|2019|27","LV-077","LV","LV",2019,27,2019-07-01,"L","Tarsalis","culex",3,"vdci"
"LV077|Pipiens|2019|30","LV-077","LV","LV",2019,30,2019-07-22,"L","Pipiens","culex",1,"vdci"
"LV077|Tarsalis|2019|30","LV-077","LV","LV",2019,30,2019-07-22,"L","Tarsalis","culex",13,"vdci"
"LV077|Pipiens|2019|31","LV-077","LV","LV",2019,31,2019-07-29,"L","Pipiens","culex",1,"vdci"
"LV077|Tarsalis|2019|31","LV-077","LV","LV",2019,31,2019-07-29,"L","Tarsalis","culex",12,"vdci"
"LV077|Pipiens|2019|32","LV-077","LV","LV",2019,32,2019-08-05,"L","Pipiens","culex",0,"vdci"
"LV077|Tarsalis|2019|32","LV-077","LV","LV",2019,32,2019-08-05,"L","Tarsalis","culex",6,"vdci"
"LV077|Pipiens|2019|33","LV-077","LV","LV",2019,33,2019-08-12,"L","Pipiens","culex",4,"vdci"
"LV077|Tarsalis|2019|33","LV-077","LV","LV",2019,33,2019-08-12,"L","Tarsalis","culex",4,"vdci"
"LV077|Pipiens|2019|34","LV-077","LV","LV",2019,34,2019-08-19,"L","Pipiens","culex",0,"vdci"
"LV077|Tarsalis|2019|34","LV-077","LV","LV",2019,34,2019-08-19,"L","Tarsalis","culex",11,"vdci"
"LV077|Pipiens|2019|35","LV-077","LV","LV",2019,35,2019-08-26,"L","Pipiens","culex",0,"vdci"
"LV077|Tarsalis|2019|35","LV-077","LV","LV",2019,35,2019-08-26,"L","Tarsalis","culex",8,"vdci"
"LV077|Pipiens|2020|25","LV-077","LV","LV",2020,25,2020-06-15,"L","Pipiens","culex",1,"vdci"
"LV077|Tarsalis|2020|25","LV-077","LV","LV",2020,25,2020-06-15,"L","Tarsalis","culex",0,"vdci"
"LV077|Pipiens|2020|26","LV-077","LV","LV",2020,26,2020-06-22,"L","Pipiens","culex",0,"vdci"
"LV077|Tarsalis|2020|26","LV-077","LV","LV",2020,26,2020-06-22,"L","Tarsalis","culex",3,"vdci"
"LV077|Pipiens|2020|27","LV-077","LV","LV",2020,27,2020-06-29,"L","Pipiens","culex",0,"vdci"
"LV077|Tarsalis|2020|27","LV-077","LV","LV",2020,27,2020-06-29,"L","Tarsalis","culex",1,"vdci"
"LV077|Pipiens|2020|28","LV-077","LV","LV",2020,28,2020-07-06,"L","Pipiens","culex",1,"vdci"
"LV077|Tarsalis|2020|28","LV-077","LV","LV",2020,28,2020-07-06,"L","Tarsalis","culex",18,"vdci"
"LV077|Pipiens|2020|29","LV-077","LV","LV",2020,29,2020-07-13,"L","Pipiens","culex",1,"vdci"
"LV077|Tarsalis|2020|29","LV-077","LV","LV",2020,29,2020-07-13,"L","Tarsalis","culex",6,"vdci"
"LV077|Pipiens|2020|30","LV-077","LV","LV",2020,30,2020-07-20,"L","Pipiens","culex",0,"vdci"
"LV077|Tarsalis|2020|30","LV-077","LV","LV",2020,30,2020-07-20,"L","Tarsalis","culex",3,"vdci"
"LV077|Pipiens|2020|31","LV-077","LV","LV",2020,31,2020-07-27,"L","Pipiens","culex",0,"vdci"
"LV077|Tarsalis|2020|31","LV-077","LV","LV",2020,31,2020-07-27,"L","Tarsalis","culex",8,"vdci"
"LV077|Pipiens|2020|32","LV-077","LV","LV",2020,32,2020-08-03,"L","Pipiens","culex",2,"vdci"
"LV077|Tarsalis|2020|32","LV-077","LV","LV",2020,32,2020-08-03,"L","Tarsalis","culex",23,"vdci"
"LV077|Pipiens|2020|33","LV-077","LV","LV",2020,33,2020-08-10,"L","Pipiens","culex",0,"vdci"
"LV077|Tarsalis|2020|33","LV-077","LV","LV",2020,33,2020-08-10,"L","Tarsalis","culex",4,"vdci"
"LV077|Pipiens|2020|34","LV-077","LV","LV",2020,34,2020-08-17,"L","Pipiens","culex",0,"vdci"
"LV077|Tarsalis|2020|34","LV-077","LV","LV",2020,34,2020-08-17,"L","Tarsalis","culex",7,"vdci"
"LV077|Pipiens|2020|35","LV-077","LV","LV",2020,35,2020-08-24,"L","Pipiens","culex",0,"vdci"
"LV077|Tarsalis|2020|35","LV-077","LV","LV",2020,35,2020-08-24,"L","Tarsalis","culex",9,"vdci"
"LV077|Pipiens|2021|23","LV-077","LV","LV",2021,23,2021-06-07,"L","Pipiens","culex",0,"vdci"
"LV077|Tarsalis|2021|23","LV-077","LV","LV",2021,23,2021-06-07,"L","Tarsalis","culex",9,"vdci"
"LV077|Pipiens|2021|24","LV-077","LV","LV",2021,24,2021-06-15,"L","Pipiens","culex",0,"vdci"
"LV077|Tarsalis|2021|24","LV-077","LV","LV",2021,24,2021-06-15,"L","Tarsalis","culex",10,"vdci"
"LV077|Pipiens|2021|25","LV-077","LV","LV",2021,25,2021-06-21,"L","Pipiens","culex",0,"vdci"
"LV077|Tarsalis|2021|25","LV-077","LV","LV",2021,25,2021-06-21,"L","Tarsalis","culex",27,"vdci"
"LV077|Pipiens|2021|26","LV-077","LV","LV",2021,26,2021-06-28,"L","Pipiens","culex",1,"vdci"
"LV077|Tarsalis|2021|26","LV-077","LV","LV",2021,26,2021-06-28,"L","Tarsalis","culex",20,"vdci"
"LV077|Pipiens|2021|27","LV-077","LV","LV",2021,27,2021-07-05,"L","Pipiens","culex",3,"vdci"
"LV077|Tarsalis|2021|27","LV-077","LV","LV",2021,27,2021-07-05,"L","Tarsalis","culex",40,"vdci"
"LV077|Pipiens|2021|28","LV-077","LV","LV",2021,28,2021-07-12,"L","Pipiens","culex",0,"vdci"
"LV077|Tarsalis|2021|28","LV-077","LV","LV",2021,28,2021-07-12,"L","Tarsalis","culex",40,"vdci"
"LV077|Pipiens|2021|29","LV-077","LV","LV",2021,29,2021-07-19,"L","Pipiens","culex",0,"vdci"
"LV077|Tarsalis|2021|29","LV-077","LV","LV",2021,29,2021-07-19,"L","Tarsalis","culex",49,"vdci"
"LV077|Pipiens|2021|30","LV-077","LV","LV",2021,30,2021-07-26,"L","Pipiens","culex",4,"vdci"
"LV077|Tarsalis|2021|30","LV-077","LV","LV",2021,30,2021-07-26,"L","Tarsalis","culex",7,"vdci"
"LV077|Pipiens|2021|31","LV-077","LV","LV",2021,31,2021-08-02,"L","Pipiens","culex",9,"vdci"
"LV077|Tarsalis|2021|31","LV-077","LV","LV",2021,31,2021-08-02,"L","Tarsalis","culex",124,"vdci"
"LV077|Pipiens|2021|32","LV-077","LV","LV",2021,32,2021-08-09,"L","Pipiens","culex",16,"vdci"
"LV077|Tarsalis|2021|32","LV-077","LV","LV",2021,32,2021-08-09,"L","Tarsalis","culex",6,"vdci"
"LV077|Pipiens|2021|33","LV-077","LV","LV",2021,33,2021-08-16,"L","Pipiens","culex",9,"vdci"
"LV077|Tarsalis|2021|33","LV-077","LV","LV",2021,33,2021-08-16,"L","Tarsalis","culex",43,"vdci"
"LV077|Pipiens|2021|34","LV-077","LV","LV",2021,34,2021-08-23,"L","Pipiens","culex",10,"vdci"
"LV077|Tarsalis|2021|34","LV-077","LV","LV",2021,34,2021-08-23,"L","Tarsalis","culex",6,"vdci"
"LV077|Pipiens|2021|35","LV-077","LV","LV",2021,35,2021-08-30,"L","Pipiens","culex",12,"vdci"
"LV077|Tarsalis|2021|35","LV-077","LV","LV",2021,35,2021-08-30,"L","Tarsalis","culex",11,"vdci"
"LV077|Pipiens|2022|24","LV-077","LV","LV",2022,24,2022-06-13,"L","Pipiens","culex",1,"vdci"
"LV077|Tarsalis|2022|24","LV-077","LV","LV",2022,24,2022-06-13,"L","Tarsalis","culex",2,"vdci"
"LV077|Pipiens|2022|25","LV-077","LV","LV",2022,25,2022-06-20,"L","Pipiens","culex",0,"vdci"
"LV077|Tarsalis|2022|25","LV-077","LV","LV",2022,25,2022-06-20,"L","Tarsalis","culex",1,"vdci"
"LV077|Pipiens|2022|26","LV-077","LV","LV",2022,26,2022-06-27,"L","Pipiens","culex",1,"vdci"
"LV077|Tarsalis|2022|26","LV-077","LV","LV",2022,26,2022-06-27,"L","Tarsalis","culex",7,"vdci"
"LV077|Pipiens|2022|27","LV-077","LV","LV",2022,27,2022-07-05,"L","Pipiens","culex",0,"vdci"
"LV077|Tarsalis|2022|27","LV-077","LV","LV",2022,27,2022-07-05,"L","Tarsalis","culex",5,"vdci"
"LV077|Pipiens|2022|28","LV-077","LV","LV",2022,28,2022-07-11,"L","Pipiens","culex",0,"vdci"
"LV077|Tarsalis|2022|28","LV-077","LV","LV",2022,28,2022-07-11,"L","Tarsalis","culex",8,"vdci"
"LV077|Pipiens|2022|29","LV-077","LV","LV",2022,29,2022-07-18,"L","Pipiens","culex",1,"vdci"
"LV077|Tarsalis|2022|29","LV-077","LV","LV",2022,29,2022-07-18,"L","Tarsalis","culex",21,"vdci"
"LV077|Pipiens|2022|30","LV-077","LV","LV",2022,30,2022-07-25,"L","Pipiens","culex",5,"vdci"
"LV077|Tarsalis|2022|30","LV-077","LV","LV",2022,30,2022-07-25,"L","Tarsalis","culex",41,"vdci"
"LV077|Pipiens|2022|31","LV-077","LV","LV",2022,31,2022-08-01,"L","Pipiens","culex",3,"vdci"
"LV077|Tarsalis|2022|31","LV-077","LV","LV",2022,31,2022-08-01,"L","Tarsalis","culex",10,"vdci"
"LV077|Pipiens|2022|32","LV-077","LV","LV",2022,32,2022-08-08,"L","Pipiens","culex",0,"vdci"
"LV077|Tarsalis|2022|32","LV-077","LV","LV",2022,32,2022-08-08,"L","Tarsalis","culex",3,"vdci"
"LV077|Pipiens|2022|33","LV-077","LV","LV",2022,33,2022-08-15,"L","Pipiens","culex",0,"vdci"
"LV077|Tarsalis|2022|33","LV-077","LV","LV",2022,33,2022-08-15,"L","Tarsalis","culex",3,"vdci"
"LV077|Pipiens|2022|34","LV-077","LV","LV",2022,34,2022-08-22,"L","Pipiens","culex",2,"vdci"
"LV077|Tarsalis|2022|34","LV-077","LV","LV",2022,34,2022-08-22,"L","Tarsalis","culex",9,"vdci"
"LV077|Pipiens|2022|35","LV-077","LV","LV",2022,35,2022-08-29,"L","Pipiens","culex",0,"vdci"
"LV077|Tarsalis|2022|35","LV-077","LV","LV",2022,35,2022-08-29,"L","Tarsalis","culex",3,"vdci"
"LV077|Pipiens|2023|24","LV-077","LV","LV",2023,24,2023-06-12,"L","Pipiens","culex",3,"vdci"
"LV077|Tarsalis|2023|24","LV-077","LV","LV",2023,24,2023-06-12,"L","Tarsalis","culex",7,"vdci"
"LV077|Pipiens|2023|26","LV-077","LV","LV",2023,26,2023-07-02,"L","Pipiens","culex",14,"vdci"
"LV077|Tarsalis|2023|26","LV-077","LV","LV",2023,26,2023-07-02,"L","Tarsalis","culex",160,"vdci"
"LV077|Pipiens|2023|28","LV-077","LV","LV",2023,28,2023-07-10,"L","Pipiens","culex",0,"vdci"
"LV077|Tarsalis|2023|28","LV-077","LV","LV",2023,28,2023-07-10,"L","Tarsalis","culex",208,"vdci"
"LV077|Pipiens|2023|29","LV-077","LV","LV",2023,29,2023-07-17,"L","Pipiens","culex",0,"vdci"
"LV077|Tarsalis|2023|29","LV-077","LV","LV",2023,29,2023-07-17,"L","Tarsalis","culex",1136,"vdci"
"LV077|Pipiens|2023|30","LV-077","LV","LV",2023,30,2023-07-24,"L","Pipiens","culex",8,"vdci"
"LV077|Tarsalis|2023|30","LV-077","LV","LV",2023,30,2023-07-24,"L","Tarsalis","culex",376,"vdci"
"LV077|Pipiens|2023|31","LV-077","LV","LV",2023,31,2023-07-31,"L","Pipiens","culex",11,"vdci"
"LV077|Tarsalis|2023|31","LV-077","LV","LV",2023,31,2023-07-31,"L","Tarsalis","culex",30,"vdci"
"LV077|Pipiens|2023|32","LV-077","LV","LV",2023,32,2023-08-07,"L","Pipiens","culex",0,"vdci"
"LV077|Tarsalis|2023|32","LV-077","LV","LV",2023,32,2023-08-07,"L","Tarsalis","culex",28,"vdci"
"LV077|Pipiens|2023|33","LV-077","LV","LV",2023,33,2023-08-14,"L","Pipiens","culex",3,"vdci"
"LV077|Tarsalis|2023|33","LV-077","LV","LV",2023,33,2023-08-14,"L","Tarsalis","culex",20,"vdci"
"LV077|Pipiens|2023|34","LV-077","LV","LV",2023,34,2023-08-21,"L","Pipiens","culex",5,"vdci"
"LV077|Tarsalis|2023|34","LV-077","LV","LV",2023,34,2023-08-21,"L","Tarsalis","culex",24,"vdci"
"LV077|Pipiens|2023|35","LV-077","LV","LV",2023,35,2023-08-28,"L","Pipiens","culex",9,"vdci"
"LV077|Tarsalis|2023|35","LV-077","LV","LV",2023,35,2023-08-28,"L","Tarsalis","culex",9,"vdci"
"LV077|Pipiens|2023|36","LV-077","LV","LV",2023,36,2023-09-05,"L","Pipiens","culex",1,"vdci"
"LV077|Tarsalis|2023|36","LV-077","LV","LV",2023,36,2023-09-05,"L","Tarsalis","culex",0,"vdci"
"LV077|Pipiens|2024|25","LV-077","LV","LV",2024,25,2024-06-18,"L","Pipiens","culex",1,"vdci"
"LV077|Tarsalis|2024|25","LV-077","LV","LV",2024,25,2024-06-18,"L","Tarsalis","culex",0,"vdci"
"LV077|Pipiens|2024|26","LV-077","LV","LV",2024,26,2024-06-25,"L","Pipiens","culex",0,"vdci"
"LV077|Tarsalis|2024|26","LV-077","LV","LV",2024,26,2024-06-25,"L","Tarsalis","culex",3,"vdci"
"LV077|Pipiens|2024|27","LV-077","LV","LV",2024,27,2024-07-02,"L","Pipiens","culex",0,"vdci"
"LV077|Tarsalis|2024|27","LV-077","LV","LV",2024,27,2024-07-02,"L","Tarsalis","culex",2,"vdci"
"LV077|Pipiens|2024|28","LV-077","LV","LV",2024,28,2024-07-09,"L","Pipiens","culex",0,"vdci"
"LV077|Tarsalis|2024|28","LV-077","LV","LV",2024,28,2024-07-09,"L","Tarsalis","culex",3,"vdci"
"LV077|Pipiens|2024|29","LV-077","LV","LV",2024,29,2024-07-16,"L","Pipiens","culex",1,"vdci"
"LV077|Tarsalis|2024|29","LV-077","LV","LV",2024,29,2024-07-16,"L","Tarsalis","culex",14,"vdci"
"LV077|Pipiens|2024|30","LV-077","LV","LV",2024,30,2024-07-23,"L","Pipiens","culex",0,"vdci"
"LV077|Tarsalis|2024|30","LV-077","LV","LV",2024,30,2024-07-23,"L","Tarsalis","culex",4,"vdci"
"LV077|Pipiens|2024|31","LV-077","LV","LV",2024,31,2024-07-30,"L","Pipiens","culex",1,"vdci"
"LV077|Tarsalis|2024|31","LV-077","LV","LV",2024,31,2024-07-30,"L","Tarsalis","culex",34,"vdci"
"LV077|Pipiens|2024|32","LV-077","LV","LV",2024,32,2024-08-06,"L","Pipiens","culex",2,"vdci"
"LV077|Tarsalis|2024|32","LV-077","LV","LV",2024,32,2024-08-06,"L","Tarsalis","culex",0,"vdci"
"LV077|Pipiens|2024|33","LV-077","LV","LV",2024,33,2024-08-13,"L","Pipiens","culex",3,"vdci"
"LV077|Tarsalis|2024|33","LV-077","LV","LV",2024,33,2024-08-13,"L","Tarsalis","culex",3,"vdci"
"LV077|Pipiens|2024|34","LV-077","LV","LV",2024,34,2024-08-20,"L","Pipiens","culex",0,"vdci"
"LV077|Tarsalis|2024|34","LV-077","LV","LV",2024,34,2024-08-20,"L","Tarsalis","culex",6,"vdci"
"LV077|Pipiens|2024|35","LV-077","LV","LV",2024,35,2024-08-27,"L","Pipiens","culex",2,"vdci"
"LV077|Tarsalis|2024|35","LV-077","LV","LV",2024,35,2024-08-27,"L","Tarsalis","culex",3,"vdci"
"LV077|Pipiens|2025|25","LV-077","LV","LV",2025,25,2025-06-17,"L","Pipiens","culex",0,"vdci"
"LV077|Tarsalis|2025|25","LV-077","LV","LV",2025,25,2025-06-17,"L","Tarsalis","culex",2,"vdci"
"LV077|Pipiens|2025|26","LV-077","LV","LV",2025,26,2025-06-24,"L","Pipiens","culex",0,"vdci"
"LV077|Tarsalis|2025|26","LV-077","LV","LV",2025,26,2025-06-24,"L","Tarsalis","culex",1,"vdci"
"LV077|Pipiens|2025|27","LV-077","LV","LV",2025,27,2025-07-01,"L","Pipiens","culex",0,"vdci"
"LV077|Tarsalis|2025|27","LV-077","LV","LV",2025,27,2025-07-01,"L","Tarsalis","culex",2,"vdci"
"LV077|Pipiens|2025|28","LV-077","LV","LV",2025,28,2025-07-08,"L","Pipiens","culex",0,"vdci"
"LV077|Tarsalis|2025|28","LV-077","LV","LV",2025,28,2025-07-08,"L","Tarsalis","culex",14,"vdci"
"LV077|Pipiens|2025|29","LV-077","LV","LV",2025,29,2025-07-15,"L","Pipiens","culex",3,"vdci"
"LV077|Tarsalis|2025|29","LV-077","LV","LV",2025,29,2025-07-15,"L","Tarsalis","culex",6,"vdci"
"LV077|Pipiens|2025|30","LV-077","LV","LV",2025,30,2025-07-22,"L","Pipiens","culex",2,"vdci"
"LV077|Tarsalis|2025|30","LV-077","LV","LV",2025,30,2025-07-22,"L","Tarsalis","culex",26,"vdci"
"LV077|Pipiens|2025|32","LV-077","LV","LV",2025,32,2025-08-05,"L","Pipiens","culex",1,"vdci"
"LV077|Tarsalis|2025|32","LV-077","LV","LV",2025,32,2025-08-05,"L","Tarsalis","culex",12,"vdci"
"LV077|Pipiens|2025|33","LV-077","LV","LV",2025,33,2025-08-12,"L","Pipiens","culex",1,"vdci"
"LV077|Tarsalis|2025|33","LV-077","LV","LV",2025,33,2025-08-12,"L","Tarsalis","culex",1,"vdci"
"LV077|Pipiens|2025|34","LV-077","LV","LV",2025,34,2025-08-19,"L","Pipiens","culex",2,"vdci"
"LV077|Tarsalis|2025|34","LV-077","LV","LV",2025,34,2025-08-19,"L","Tarsalis","culex",3,"vdci"
"LV077|Pipiens|2025|35","LV-077","LV","LV",2025,35,2025-08-26,"L","Pipiens","culex",1,"vdci"
"LV077|Tarsalis|2025|35","LV-077","LV","LV",2025,35,2025-08-26,"L","Tarsalis","culex",6,"vdci"
"LV080|Pipiens|2019|26","LV-080","LV","LV",2019,26,2019-06-30,"L","Pipiens","culex",0,"vdci"
"LV080|Tarsalis|2019|26","LV-080","LV","LV",2019,26,2019-06-30,"L","Tarsalis","culex",2,"vdci"
"LV080|Pipiens|2019|27","LV-080","LV","LV",2019,27,2019-07-07,"L","Pipiens","culex",0,"vdci"
"LV080|Tarsalis|2019|27","LV-080","LV","LV",2019,27,2019-07-07,"L","Tarsalis","culex",2,"vdci"
"LV080|Pipiens|2019|30","LV-080","LV","LV",2019,30,2019-07-28,"L","Pipiens","culex",0,"vdci"
"LV080|Tarsalis|2019|30","LV-080","LV","LV",2019,30,2019-07-28,"L","Tarsalis","culex",47,"vdci"
"LV080|Pipiens|2019|31","LV-080","LV","LV",2019,31,2019-08-04,"L","Pipiens","culex",2,"vdci"
"LV080|Tarsalis|2019|31","LV-080","LV","LV",2019,31,2019-08-04,"L","Tarsalis","culex",47,"vdci"
"LV080|Pipiens|2019|32","LV-080","LV","LV",2019,32,2019-08-11,"L","Pipiens","culex",0,"vdci"
"LV080|Tarsalis|2019|32","LV-080","LV","LV",2019,32,2019-08-11,"L","Tarsalis","culex",19,"vdci"
"LV080|Pipiens|2019|33","LV-080","LV","LV",2019,33,2019-08-18,"L","Pipiens","culex",6,"vdci"
"LV080|Tarsalis|2019|33","LV-080","LV","LV",2019,33,2019-08-18,"L","Tarsalis","culex",17,"vdci"
"LV080|Pipiens|2019|34","LV-080","LV","LV",2019,34,2019-08-25,"L","Pipiens","culex",0,"vdci"
"LV080|Tarsalis|2019|34","LV-080","LV","LV",2019,34,2019-08-25,"L","Tarsalis","culex",9,"vdci"
"LV080|Pipiens|2020|23","LV-080","LV","LV",2020,23,2020-06-07,"L","Pipiens","culex",2,"vdci"
"LV080|Tarsalis|2020|23","LV-080","LV","LV",2020,23,2020-06-07,"L","Tarsalis","culex",5,"vdci"
"LV080|Pipiens|2020|25","LV-080","LV","LV",2020,25,2020-06-21,"L","Pipiens","culex",2,"vdci"
"LV080|Tarsalis|2020|25","LV-080","LV","LV",2020,25,2020-06-21,"L","Tarsalis","culex",1,"vdci"
"LV080|Pipiens|2020|26","LV-080","LV","LV",2020,26,2020-06-28,"L","Pipiens","culex",0,"vdci"
"LV080|Tarsalis|2020|26","LV-080","LV","LV",2020,26,2020-06-28,"L","Tarsalis","culex",12,"vdci"
"LV080|Pipiens|2020|27","LV-080","LV","LV",2020,27,2020-07-05,"L","Pipiens","culex",1,"vdci"
"LV080|Tarsalis|2020|27","LV-080","LV","LV",2020,27,2020-07-05,"L","Tarsalis","culex",24,"vdci"
"LV080|Pipiens|2020|28","LV-080","LV","LV",2020,28,2020-07-12,"L","Pipiens","culex",1,"vdci"
"LV080|Tarsalis|2020|28","LV-080","LV","LV",2020,28,2020-07-12,"L","Tarsalis","culex",88,"vdci"
"LV080|Pipiens|2020|29","LV-080","LV","LV",2020,29,2020-07-19,"L","Pipiens","culex",1,"vdci"
"LV080|Tarsalis|2020|29","LV-080","LV","LV",2020,29,2020-07-19,"L","Tarsalis","culex",54,"vdci"
"LV080|Pipiens|2020|30","LV-080","LV","LV",2020,30,2020-07-26,"L","Pipiens","culex",0,"vdci"
"LV080|Tarsalis|2020|30","LV-080","LV","LV",2020,30,2020-07-26,"L","Tarsalis","culex",73,"vdci"
"LV080|Pipiens|2020|31","LV-080","LV","LV",2020,31,2020-08-02,"L","Pipiens","culex",0,"vdci"
"LV080|Tarsalis|2020|31","LV-080","LV","LV",2020,31,2020-08-02,"L","Tarsalis","culex",62,"vdci"
"LV080|Pipiens|2020|32","LV-080","LV","LV",2020,32,2020-08-09,"L","Pipiens","culex",0,"vdci"
"LV080|Tarsalis|2020|32","LV-080","LV","LV",2020,32,2020-08-09,"L","Tarsalis","culex",117,"vdci"
"LV080|Pipiens|2020|33","LV-080","LV","LV",2020,33,2020-08-16,"L","Pipiens","culex",3,"vdci"
"LV080|Tarsalis|2020|33","LV-080","LV","LV",2020,33,2020-08-16,"L","Tarsalis","culex",46,"vdci"
"LV080|Pipiens|2020|34","LV-080","LV","LV",2020,34,2020-08-23,"L","Pipiens","culex",0,"vdci"
"LV080|Tarsalis|2020|34","LV-080","LV","LV",2020,34,2020-08-23,"L","Tarsalis","culex",12,"vdci"
"LV080|Pipiens|2021|22","LV-080","LV","LV",2021,22,2021-06-06,"L","Pipiens","culex",0,"vdci"
"LV080|Tarsalis|2021|22","LV-080","LV","LV",2021,22,2021-06-06,"L","Tarsalis","culex",19,"vdci"
"LV080|Pipiens|2021|23","LV-080","LV","LV",2021,23,2021-06-13,"L","Pipiens","culex",0,"vdci"
"LV080|Tarsalis|2021|23","LV-080","LV","LV",2021,23,2021-06-13,"L","Tarsalis","culex",29,"vdci"
"LV080|Pipiens|2021|24","LV-080","LV","LV",2021,24,2021-06-20,"L","Pipiens","culex",0,"vdci"
"LV080|Tarsalis|2021|24","LV-080","LV","LV",2021,24,2021-06-20,"L","Tarsalis","culex",9,"vdci"
"LV080|Pipiens|2021|25","LV-080","LV","LV",2021,25,2021-06-27,"L","Pipiens","culex",0,"vdci"
"LV080|Tarsalis|2021|25","LV-080","LV","LV",2021,25,2021-06-27,"L","Tarsalis","culex",24,"vdci"
"LV080|Pipiens|2021|26","LV-080","LV","LV",2021,26,2021-07-04,"L","Pipiens","culex",5,"vdci"
"LV080|Tarsalis|2021|26","LV-080","LV","LV",2021,26,2021-07-04,"L","Tarsalis","culex",206,"vdci"
"LV080|Pipiens|2021|27","LV-080","LV","LV",2021,27,2021-07-11,"L","Pipiens","culex",8,"vdci"
"LV080|Tarsalis|2021|27","LV-080","LV","LV",2021,27,2021-07-11,"L","Tarsalis","culex",172,"vdci"
"LV080|Pipiens|2021|28","LV-080","LV","LV",2021,28,2021-07-18,"L","Pipiens","culex",0,"vdci"
"LV080|Tarsalis|2021|28","LV-080","LV","LV",2021,28,2021-07-18,"L","Tarsalis","culex",300,"vdci"
"LV080|Pipiens|2021|29","LV-080","LV","LV",2021,29,2021-07-25,"L","Pipiens","culex",16,"vdci"
"LV080|Tarsalis|2021|29","LV-080","LV","LV",2021,29,2021-07-25,"L","Tarsalis","culex",228,"vdci"
"LV080|Pipiens|2021|30","LV-080","LV","LV",2021,30,2021-08-01,"L","Pipiens","culex",20,"vdci"
"LV080|Tarsalis|2021|30","LV-080","LV","LV",2021,30,2021-08-01,"L","Tarsalis","culex",68,"vdci"
"LV080|Pipiens|2021|31","LV-080","LV","LV",2021,31,2021-08-08,"L","Pipiens","culex",14,"vdci"
"LV080|Tarsalis|2021|31","LV-080","LV","LV",2021,31,2021-08-08,"L","Tarsalis","culex",23,"vdci"
"LV080|Pipiens|2021|32","LV-080","LV","LV",2021,32,2021-08-15,"L","Pipiens","culex",10,"vdci"
"LV080|Tarsalis|2021|32","LV-080","LV","LV",2021,32,2021-08-15,"L","Tarsalis","culex",26,"vdci"
"LV080|Pipiens|2021|33","LV-080","LV","LV",2021,33,2021-08-22,"L","Pipiens","culex",7,"vdci"
"LV080|Tarsalis|2021|33","LV-080","LV","LV",2021,33,2021-08-22,"L","Tarsalis","culex",23,"vdci"
"LV080|Pipiens|2021|34","LV-080","LV","LV",2021,34,2021-08-29,"L","Pipiens","culex",7,"vdci"
"LV080|Tarsalis|2021|34","LV-080","LV","LV",2021,34,2021-08-29,"L","Tarsalis","culex",11,"vdci"
"LV080|Pipiens|2022|22","LV-080","LV","LV",2022,22,2022-06-05,"L","Pipiens","culex",0,"vdci"
"LV080|Tarsalis|2022|22","LV-080","LV","LV",2022,22,2022-06-05,"L","Tarsalis","culex",7,"vdci"
"LV080|Pipiens|2022|23","LV-080","LV","LV",2022,23,2022-06-12,"L","Pipiens","culex",0,"vdci"
"LV080|Tarsalis|2022|23","LV-080","LV","LV",2022,23,2022-06-12,"L","Tarsalis","culex",13,"vdci"
"LV080|Pipiens|2022|24","LV-080","LV","LV",2022,24,2022-06-19,"L","Pipiens","culex",2,"vdci"
"LV080|Tarsalis|2022|24","LV-080","LV","LV",2022,24,2022-06-19,"L","Tarsalis","culex",21,"vdci"
"LV080|Pipiens|2022|25","LV-080","LV","LV",2022,25,2022-06-26,"L","Pipiens","culex",0,"vdci"
"LV080|Tarsalis|2022|25","LV-080","LV","LV",2022,25,2022-06-26,"L","Tarsalis","culex",11,"vdci"
"LV080|Pipiens|2022|26","LV-080","LV","LV",2022,26,2022-07-03,"L","Pipiens","culex",3,"vdci"
"LV080|Tarsalis|2022|26","LV-080","LV","LV",2022,26,2022-07-03,"L","Tarsalis","culex",82,"vdci"
"LV080|Pipiens|2022|27","LV-080","LV","LV",2022,27,2022-07-10,"L","Pipiens","culex",0,"vdci"
"LV080|Tarsalis|2022|27","LV-080","LV","LV",2022,27,2022-07-10,"L","Tarsalis","culex",61,"vdci"
"LV080|Pipiens|2022|28","LV-080","LV","LV",2022,28,2022-07-17,"L","Pipiens","culex",0,"vdci"
"LV080|Tarsalis|2022|28","LV-080","LV","LV",2022,28,2022-07-17,"L","Tarsalis","culex",168,"vdci"
"LV080|Pipiens|2022|29","LV-080","LV","LV",2022,29,2022-07-24,"L","Pipiens","culex",10,"vdci"
"LV080|Tarsalis|2022|29","LV-080","LV","LV",2022,29,2022-07-24,"L","Tarsalis","culex",50,"vdci"
"LV080|Pipiens|2022|30","LV-080","LV","LV",2022,30,2022-07-31,"L","Pipiens","culex",7,"vdci"
"LV080|Tarsalis|2022|30","LV-080","LV","LV",2022,30,2022-07-31,"L","Tarsalis","culex",32,"vdci"
"LV080|Pipiens|2022|31","LV-080","LV","LV",2022,31,2022-08-07,"L","Pipiens","culex",1,"vdci"
"LV080|Tarsalis|2022|31","LV-080","LV","LV",2022,31,2022-08-07,"L","Tarsalis","culex",30,"vdci"
"LV080|Pipiens|2022|32","LV-080","LV","LV",2022,32,2022-08-14,"L","Pipiens","culex",11,"vdci"
"LV080|Tarsalis|2022|32","LV-080","LV","LV",2022,32,2022-08-14,"L","Tarsalis","culex",31,"vdci"
"LV080|Pipiens|2022|33","LV-080","LV","LV",2022,33,2022-08-21,"L","Pipiens","culex",7,"vdci"
"LV080|Tarsalis|2022|33","LV-080","LV","LV",2022,33,2022-08-21,"L","Tarsalis","culex",24,"vdci"
"LV080|Pipiens|2022|34","LV-080","LV","LV",2022,34,2022-08-28,"L","Pipiens","culex",17,"vdci"
"LV080|Tarsalis|2022|34","LV-080","LV","LV",2022,34,2022-08-28,"L","Tarsalis","culex",11,"vdci"
"LV080|Pipiens|2023|22","LV-080","LV","LV",2023,22,2023-06-04,"L","Pipiens","culex",0,"vdci"
"LV080|Tarsalis|2023|22","LV-080","LV","LV",2023,22,2023-06-04,"L","Tarsalis","culex",4,"vdci"
"LV080|Pipiens|2023|23","LV-080","LV","LV",2023,23,2023-06-11,"L","Pipiens","culex",0,"vdci"
"LV080|Tarsalis|2023|23","LV-080","LV","LV",2023,23,2023-06-11,"L","Tarsalis","culex",1,"vdci"
"LV080|Pipiens|2023|24","LV-080","LV","LV",2023,24,2023-06-18,"L","Pipiens","culex",8,"vdci"
"LV080|Tarsalis|2023|24","LV-080","LV","LV",2023,24,2023-06-18,"L","Tarsalis","culex",48,"vdci"
"LV080|Pipiens|2023|25","LV-080","LV","LV",2023,25,2023-06-25,"L","Pipiens","culex",4,"vdci"
"LV080|Tarsalis|2023|25","LV-080","LV","LV",2023,25,2023-06-25,"L","Tarsalis","culex",552,"vdci"
"LV080|Pipiens|2023|26","LV-080","LV","LV",2023,26,2023-07-02,"L","Pipiens","culex",0,"vdci"
"LV080|Tarsalis|2023|26","LV-080","LV","LV",2023,26,2023-07-02,"L","Tarsalis","culex",448,"vdci"
"LV080|Pipiens|2023|27","LV-080","LV","LV",2023,27,2023-07-09,"L","Pipiens","culex",5,"vdci"
"LV080|Tarsalis|2023|27","LV-080","LV","LV",2023,27,2023-07-09,"L","Tarsalis","culex",26,"vdci"
"LV080|Pipiens|2023|28","LV-080","LV","LV",2023,28,2023-07-16,"L","Pipiens","culex",0,"vdci"
"LV080|Tarsalis|2023|28","LV-080","LV","LV",2023,28,2023-07-16,"L","Tarsalis","culex",1520,"vdci"
"LV080|Pipiens|2023|30","LV-080","LV","LV",2023,30,2023-07-24,"L","Pipiens","culex",8,"vdci"
"LV080|Tarsalis|2023|30","LV-080","LV","LV",2023,30,2023-07-24,"L","Tarsalis","culex",384,"vdci"
"LV080|Pipiens|2023|31","LV-080","LV","LV",2023,31,2023-08-06,"L","Pipiens","culex",4,"vdci"
"LV080|Tarsalis|2023|31","LV-080","LV","LV",2023,31,2023-08-06,"L","Tarsalis","culex",264,"vdci"
"LV080|Pipiens|2023|32","LV-080","LV","LV",2023,32,2023-08-13,"L","Pipiens","culex",16,"vdci"
"LV080|Tarsalis|2023|32","LV-080","LV","LV",2023,32,2023-08-13,"L","Tarsalis","culex",64,"vdci"
"LV080|Pipiens|2023|33","LV-080","LV","LV",2023,33,2023-08-20,"L","Pipiens","culex",20,"vdci"
"LV080|Tarsalis|2023|33","LV-080","LV","LV",2023,33,2023-08-20,"L","Tarsalis","culex",64,"vdci"
"LV080|Pipiens|2023|34","LV-080","LV","LV",2023,34,2023-08-27,"L","Pipiens","culex",1,"vdci"
"LV080|Tarsalis|2023|34","LV-080","LV","LV",2023,34,2023-08-27,"L","Tarsalis","culex",26,"vdci"
"LV080|Pipiens|2023|36","LV-080","LV","LV",2023,36,2023-09-04,"L","Pipiens","culex",8,"vdci"
"LV080|Tarsalis|2023|36","LV-080","LV","LV",2023,36,2023-09-04,"L","Tarsalis","culex",9,"vdci"
"LV080|Pipiens|2024|25","LV-080","LV","LV",2024,25,2024-06-17,"L","Pipiens","culex",2,"vdci"
"LV080|Tarsalis|2024|25","LV-080","LV","LV",2024,25,2024-06-17,"L","Tarsalis","culex",22,"vdci"
"LV080|Pipiens|2024|26","LV-080","LV","LV",2024,26,2024-06-24,"L","Pipiens","culex",3,"vdci"
"LV080|Tarsalis|2024|26","LV-080","LV","LV",2024,26,2024-06-24,"L","Tarsalis","culex",18,"vdci"
"LV080|Pipiens|2024|27","LV-080","LV","LV",2024,27,2024-07-01,"L","Pipiens","culex",0,"vdci"
"LV080|Tarsalis|2024|27","LV-080","LV","LV",2024,27,2024-07-01,"L","Tarsalis","culex",13,"vdci"
"LV080|Pipiens|2024|28","LV-080","LV","LV",2024,28,2024-07-08,"L","Pipiens","culex",13,"vdci"
"LV080|Tarsalis|2024|28","LV-080","LV","LV",2024,28,2024-07-08,"L","Tarsalis","culex",43,"vdci"
"LV080|Pipiens|2024|29","LV-080","LV","LV",2024,29,2024-07-15,"L","Pipiens","culex",3,"vdci"
"LV080|Tarsalis|2024|29","LV-080","LV","LV",2024,29,2024-07-15,"L","Tarsalis","culex",15,"vdci"
"LV080|Pipiens|2024|30","LV-080","LV","LV",2024,30,2024-07-22,"L","Pipiens","culex",8,"vdci"
"LV080|Tarsalis|2024|30","LV-080","LV","LV",2024,30,2024-07-22,"L","Tarsalis","culex",19,"vdci"
"LV080|Pipiens|2024|31","LV-080","LV","LV",2024,31,2024-07-29,"L","Pipiens","culex",2,"vdci"
"LV080|Tarsalis|2024|31","LV-080","LV","LV",2024,31,2024-07-29,"L","Tarsalis","culex",10,"vdci"
"LV080|Pipiens|2024|32","LV-080","LV","LV",2024,32,2024-08-05,"L","Pipiens","culex",1,"vdci"
"LV080|Tarsalis|2024|32","LV-080","LV","LV",2024,32,2024-08-05,"L","Tarsalis","culex",20,"vdci"
"LV080|Pipiens|2024|33","LV-080","LV","LV",2024,33,2024-08-12,"L","Pipiens","culex",1,"vdci"
"LV080|Tarsalis|2024|33","LV-080","LV","LV",2024,33,2024-08-12,"L","Tarsalis","culex",8,"vdci"
"LV080|Pipiens|2024|34","LV-080","LV","LV",2024,34,2024-08-19,"L","Pipiens","culex",0,"vdci"
"LV080|Tarsalis|2024|34","LV-080","LV","LV",2024,34,2024-08-19,"L","Tarsalis","culex",13,"vdci"
"LV080|Pipiens|2024|35","LV-080","LV","LV",2024,35,2024-08-26,"L","Pipiens","culex",4,"vdci"
"LV080|Tarsalis|2024|35","LV-080","LV","LV",2024,35,2024-08-26,"L","Tarsalis","culex",1,"vdci"
"LV080|Pipiens|2025|23","LV-080","LV","LV",2025,23,2025-06-02,"L","Pipiens","culex",4,"vdci"
"LV080|Tarsalis|2025|23","LV-080","LV","LV",2025,23,2025-06-02,"L","Tarsalis","culex",3,"vdci"
"LV080|Pipiens|2025|24","LV-080","LV","LV",2025,24,2025-06-09,"L","Pipiens","culex",3,"vdci"
"LV080|Tarsalis|2025|24","LV-080","LV","LV",2025,24,2025-06-09,"L","Tarsalis","culex",5,"vdci"
"LV080|Pipiens|2025|25","LV-080","LV","LV",2025,25,2025-06-16,"L","Pipiens","culex",0,"vdci"
"LV080|Tarsalis|2025|25","LV-080","LV","LV",2025,25,2025-06-16,"L","Tarsalis","culex",44,"vdci"
"LV080|Pipiens|2025|26","LV-080","LV","LV",2025,26,2025-06-23,"L","Pipiens","culex",1,"vdci"
"LV080|Tarsalis|2025|26","LV-080","LV","LV",2025,26,2025-06-23,"L","Tarsalis","culex",32,"vdci"
"LV080|Pipiens|2025|27","LV-080","LV","LV",2025,27,2025-06-30,"L","Pipiens","culex",1,"vdci"
"LV080|Tarsalis|2025|27","LV-080","LV","LV",2025,27,2025-06-30,"L","Tarsalis","culex",119,"vdci"
"LV080|Pipiens|2025|28","LV-080","LV","LV",2025,28,2025-07-07,"L","Pipiens","culex",2,"vdci"
"LV080|Tarsalis|2025|28","LV-080","LV","LV",2025,28,2025-07-07,"L","Tarsalis","culex",91,"vdci"
"LV080|Pipiens|2025|29","LV-080","LV","LV",2025,29,2025-07-14,"L","Pipiens","culex",0,"vdci"
"LV080|Tarsalis|2025|29","LV-080","LV","LV",2025,29,2025-07-14,"L","Tarsalis","culex",102,"vdci"
"LV080|Pipiens|2025|30","LV-080","LV","LV",2025,30,2025-07-21,"L","Pipiens","culex",4,"vdci"
"LV080|Tarsalis|2025|30","LV-080","LV","LV",2025,30,2025-07-21,"L","Tarsalis","culex",52,"vdci"
"LV080|Pipiens|2025|31","LV-080","LV","LV",2025,31,2025-07-28,"L","Pipiens","culex",0,"vdci"
"LV080|Tarsalis|2025|31","LV-080","LV","LV",2025,31,2025-07-28,"L","Tarsalis","culex",84,"vdci"
"LV080|Pipiens|2025|32","LV-080","LV","LV",2025,32,2025-08-04,"L","Pipiens","culex",8,"vdci"
"LV080|Tarsalis|2025|32","LV-080","LV","LV",2025,32,2025-08-04,"L","Tarsalis","culex",70,"vdci"
"LV080|Pipiens|2025|33","LV-080","LV","LV",2025,33,2025-08-11,"L","Pipiens","culex",1,"vdci"
"LV080|Tarsalis|2025|33","LV-080","LV","LV",2025,33,2025-08-11,"L","Tarsalis","culex",5,"vdci"
"LV080|Pipiens|2025|34","LV-080","LV","LV",2025,34,2025-08-18,"L","Pipiens","culex",7,"vdci"
"LV080|Tarsalis|2025|34","LV-080","LV","LV",2025,34,2025-08-18,"L","Tarsalis","culex",11,"vdci"
"LV080|Pipiens|2025|35","LV-080","LV","LV",2025,35,2025-08-25,"L","Pipiens","culex",8,"vdci"
"LV080|Tarsalis|2025|35","LV-080","LV","LV",2025,35,2025-08-25,"L","Tarsalis","culex",21,"vdci"
"LV088|Pipiens|2019|23","LV-088","LV","LV",2019,23,2019-06-09,"L","Pipiens","culex",1,"vdci"
"LV088|Tarsalis|2019|23","LV-088","LV","LV",2019,23,2019-06-09,"L","Tarsalis","culex",1,"vdci"
"LV088|Pipiens|2019|26","LV-088","LV","LV",2019,26,2019-06-30,"L","Pipiens","culex",0,"vdci"
"LV088|Tarsalis|2019|26","LV-088","LV","LV",2019,26,2019-06-30,"L","Tarsalis","culex",8,"vdci"
"LV088|Pipiens|2019|27","LV-088","LV","LV",2019,27,2019-07-07,"L","Pipiens","culex",0,"vdci"
"LV088|Tarsalis|2019|27","LV-088","LV","LV",2019,27,2019-07-07,"L","Tarsalis","culex",18,"vdci"
"LV088|Pipiens|2019|28","LV-088","LV","LV",2019,28,2019-07-14,"L","Pipiens","culex",2,"vdci"
"LV088|Tarsalis|2019|28","LV-088","LV","LV",2019,28,2019-07-14,"L","Tarsalis","culex",40,"vdci"
"LV088|Pipiens|2019|29","LV-088","LV","LV",2019,29,2019-07-21,"L","Pipiens","culex",0,"vdci"
"LV088|Tarsalis|2019|29","LV-088","LV","LV",2019,29,2019-07-21,"L","Tarsalis","culex",6,"vdci"
"LV088|Pipiens|2019|30","LV-088","LV","LV",2019,30,2019-07-28,"L","Pipiens","culex",2,"vdci"
"LV088|Tarsalis|2019|30","LV-088","LV","LV",2019,30,2019-07-28,"L","Tarsalis","culex",135,"vdci"
"LV088|Pipiens|2019|31","LV-088","LV","LV",2019,31,2019-08-04,"L","Pipiens","culex",6,"vdci"
"LV088|Tarsalis|2019|31","LV-088","LV","LV",2019,31,2019-08-04,"L","Tarsalis","culex",127,"vdci"
"LV088|Pipiens|2019|32","LV-088","LV","LV",2019,32,2019-08-11,"L","Pipiens","culex",0,"vdci"
"LV088|Tarsalis|2019|32","LV-088","LV","LV",2019,32,2019-08-11,"L","Tarsalis","culex",26,"vdci"
"LV088|Pipiens|2019|33","LV-088","LV","LV",2019,33,2019-08-18,"L","Pipiens","culex",8,"vdci"
"LV088|Tarsalis|2019|33","LV-088","LV","LV",2019,33,2019-08-18,"L","Tarsalis","culex",84,"vdci"
"LV088|Pipiens|2019|34","LV-088","LV","LV",2019,34,2019-08-25,"L","Pipiens","culex",2,"vdci"
"LV088|Tarsalis|2019|34","LV-088","LV","LV",2019,34,2019-08-25,"L","Tarsalis","culex",23,"vdci"
"LV088|Pipiens|2020|24","LV-088","LV","LV",2020,24,2020-06-14,"L","Pipiens","culex",1,"vdci"
"LV088|Tarsalis|2020|24","LV-088","LV","LV",2020,24,2020-06-14,"L","Tarsalis","culex",1,"vdci"
"LV088|Pipiens|2020|26","LV-088","LV","LV",2020,26,2020-06-28,"L","Pipiens","culex",0,"vdci"
"LV088|Tarsalis|2020|26","LV-088","LV","LV",2020,26,2020-06-28,"L","Tarsalis","culex",4,"vdci"
"LV088|Pipiens|2020|27","LV-088","LV","LV",2020,27,2020-07-05,"L","Pipiens","culex",0,"vdci"
"LV088|Tarsalis|2020|27","LV-088","LV","LV",2020,27,2020-07-05,"L","Tarsalis","culex",8,"vdci"
"LV088|Pipiens|2020|28","LV-088","LV","LV",2020,28,2020-07-12,"L","Pipiens","culex",0,"vdci"
"LV088|Tarsalis|2020|28","LV-088","LV","LV",2020,28,2020-07-12,"L","Tarsalis","culex",14,"vdci"
"LV088|Pipiens|2020|29","LV-088","LV","LV",2020,29,2020-07-19,"L","Pipiens","culex",3,"vdci"
"LV088|Tarsalis|2020|29","LV-088","LV","LV",2020,29,2020-07-19,"L","Tarsalis","culex",16,"vdci"
"LV088|Pipiens|2020|30","LV-088","LV","LV",2020,30,2020-07-26,"L","Pipiens","culex",0,"vdci"
"LV088|Tarsalis|2020|30","LV-088","LV","LV",2020,30,2020-07-26,"L","Tarsalis","culex",54,"vdci"
"LV088|Pipiens|2020|31","LV-088","LV","LV",2020,31,2020-08-02,"L","Pipiens","culex",2,"vdci"
"LV088|Tarsalis|2020|31","LV-088","LV","LV",2020,31,2020-08-02,"L","Tarsalis","culex",18,"vdci"
"LV088|Pipiens|2020|32","LV-088","LV","LV",2020,32,2020-08-09,"L","Pipiens","culex",0,"vdci"
"LV088|Tarsalis|2020|32","LV-088","LV","LV",2020,32,2020-08-09,"L","Tarsalis","culex",14,"vdci"
"LV088|Pipiens|2020|33","LV-088","LV","LV",2020,33,2020-08-16,"L","Pipiens","culex",0,"vdci"
"LV088|Tarsalis|2020|33","LV-088","LV","LV",2020,33,2020-08-16,"L","Tarsalis","culex",4,"vdci"
"LV088|Pipiens|2020|34","LV-088","LV","LV",2020,34,2020-08-23,"L","Pipiens","culex",0,"vdci"
"LV088|Tarsalis|2020|34","LV-088","LV","LV",2020,34,2020-08-23,"L","Tarsalis","culex",17,"vdci"
"LV088|Pipiens|2021|22","LV-088","LV","LV",2021,22,2021-06-06,"L","Pipiens","culex",0,"vdci"
"LV088|Tarsalis|2021|22","LV-088","LV","LV",2021,22,2021-06-06,"L","Tarsalis","culex",1,"vdci"
"LV088|Pipiens|2021|23","LV-088","LV","LV",2021,23,2021-06-13,"L","Pipiens","culex",0,"vdci"
"LV088|Tarsalis|2021|23","LV-088","LV","LV",2021,23,2021-06-13,"L","Tarsalis","culex",17,"vdci"
"LV088|Pipiens|2021|25","LV-088","LV","LV",2021,25,2021-06-27,"L","Pipiens","culex",4,"vdci"
"LV088|Tarsalis|2021|25","LV-088","LV","LV",2021,25,2021-06-27,"L","Tarsalis","culex",31,"vdci"
"LV088|Pipiens|2021|26","LV-088","LV","LV",2021,26,2021-07-04,"L","Pipiens","culex",12,"vdci"
"LV088|Tarsalis|2021|26","LV-088","LV","LV",2021,26,2021-07-04,"L","Tarsalis","culex",168,"vdci"
"LV088|Pipiens|2021|27","LV-088","LV","LV",2021,27,2021-07-11,"L","Pipiens","culex",16,"vdci"
"LV088|Tarsalis|2021|27","LV-088","LV","LV",2021,27,2021-07-11,"L","Tarsalis","culex",148,"vdci"
"LV088|Pipiens|2021|28","LV-088","LV","LV",2021,28,2021-07-18,"L","Pipiens","culex",24,"vdci"
"LV088|Tarsalis|2021|28","LV-088","LV","LV",2021,28,2021-07-18,"L","Tarsalis","culex",152,"vdci"
"LV088|Pipiens|2021|29","LV-088","LV","LV",2021,29,2021-07-25,"L","Pipiens","culex",6,"vdci"
"LV088|Tarsalis|2021|29","LV-088","LV","LV",2021,29,2021-07-25,"L","Tarsalis","culex",85,"vdci"
"LV088|Pipiens|2021|30","LV-088","LV","LV",2021,30,2021-08-01,"L","Pipiens","culex",32,"vdci"
"LV088|Tarsalis|2021|30","LV-088","LV","LV",2021,30,2021-08-01,"L","Tarsalis","culex",99,"vdci"
"LV088|Pipiens|2021|31","LV-088","LV","LV",2021,31,2021-08-08,"L","Pipiens","culex",47,"vdci"
"LV088|Tarsalis|2021|31","LV-088","LV","LV",2021,31,2021-08-08,"L","Tarsalis","culex",81,"vdci"
"LV088|Pipiens|2021|32","LV-088","LV","LV",2021,32,2021-08-15,"L","Pipiens","culex",33,"vdci"
"LV088|Tarsalis|2021|32","LV-088","LV","LV",2021,32,2021-08-15,"L","Tarsalis","culex",52,"vdci"
"LV088|Pipiens|2021|33","LV-088","LV","LV",2021,33,2021-08-22,"L","Pipiens","culex",19,"vdci"
"LV088|Tarsalis|2021|33","LV-088","LV","LV",2021,33,2021-08-22,"L","Tarsalis","culex",55,"vdci"
"LV088|Pipiens|2021|34","LV-088","LV","LV",2021,34,2021-08-29,"L","Pipiens","culex",14,"vdci"
"LV088|Tarsalis|2021|34","LV-088","LV","LV",2021,34,2021-08-29,"L","Tarsalis","culex",7,"vdci"
"LV088|Pipiens|2022|22","LV-088","LV","LV",2022,22,2022-06-05,"L","Pipiens","culex",0,"vdci"
"LV088|Tarsalis|2022|22","LV-088","LV","LV",2022,22,2022-06-05,"L","Tarsalis","culex",1,"vdci"
"LV088|Pipiens|2022|23","LV-088","LV","LV",2022,23,2022-06-12,"L","Pipiens","culex",0,"vdci"
"LV088|Tarsalis|2022|23","LV-088","LV","LV",2022,23,2022-06-12,"L","Tarsalis","culex",12,"vdci"
"LV088|Pipiens|2022|24","LV-088","LV","LV",2022,24,2022-06-19,"L","Pipiens","culex",0,"vdci"
"LV088|Tarsalis|2022|24","LV-088","LV","LV",2022,24,2022-06-19,"L","Tarsalis","culex",13,"vdci"
"LV088|Pipiens|2022|25","LV-088","LV","LV",2022,25,2022-06-26,"L","Pipiens","culex",5,"vdci"
"LV088|Tarsalis|2022|25","LV-088","LV","LV",2022,25,2022-06-26,"L","Tarsalis","culex",1,"vdci"
"LV088|Pipiens|2022|26","LV-088","LV","LV",2022,26,2022-07-03,"L","Pipiens","culex",10,"vdci"
"LV088|Tarsalis|2022|26","LV-088","LV","LV",2022,26,2022-07-03,"L","Tarsalis","culex",61,"vdci"
"LV088|Pipiens|2022|27","LV-088","LV","LV",2022,27,2022-07-10,"L","Pipiens","culex",11,"vdci"
"LV088|Tarsalis|2022|27","LV-088","LV","LV",2022,27,2022-07-10,"L","Tarsalis","culex",61,"vdci"
"LV088|Pipiens|2022|28","LV-088","LV","LV",2022,28,2022-07-17,"L","Pipiens","culex",17,"vdci"
"LV088|Tarsalis|2022|28","LV-088","LV","LV",2022,28,2022-07-17,"L","Tarsalis","culex",45,"vdci"
"LV088|Pipiens|2022|29","LV-088","LV","LV",2022,29,2022-07-24,"L","Pipiens","culex",4,"vdci"
"LV088|Tarsalis|2022|29","LV-088","LV","LV",2022,29,2022-07-24,"L","Tarsalis","culex",16,"vdci"
"LV088|Pipiens|2022|30","LV-088","LV","LV",2022,30,2022-07-31,"L","Pipiens","culex",13,"vdci"
"LV088|Tarsalis|2022|30","LV-088","LV","LV",2022,30,2022-07-31,"L","Tarsalis","culex",66,"vdci"
"LV088|Pipiens|2022|31","LV-088","LV","LV",2022,31,2022-08-07,"L","Pipiens","culex",14,"vdci"
"LV088|Tarsalis|2022|31","LV-088","LV","LV",2022,31,2022-08-07,"L","Tarsalis","culex",31,"vdci"
"LV088|Pipiens|2022|32","LV-088","LV","LV",2022,32,2022-08-14,"L","Pipiens","culex",15,"vdci"
"LV088|Tarsalis|2022|32","LV-088","LV","LV",2022,32,2022-08-14,"L","Tarsalis","culex",29,"vdci"
"LV088|Pipiens|2022|33","LV-088","LV","LV",2022,33,2022-08-21,"L","Pipiens","culex",3,"vdci"
"LV088|Tarsalis|2022|33","LV-088","LV","LV",2022,33,2022-08-21,"L","Tarsalis","culex",26,"vdci"
"LV088|Pipiens|2022|34","LV-088","LV","LV",2022,34,2022-08-28,"L","Pipiens","culex",1,"vdci"
"LV088|Tarsalis|2022|34","LV-088","LV","LV",2022,34,2022-08-28,"L","Tarsalis","culex",1,"vdci"
"LV088|Pipiens|2023|22","LV-088","LV","LV",2023,22,2023-06-04,"L","Pipiens","culex",1,"vdci"
"LV088|Tarsalis|2023|22","LV-088","LV","LV",2023,22,2023-06-04,"L","Tarsalis","culex",2,"vdci"
"LV088|Pipiens|2023|23","LV-088","LV","LV",2023,23,2023-06-11,"L","Pipiens","culex",2,"vdci"
"LV088|Tarsalis|2023|23","LV-088","LV","LV",2023,23,2023-06-11,"L","Tarsalis","culex",4,"vdci"
"LV088|Pipiens|2023|24","LV-088","LV","LV",2023,24,2023-06-18,"L","Pipiens","culex",2,"vdci"
"LV088|Tarsalis|2023|24","LV-088","LV","LV",2023,24,2023-06-18,"L","Tarsalis","culex",71,"vdci"
"LV088|Pipiens|2023|25","LV-088","LV","LV",2023,25,2023-06-25,"L","Pipiens","culex",4,"vdci"
"LV088|Tarsalis|2023|25","LV-088","LV","LV",2023,25,2023-06-25,"L","Tarsalis","culex",288,"vdci"
"LV088|Pipiens|2023|26","LV-088","LV","LV",2023,26,2023-07-02,"L","Pipiens","culex",0,"vdci"
"LV088|Tarsalis|2023|26","LV-088","LV","LV",2023,26,2023-07-02,"L","Tarsalis","culex",320,"vdci"
"LV088|Pipiens|2023|27","LV-088","LV","LV",2023,27,2023-07-09,"L","Pipiens","culex",0,"vdci"
"LV088|Tarsalis|2023|27","LV-088","LV","LV",2023,27,2023-07-09,"L","Tarsalis","culex",18,"vdci"
"LV088|Pipiens|2023|28","LV-088","LV","LV",2023,28,2023-07-16,"L","Pipiens","culex",208,"vdci"
"LV088|Tarsalis|2023|28","LV-088","LV","LV",2023,28,2023-07-16,"L","Tarsalis","culex",1968,"vdci"
"LV088|Pipiens|2023|29","LV-088","LV","LV",2023,29,2023-07-23,"L","Pipiens","culex",0,"vdci"
"LV088|Tarsalis|2023|29","LV-088","LV","LV",2023,29,2023-07-23,"L","Tarsalis","culex",29,"vdci"
"LV088|Pipiens|2023|30","LV-088","LV","LV",2023,30,2023-07-30,"L","Pipiens","culex",0,"vdci"
"LV088|Tarsalis|2023|30","LV-088","LV","LV",2023,30,2023-07-30,"L","Tarsalis","culex",560,"vdci"
"LV088|Pipiens|2023|31","LV-088","LV","LV",2023,31,2023-08-06,"L","Pipiens","culex",2,"vdci"
"LV088|Tarsalis|2023|31","LV-088","LV","LV",2023,31,2023-08-06,"L","Tarsalis","culex",45,"vdci"
"LV088|Pipiens|2023|32","LV-088","LV","LV",2023,32,2023-08-13,"L","Pipiens","culex",36,"vdci"
"LV088|Tarsalis|2023|32","LV-088","LV","LV",2023,32,2023-08-13,"L","Tarsalis","culex",68,"vdci"
"LV088|Pipiens|2023|33","LV-088","LV","LV",2023,33,2023-08-20,"L","Pipiens","culex",52,"vdci"
"LV088|Tarsalis|2023|33","LV-088","LV","LV",2023,33,2023-08-20,"L","Tarsalis","culex",44,"vdci"
"LV088|Pipiens|2023|34","LV-088","LV","LV",2023,34,2023-08-27,"L","Pipiens","culex",0,"vdci"
"LV088|Tarsalis|2023|34","LV-088","LV","LV",2023,34,2023-08-27,"L","Tarsalis","culex",11,"vdci"
"LV088|Pipiens|2023|36","LV-088","LV","LV",2023,36,2023-09-04,"L","Pipiens","culex",5,"vdci"
"LV088|Tarsalis|2023|36","LV-088","LV","LV",2023,36,2023-09-04,"L","Tarsalis","culex",11,"vdci"
"LV088|Pipiens|2024|25","LV-088","LV","LV",2024,25,2024-06-17,"L","Pipiens","culex",3,"vdci"
"LV088|Tarsalis|2024|25","LV-088","LV","LV",2024,25,2024-06-17,"L","Tarsalis","culex",31,"vdci"
"LV088|Pipiens|2024|26","LV-088","LV","LV",2024,26,2024-06-24,"L","Pipiens","culex",2,"vdci"
"LV088|Tarsalis|2024|26","LV-088","LV","LV",2024,26,2024-06-24,"L","Tarsalis","culex",46,"vdci"
"LV088|Pipiens|2024|27","LV-088","LV","LV",2024,27,2024-07-01,"L","Pipiens","culex",2,"vdci"
"LV088|Tarsalis|2024|27","LV-088","LV","LV",2024,27,2024-07-01,"L","Tarsalis","culex",32,"vdci"
"LV088|Pipiens|2024|28","LV-088","LV","LV",2024,28,2024-07-08,"L","Pipiens","culex",2,"vdci"
"LV088|Tarsalis|2024|28","LV-088","LV","LV",2024,28,2024-07-08,"L","Tarsalis","culex",10,"vdci"
"LV088|Pipiens|2024|29","LV-088","LV","LV",2024,29,2024-07-15,"L","Pipiens","culex",2,"vdci"
"LV088|Tarsalis|2024|29","LV-088","LV","LV",2024,29,2024-07-15,"L","Tarsalis","culex",41,"vdci"
"LV088|Pipiens|2024|30","LV-088","LV","LV",2024,30,2024-07-22,"L","Pipiens","culex",5,"vdci"
"LV088|Tarsalis|2024|30","LV-088","LV","LV",2024,30,2024-07-22,"L","Tarsalis","culex",18,"vdci"
"LV088|Pipiens|2024|31","LV-088","LV","LV",2024,31,2024-07-29,"L","Pipiens","culex",24,"vdci"
"LV088|Tarsalis|2024|31","LV-088","LV","LV",2024,31,2024-07-29,"L","Tarsalis","culex",79,"vdci"
"LV088|Pipiens|2024|32","LV-088","LV","LV",2024,32,2024-08-05,"L","Pipiens","culex",13,"vdci"
"LV088|Tarsalis|2024|32","LV-088","LV","LV",2024,32,2024-08-05,"L","Tarsalis","culex",43,"vdci"
"LV088|Pipiens|2024|33","LV-088","LV","LV",2024,33,2024-08-12,"L","Pipiens","culex",9,"vdci"
"LV088|Tarsalis|2024|33","LV-088","LV","LV",2024,33,2024-08-12,"L","Tarsalis","culex",25,"vdci"
"LV088|Pipiens|2024|34","LV-088","LV","LV",2024,34,2024-08-19,"L","Pipiens","culex",0,"vdci"
"LV088|Tarsalis|2024|34","LV-088","LV","LV",2024,34,2024-08-19,"L","Tarsalis","culex",6,"vdci"
"LV088|Pipiens|2025|23","LV-088","LV","LV",2025,23,2025-06-02,"L","Pipiens","culex",1,"vdci"
"LV088|Tarsalis|2025|23","LV-088","LV","LV",2025,23,2025-06-02,"L","Tarsalis","culex",4,"vdci"
"LV088|Pipiens|2025|24","LV-088","LV","LV",2025,24,2025-06-09,"L","Pipiens","culex",2,"vdci"
"LV088|Tarsalis|2025|24","LV-088","LV","LV",2025,24,2025-06-09,"L","Tarsalis","culex",5,"vdci"
"LV088|Pipiens|2025|25","LV-088","LV","LV",2025,25,2025-06-16,"L","Pipiens","culex",2,"vdci"
"LV088|Tarsalis|2025|25","LV-088","LV","LV",2025,25,2025-06-16,"L","Tarsalis","culex",19,"vdci"
"LV088|Pipiens|2025|26","LV-088","LV","LV",2025,26,2025-06-23,"L","Pipiens","culex",1,"vdci"
"LV088|Tarsalis|2025|26","LV-088","LV","LV",2025,26,2025-06-23,"L","Tarsalis","culex",5,"vdci"
"LV088|Pipiens|2025|27","LV-088","LV","LV",2025,27,2025-06-30,"L","Pipiens","culex",7,"vdci"
"LV088|Tarsalis|2025|27","LV-088","LV","LV",2025,27,2025-06-30,"L","Tarsalis","culex",28,"vdci"
"LV088|Pipiens|2025|28","LV-088","LV","LV",2025,28,2025-07-07,"L","Pipiens","culex",5,"vdci"
"LV088|Tarsalis|2025|28","LV-088","LV","LV",2025,28,2025-07-07,"L","Tarsalis","culex",40,"vdci"
"LV088|Pipiens|2025|29","LV-088","LV","LV",2025,29,2025-07-14,"L","Pipiens","culex",0,"vdci"
"LV088|Tarsalis|2025|29","LV-088","LV","LV",2025,29,2025-07-14,"L","Tarsalis","culex",51,"vdci"
"LV088|Pipiens|2025|30","LV-088","LV","LV",2025,30,2025-07-21,"L","Pipiens","culex",9,"vdci"
"LV088|Tarsalis|2025|30","LV-088","LV","LV",2025,30,2025-07-21,"L","Tarsalis","culex",70,"vdci"
"LV088|Pipiens|2025|32","LV-088","LV","LV",2025,32,2025-08-04,"L","Pipiens","culex",19,"vdci"
"LV088|Tarsalis|2025|32","LV-088","LV","LV",2025,32,2025-08-04,"L","Tarsalis","culex",59,"vdci"
"LV088|Pipiens|2025|33","LV-088","LV","LV",2025,33,2025-08-11,"L","Pipiens","culex",0,"vdci"
"LV088|Tarsalis|2025|33","LV-088","LV","LV",2025,33,2025-08-11,"L","Tarsalis","culex",4,"vdci"
"LV088|Pipiens|2025|34","LV-088","LV","LV",2025,34,2025-08-18,"L","Pipiens","culex",6,"vdci"
"LV088|Tarsalis|2025|34","LV-088","LV","LV",2025,34,2025-08-18,"L","Tarsalis","culex",25,"vdci"
"LV088|Pipiens|2025|35","LV-088","LV","LV",2025,35,2025-08-25,"L","Pipiens","culex",0,"vdci"
"LV088|Tarsalis|2025|35","LV-088","LV","LV",2025,35,2025-08-25,"L","Tarsalis","culex",4,"vdci"
"LV093|Pipiens|2019|23","LV-093","LV","LV",2019,23,2019-06-09,"L","Pipiens","culex",8,"vdci"
"LV093|Tarsalis|2019|23","LV-093","LV","LV",2019,23,2019-06-09,"L","Tarsalis","culex",0,"vdci"
"LV093|Pipiens|2019|26","LV-093","LV","LV",2019,26,2019-06-30,"L","Pipiens","culex",2,"vdci"
"LV093|Tarsalis|2019|26","LV-093","LV","LV",2019,26,2019-06-30,"L","Tarsalis","culex",2,"vdci"
"LV093|Pipiens|2019|28","LV-093","LV","LV",2019,28,2019-07-14,"L","Pipiens","culex",4,"vdci"
"LV093|Tarsalis|2019|28","LV-093","LV","LV",2019,28,2019-07-14,"L","Tarsalis","culex",12,"vdci"
"LV093|Pipiens|2019|29","LV-093","LV","LV",2019,29,2019-07-21,"L","Pipiens","culex",0,"vdci"
"LV093|Tarsalis|2019|29","LV-093","LV","LV",2019,29,2019-07-21,"L","Tarsalis","culex",18,"vdci"
"LV093|Pipiens|2019|30","LV-093","LV","LV",2019,30,2019-07-28,"L","Pipiens","culex",0,"vdci"
"LV093|Tarsalis|2019|30","LV-093","LV","LV",2019,30,2019-07-28,"L","Tarsalis","culex",45,"vdci"
"LV093|Pipiens|2019|31","LV-093","LV","LV",2019,31,2019-08-04,"L","Pipiens","culex",0,"vdci"
"LV093|Tarsalis|2019|31","LV-093","LV","LV",2019,31,2019-08-04,"L","Tarsalis","culex",129,"vdci"
"LV093|Pipiens|2019|32","LV-093","LV","LV",2019,32,2019-08-11,"L","Pipiens","culex",0,"vdci"
"LV093|Tarsalis|2019|32","LV-093","LV","LV",2019,32,2019-08-11,"L","Tarsalis","culex",27,"vdci"
"LV093|Pipiens|2019|33","LV-093","LV","LV",2019,33,2019-08-18,"L","Pipiens","culex",2,"vdci"
"LV093|Tarsalis|2019|33","LV-093","LV","LV",2019,33,2019-08-18,"L","Tarsalis","culex",20,"vdci"
"LV093|Pipiens|2019|34","LV-093","LV","LV",2019,34,2019-08-25,"L","Pipiens","culex",5,"vdci"
"LV093|Tarsalis|2019|34","LV-093","LV","LV",2019,34,2019-08-25,"L","Tarsalis","culex",15,"vdci"
"LV093|Pipiens|2020|23","LV-093","LV","LV",2020,23,2020-06-07,"L","Pipiens","culex",0,"vdci"
"LV093|Tarsalis|2020|23","LV-093","LV","LV",2020,23,2020-06-07,"L","Tarsalis","culex",1,"vdci"
"LV093|Pipiens|2020|24","LV-093","LV","LV",2020,24,2020-06-14,"L","Pipiens","culex",0,"vdci"
"LV093|Tarsalis|2020|24","LV-093","LV","LV",2020,24,2020-06-14,"L","Tarsalis","culex",2,"vdci"
"LV093|Pipiens|2020|26","LV-093","LV","LV",2020,26,2020-06-28,"L","Pipiens","culex",0,"vdci"
"LV093|Tarsalis|2020|26","LV-093","LV","LV",2020,26,2020-06-28,"L","Tarsalis","culex",3,"vdci"
"LV093|Pipiens|2020|27","LV-093","LV","LV",2020,27,2020-07-05,"L","Pipiens","culex",5,"vdci"
"LV093|Tarsalis|2020|27","LV-093","LV","LV",2020,27,2020-07-05,"L","Tarsalis","culex",17,"vdci"
"LV093|Pipiens|2020|28","LV-093","LV","LV",2020,28,2020-07-12,"L","Pipiens","culex",4,"vdci"
"LV093|Tarsalis|2020|28","LV-093","LV","LV",2020,28,2020-07-12,"L","Tarsalis","culex",34,"vdci"
"LV093|Pipiens|2020|29","LV-093","LV","LV",2020,29,2020-07-19,"L","Pipiens","culex",2,"vdci"
"LV093|Tarsalis|2020|29","LV-093","LV","LV",2020,29,2020-07-19,"L","Tarsalis","culex",12,"vdci"
"LV093|Pipiens|2020|30","LV-093","LV","LV",2020,30,2020-07-26,"L","Pipiens","culex",2,"vdci"
"LV093|Tarsalis|2020|30","LV-093","LV","LV",2020,30,2020-07-26,"L","Tarsalis","culex",29,"vdci"
"LV093|Pipiens|2020|31","LV-093","LV","LV",2020,31,2020-08-02,"L","Pipiens","culex",0,"vdci"
"LV093|Tarsalis|2020|31","LV-093","LV","LV",2020,31,2020-08-02,"L","Tarsalis","culex",27,"vdci"
"LV093|Pipiens|2020|32","LV-093","LV","LV",2020,32,2020-08-09,"L","Pipiens","culex",1,"vdci"
"LV093|Tarsalis|2020|32","LV-093","LV","LV",2020,32,2020-08-09,"L","Tarsalis","culex",29,"vdci"
"LV093|Pipiens|2020|33","LV-093","LV","LV",2020,33,2020-08-16,"L","Pipiens","culex",0,"vdci"
"LV093|Tarsalis|2020|33","LV-093","LV","LV",2020,33,2020-08-16,"L","Tarsalis","culex",31,"vdci"
"LV093|Pipiens|2020|34","LV-093","LV","LV",2020,34,2020-08-23,"L","Pipiens","culex",0,"vdci"
"LV093|Tarsalis|2020|34","LV-093","LV","LV",2020,34,2020-08-23,"L","Tarsalis","culex",11,"vdci"
"LV093|Pipiens|2021|22","LV-093","LV","LV",2021,22,2021-06-06,"L","Pipiens","culex",5,"vdci"
"LV093|Tarsalis|2021|22","LV-093","LV","LV",2021,22,2021-06-06,"L","Tarsalis","culex",14,"vdci"
"LV093|Pipiens|2021|23","LV-093","LV","LV",2021,23,2021-06-13,"L","Pipiens","culex",0,"vdci"
"LV093|Tarsalis|2021|23","LV-093","LV","LV",2021,23,2021-06-13,"L","Tarsalis","culex",6,"vdci"
"LV093|Pipiens|2021|24","LV-093","LV","LV",2021,24,2021-06-20,"L","Pipiens","culex",0,"vdci"
"LV093|Tarsalis|2021|24","LV-093","LV","LV",2021,24,2021-06-20,"L","Tarsalis","culex",10,"vdci"
"LV093|Pipiens|2021|25","LV-093","LV","LV",2021,25,2021-06-27,"L","Pipiens","culex",7,"vdci"
"LV093|Tarsalis|2021|25","LV-093","LV","LV",2021,25,2021-06-27,"L","Tarsalis","culex",16,"vdci"
"LV093|Pipiens|2021|26","LV-093","LV","LV",2021,26,2021-07-04,"L","Pipiens","culex",20,"vdci"
"LV093|Tarsalis|2021|26","LV-093","LV","LV",2021,26,2021-07-04,"L","Tarsalis","culex",112,"vdci"
"LV093|Pipiens|2021|27","LV-093","LV","LV",2021,27,2021-07-11,"L","Pipiens","culex",31,"vdci"
"LV093|Tarsalis|2021|27","LV-093","LV","LV",2021,27,2021-07-11,"L","Tarsalis","culex",271,"vdci"
"LV093|Pipiens|2021|28","LV-093","LV","LV",2021,28,2021-07-18,"L","Pipiens","culex",12,"vdci"
"LV093|Tarsalis|2021|28","LV-093","LV","LV",2021,28,2021-07-18,"L","Tarsalis","culex",176,"vdci"
"LV093|Pipiens|2021|29","LV-093","LV","LV",2021,29,2021-07-25,"L","Pipiens","culex",2,"vdci"
"LV093|Tarsalis|2021|29","LV-093","LV","LV",2021,29,2021-07-25,"L","Tarsalis","culex",45,"vdci"
"LV093|Pipiens|2021|30","LV-093","LV","LV",2021,30,2021-08-01,"L","Pipiens","culex",10,"vdci"
"LV093|Tarsalis|2021|30","LV-093","LV","LV",2021,30,2021-08-01,"L","Tarsalis","culex",64,"vdci"
"LV093|Pipiens|2021|31","LV-093","LV","LV",2021,31,2021-08-08,"L","Pipiens","culex",5,"vdci"
"LV093|Tarsalis|2021|31","LV-093","LV","LV",2021,31,2021-08-08,"L","Tarsalis","culex",36,"vdci"
"LV093|Pipiens|2021|32","LV-093","LV","LV",2021,32,2021-08-15,"L","Pipiens","culex",1,"vdci"
"LV093|Tarsalis|2021|32","LV-093","LV","LV",2021,32,2021-08-15,"L","Tarsalis","culex",16,"vdci"
"LV093|Pipiens|2021|33","LV-093","LV","LV",2021,33,2021-08-22,"L","Pipiens","culex",15,"vdci"
"LV093|Tarsalis|2021|33","LV-093","LV","LV",2021,33,2021-08-22,"L","Tarsalis","culex",25,"vdci"
"LV093|Pipiens|2021|34","LV-093","LV","LV",2021,34,2021-08-29,"L","Pipiens","culex",4,"vdci"
"LV093|Tarsalis|2021|34","LV-093","LV","LV",2021,34,2021-08-29,"L","Tarsalis","culex",7,"vdci"
"LV093|Pipiens|2022|22","LV-093","LV","LV",2022,22,2022-06-05,"L","Pipiens","culex",0,"vdci"
"LV093|Tarsalis|2022|22","LV-093","LV","LV",2022,22,2022-06-05,"L","Tarsalis","culex",2,"vdci"
"LV093|Pipiens|2022|23","LV-093","LV","LV",2022,23,2022-06-12,"L","Pipiens","culex",0,"vdci"
"LV093|Tarsalis|2022|23","LV-093","LV","LV",2022,23,2022-06-12,"L","Tarsalis","culex",5,"vdci"
"LV093|Pipiens|2022|24","LV-093","LV","LV",2022,24,2022-06-19,"L","Pipiens","culex",0,"vdci"
"LV093|Tarsalis|2022|24","LV-093","LV","LV",2022,24,2022-06-19,"L","Tarsalis","culex",9,"vdci"
"LV093|Pipiens|2022|25","LV-093","LV","LV",2022,25,2022-06-26,"L","Pipiens","culex",0,"vdci"
"LV093|Tarsalis|2022|25","LV-093","LV","LV",2022,25,2022-06-26,"L","Tarsalis","culex",7,"vdci"
"LV093|Pipiens|2022|26","LV-093","LV","LV",2022,26,2022-07-03,"L","Pipiens","culex",4,"vdci"
"LV093|Tarsalis|2022|26","LV-093","LV","LV",2022,26,2022-07-03,"L","Tarsalis","culex",10,"vdci"
"LV093|Pipiens|2022|27","LV-093","LV","LV",2022,27,2022-07-10,"L","Pipiens","culex",0,"vdci"
"LV093|Tarsalis|2022|27","LV-093","LV","LV",2022,27,2022-07-10,"L","Tarsalis","culex",28,"vdci"
"LV093|Pipiens|2022|28","LV-093","LV","LV",2022,28,2022-07-17,"L","Pipiens","culex",0,"vdci"
"LV093|Tarsalis|2022|28","LV-093","LV","LV",2022,28,2022-07-17,"L","Tarsalis","culex",5,"vdci"
"LV093|Pipiens|2022|29","LV-093","LV","LV",2022,29,2022-07-24,"L","Pipiens","culex",5,"vdci"
"LV093|Tarsalis|2022|29","LV-093","LV","LV",2022,29,2022-07-24,"L","Tarsalis","culex",16,"vdci"
"LV093|Pipiens|2022|30","LV-093","LV","LV",2022,30,2022-07-31,"L","Pipiens","culex",4,"vdci"
"LV093|Tarsalis|2022|30","LV-093","LV","LV",2022,30,2022-07-31,"L","Tarsalis","culex",44,"vdci"
"LV093|Pipiens|2022|31","LV-093","LV","LV",2022,31,2022-08-07,"L","Pipiens","culex",0,"vdci"
"LV093|Tarsalis|2022|31","LV-093","LV","LV",2022,31,2022-08-07,"L","Tarsalis","culex",8,"vdci"
"LV093|Pipiens|2022|32","LV-093","LV","LV",2022,32,2022-08-14,"L","Pipiens","culex",2,"vdci"
"LV093|Tarsalis|2022|32","LV-093","LV","LV",2022,32,2022-08-14,"L","Tarsalis","culex",24,"vdci"
"LV093|Pipiens|2022|33","LV-093","LV","LV",2022,33,2022-08-21,"L","Pipiens","culex",5,"vdci"
"LV093|Tarsalis|2022|33","LV-093","LV","LV",2022,33,2022-08-21,"L","Tarsalis","culex",38,"vdci"
"LV093|Pipiens|2022|34","LV-093","LV","LV",2022,34,2022-08-28,"L","Pipiens","culex",4,"vdci"
"LV093|Tarsalis|2022|34","LV-093","LV","LV",2022,34,2022-08-28,"L","Tarsalis","culex",9,"vdci"
"LV093|Pipiens|2023|22","LV-093","LV","LV",2023,22,2023-06-04,"L","Pipiens","culex",0,"vdci"
"LV093|Tarsalis|2023|22","LV-093","LV","LV",2023,22,2023-06-04,"L","Tarsalis","culex",2,"vdci"
"LV093|Pipiens|2023|23","LV-093","LV","LV",2023,23,2023-06-11,"L","Pipiens","culex",0,"vdci"
"LV093|Tarsalis|2023|23","LV-093","LV","LV",2023,23,2023-06-11,"L","Tarsalis","culex",7,"vdci"
"LV093|Pipiens|2023|24","LV-093","LV","LV",2023,24,2023-06-18,"L","Pipiens","culex",4,"vdci"
"LV093|Tarsalis|2023|24","LV-093","LV","LV",2023,24,2023-06-18,"L","Tarsalis","culex",14,"vdci"
"LV093|Pipiens|2023|25","LV-093","LV","LV",2023,25,2023-06-25,"L","Pipiens","culex",1,"vdci"
"LV093|Tarsalis|2023|25","LV-093","LV","LV",2023,25,2023-06-25,"L","Tarsalis","culex",5,"vdci"
"LV093|Pipiens|2023|26","LV-093","LV","LV",2023,26,2023-07-02,"L","Pipiens","culex",0,"vdci"
"LV093|Tarsalis|2023|26","LV-093","LV","LV",2023,26,2023-07-02,"L","Tarsalis","culex",200,"vdci"
"LV093|Pipiens|2023|27","LV-093","LV","LV",2023,27,2023-07-09,"L","Pipiens","culex",8,"vdci"
"LV093|Tarsalis|2023|27","LV-093","LV","LV",2023,27,2023-07-09,"L","Tarsalis","culex",216,"vdci"
"LV093|Pipiens|2023|28","LV-093","LV","LV",2023,28,2023-07-16,"L","Pipiens","culex",4,"vdci"
"LV093|Tarsalis|2023|28","LV-093","LV","LV",2023,28,2023-07-16,"L","Tarsalis","culex",472,"vdci"
"LV093|Pipiens|2023|29","LV-093","LV","LV",2023,29,2023-07-23,"L","Pipiens","culex",0,"vdci"
"LV093|Tarsalis|2023|29","LV-093","LV","LV",2023,29,2023-07-23,"L","Tarsalis","culex",264,"vdci"
"LV093|Pipiens|2023|30","LV-093","LV","LV",2023,30,2023-07-30,"L","Pipiens","culex",0,"vdci"
"LV093|Tarsalis|2023|30","LV-093","LV","LV",2023,30,2023-07-30,"L","Tarsalis","culex",164,"vdci"
"LV093|Pipiens|2023|31","LV-093","LV","LV",2023,31,2023-08-06,"L","Pipiens","culex",8,"vdci"
"LV093|Tarsalis|2023|31","LV-093","LV","LV",2023,31,2023-08-06,"L","Tarsalis","culex",80,"vdci"
"LV093|Pipiens|2023|32","LV-093","LV","LV",2023,32,2023-08-13,"L","Pipiens","culex",12,"vdci"
"LV093|Tarsalis|2023|32","LV-093","LV","LV",2023,32,2023-08-13,"L","Tarsalis","culex",36,"vdci"
"LV093|Pipiens|2023|33","LV-093","LV","LV",2023,33,2023-08-20,"L","Pipiens","culex",1,"vdci"
"LV093|Tarsalis|2023|33","LV-093","LV","LV",2023,33,2023-08-20,"L","Tarsalis","culex",6,"vdci"
"LV093|Pipiens|2023|34","LV-093","LV","LV",2023,34,2023-08-27,"L","Pipiens","culex",4,"vdci"
"LV093|Tarsalis|2023|34","LV-093","LV","LV",2023,34,2023-08-27,"L","Tarsalis","culex",4,"vdci"
"LV093|Pipiens|2023|36","LV-093","LV","LV",2023,36,2023-09-04,"L","Pipiens","culex",3,"vdci"
"LV093|Tarsalis|2023|36","LV-093","LV","LV",2023,36,2023-09-04,"L","Tarsalis","culex",4,"vdci"
"LV093|Pipiens|2024|26","LV-093","LV","LV",2024,26,2024-06-24,"L","Pipiens","culex",0,"vdci"
"LV093|Tarsalis|2024|26","LV-093","LV","LV",2024,26,2024-06-24,"L","Tarsalis","culex",2,"vdci"
"LV093|Pipiens|2024|27","LV-093","LV","LV",2024,27,2024-07-01,"L","Pipiens","culex",2,"vdci"
"LV093|Tarsalis|2024|27","LV-093","LV","LV",2024,27,2024-07-01,"L","Tarsalis","culex",2,"vdci"
"LV093|Pipiens|2024|28","LV-093","LV","LV",2024,28,2024-07-08,"L","Pipiens","culex",9,"vdci"
"LV093|Tarsalis|2024|28","LV-093","LV","LV",2024,28,2024-07-08,"L","Tarsalis","culex",8,"vdci"
"LV093|Pipiens|2024|29","LV-093","LV","LV",2024,29,2024-07-15,"L","Pipiens","culex",1,"vdci"
"LV093|Tarsalis|2024|29","LV-093","LV","LV",2024,29,2024-07-15,"L","Tarsalis","culex",18,"vdci"
"LV093|Pipiens|2024|30","LV-093","LV","LV",2024,30,2024-07-22,"L","Pipiens","culex",4,"vdci"
"LV093|Tarsalis|2024|30","LV-093","LV","LV",2024,30,2024-07-22,"L","Tarsalis","culex",9,"vdci"
"LV093|Pipiens|2024|32","LV-093","LV","LV",2024,32,2024-08-05,"L","Pipiens","culex",3,"vdci"
"LV093|Tarsalis|2024|32","LV-093","LV","LV",2024,32,2024-08-05,"L","Tarsalis","culex",10,"vdci"
"LV093|Pipiens|2024|33","LV-093","LV","LV",2024,33,2024-08-12,"L","Pipiens","culex",1,"vdci"
"LV093|Tarsalis|2024|33","LV-093","LV","LV",2024,33,2024-08-12,"L","Tarsalis","culex",15,"vdci"
"LV093|Pipiens|2024|34","LV-093","LV","LV",2024,34,2024-08-19,"L","Pipiens","culex",1,"vdci"
"LV093|Tarsalis|2024|34","LV-093","LV","LV",2024,34,2024-08-19,"L","Tarsalis","culex",11,"vdci"
"LV093|Pipiens|2025|23","LV-093","LV","LV",2025,23,2025-06-02,"L","Pipiens","culex",1,"vdci"
"LV093|Tarsalis|2025|23","LV-093","LV","LV",2025,23,2025-06-02,"L","Tarsalis","culex",0,"vdci"
"LV093|Pipiens|2025|24","LV-093","LV","LV",2025,24,2025-06-09,"L","Pipiens","culex",0,"vdci"
"LV093|Tarsalis|2025|24","LV-093","LV","LV",2025,24,2025-06-09,"L","Tarsalis","culex",1,"vdci"
"LV093|Pipiens|2025|25","LV-093","LV","LV",2025,25,2025-06-16,"L","Pipiens","culex",0,"vdci"
"LV093|Tarsalis|2025|25","LV-093","LV","LV",2025,25,2025-06-16,"L","Tarsalis","culex",2,"vdci"
"LV093|Pipiens|2025|26","LV-093","LV","LV",2025,26,2025-06-23,"L","Pipiens","culex",1,"vdci"
"LV093|Tarsalis|2025|26","LV-093","LV","LV",2025,26,2025-06-23,"L","Tarsalis","culex",2,"vdci"
"LV093|Pipiens|2025|27","LV-093","LV","LV",2025,27,2025-06-30,"L","Pipiens","culex",1,"vdci"
"LV093|Tarsalis|2025|27","LV-093","LV","LV",2025,27,2025-06-30,"L","Tarsalis","culex",11,"vdci"
"LV093|Pipiens|2025|28","LV-093","LV","LV",2025,28,2025-07-07,"L","Pipiens","culex",0,"vdci"
"LV093|Tarsalis|2025|28","LV-093","LV","LV",2025,28,2025-07-07,"L","Tarsalis","culex",12,"vdci"
"LV093|Pipiens|2025|29","LV-093","LV","LV",2025,29,2025-07-14,"L","Pipiens","culex",0,"vdci"
"LV093|Tarsalis|2025|29","LV-093","LV","LV",2025,29,2025-07-14,"L","Tarsalis","culex",31,"vdci"
"LV093|Pipiens|2025|30","LV-093","LV","LV",2025,30,2025-07-21,"L","Pipiens","culex",1,"vdci"
"LV093|Tarsalis|2025|30","LV-093","LV","LV",2025,30,2025-07-21,"L","Tarsalis","culex",36,"vdci"
"LV093|Pipiens|2025|31","LV-093","LV","LV",2025,31,2025-07-28,"L","Pipiens","culex",0,"vdci"
"LV093|Tarsalis|2025|31","LV-093","LV","LV",2025,31,2025-07-28,"L","Tarsalis","culex",13,"vdci"
"LV093|Pipiens|2025|32","LV-093","LV","LV",2025,32,2025-08-04,"L","Pipiens","culex",0,"vdci"
"LV093|Tarsalis|2025|32","LV-093","LV","LV",2025,32,2025-08-04,"L","Tarsalis","culex",1,"vdci"
"LV093|Pipiens|2025|33","LV-093","LV","LV",2025,33,2025-08-11,"L","Pipiens","culex",1,"vdci"
"LV093|Tarsalis|2025|33","LV-093","LV","LV",2025,33,2025-08-11,"L","Tarsalis","culex",0,"vdci"
"LV093|Pipiens|2025|34","LV-093","LV","LV",2025,34,2025-08-18,"L","Pipiens","culex",0,"vdci"
"LV093|Tarsalis|2025|34","LV-093","LV","LV",2025,34,2025-08-18,"L","Tarsalis","culex",4,"vdci"
"LV093|Pipiens|2025|35","LV-093","LV","LV",2025,35,2025-08-25,"L","Pipiens","culex",1,"vdci"
"LV093|Tarsalis|2025|35","LV-093","LV","LV",2025,35,2025-08-25,"L","Tarsalis","culex",13,"vdci"
"LV097|Pipiens|2019|24","LV-097","LV","LV",2019,24,2019-06-12,"L","Pipiens","culex",0,"vdci"
"LV097|Tarsalis|2019|24","LV-097","LV","LV",2019,24,2019-06-12,"L","Tarsalis","culex",2,"vdci"
"LV097|Pipiens|2019|26","LV-097","LV","LV",2019,26,2019-06-26,"L","Pipiens","culex",1,"vdci"
"LV097|Tarsalis|2019|26","LV-097","LV","LV",2019,26,2019-06-26,"L","Tarsalis","culex",4,"vdci"
"LV097|Pipiens|2019|27","LV-097","LV","LV",2019,27,2019-07-01,"L","Pipiens","culex",0,"vdci"
"LV097|Tarsalis|2019|27","LV-097","LV","LV",2019,27,2019-07-01,"L","Tarsalis","culex",6,"vdci"
"LV097|Pipiens|2019|28","LV-097","LV","LV",2019,28,2019-07-10,"L","Pipiens","culex",1,"vdci"
"LV097|Tarsalis|2019|28","LV-097","LV","LV",2019,28,2019-07-10,"L","Tarsalis","culex",0,"vdci"
"LV097|Pipiens|2019|30","LV-097","LV","LV",2019,30,2019-07-24,"L","Pipiens","culex",0,"vdci"
"LV097|Tarsalis|2019|30","LV-097","LV","LV",2019,30,2019-07-24,"L","Tarsalis","culex",6,"vdci"
"LV097|Pipiens|2019|31","LV-097","LV","LV",2019,31,2019-07-31,"L","Pipiens","culex",2,"vdci"
"LV097|Tarsalis|2019|31","LV-097","LV","LV",2019,31,2019-07-31,"L","Tarsalis","culex",32,"vdci"
"LV097|Pipiens|2019|32","LV-097","LV","LV",2019,32,2019-08-07,"L","Pipiens","culex",2,"vdci"
"LV097|Tarsalis|2019|32","LV-097","LV","LV",2019,32,2019-08-07,"L","Tarsalis","culex",39,"vdci"
"LV097|Pipiens|2019|33","LV-097","LV","LV",2019,33,2019-08-14,"L","Pipiens","culex",4,"vdci"
"LV097|Tarsalis|2019|33","LV-097","LV","LV",2019,33,2019-08-14,"L","Tarsalis","culex",12,"vdci"
"LV097|Pipiens|2019|34","LV-097","LV","LV",2019,34,2019-08-21,"L","Pipiens","culex",0,"vdci"
"LV097|Tarsalis|2019|34","LV-097","LV","LV",2019,34,2019-08-21,"L","Tarsalis","culex",18,"vdci"
"LV097|Pipiens|2019|35","LV-097","LV","LV",2019,35,2019-08-28,"L","Pipiens","culex",6,"vdci"
"LV097|Tarsalis|2019|35","LV-097","LV","LV",2019,35,2019-08-28,"L","Tarsalis","culex",20,"vdci"
"LV097|Pipiens|2020|24","LV-097","LV","LV",2020,24,2020-06-10,"L","Pipiens","culex",0,"vdci"
"LV097|Tarsalis|2020|24","LV-097","LV","LV",2020,24,2020-06-10,"L","Tarsalis","culex",3,"vdci"
"LV097|Pipiens|2020|25","LV-097","LV","LV",2020,25,2020-06-17,"L","Pipiens","culex",0,"vdci"
"LV097|Tarsalis|2020|25","LV-097","LV","LV",2020,25,2020-06-17,"L","Tarsalis","culex",3,"vdci"
"LV097|Pipiens|2020|26","LV-097","LV","LV",2020,26,2020-06-24,"L","Pipiens","culex",0,"vdci"
"LV097|Tarsalis|2020|26","LV-097","LV","LV",2020,26,2020-06-24,"L","Tarsalis","culex",9,"vdci"
"LV097|Pipiens|2020|27","LV-097","LV","LV",2020,27,2020-07-01,"L","Pipiens","culex",0,"vdci"
"LV097|Tarsalis|2020|27","LV-097","LV","LV",2020,27,2020-07-01,"L","Tarsalis","culex",57,"vdci"
"LV097|Pipiens|2020|28","LV-097","LV","LV",2020,28,2020-07-08,"L","Pipiens","culex",0,"vdci"
"LV097|Tarsalis|2020|28","LV-097","LV","LV",2020,28,2020-07-08,"L","Tarsalis","culex",21,"vdci"
"LV097|Pipiens|2020|29","LV-097","LV","LV",2020,29,2020-07-15,"L","Pipiens","culex",3,"vdci"
"LV097|Tarsalis|2020|29","LV-097","LV","LV",2020,29,2020-07-15,"L","Tarsalis","culex",5,"vdci"
"LV097|Pipiens|2020|30","LV-097","LV","LV",2020,30,2020-07-22,"L","Pipiens","culex",0,"vdci"
"LV097|Tarsalis|2020|30","LV-097","LV","LV",2020,30,2020-07-22,"L","Tarsalis","culex",35,"vdci"
"LV097|Pipiens|2020|31","LV-097","LV","LV",2020,31,2020-07-29,"L","Pipiens","culex",0,"vdci"
"LV097|Tarsalis|2020|31","LV-097","LV","LV",2020,31,2020-07-29,"L","Tarsalis","culex",18,"vdci"
"LV097|Pipiens|2020|32","LV-097","LV","LV",2020,32,2020-08-05,"L","Pipiens","culex",0,"vdci"
"LV097|Tarsalis|2020|32","LV-097","LV","LV",2020,32,2020-08-05,"L","Tarsalis","culex",24,"vdci"
"LV097|Pipiens|2020|33","LV-097","LV","LV",2020,33,2020-08-12,"L","Pipiens","culex",0,"vdci"
"LV097|Tarsalis|2020|33","LV-097","LV","LV",2020,33,2020-08-12,"L","Tarsalis","culex",63,"vdci"
"LV097|Pipiens|2020|34","LV-097","LV","LV",2020,34,2020-08-19,"L","Pipiens","culex",0,"vdci"
"LV097|Tarsalis|2020|34","LV-097","LV","LV",2020,34,2020-08-19,"L","Tarsalis","culex",6,"vdci"
"LV097|Pipiens|2020|35","LV-097","LV","LV",2020,35,2020-08-26,"L","Pipiens","culex",0,"vdci"
"LV097|Tarsalis|2020|35","LV-097","LV","LV",2020,35,2020-08-26,"L","Tarsalis","culex",7,"vdci"
"LV097|Pipiens|2021|23","LV-097","LV","LV",2021,23,2021-06-09,"L","Pipiens","culex",10,"vdci"
"LV097|Tarsalis|2021|23","LV-097","LV","LV",2021,23,2021-06-09,"L","Tarsalis","culex",29,"vdci"
"LV097|Pipiens|2021|24","LV-097","LV","LV",2021,24,2021-06-16,"L","Pipiens","culex",0,"vdci"
"LV097|Tarsalis|2021|24","LV-097","LV","LV",2021,24,2021-06-16,"L","Tarsalis","culex",24,"vdci"
"LV097|Pipiens|2021|25","LV-097","LV","LV",2021,25,2021-06-23,"L","Pipiens","culex",0,"vdci"
"LV097|Tarsalis|2021|25","LV-097","LV","LV",2021,25,2021-06-23,"L","Tarsalis","culex",19,"vdci"
"LV097|Pipiens|2021|26","LV-097","LV","LV",2021,26,2021-07-01,"L","Pipiens","culex",9,"vdci"
"LV097|Tarsalis|2021|26","LV-097","LV","LV",2021,26,2021-07-01,"L","Tarsalis","culex",0,"vdci"
"LV097|Pipiens|2021|27","LV-097","LV","LV",2021,27,2021-07-07,"L","Pipiens","culex",19,"vdci"
"LV097|Tarsalis|2021|27","LV-097","LV","LV",2021,27,2021-07-07,"L","Tarsalis","culex",31,"vdci"
"LV097|Pipiens|2021|28","LV-097","LV","LV",2021,28,2021-07-14,"L","Pipiens","culex",14,"vdci"
"LV097|Tarsalis|2021|28","LV-097","LV","LV",2021,28,2021-07-14,"L","Tarsalis","culex",28,"vdci"
"LV097|Pipiens|2021|29","LV-097","LV","LV",2021,29,2021-07-21,"L","Pipiens","culex",0,"vdci"
"LV097|Tarsalis|2021|29","LV-097","LV","LV",2021,29,2021-07-21,"L","Tarsalis","culex",10,"vdci"
"LV097|Pipiens|2021|30","LV-097","LV","LV",2021,30,2021-07-28,"L","Pipiens","culex",4,"vdci"
"LV097|Tarsalis|2021|30","LV-097","LV","LV",2021,30,2021-07-28,"L","Tarsalis","culex",172,"vdci"
"LV097|Pipiens|2021|31","LV-097","LV","LV",2021,31,2021-08-04,"L","Pipiens","culex",5,"vdci"
"LV097|Tarsalis|2021|31","LV-097","LV","LV",2021,31,2021-08-04,"L","Tarsalis","culex",13,"vdci"
"LV097|Pipiens|2021|32","LV-097","LV","LV",2021,32,2021-08-11,"L","Pipiens","culex",16,"vdci"
"LV097|Tarsalis|2021|32","LV-097","LV","LV",2021,32,2021-08-11,"L","Tarsalis","culex",14,"vdci"
"LV097|Pipiens|2021|33","LV-097","LV","LV",2021,33,2021-08-18,"L","Pipiens","culex",0,"vdci"
"LV097|Tarsalis|2021|33","LV-097","LV","LV",2021,33,2021-08-18,"L","Tarsalis","culex",6,"vdci"
"LV097|Pipiens|2021|34","LV-097","LV","LV",2021,34,2021-08-25,"L","Pipiens","culex",2,"vdci"
"LV097|Tarsalis|2021|34","LV-097","LV","LV",2021,34,2021-08-25,"L","Tarsalis","culex",9,"vdci"
"LV097|Pipiens|2021|35","LV-097","LV","LV",2021,35,2021-09-01,"L","Pipiens","culex",0,"vdci"
"LV097|Tarsalis|2021|35","LV-097","LV","LV",2021,35,2021-09-01,"L","Tarsalis","culex",4,"vdci"
"LV097|Pipiens|2022|23","LV-097","LV","LV",2022,23,2022-06-08,"L","Pipiens","culex",1,"vdci"
"LV097|Tarsalis|2022|23","LV-097","LV","LV",2022,23,2022-06-08,"L","Tarsalis","culex",2,"vdci"
"LV097|Pipiens|2022|24","LV-097","LV","LV",2022,24,2022-06-15,"L","Pipiens","culex",3,"vdci"
"LV097|Tarsalis|2022|24","LV-097","LV","LV",2022,24,2022-06-15,"L","Tarsalis","culex",13,"vdci"
"LV097|Pipiens|2022|25","LV-097","LV","LV",2022,25,2022-06-22,"L","Pipiens","culex",1,"vdci"
"LV097|Tarsalis|2022|25","LV-097","LV","LV",2022,25,2022-06-22,"L","Tarsalis","culex",3,"vdci"
"LV097|Pipiens|2022|26","LV-097","LV","LV",2022,26,2022-06-29,"L","Pipiens","culex",0,"vdci"
"LV097|Tarsalis|2022|26","LV-097","LV","LV",2022,26,2022-06-29,"L","Tarsalis","culex",8,"vdci"
"LV097|Pipiens|2022|28","LV-097","LV","LV",2022,28,2022-07-13,"L","Pipiens","culex",1,"vdci"
"LV097|Tarsalis|2022|28","LV-097","LV","LV",2022,28,2022-07-13,"L","Tarsalis","culex",21,"vdci"
"LV097|Pipiens|2022|29","LV-097","LV","LV",2022,29,2022-07-20,"L","Pipiens","culex",18,"vdci"
"LV097|Tarsalis|2022|29","LV-097","LV","LV",2022,29,2022-07-20,"L","Tarsalis","culex",25,"vdci"
"LV097|Pipiens|2022|30","LV-097","LV","LV",2022,30,2022-07-27,"L","Pipiens","culex",2,"vdci"
"LV097|Tarsalis|2022|30","LV-097","LV","LV",2022,30,2022-07-27,"L","Tarsalis","culex",6,"vdci"
"LV097|Pipiens|2022|31","LV-097","LV","LV",2022,31,2022-08-03,"L","Pipiens","culex",2,"vdci"
"LV097|Tarsalis|2022|31","LV-097","LV","LV",2022,31,2022-08-03,"L","Tarsalis","culex",0,"vdci"
"LV097|Pipiens|2022|32","LV-097","LV","LV",2022,32,2022-08-10,"L","Pipiens","culex",8,"vdci"
"LV097|Tarsalis|2022|32","LV-097","LV","LV",2022,32,2022-08-10,"L","Tarsalis","culex",20,"vdci"
"LV097|Pipiens|2022|33","LV-097","LV","LV",2022,33,2022-08-17,"L","Pipiens","culex",8,"vdci"
"LV097|Tarsalis|2022|33","LV-097","LV","LV",2022,33,2022-08-17,"L","Tarsalis","culex",5,"vdci"
"LV097|Pipiens|2022|34","LV-097","LV","LV",2022,34,2022-08-24,"L","Pipiens","culex",9,"vdci"
"LV097|Tarsalis|2022|34","LV-097","LV","LV",2022,34,2022-08-24,"L","Tarsalis","culex",11,"vdci"
"LV097|Pipiens|2022|35","LV-097","LV","LV",2022,35,2022-08-31,"L","Pipiens","culex",9,"vdci"
"LV097|Tarsalis|2022|35","LV-097","LV","LV",2022,35,2022-08-31,"L","Tarsalis","culex",9,"vdci"
"LV097|Pipiens|2023|23","LV-097","LV","LV",2023,23,2023-06-07,"L","Pipiens","culex",3,"vdci"
"LV097|Tarsalis|2023|23","LV-097","LV","LV",2023,23,2023-06-07,"L","Tarsalis","culex",1,"vdci"
"LV097|Pipiens|2023|24","LV-097","LV","LV",2023,24,2023-06-14,"L","Pipiens","culex",0,"vdci"
"LV097|Tarsalis|2023|24","LV-097","LV","LV",2023,24,2023-06-14,"L","Tarsalis","culex",5,"vdci"
"LV097|Pipiens|2023|25","LV-097","LV","LV",2023,25,2023-06-21,"L","Pipiens","culex",1,"vdci"
"LV097|Tarsalis|2023|25","LV-097","LV","LV",2023,25,2023-06-21,"L","Tarsalis","culex",3,"vdci"
"LV097|Pipiens|2023|26","LV-097","LV","LV",2023,26,2023-06-28,"L","Pipiens","culex",8,"vdci"
"LV097|Tarsalis|2023|26","LV-097","LV","LV",2023,26,2023-06-28,"L","Tarsalis","culex",312,"vdci"
"LV097|Pipiens|2023|28","LV-097","LV","LV",2023,28,2023-07-12,"L","Pipiens","culex",8,"vdci"
"LV097|Tarsalis|2023|28","LV-097","LV","LV",2023,28,2023-07-12,"L","Tarsalis","culex",102,"vdci"
"LV097|Pipiens|2023|29","LV-097","LV","LV",2023,29,2023-07-19,"L","Pipiens","culex",0,"vdci"
"LV097|Tarsalis|2023|29","LV-097","LV","LV",2023,29,2023-07-19,"L","Tarsalis","culex",156,"vdci"
"LV097|Pipiens|2023|30","LV-097","LV","LV",2023,30,2023-07-26,"L","Pipiens","culex",0,"vdci"
"LV097|Tarsalis|2023|30","LV-097","LV","LV",2023,30,2023-07-26,"L","Tarsalis","culex",40,"vdci"
"LV097|Pipiens|2023|31","LV-097","LV","LV",2023,31,2023-08-02,"L","Pipiens","culex",16,"vdci"
"LV097|Tarsalis|2023|31","LV-097","LV","LV",2023,31,2023-08-02,"L","Tarsalis","culex",112,"vdci"
"LV097|Pipiens|2023|32","LV-097","LV","LV",2023,32,2023-08-09,"L","Pipiens","culex",12,"vdci"
"LV097|Tarsalis|2023|32","LV-097","LV","LV",2023,32,2023-08-09,"L","Tarsalis","culex",96,"vdci"
"LV097|Pipiens|2023|33","LV-097","LV","LV",2023,33,2023-08-16,"L","Pipiens","culex",0,"vdci"
"LV097|Tarsalis|2023|33","LV-097","LV","LV",2023,33,2023-08-16,"L","Tarsalis","culex",304,"vdci"
"LV097|Pipiens|2023|34","LV-097","LV","LV",2023,34,2023-08-23,"L","Pipiens","culex",0,"vdci"
"LV097|Tarsalis|2023|34","LV-097","LV","LV",2023,34,2023-08-23,"L","Tarsalis","culex",80,"vdci"
"LV097|Pipiens|2023|35","LV-097","LV","LV",2023,35,2023-08-30,"L","Pipiens","culex",2,"vdci"
"LV097|Tarsalis|2023|35","LV-097","LV","LV",2023,35,2023-08-30,"L","Tarsalis","culex",8,"vdci"
"LV097|Pipiens|2024|25","LV-097","LV","LV",2024,25,2024-06-20,"L","Pipiens","culex",4,"vdci"
"LV097|Tarsalis|2024|25","LV-097","LV","LV",2024,25,2024-06-20,"L","Tarsalis","culex",1,"vdci"
"LV097|Pipiens|2024|26","LV-097","LV","LV",2024,26,2024-06-27,"L","Pipiens","culex",0,"vdci"
"LV097|Tarsalis|2024|26","LV-097","LV","LV",2024,26,2024-06-27,"L","Tarsalis","culex",2,"vdci"
"LV097|Pipiens|2024|28","LV-097","LV","LV",2024,28,2024-07-11,"L","Pipiens","culex",2,"vdci"
"LV097|Tarsalis|2024|28","LV-097","LV","LV",2024,28,2024-07-11,"L","Tarsalis","culex",16,"vdci"
"LV097|Pipiens|2024|29","LV-097","LV","LV",2024,29,2024-07-18,"L","Pipiens","culex",0,"vdci"
"LV097|Tarsalis|2024|29","LV-097","LV","LV",2024,29,2024-07-18,"L","Tarsalis","culex",4,"vdci"
"LV097|Pipiens|2024|31","LV-097","LV","LV",2024,31,2024-08-01,"L","Pipiens","culex",0,"vdci"
"LV097|Tarsalis|2024|31","LV-097","LV","LV",2024,31,2024-08-01,"L","Tarsalis","culex",15,"vdci"
"LV097|Pipiens|2024|32","LV-097","LV","LV",2024,32,2024-08-08,"L","Pipiens","culex",3,"vdci"
"LV097|Tarsalis|2024|32","LV-097","LV","LV",2024,32,2024-08-08,"L","Tarsalis","culex",26,"vdci"
"LV097|Pipiens|2024|33","LV-097","LV","LV",2024,33,2024-08-15,"L","Pipiens","culex",0,"vdci"
"LV097|Tarsalis|2024|33","LV-097","LV","LV",2024,33,2024-08-15,"L","Tarsalis","culex",15,"vdci"
"LV097|Pipiens|2024|35","LV-097","LV","LV",2024,35,2024-08-29,"L","Pipiens","culex",6,"vdci"
"LV097|Tarsalis|2024|35","LV-097","LV","LV",2024,35,2024-08-29,"L","Tarsalis","culex",19,"vdci"
"LV097|Pipiens|2025|24","LV-097","LV","LV",2025,24,2025-06-12,"L","Pipiens","culex",0,"vdci"
"LV097|Tarsalis|2025|24","LV-097","LV","LV",2025,24,2025-06-12,"L","Tarsalis","culex",3,"vdci"
"LV097|Pipiens|2025|25","LV-097","LV","LV",2025,25,2025-06-19,"L","Pipiens","culex",2,"vdci"
"LV097|Tarsalis|2025|25","LV-097","LV","LV",2025,25,2025-06-19,"L","Tarsalis","culex",4,"vdci"
"LV097|Pipiens|2025|26","LV-097","LV","LV",2025,26,2025-06-26,"L","Pipiens","culex",2,"vdci"
"LV097|Tarsalis|2025|26","LV-097","LV","LV",2025,26,2025-06-26,"L","Tarsalis","culex",6,"vdci"
"LV097|Pipiens|2025|27","LV-097","LV","LV",2025,27,2025-07-03,"L","Pipiens","culex",1,"vdci"
"LV097|Tarsalis|2025|27","LV-097","LV","LV",2025,27,2025-07-03,"L","Tarsalis","culex",18,"vdci"
"LV097|Pipiens|2025|28","LV-097","LV","LV",2025,28,2025-07-10,"L","Pipiens","culex",1,"vdci"
"LV097|Tarsalis|2025|28","LV-097","LV","LV",2025,28,2025-07-10,"L","Tarsalis","culex",13,"vdci"
"LV097|Pipiens|2025|29","LV-097","LV","LV",2025,29,2025-07-17,"L","Pipiens","culex",0,"vdci"
"LV097|Tarsalis|2025|29","LV-097","LV","LV",2025,29,2025-07-17,"L","Tarsalis","culex",7,"vdci"
"LV097|Pipiens|2025|30","LV-097","LV","LV",2025,30,2025-07-24,"L","Pipiens","culex",2,"vdci"
"LV097|Tarsalis|2025|30","LV-097","LV","LV",2025,30,2025-07-24,"L","Tarsalis","culex",12,"vdci"
"LV097|Pipiens|2025|31","LV-097","LV","LV",2025,31,2025-07-31,"L","Pipiens","culex",1,"vdci"
"LV097|Tarsalis|2025|31","LV-097","LV","LV",2025,31,2025-07-31,"L","Tarsalis","culex",12,"vdci"
"LV097|Pipiens|2025|33","LV-097","LV","LV",2025,33,2025-08-14,"L","Pipiens","culex",11,"vdci"
"LV097|Tarsalis|2025|33","LV-097","LV","LV",2025,33,2025-08-14,"L","Tarsalis","culex",47,"vdci"
"LV097|Pipiens|2025|34","LV-097","LV","LV",2025,34,2025-08-21,"L","Pipiens","culex",16,"vdci"
"LV097|Tarsalis|2025|34","LV-097","LV","LV",2025,34,2025-08-21,"L","Tarsalis","culex",24,"vdci"
"LV097|Pipiens|2025|35","LV-097","LV","LV",2025,35,2025-08-28,"L","Pipiens","culex",3,"vdci"
"LV097|Tarsalis|2025|35","LV-097","LV","LV",2025,35,2025-08-28,"L","Tarsalis","culex",14,"vdci"
"LV098|Pipiens|2019|25","LV-098","LV","LV",2019,25,2019-06-19,"L","Pipiens","culex",0,"vdci"
"LV098|Tarsalis|2019|25","LV-098","LV","LV",2019,25,2019-06-19,"L","Tarsalis","culex",5,"vdci"
"LV098|Pipiens|2019|26","LV-098","LV","LV",2019,26,2019-06-26,"L","Pipiens","culex",2,"vdci"
"LV098|Tarsalis|2019|26","LV-098","LV","LV",2019,26,2019-06-26,"L","Tarsalis","culex",2,"vdci"
"LV098|Pipiens|2019|27","LV-098","LV","LV",2019,27,2019-07-03,"L","Pipiens","culex",4,"vdci"
"LV098|Tarsalis|2019|27","LV-098","LV","LV",2019,27,2019-07-03,"L","Tarsalis","culex",16,"vdci"
"LV098|Pipiens|2019|28","LV-098","LV","LV",2019,28,2019-07-10,"L","Pipiens","culex",5,"vdci"
"LV098|Tarsalis|2019|28","LV-098","LV","LV",2019,28,2019-07-10,"L","Tarsalis","culex",70,"vdci"
"LV098|Pipiens|2019|29","LV-098","LV","LV",2019,29,2019-07-17,"L","Pipiens","culex",22,"vdci"
"LV098|Tarsalis|2019|29","LV-098","LV","LV",2019,29,2019-07-17,"L","Tarsalis","culex",26,"vdci"
"LV098|Pipiens|2019|30","LV-098","LV","LV",2019,30,2019-07-24,"L","Pipiens","culex",13,"vdci"
"LV098|Tarsalis|2019|30","LV-098","LV","LV",2019,30,2019-07-24,"L","Tarsalis","culex",80,"vdci"
"LV098|Pipiens|2019|31","LV-098","LV","LV",2019,31,2019-07-31,"L","Pipiens","culex",11,"vdci"
"LV098|Tarsalis|2019|31","LV-098","LV","LV",2019,31,2019-07-31,"L","Tarsalis","culex",60,"vdci"
"LV098|Pipiens|2019|32","LV-098","LV","LV",2019,32,2019-08-07,"L","Pipiens","culex",0,"vdci"
"LV098|Tarsalis|2019|32","LV-098","LV","LV",2019,32,2019-08-07,"L","Tarsalis","culex",42,"vdci"
"LV098|Pipiens|2019|33","LV-098","LV","LV",2019,33,2019-08-14,"L","Pipiens","culex",16,"vdci"
"LV098|Tarsalis|2019|33","LV-098","LV","LV",2019,33,2019-08-14,"L","Tarsalis","culex",66,"vdci"
"LV098|Pipiens|2019|34","LV-098","LV","LV",2019,34,2019-08-21,"L","Pipiens","culex",2,"vdci"
"LV098|Tarsalis|2019|34","LV-098","LV","LV",2019,34,2019-08-21,"L","Tarsalis","culex",10,"vdci"
"LV098|Pipiens|2019|35","LV-098","LV","LV",2019,35,2019-08-28,"L","Pipiens","culex",5,"vdci"
"LV098|Tarsalis|2019|35","LV-098","LV","LV",2019,35,2019-08-28,"L","Tarsalis","culex",29,"vdci"
"LV098|Pipiens|2020|26","LV-098","LV","LV",2020,26,2020-06-24,"L","Pipiens","culex",0,"vdci"
"LV098|Tarsalis|2020|26","LV-098","LV","LV",2020,26,2020-06-24,"L","Tarsalis","culex",11,"vdci"
"LV098|Pipiens|2020|27","LV-098","LV","LV",2020,27,2020-07-01,"L","Pipiens","culex",0,"vdci"
"LV098|Tarsalis|2020|27","LV-098","LV","LV",2020,27,2020-07-01,"L","Tarsalis","culex",26,"vdci"
"LV098|Pipiens|2020|28","LV-098","LV","LV",2020,28,2020-07-08,"L","Pipiens","culex",0,"vdci"
"LV098|Tarsalis|2020|28","LV-098","LV","LV",2020,28,2020-07-08,"L","Tarsalis","culex",12,"vdci"
"LV098|Pipiens|2020|29","LV-098","LV","LV",2020,29,2020-07-15,"L","Pipiens","culex",1,"vdci"
"LV098|Tarsalis|2020|29","LV-098","LV","LV",2020,29,2020-07-15,"L","Tarsalis","culex",3,"vdci"
"LV098|Pipiens|2020|30","LV-098","LV","LV",2020,30,2020-07-22,"L","Pipiens","culex",0,"vdci"
"LV098|Tarsalis|2020|30","LV-098","LV","LV",2020,30,2020-07-22,"L","Tarsalis","culex",4,"vdci"
"LV098|Pipiens|2020|31","LV-098","LV","LV",2020,31,2020-07-29,"L","Pipiens","culex",0,"vdci"
"LV098|Tarsalis|2020|31","LV-098","LV","LV",2020,31,2020-07-29,"L","Tarsalis","culex",48,"vdci"
"LV098|Pipiens|2020|32","LV-098","LV","LV",2020,32,2020-08-05,"L","Pipiens","culex",0,"vdci"
"LV098|Tarsalis|2020|32","LV-098","LV","LV",2020,32,2020-08-05,"L","Tarsalis","culex",31,"vdci"
"LV098|Pipiens|2020|33","LV-098","LV","LV",2020,33,2020-08-12,"L","Pipiens","culex",2,"vdci"
"LV098|Tarsalis|2020|33","LV-098","LV","LV",2020,33,2020-08-12,"L","Tarsalis","culex",12,"vdci"
"LV098|Pipiens|2020|34","LV-098","LV","LV",2020,34,2020-08-19,"L","Pipiens","culex",0,"vdci"
"LV098|Tarsalis|2020|34","LV-098","LV","LV",2020,34,2020-08-19,"L","Tarsalis","culex",22,"vdci"
"LV098|Pipiens|2020|35","LV-098","LV","LV",2020,35,2020-08-26,"L","Pipiens","culex",0,"vdci"
"LV098|Tarsalis|2020|35","LV-098","LV","LV",2020,35,2020-08-26,"L","Tarsalis","culex",8,"vdci"
"LV098|Pipiens|2021|23","LV-098","LV","LV",2021,23,2021-06-09,"L","Pipiens","culex",0,"vdci"
"LV098|Tarsalis|2021|23","LV-098","LV","LV",2021,23,2021-06-09,"L","Tarsalis","culex",1,"vdci"
"LV098|Pipiens|2021|24","LV-098","LV","LV",2021,24,2021-06-16,"L","Pipiens","culex",3,"vdci"
"LV098|Tarsalis|2021|24","LV-098","LV","LV",2021,24,2021-06-16,"L","Tarsalis","culex",0,"vdci"
"LV098|Pipiens|2021|25","LV-098","LV","LV",2021,25,2021-06-23,"L","Pipiens","culex",3,"vdci"
"LV098|Tarsalis|2021|25","LV-098","LV","LV",2021,25,2021-06-23,"L","Tarsalis","culex",25,"vdci"
"LV098|Pipiens|2021|26","LV-098","LV","LV",2021,26,2021-07-01,"L","Pipiens","culex",0,"vdci"
"LV098|Tarsalis|2021|26","LV-098","LV","LV",2021,26,2021-07-01,"L","Tarsalis","culex",39,"vdci"
"LV098|Pipiens|2021|27","LV-098","LV","LV",2021,27,2021-07-07,"L","Pipiens","culex",4,"vdci"
"LV098|Tarsalis|2021|27","LV-098","LV","LV",2021,27,2021-07-07,"L","Tarsalis","culex",15,"vdci"
"LV098|Pipiens|2021|28","LV-098","LV","LV",2021,28,2021-07-14,"L","Pipiens","culex",7,"vdci"
"LV098|Tarsalis|2021|28","LV-098","LV","LV",2021,28,2021-07-14,"L","Tarsalis","culex",35,"vdci"
"LV098|Pipiens|2021|29","LV-098","LV","LV",2021,29,2021-07-21,"L","Pipiens","culex",1,"vdci"
"LV098|Tarsalis|2021|29","LV-098","LV","LV",2021,29,2021-07-21,"L","Tarsalis","culex",82,"vdci"
"LV098|Pipiens|2021|30","LV-098","LV","LV",2021,30,2021-07-28,"L","Pipiens","culex",7,"vdci"
"LV098|Tarsalis|2021|30","LV-098","LV","LV",2021,30,2021-07-28,"L","Tarsalis","culex",38,"vdci"
"LV098|Pipiens|2021|31","LV-098","LV","LV",2021,31,2021-08-04,"L","Pipiens","culex",0,"vdci"
"LV098|Tarsalis|2021|31","LV-098","LV","LV",2021,31,2021-08-04,"L","Tarsalis","culex",1,"vdci"
"LV098|Pipiens|2021|32","LV-098","LV","LV",2021,32,2021-08-11,"L","Pipiens","culex",5,"vdci"
"LV098|Tarsalis|2021|32","LV-098","LV","LV",2021,32,2021-08-11,"L","Tarsalis","culex",4,"vdci"
"LV098|Pipiens|2021|33","LV-098","LV","LV",2021,33,2021-08-18,"L","Pipiens","culex",3,"vdci"
"LV098|Tarsalis|2021|33","LV-098","LV","LV",2021,33,2021-08-18,"L","Tarsalis","culex",17,"vdci"
"LV098|Pipiens|2021|34","LV-098","LV","LV",2021,34,2021-08-25,"L","Pipiens","culex",9,"vdci"
"LV098|Tarsalis|2021|34","LV-098","LV","LV",2021,34,2021-08-25,"L","Tarsalis","culex",5,"vdci"
"LV098|Pipiens|2021|35","LV-098","LV","LV",2021,35,2021-09-01,"L","Pipiens","culex",12,"vdci"
"LV098|Tarsalis|2021|35","LV-098","LV","LV",2021,35,2021-09-01,"L","Tarsalis","culex",5,"vdci"
"LV098|Pipiens|2022|23","LV-098","LV","LV",2022,23,2022-06-08,"L","Pipiens","culex",1,"vdci"
"LV098|Tarsalis|2022|23","LV-098","LV","LV",2022,23,2022-06-08,"L","Tarsalis","culex",3,"vdci"
"LV098|Pipiens|2022|24","LV-098","LV","LV",2022,24,2022-06-15,"L","Pipiens","culex",0,"vdci"
"LV098|Tarsalis|2022|24","LV-098","LV","LV",2022,24,2022-06-15,"L","Tarsalis","culex",5,"vdci"
"LV098|Pipiens|2022|25","LV-098","LV","LV",2022,25,2022-06-22,"L","Pipiens","culex",0,"vdci"
"LV098|Tarsalis|2022|25","LV-098","LV","LV",2022,25,2022-06-22,"L","Tarsalis","culex",2,"vdci"
"LV098|Pipiens|2022|26","LV-098","LV","LV",2022,26,2022-06-29,"L","Pipiens","culex",0,"vdci"
"LV098|Tarsalis|2022|26","LV-098","LV","LV",2022,26,2022-06-29,"L","Tarsalis","culex",1,"vdci"
"LV098|Pipiens|2022|28","LV-098","LV","LV",2022,28,2022-07-13,"L","Pipiens","culex",1,"vdci"
"LV098|Tarsalis|2022|28","LV-098","LV","LV",2022,28,2022-07-13,"L","Tarsalis","culex",57,"vdci"
"LV098|Pipiens|2022|29","LV-098","LV","LV",2022,29,2022-07-20,"L","Pipiens","culex",3,"vdci"
"LV098|Tarsalis|2022|29","LV-098","LV","LV",2022,29,2022-07-20,"L","Tarsalis","culex",21,"vdci"
"LV098|Pipiens|2022|30","LV-098","LV","LV",2022,30,2022-07-27,"L","Pipiens","culex",4,"vdci"
"LV098|Tarsalis|2022|30","LV-098","LV","LV",2022,30,2022-07-27,"L","Tarsalis","culex",19,"vdci"
"LV098|Pipiens|2022|31","LV-098","LV","LV",2022,31,2022-08-03,"L","Pipiens","culex",3,"vdci"
"LV098|Tarsalis|2022|31","LV-098","LV","LV",2022,31,2022-08-03,"L","Tarsalis","culex",2,"vdci"
"LV098|Pipiens|2022|32","LV-098","LV","LV",2022,32,2022-08-10,"L","Pipiens","culex",14,"vdci"
"LV098|Tarsalis|2022|32","LV-098","LV","LV",2022,32,2022-08-10,"L","Tarsalis","culex",23,"vdci"
"LV098|Pipiens|2022|33","LV-098","LV","LV",2022,33,2022-08-17,"L","Pipiens","culex",46,"vdci"
"LV098|Tarsalis|2022|33","LV-098","LV","LV",2022,33,2022-08-17,"L","Tarsalis","culex",35,"vdci"
"LV098|Pipiens|2022|34","LV-098","LV","LV",2022,34,2022-08-24,"L","Pipiens","culex",27,"vdci"
"LV098|Tarsalis|2022|34","LV-098","LV","LV",2022,34,2022-08-24,"L","Tarsalis","culex",24,"vdci"
"LV098|Pipiens|2022|35","LV-098","LV","LV",2022,35,2022-08-31,"L","Pipiens","culex",45,"vdci"
"LV098|Tarsalis|2022|35","LV-098","LV","LV",2022,35,2022-08-31,"L","Tarsalis","culex",0,"vdci"
"LV098|Pipiens|2023|23","LV-098","LV","LV",2023,23,2023-06-07,"L","Pipiens","culex",1,"vdci"
"LV098|Tarsalis|2023|23","LV-098","LV","LV",2023,23,2023-06-07,"L","Tarsalis","culex",0,"vdci"
"LV098|Pipiens|2023|24","LV-098","LV","LV",2023,24,2023-06-14,"L","Pipiens","culex",1,"vdci"
"LV098|Tarsalis|2023|24","LV-098","LV","LV",2023,24,2023-06-14,"L","Tarsalis","culex",10,"vdci"
"LV098|Pipiens|2023|25","LV-098","LV","LV",2023,25,2023-06-21,"L","Pipiens","culex",1,"vdci"
"LV098|Tarsalis|2023|25","LV-098","LV","LV",2023,25,2023-06-21,"L","Tarsalis","culex",20,"vdci"
"LV098|Pipiens|2023|26","LV-098","LV","LV",2023,26,2023-06-28,"L","Pipiens","culex",0,"vdci"
"LV098|Tarsalis|2023|26","LV-098","LV","LV",2023,26,2023-06-28,"L","Tarsalis","culex",22,"vdci"
"LV098|Pipiens|2023|28","LV-098","LV","LV",2023,28,2023-07-12,"L","Pipiens","culex",24,"vdci"
"LV098|Tarsalis|2023|28","LV-098","LV","LV",2023,28,2023-07-12,"L","Tarsalis","culex",204,"vdci"
"LV098|Pipiens|2023|29","LV-098","LV","LV",2023,29,2023-07-19,"L","Pipiens","culex",8,"vdci"
"LV098|Tarsalis|2023|29","LV-098","LV","LV",2023,29,2023-07-19,"L","Tarsalis","culex",72,"vdci"
"LV098|Pipiens|2023|30","LV-098","LV","LV",2023,30,2023-07-26,"L","Pipiens","culex",3,"vdci"
"LV098|Tarsalis|2023|30","LV-098","LV","LV",2023,30,2023-07-26,"L","Tarsalis","culex",53,"vdci"
"LV098|Pipiens|2023|31","LV-098","LV","LV",2023,31,2023-08-02,"L","Pipiens","culex",2,"vdci"
"LV098|Tarsalis|2023|31","LV-098","LV","LV",2023,31,2023-08-02,"L","Tarsalis","culex",32,"vdci"
"LV098|Pipiens|2023|32","LV-098","LV","LV",2023,32,2023-08-09,"L","Pipiens","culex",4,"vdci"
"LV098|Tarsalis|2023|32","LV-098","LV","LV",2023,32,2023-08-09,"L","Tarsalis","culex",116,"vdci"
"LV098|Pipiens|2023|33","LV-098","LV","LV",2023,33,2023-08-16,"L","Pipiens","culex",0,"vdci"
"LV098|Tarsalis|2023|33","LV-098","LV","LV",2023,33,2023-08-16,"L","Tarsalis","culex",36,"vdci"
"LV098|Pipiens|2023|34","LV-098","LV","LV",2023,34,2023-08-23,"L","Pipiens","culex",26,"vdci"
"LV098|Tarsalis|2023|34","LV-098","LV","LV",2023,34,2023-08-23,"L","Tarsalis","culex",39,"vdci"
"LV098|Pipiens|2023|35","LV-098","LV","LV",2023,35,2023-08-30,"L","Pipiens","culex",7,"vdci"
"LV098|Tarsalis|2023|35","LV-098","LV","LV",2023,35,2023-08-30,"L","Tarsalis","culex",19,"vdci"
"LV098|Pipiens|2024|26","LV-098","LV","LV",2024,26,2024-06-27,"L","Pipiens","culex",1,"vdci"
"LV098|Tarsalis|2024|26","LV-098","LV","LV",2024,26,2024-06-27,"L","Tarsalis","culex",3,"vdci"
"LV098|Pipiens|2024|28","LV-098","LV","LV",2024,28,2024-07-11,"L","Pipiens","culex",5,"vdci"
"LV098|Tarsalis|2024|28","LV-098","LV","LV",2024,28,2024-07-11,"L","Tarsalis","culex",5,"vdci"
"LV098|Pipiens|2024|29","LV-098","LV","LV",2024,29,2024-07-18,"L","Pipiens","culex",4,"vdci"
"LV098|Tarsalis|2024|29","LV-098","LV","LV",2024,29,2024-07-18,"L","Tarsalis","culex",11,"vdci"
"LV098|Pipiens|2024|30","LV-098","LV","LV",2024,30,2024-07-25,"L","Pipiens","culex",6,"vdci"
"LV098|Tarsalis|2024|30","LV-098","LV","LV",2024,30,2024-07-25,"L","Tarsalis","culex",5,"vdci"
"LV098|Pipiens|2024|31","LV-098","LV","LV",2024,31,2024-08-01,"L","Pipiens","culex",9,"vdci"
"LV098|Tarsalis|2024|31","LV-098","LV","LV",2024,31,2024-08-01,"L","Tarsalis","culex",13,"vdci"
"LV098|Pipiens|2024|32","LV-098","LV","LV",2024,32,2024-08-08,"L","Pipiens","culex",2,"vdci"
"LV098|Tarsalis|2024|32","LV-098","LV","LV",2024,32,2024-08-08,"L","Tarsalis","culex",7,"vdci"
"LV098|Pipiens|2024|33","LV-098","LV","LV",2024,33,2024-08-15,"L","Pipiens","culex",12,"vdci"
"LV098|Tarsalis|2024|33","LV-098","LV","LV",2024,33,2024-08-15,"L","Tarsalis","culex",48,"vdci"
"LV098|Pipiens|2024|35","LV-098","LV","LV",2024,35,2024-08-29,"L","Pipiens","culex",1,"vdci"
"LV098|Tarsalis|2024|35","LV-098","LV","LV",2024,35,2024-08-29,"L","Tarsalis","culex",4,"vdci"
"LV098|Pipiens|2025|23","LV-098","LV","LV",2025,23,2025-06-05,"L","Pipiens","culex",1,"vdci"
"LV098|Tarsalis|2025|23","LV-098","LV","LV",2025,23,2025-06-05,"L","Tarsalis","culex",1,"vdci"
"LV098|Pipiens|2025|25","LV-098","LV","LV",2025,25,2025-06-19,"L","Pipiens","culex",1,"vdci"
"LV098|Tarsalis|2025|25","LV-098","LV","LV",2025,25,2025-06-19,"L","Tarsalis","culex",2,"vdci"
"LV098|Pipiens|2025|26","LV-098","LV","LV",2025,26,2025-06-26,"L","Pipiens","culex",1,"vdci"
"LV098|Tarsalis|2025|26","LV-098","LV","LV",2025,26,2025-06-26,"L","Tarsalis","culex",7,"vdci"
"LV098|Pipiens|2025|27","LV-098","LV","LV",2025,27,2025-07-03,"L","Pipiens","culex",2,"vdci"
"LV098|Tarsalis|2025|27","LV-098","LV","LV",2025,27,2025-07-03,"L","Tarsalis","culex",32,"vdci"
"LV098|Pipiens|2025|28","LV-098","LV","LV",2025,28,2025-07-10,"L","Pipiens","culex",0,"vdci"
"LV098|Tarsalis|2025|28","LV-098","LV","LV",2025,28,2025-07-10,"L","Tarsalis","culex",38,"vdci"
"LV098|Pipiens|2025|29","LV-098","LV","LV",2025,29,2025-07-17,"L","Pipiens","culex",5,"vdci"
"LV098|Tarsalis|2025|29","LV-098","LV","LV",2025,29,2025-07-17,"L","Tarsalis","culex",22,"vdci"
"LV098|Pipiens|2025|30","LV-098","LV","LV",2025,30,2025-07-24,"L","Pipiens","culex",0,"vdci"
"LV098|Tarsalis|2025|30","LV-098","LV","LV",2025,30,2025-07-24,"L","Tarsalis","culex",5,"vdci"
"LV098|Pipiens|2025|31","LV-098","LV","LV",2025,31,2025-07-31,"L","Pipiens","culex",0,"vdci"
"LV098|Tarsalis|2025|31","LV-098","LV","LV",2025,31,2025-07-31,"L","Tarsalis","culex",7,"vdci"
"LV098|Pipiens|2025|32","LV-098","LV","LV",2025,32,2025-08-07,"L","Pipiens","culex",0,"vdci"
"LV098|Tarsalis|2025|32","LV-098","LV","LV",2025,32,2025-08-07,"L","Tarsalis","culex",8,"vdci"
"LV098|Pipiens|2025|33","LV-098","LV","LV",2025,33,2025-08-14,"L","Pipiens","culex",3,"vdci"
"LV098|Tarsalis|2025|33","LV-098","LV","LV",2025,33,2025-08-14,"L","Tarsalis","culex",11,"vdci"
"LV098|Pipiens|2025|34","LV-098","LV","LV",2025,34,2025-08-21,"L","Pipiens","culex",1,"vdci"
"LV098|Tarsalis|2025|34","LV-098","LV","LV",2025,34,2025-08-21,"L","Tarsalis","culex",12,"vdci"
"LV098|Pipiens|2025|35","LV-098","LV","LV",2025,35,2025-08-28,"L","Pipiens","culex",0,"vdci"
"LV098|Tarsalis|2025|35","LV-098","LV","LV",2025,35,2025-08-28,"L","Tarsalis","culex",1,"vdci"
"LC022|Pipiens|2024|32","LC-022","BE","BE",2024,32,2024-08-05,"L","Pipiens","no mosquitoes",0,"vdci"
"LC022|Tarsalis|2024|32","LC-022","BE","BE",2024,32,2024-08-05,"L","Tarsalis","no mosquitoes",0,"vdci"
"LV004|Pipiens|2024|33","LV-004","LV","LV",2024,33,2024-08-12,"L","Pipiens","malfunction",NA,"vdci"
"LV004|Tarsalis|2024|33","LV-004","LV","LV",2024,33,2024-08-12,"L","Tarsalis","malfunction",NA,"vdci"
"LV010GR|Pipiens|2025|29","LV-010GR","LV","LV",2025,29,2025-07-17,"G","Pipiens","malfunction",NA,"vdci"
"LV010GR|Tarsalis|2025|29","LV-010GR","LV","LV",2025,29,2025-07-17,"G","Tarsalis","malfunction",NA,"vdci"
"LV019|Pipiens|2025|23","LV-019","LV","LV",2025,23,2025-06-04,"L","Pipiens","no culex",0,"vdci"
"LV019|Tarsalis|2025|23","LV-019","LV","LV",2025,23,2025-06-04,"L","Tarsalis","no culex",0,"vdci"
"LV019|Pipiens|2025|24","LV-019","LV","LV",2025,24,2025-06-11,"L","Pipiens","no culex",0,"vdci"
"LV019|Tarsalis|2025|24","LV-019","LV","LV",2025,24,2025-06-11,"L","Tarsalis","no culex",0,"vdci"
"LV019|Pipiens|2025|35","LV-019","LV","LV",2025,35,2025-08-27,"L","Pipiens","no culex",0,"vdci"
"LV019|Tarsalis|2025|35","LV-019","LV","LV",2025,35,2025-08-27,"L","Tarsalis","no culex",0,"vdci"
"LV021|Pipiens|2024|29","LV-021","LV","LV",2024,29,2024-07-17,"L","Pipiens","no mosquitoes",0,"vdci"
"LV021|Tarsalis|2024|29","LV-021","LV","LV",2024,29,2024-07-17,"L","Tarsalis","no mosquitoes",0,"vdci"
"LV021|Pipiens|2024|31","LV-021","LV","LV",2024,31,2024-07-31,"L","Pipiens","no mosquitoes",0,"vdci"
"LV021|Tarsalis|2024|31","LV-021","LV","LV",2024,31,2024-07-31,"L","Tarsalis","no mosquitoes",0,"vdci"
"LV021|Pipiens|2024|34","LV-021","LV","LV",2024,34,2024-08-21,"L","Pipiens","no mosquitoes",0,"vdci"
"LV021|Tarsalis|2024|34","LV-021","LV","LV",2024,34,2024-08-21,"L","Tarsalis","no mosquitoes",0,"vdci"
"LV042|Pipiens|2025|32","LV-042","LV","LV",2025,32,2025-08-06,"L","Pipiens","no mosquitoes",0,"vdci"
"LV042|Tarsalis|2025|32","LV-042","LV","LV",2025,32,2025-08-06,"L","Tarsalis","no mosquitoes",0,"vdci"
"LV066|Pipiens|2025|25","LV-066","LV","LV",2025,25,2025-06-16,"L","Pipiens","no mosquitoes",0,"vdci"
"LV066|Tarsalis|2025|25","LV-066","LV","LV",2025,25,2025-06-16,"L","Tarsalis","no mosquitoes",0,"vdci"
"LV067|Pipiens|2024|33","LV-067","LV","LV",2024,33,2024-08-14,"L","Pipiens","no mosquitoes",0,"vdci"
"LV067|Tarsalis|2024|33","LV-067","LV","LV",2024,33,2024-08-14,"L","Tarsalis","no mosquitoes",0,"vdci"
"LV067|Pipiens|2024|34","LV-067","LV","LV",2024,34,2024-08-21,"L","Pipiens","no mosquitoes",0,"vdci"
"LV067|Tarsalis|2024|34","LV-067","LV","LV",2024,34,2024-08-21,"L","Tarsalis","no mosquitoes",0,"vdci"
"LV067|Pipiens|2025|28","LV-067","LV","LV",2025,28,2025-07-09,"L","Pipiens","no culex",0,"vdci"
"LV067|Tarsalis|2025|28","LV-067","LV","LV",2025,28,2025-07-09,"L","Tarsalis","no culex",0,"vdci"
"LV077|Pipiens|2025|23","LV-077","LV","LV",2025,23,2025-06-03,"L","Pipiens","no mosquitoes",0,"vdci"
"LV077|Tarsalis|2025|23","LV-077","LV","LV",2025,23,2025-06-03,"L","Tarsalis","no mosquitoes",0,"vdci"
"LV077|Pipiens|2025|24","LV-077","LV","LV",2025,24,2025-06-10,"L","Pipiens","no mosquitoes",0,"vdci"
"LV077|Tarsalis|2025|24","LV-077","LV","LV",2025,24,2025-06-10,"L","Tarsalis","no mosquitoes",0,"vdci"
"LV077|Pipiens|2025|31","LV-077","LV","LV",2025,31,2025-07-29,"L","Pipiens","no culex",0,"vdci"
"LV077|Tarsalis|2025|31","LV-077","LV","LV",2025,31,2025-07-29,"L","Tarsalis","no culex",0,"vdci"
"LV088|Pipiens|2024|35","LV-088","LV","LV",2024,35,2024-08-26,"L","Pipiens","malfunction",NA,"vdci"
"LV088|Tarsalis|2024|35","LV-088","LV","LV",2024,35,2024-08-26,"L","Tarsalis","malfunction",NA,"vdci"
"LV088|Pipiens|2025|31","LV-088","LV","LV",2025,31,2025-07-28,"L","Pipiens","malfunction",NA,"vdci"
"LV088|Tarsalis|2025|31","LV-088","LV","LV",2025,31,2025-07-28,"L","Tarsalis","malfunction",NA,"vdci"
"LV093|Pipiens|2024|31","LV-093","LV","LV",2024,31,2024-07-29,"L","Pipiens","no mosquitoes",0,"vdci"
"LV093|Tarsalis|2024|31","LV-093","LV","LV",2024,31,2024-07-29,"L","Tarsalis","no mosquitoes",0,"vdci"
"LV093|Pipiens|2024|35","LV-093","LV","LV",2024,35,2024-08-26,"L","Pipiens","no mosquitoes",0,"vdci"
"LV093|Tarsalis|2024|35","LV-093","LV","LV",2024,35,2024-08-26,"L","Tarsalis","no mosquitoes",0,"vdci"
"LV097|Pipiens|2024|30","LV-097","LV","LV",2024,30,2024-07-25,"L","Pipiens","no mosquitoes",0,"vdci"
"LV097|Tarsalis|2024|30","LV-097","LV","LV",2024,30,2024-07-25,"L","Tarsalis","no mosquitoes",0,"vdci"
"LV097|Pipiens|2024|34","LV-097","LV","LV",2024,34,2024-08-22,"L","Pipiens","no mosquitoes",0,"vdci"
"LV097|Tarsalis|2024|34","LV-097","LV","LV",2024,34,2024-08-22,"L","Tarsalis","no mosquitoes",0,"vdci"
"LV097|Pipiens|2025|23","LV-097","LV","LV",2025,23,2025-06-05,"L","Pipiens","no culex",0,"vdci"
"LV097|Tarsalis|2025|23","LV-097","LV","LV",2025,23,2025-06-05,"L","Tarsalis","no culex",0,"vdci"
"LV097|Pipiens|2025|32","LV-097","LV","LV",2025,32,2025-08-07,"L","Pipiens","malfunction",NA,"vdci"
"LV097|Tarsalis|2025|32","LV-097","LV","LV",2025,32,2025-08-07,"L","Tarsalis","malfunction",NA,"vdci"
"LV098|Pipiens|2024|34","LV-098","LV","LV",2024,34,2024-08-22,"L","Pipiens","malfunction",NA,"vdci"
"LV098|Tarsalis|2024|34","LV-098","LV","LV",2024,34,2024-08-22,"L","Tarsalis","malfunction",NA,"vdci"
"LV098|Pipiens|2025|24","LV-098","LV","LV",2025,24,2025-06-12,"L","Pipiens","no culex",0,"vdci"
"LV098|Tarsalis|2025|24","LV-098","LV","LV",2025,24,2025-06-12,"L","Tarsalis","no culex",0,"vdci"
"JT06|Pipiens|2016|31","JT-06",NA,NA,2016,31,2016-08-04,"L","Pipiens","culex",15,"cmc_weekly"
"JT06|Tarsalis|2016|31","JT-06",NA,NA,2016,31,2016-08-04,"L","Tarsalis","culex",70,"cmc_weekly"
"LC010|Pipiens|2016|25","LC-010","BE","BE",2016,25,2016-06-20,"L","Pipiens","culex",0,"cmc_weekly"
"LC010|Tarsalis|2016|25","LC-010","BE","BE",2016,25,2016-06-20,"L","Tarsalis","culex",6,"cmc_weekly"
"LC010|Pipiens|2016|26","LC-010","BE","BE",2016,26,2016-06-27,"L","Pipiens","culex",0,"cmc_weekly"
"LC010|Tarsalis|2016|26","LC-010","BE","BE",2016,26,2016-06-27,"L","Tarsalis","culex",6,"cmc_weekly"
"LC010|Pipiens|2016|27","LC-010","BE","BE",2016,27,2016-07-06,"L","Pipiens","culex",0,"cmc_weekly"
"LC010|Tarsalis|2016|27","LC-010","BE","BE",2016,27,2016-07-06,"L","Tarsalis","culex",4,"cmc_weekly"
"LC010|Pipiens|2016|28","LC-010","BE","BE",2016,28,2016-07-11,"L","Pipiens","culex",2,"cmc_weekly"
"LC010|Tarsalis|2016|28","LC-010","BE","BE",2016,28,2016-07-11,"L","Tarsalis","culex",22,"cmc_weekly"
"LC010|Pipiens|2016|29","LC-010","BE","BE",2016,29,2016-07-18,"L","Pipiens","culex",0,"cmc_weekly"
"LC010|Tarsalis|2016|29","LC-010","BE","BE",2016,29,2016-07-18,"L","Tarsalis","culex",30,"cmc_weekly"
"LC010|Pipiens|2016|30","LC-010","BE","BE",2016,30,2016-07-25,"L","Pipiens","culex",1,"cmc_weekly"
"LC010|Tarsalis|2016|30","LC-010","BE","BE",2016,30,2016-07-25,"L","Tarsalis","culex",33,"cmc_weekly"
"LC010|Pipiens|2016|31","LC-010","BE","BE",2016,31,2016-08-01,"L","Pipiens","culex",0,"cmc_weekly"
"LC010|Tarsalis|2016|31","LC-010","BE","BE",2016,31,2016-08-01,"L","Tarsalis","culex",19,"cmc_weekly"
"LC010|Pipiens|2016|32","LC-010","BE","BE",2016,32,2016-08-08,"L","Pipiens","culex",1,"cmc_weekly"
"LC010|Tarsalis|2016|32","LC-010","BE","BE",2016,32,2016-08-08,"L","Tarsalis","culex",17,"cmc_weekly"
"LC010|Pipiens|2016|33","LC-010","BE","BE",2016,33,2016-08-15,"L","Pipiens","culex",2,"cmc_weekly"
"LC010|Tarsalis|2016|33","LC-010","BE","BE",2016,33,2016-08-15,"L","Tarsalis","culex",16,"cmc_weekly"
"LC010|Pipiens|2016|34","LC-010","BE","BE",2016,34,2016-08-23,"L","Pipiens","culex",0,"cmc_weekly"
"LC010|Tarsalis|2016|34","LC-010","BE","BE",2016,34,2016-08-23,"L","Tarsalis","culex",4,"cmc_weekly"
"LC010|Pipiens|2017|24","LC-010","BE","BE",2017,24,2017-06-12,"L","Pipiens","culex",0,"cmc_weekly"
"LC010|Tarsalis|2017|24","LC-010","BE","BE",2017,24,2017-06-12,"L","Tarsalis","culex",8,"cmc_weekly"
"LC010|Pipiens|2017|25","LC-010","BE","BE",2017,25,2017-06-19,"L","Pipiens","culex",0,"cmc_weekly"
"LC010|Tarsalis|2017|25","LC-010","BE","BE",2017,25,2017-06-19,"L","Tarsalis","culex",1,"cmc_weekly"
"LC010|Pipiens|2017|26","LC-010","BE","BE",2017,26,2017-06-26,"L","Pipiens","culex",0,"cmc_weekly"
"LC010|Tarsalis|2017|26","LC-010","BE","BE",2017,26,2017-06-26,"L","Tarsalis","culex",2,"cmc_weekly"
"LC010|Pipiens|2017|27","LC-010","BE","BE",2017,27,2017-07-03,"L","Pipiens","culex",0,"cmc_weekly"
"LC010|Tarsalis|2017|27","LC-010","BE","BE",2017,27,2017-07-03,"L","Tarsalis","culex",13,"cmc_weekly"
"LC010|Pipiens|2017|28","LC-010","BE","BE",2017,28,2017-07-10,"L","Pipiens","culex",0,"cmc_weekly"
"LC010|Tarsalis|2017|28","LC-010","BE","BE",2017,28,2017-07-10,"L","Tarsalis","culex",30,"cmc_weekly"
"LC010|Pipiens|2017|29","LC-010","BE","BE",2017,29,2017-07-17,"L","Pipiens","culex",1,"cmc_weekly"
"LC010|Tarsalis|2017|29","LC-010","BE","BE",2017,29,2017-07-17,"L","Tarsalis","culex",34,"cmc_weekly"
"LC010|Pipiens|2017|30","LC-010","BE","BE",2017,30,2017-07-24,"L","Pipiens","culex",0,"cmc_weekly"
"LC010|Tarsalis|2017|30","LC-010","BE","BE",2017,30,2017-07-24,"L","Tarsalis","culex",42,"cmc_weekly"
"LC010|Pipiens|2017|31","LC-010","BE","BE",2017,31,2017-07-31,"L","Pipiens","culex",0,"cmc_weekly"
"LC010|Tarsalis|2017|31","LC-010","BE","BE",2017,31,2017-07-31,"L","Tarsalis","culex",1,"cmc_weekly"
"LC010|Pipiens|2017|33","LC-010","BE","BE",2017,33,2017-08-14,"L","Pipiens","culex",5,"cmc_weekly"
"LC010|Tarsalis|2017|33","LC-010","BE","BE",2017,33,2017-08-14,"L","Tarsalis","culex",38,"cmc_weekly"
"LC010|Pipiens|2017|35","LC-010","BE","BE",2017,35,2017-08-28,"L","Pipiens","culex",0,"cmc_weekly"
"LC010|Tarsalis|2017|35","LC-010","BE","BE",2017,35,2017-08-28,"L","Tarsalis","culex",7,"cmc_weekly"
"LC010|Pipiens|2018|25","LC-010","BE","BE",2018,25,2018-06-18,"L","Pipiens","culex",0,"cmc_weekly"
"LC010|Tarsalis|2018|25","LC-010","BE","BE",2018,25,2018-06-18,"L","Tarsalis","culex",1,"cmc_weekly"
"LC010|Pipiens|2018|26","LC-010","BE","BE",2018,26,2018-06-25,"L","Pipiens","culex",0,"cmc_weekly"
"LC010|Tarsalis|2018|26","LC-010","BE","BE",2018,26,2018-06-25,"L","Tarsalis","culex",3,"cmc_weekly"
"LC010|Pipiens|2018|27","LC-010","BE","BE",2018,27,2018-07-02,"L","Pipiens","culex",0,"cmc_weekly"
"LC010|Tarsalis|2018|27","LC-010","BE","BE",2018,27,2018-07-02,"L","Tarsalis","culex",5,"cmc_weekly"
"LC010|Pipiens|2018|28","LC-010","BE","BE",2018,28,2018-07-09,"L","Pipiens","culex",0,"cmc_weekly"
"LC010|Tarsalis|2018|28","LC-010","BE","BE",2018,28,2018-07-09,"L","Tarsalis","culex",88,"cmc_weekly"
"LC010|Pipiens|2018|29","LC-010","BE","BE",2018,29,2018-07-16,"L","Pipiens","culex",0,"cmc_weekly"
"LC010|Tarsalis|2018|29","LC-010","BE","BE",2018,29,2018-07-16,"L","Tarsalis","culex",35,"cmc_weekly"
"LC010|Pipiens|2018|30","LC-010","BE","BE",2018,30,2018-07-23,"L","Pipiens","culex",0,"cmc_weekly"
"LC010|Tarsalis|2018|30","LC-010","BE","BE",2018,30,2018-07-23,"L","Tarsalis","culex",12,"cmc_weekly"
"LC010|Pipiens|2018|31","LC-010","BE","BE",2018,31,2018-07-30,"L","Pipiens","culex",0,"cmc_weekly"
"LC010|Tarsalis|2018|31","LC-010","BE","BE",2018,31,2018-07-30,"L","Tarsalis","culex",7,"cmc_weekly"
"LC010|Pipiens|2018|32","LC-010","BE","BE",2018,32,2018-08-06,"L","Pipiens","culex",2,"cmc_weekly"
"LC010|Tarsalis|2018|32","LC-010","BE","BE",2018,32,2018-08-06,"L","Tarsalis","culex",5,"cmc_weekly"
"LC010|Pipiens|2018|33","LC-010","BE","BE",2018,33,2018-08-13,"L","Pipiens","culex",3,"cmc_weekly"
"LC010|Tarsalis|2018|33","LC-010","BE","BE",2018,33,2018-08-13,"L","Tarsalis","culex",21,"cmc_weekly"
"LC010|Pipiens|2018|34","LC-010","BE","BE",2018,34,2018-08-20,"L","Pipiens","culex",0,"cmc_weekly"
"LC010|Tarsalis|2018|34","LC-010","BE","BE",2018,34,2018-08-20,"L","Tarsalis","culex",6,"cmc_weekly"
"LC010|Pipiens|2018|35","LC-010","BE","BE",2018,35,2018-08-27,"L","Pipiens","culex",3,"cmc_weekly"
"LC010|Tarsalis|2018|35","LC-010","BE","BE",2018,35,2018-08-27,"L","Tarsalis","culex",4,"cmc_weekly"
"LC017|Pipiens|2016|25","LC-017","BE","BE",2016,25,2016-06-22,"L","Pipiens","culex",1,"cmc_weekly"
"LC017|Tarsalis|2016|25","LC-017","BE","BE",2016,25,2016-06-22,"L","Tarsalis","culex",1,"cmc_weekly"
"LC017|Pipiens|2016|26","LC-017","BE","BE",2016,26,2016-06-29,"L","Pipiens","culex",6,"cmc_weekly"
"LC017|Tarsalis|2016|26","LC-017","BE","BE",2016,26,2016-06-29,"L","Tarsalis","culex",16,"cmc_weekly"
"LC017|Pipiens|2016|27","LC-017","BE","BE",2016,27,2016-07-07,"L","Pipiens","culex",8,"cmc_weekly"
"LC017|Tarsalis|2016|27","LC-017","BE","BE",2016,27,2016-07-07,"L","Tarsalis","culex",19,"cmc_weekly"
"LC017|Pipiens|2016|28","LC-017","BE","BE",2016,28,2016-07-13,"L","Pipiens","culex",7,"cmc_weekly"
"LC017|Tarsalis|2016|28","LC-017","BE","BE",2016,28,2016-07-13,"L","Tarsalis","culex",56,"cmc_weekly"
"LC017|Pipiens|2016|29","LC-017","BE","BE",2016,29,2016-07-20,"L","Pipiens","culex",13,"cmc_weekly"
"LC017|Tarsalis|2016|29","LC-017","BE","BE",2016,29,2016-07-20,"L","Tarsalis","culex",17,"cmc_weekly"
"LC017|Pipiens|2016|30","LC-017","BE","BE",2016,30,2016-07-27,"L","Pipiens","culex",6,"cmc_weekly"
"LC017|Tarsalis|2016|30","LC-017","BE","BE",2016,30,2016-07-27,"L","Tarsalis","culex",31,"cmc_weekly"
"LC017|Pipiens|2016|31","LC-017","BE","BE",2016,31,2016-08-03,"L","Pipiens","culex",22,"cmc_weekly"
"LC017|Tarsalis|2016|31","LC-017","BE","BE",2016,31,2016-08-03,"L","Tarsalis","culex",19,"cmc_weekly"
"LC017|Pipiens|2016|32","LC-017","BE","BE",2016,32,2016-08-10,"L","Pipiens","culex",37,"cmc_weekly"
"LC017|Tarsalis|2016|32","LC-017","BE","BE",2016,32,2016-08-10,"L","Tarsalis","culex",44,"cmc_weekly"
"LC017|Pipiens|2016|33","LC-017","BE","BE",2016,33,2016-08-17,"L","Pipiens","culex",0,"cmc_weekly"
"LC017|Tarsalis|2016|33","LC-017","BE","BE",2016,33,2016-08-17,"L","Tarsalis","culex",7,"cmc_weekly"
"LC017|Pipiens|2016|34","LC-017","BE","BE",2016,34,2016-08-24,"L","Pipiens","culex",1,"cmc_weekly"
"LC017|Tarsalis|2016|34","LC-017","BE","BE",2016,34,2016-08-24,"L","Tarsalis","culex",5,"cmc_weekly"
"LC017|Pipiens|2017|24","LC-017","BE","BE",2017,24,2017-06-14,"L","Pipiens","culex",1,"cmc_weekly"
"LC017|Tarsalis|2017|24","LC-017","BE","BE",2017,24,2017-06-14,"L","Tarsalis","culex",3,"cmc_weekly"
"LC017|Pipiens|2017|25","LC-017","BE","BE",2017,25,2017-06-21,"L","Pipiens","culex",0,"cmc_weekly"
"LC017|Tarsalis|2017|25","LC-017","BE","BE",2017,25,2017-06-21,"L","Tarsalis","culex",11,"cmc_weekly"
"LC017|Pipiens|2017|26","LC-017","BE","BE",2017,26,2017-06-28,"L","Pipiens","culex",0,"cmc_weekly"
"LC017|Tarsalis|2017|26","LC-017","BE","BE",2017,26,2017-06-28,"L","Tarsalis","culex",30,"cmc_weekly"
"LC017|Pipiens|2017|27","LC-017","BE","BE",2017,27,2017-07-04,"L","Pipiens","culex",2,"cmc_weekly"
"LC017|Tarsalis|2017|27","LC-017","BE","BE",2017,27,2017-07-04,"L","Tarsalis","culex",14,"cmc_weekly"
"LC017|Pipiens|2017|28","LC-017","BE","BE",2017,28,2017-07-12,"L","Pipiens","culex",0,"cmc_weekly"
"LC017|Tarsalis|2017|28","LC-017","BE","BE",2017,28,2017-07-12,"L","Tarsalis","culex",15,"cmc_weekly"
"LC017|Pipiens|2017|29","LC-017","BE","BE",2017,29,2017-07-19,"L","Pipiens","culex",0,"cmc_weekly"
"LC017|Tarsalis|2017|29","LC-017","BE","BE",2017,29,2017-07-19,"L","Tarsalis","culex",47,"cmc_weekly"
"LC017|Pipiens|2017|30","LC-017","BE","BE",2017,30,2017-07-26,"L","Pipiens","culex",0,"cmc_weekly"
"LC017|Tarsalis|2017|30","LC-017","BE","BE",2017,30,2017-07-26,"L","Tarsalis","culex",11,"cmc_weekly"
"LC017|Pipiens|2017|31","LC-017","BE","BE",2017,31,2017-08-02,"L","Pipiens","culex",5,"cmc_weekly"
"LC017|Tarsalis|2017|31","LC-017","BE","BE",2017,31,2017-08-02,"L","Tarsalis","culex",108,"cmc_weekly"
"LC017|Pipiens|2017|32","LC-017","BE","BE",2017,32,2017-08-09,"L","Pipiens","culex",0,"cmc_weekly"
"LC017|Tarsalis|2017|32","LC-017","BE","BE",2017,32,2017-08-09,"L","Tarsalis","culex",6,"cmc_weekly"
"LC017|Pipiens|2017|33","LC-017","BE","BE",2017,33,2017-08-16,"L","Pipiens","culex",0,"cmc_weekly"
"LC017|Tarsalis|2017|33","LC-017","BE","BE",2017,33,2017-08-16,"L","Tarsalis","culex",12,"cmc_weekly"
"LC017|Pipiens|2017|34","LC-017","BE","BE",2017,34,2017-08-23,"L","Pipiens","culex",0,"cmc_weekly"
"LC017|Tarsalis|2017|34","LC-017","BE","BE",2017,34,2017-08-23,"L","Tarsalis","culex",7,"cmc_weekly"
"LC017|Pipiens|2017|35","LC-017","BE","BE",2017,35,2017-08-30,"L","Pipiens","culex",3,"cmc_weekly"
"LC017|Tarsalis|2017|35","LC-017","BE","BE",2017,35,2017-08-30,"L","Tarsalis","culex",5,"cmc_weekly"
"LC017|Pipiens|2018|24","LC-017","BE","BE",2018,24,2018-06-13,"L","Pipiens","culex",0,"cmc_weekly"
"LC017|Tarsalis|2018|24","LC-017","BE","BE",2018,24,2018-06-13,"L","Tarsalis","culex",17,"cmc_weekly"
"LC017|Pipiens|2018|25","LC-017","BE","BE",2018,25,2018-06-20,"L","Pipiens","culex",0,"cmc_weekly"
"LC017|Tarsalis|2018|25","LC-017","BE","BE",2018,25,2018-06-20,"L","Tarsalis","culex",1,"cmc_weekly"
"LC017|Pipiens|2018|26","LC-017","BE","BE",2018,26,2018-06-27,"L","Pipiens","culex",0,"cmc_weekly"
"LC017|Tarsalis|2018|26","LC-017","BE","BE",2018,26,2018-06-27,"L","Tarsalis","culex",31,"cmc_weekly"
"LC017|Pipiens|2018|27","LC-017","BE","BE",2018,27,2018-07-03,"L","Pipiens","culex",0,"cmc_weekly"
"LC017|Tarsalis|2018|27","LC-017","BE","BE",2018,27,2018-07-03,"L","Tarsalis","culex",11,"cmc_weekly"
"LC017|Pipiens|2018|28","LC-017","BE","BE",2018,28,2018-07-11,"L","Pipiens","culex",3,"cmc_weekly"
"LC017|Tarsalis|2018|28","LC-017","BE","BE",2018,28,2018-07-11,"L","Tarsalis","culex",80,"cmc_weekly"
"LC017|Pipiens|2018|29","LC-017","BE","BE",2018,29,2018-07-18,"L","Pipiens","culex",0,"cmc_weekly"
"LC017|Tarsalis|2018|29","LC-017","BE","BE",2018,29,2018-07-18,"L","Tarsalis","culex",30,"cmc_weekly"
"LC017|Pipiens|2018|30","LC-017","BE","BE",2018,30,2018-07-25,"L","Pipiens","culex",0,"cmc_weekly"
"LC017|Tarsalis|2018|30","LC-017","BE","BE",2018,30,2018-07-25,"L","Tarsalis","culex",33,"cmc_weekly"
"LC017|Pipiens|2018|31","LC-017","BE","BE",2018,31,2018-08-01,"L","Pipiens","culex",3,"cmc_weekly"
"LC017|Tarsalis|2018|31","LC-017","BE","BE",2018,31,2018-08-01,"L","Tarsalis","culex",47,"cmc_weekly"
"LC017|Pipiens|2018|32","LC-017","BE","BE",2018,32,2018-08-08,"L","Pipiens","culex",2,"cmc_weekly"
"LC017|Tarsalis|2018|32","LC-017","BE","BE",2018,32,2018-08-08,"L","Tarsalis","culex",22,"cmc_weekly"
"LC017|Pipiens|2018|33","LC-017","BE","BE",2018,33,2018-08-15,"L","Pipiens","culex",0,"cmc_weekly"
"LC017|Tarsalis|2018|33","LC-017","BE","BE",2018,33,2018-08-15,"L","Tarsalis","culex",3,"cmc_weekly"
"LC017|Pipiens|2018|34","LC-017","BE","BE",2018,34,2018-08-22,"L","Pipiens","culex",0,"cmc_weekly"
"LC017|Tarsalis|2018|34","LC-017","BE","BE",2018,34,2018-08-22,"L","Tarsalis","culex",2,"cmc_weekly"
"LC017|Pipiens|2018|35","LC-017","BE","BE",2018,35,2018-08-28,"L","Pipiens","culex",1,"cmc_weekly"
"LC017|Tarsalis|2018|35","LC-017","BE","BE",2018,35,2018-08-28,"L","Tarsalis","culex",4,"cmc_weekly"
"LC022|Pipiens|2016|25","LC-022","BE","BE",2016,25,2016-06-20,"L","Pipiens","culex",0,"cmc_weekly"
"LC022|Tarsalis|2016|25","LC-022","BE","BE",2016,25,2016-06-20,"L","Tarsalis","culex",4,"cmc_weekly"
"LC022|Pipiens|2016|26","LC-022","BE","BE",2016,26,2016-06-27,"L","Pipiens","culex",0,"cmc_weekly"
"LC022|Tarsalis|2016|26","LC-022","BE","BE",2016,26,2016-06-27,"L","Tarsalis","culex",18,"cmc_weekly"
"LC022|Pipiens|2016|27","LC-022","BE","BE",2016,27,2016-07-06,"L","Pipiens","culex",0,"cmc_weekly"
"LC022|Tarsalis|2016|27","LC-022","BE","BE",2016,27,2016-07-06,"L","Tarsalis","culex",6,"cmc_weekly"
"LC022|Pipiens|2016|28","LC-022","BE","BE",2016,28,2016-07-11,"L","Pipiens","culex",0,"cmc_weekly"
"LC022|Tarsalis|2016|28","LC-022","BE","BE",2016,28,2016-07-11,"L","Tarsalis","culex",39,"cmc_weekly"
"LC022|Pipiens|2016|29","LC-022","BE","BE",2016,29,2016-07-18,"L","Pipiens","culex",0,"cmc_weekly"
"LC022|Tarsalis|2016|29","LC-022","BE","BE",2016,29,2016-07-18,"L","Tarsalis","culex",27,"cmc_weekly"
"LC022|Pipiens|2016|30","LC-022","BE","BE",2016,30,2016-07-25,"L","Pipiens","culex",3,"cmc_weekly"
"LC022|Tarsalis|2016|30","LC-022","BE","BE",2016,30,2016-07-25,"L","Tarsalis","culex",19,"cmc_weekly"
"LC022|Pipiens|2016|31","LC-022","BE","BE",2016,31,2016-08-01,"L","Pipiens","culex",0,"cmc_weekly"
"LC022|Tarsalis|2016|31","LC-022","BE","BE",2016,31,2016-08-01,"L","Tarsalis","culex",13,"cmc_weekly"
"LC022|Pipiens|2016|32","LC-022","BE","BE",2016,32,2016-08-08,"L","Pipiens","culex",2,"cmc_weekly"
"LC022|Tarsalis|2016|32","LC-022","BE","BE",2016,32,2016-08-08,"L","Tarsalis","culex",10,"cmc_weekly"
"LC022|Pipiens|2016|33","LC-022","BE","BE",2016,33,2016-08-15,"L","Pipiens","culex",0,"cmc_weekly"
"LC022|Tarsalis|2016|33","LC-022","BE","BE",2016,33,2016-08-15,"L","Tarsalis","culex",4,"cmc_weekly"
"LC022|Pipiens|2016|34","LC-022","BE","BE",2016,34,2016-08-23,"L","Pipiens","culex",0,"cmc_weekly"
"LC022|Tarsalis|2016|34","LC-022","BE","BE",2016,34,2016-08-23,"L","Tarsalis","culex",20,"cmc_weekly"
"LC022|Pipiens|2017|24","LC-022","BE","BE",2017,24,2017-06-12,"L","Pipiens","culex",0,"cmc_weekly"
"LC022|Tarsalis|2017|24","LC-022","BE","BE",2017,24,2017-06-12,"L","Tarsalis","culex",1,"cmc_weekly"
"LC022|Pipiens|2017|26","LC-022","BE","BE",2017,26,2017-06-26,"L","Pipiens","culex",0,"cmc_weekly"
"LC022|Tarsalis|2017|26","LC-022","BE","BE",2017,26,2017-06-26,"L","Tarsalis","culex",1,"cmc_weekly"
"LC022|Pipiens|2017|27","LC-022","BE","BE",2017,27,2017-07-03,"L","Pipiens","culex",0,"cmc_weekly"
"LC022|Tarsalis|2017|27","LC-022","BE","BE",2017,27,2017-07-03,"L","Tarsalis","culex",7,"cmc_weekly"
"LC022|Pipiens|2017|28","LC-022","BE","BE",2017,28,2017-07-10,"L","Pipiens","culex",0,"cmc_weekly"
"LC022|Tarsalis|2017|28","LC-022","BE","BE",2017,28,2017-07-10,"L","Tarsalis","culex",24,"cmc_weekly"
"LC022|Pipiens|2017|29","LC-022","BE","BE",2017,29,2017-07-17,"L","Pipiens","culex",0,"cmc_weekly"
"LC022|Tarsalis|2017|29","LC-022","BE","BE",2017,29,2017-07-17,"L","Tarsalis","culex",43,"cmc_weekly"
"LC022|Pipiens|2017|30","LC-022","BE","BE",2017,30,2017-07-24,"L","Pipiens","culex",0,"cmc_weekly"
"LC022|Tarsalis|2017|30","LC-022","BE","BE",2017,30,2017-07-24,"L","Tarsalis","culex",22,"cmc_weekly"
"LC022|Pipiens|2017|31","LC-022","BE","BE",2017,31,2017-07-31,"L","Pipiens","culex",0,"cmc_weekly"
"LC022|Tarsalis|2017|31","LC-022","BE","BE",2017,31,2017-07-31,"L","Tarsalis","culex",5,"cmc_weekly"
"LC022|Pipiens|2017|32","LC-022","BE","BE",2017,32,2017-08-07,"L","Pipiens","culex",0,"cmc_weekly"
"LC022|Tarsalis|2017|32","LC-022","BE","BE",2017,32,2017-08-07,"L","Tarsalis","culex",11,"cmc_weekly"
"LC022|Pipiens|2017|34","LC-022","BE","BE",2017,34,2017-08-21,"L","Pipiens","culex",0,"cmc_weekly"
"LC022|Tarsalis|2017|34","LC-022","BE","BE",2017,34,2017-08-21,"L","Tarsalis","culex",8,"cmc_weekly"
"LC022|Pipiens|2017|35","LC-022","BE","BE",2017,35,2017-08-28,"L","Pipiens","culex",0,"cmc_weekly"
"LC022|Tarsalis|2017|35","LC-022","BE","BE",2017,35,2017-08-28,"L","Tarsalis","culex",4,"cmc_weekly"
"LC022|Pipiens|2018|24","LC-022","BE","BE",2018,24,2018-06-11,"L","Pipiens","culex",0,"cmc_weekly"
"LC022|Tarsalis|2018|24","LC-022","BE","BE",2018,24,2018-06-11,"L","Tarsalis","culex",5,"cmc_weekly"
"LC022|Pipiens|2018|25","LC-022","BE","BE",2018,25,2018-06-18,"L","Pipiens","culex",0,"cmc_weekly"
"LC022|Tarsalis|2018|25","LC-022","BE","BE",2018,25,2018-06-18,"L","Tarsalis","culex",3,"cmc_weekly"
"LC022|Pipiens|2018|26","LC-022","BE","BE",2018,26,2018-06-25,"L","Pipiens","culex",0,"cmc_weekly"
"LC022|Tarsalis|2018|26","LC-022","BE","BE",2018,26,2018-06-25,"L","Tarsalis","culex",5,"cmc_weekly"
"LC022|Pipiens|2018|27","LC-022","BE","BE",2018,27,2018-07-02,"L","Pipiens","culex",0,"cmc_weekly"
"LC022|Tarsalis|2018|27","LC-022","BE","BE",2018,27,2018-07-02,"L","Tarsalis","culex",24,"cmc_weekly"
"LC022|Pipiens|2018|28","LC-022","BE","BE",2018,28,2018-07-09,"L","Pipiens","culex",0,"cmc_weekly"
"LC022|Tarsalis|2018|28","LC-022","BE","BE",2018,28,2018-07-09,"L","Tarsalis","culex",42,"cmc_weekly"
"LC022|Pipiens|2018|29","LC-022","BE","BE",2018,29,2018-07-16,"L","Pipiens","culex",0,"cmc_weekly"
"LC022|Tarsalis|2018|29","LC-022","BE","BE",2018,29,2018-07-16,"L","Tarsalis","culex",18,"cmc_weekly"
"LC022|Pipiens|2018|30","LC-022","BE","BE",2018,30,2018-07-23,"L","Pipiens","culex",1,"cmc_weekly"
"LC022|Tarsalis|2018|30","LC-022","BE","BE",2018,30,2018-07-23,"L","Tarsalis","culex",11,"cmc_weekly"
"LC022|Pipiens|2018|31","LC-022","BE","BE",2018,31,2018-07-30,"L","Pipiens","culex",1,"cmc_weekly"
"LC022|Tarsalis|2018|31","LC-022","BE","BE",2018,31,2018-07-30,"L","Tarsalis","culex",3,"cmc_weekly"
"LC022|Pipiens|2018|32","LC-022","BE","BE",2018,32,2018-08-06,"L","Pipiens","culex",1,"cmc_weekly"
"LC022|Tarsalis|2018|32","LC-022","BE","BE",2018,32,2018-08-06,"L","Tarsalis","culex",3,"cmc_weekly"
"LC022|Pipiens|2018|33","LC-022","BE","BE",2018,33,2018-08-13,"L","Pipiens","culex",0,"cmc_weekly"
"LC022|Tarsalis|2018|33","LC-022","BE","BE",2018,33,2018-08-13,"L","Tarsalis","culex",14,"cmc_weekly"
"LC022|Pipiens|2018|34","LC-022","BE","BE",2018,34,2018-08-20,"L","Pipiens","culex",0,"cmc_weekly"
"LC022|Tarsalis|2018|34","LC-022","BE","BE",2018,34,2018-08-20,"L","Tarsalis","culex",1,"cmc_weekly"
"LC032|Pipiens|2016|24","LC-032","BE","BE",2016,24,2016-06-13,"L","Pipiens","culex",0,"cmc_weekly"
"LC032|Tarsalis|2016|24","LC-032","BE","BE",2016,24,2016-06-13,"L","Tarsalis","culex",1,"cmc_weekly"
"LC032|Pipiens|2016|25","LC-032","BE","BE",2016,25,2016-06-20,"L","Pipiens","culex",1,"cmc_weekly"
"LC032|Tarsalis|2016|25","LC-032","BE","BE",2016,25,2016-06-20,"L","Tarsalis","culex",7,"cmc_weekly"
"LC032|Pipiens|2016|26","LC-032","BE","BE",2016,26,2016-06-27,"L","Pipiens","culex",0,"cmc_weekly"
"LC032|Tarsalis|2016|26","LC-032","BE","BE",2016,26,2016-06-27,"L","Tarsalis","culex",3,"cmc_weekly"
"LC032|Pipiens|2016|27","LC-032","BE","BE",2016,27,2016-07-06,"L","Pipiens","culex",0,"cmc_weekly"
"LC032|Tarsalis|2016|27","LC-032","BE","BE",2016,27,2016-07-06,"L","Tarsalis","culex",2,"cmc_weekly"
"LC032|Pipiens|2016|28","LC-032","BE","BE",2016,28,2016-07-11,"L","Pipiens","culex",0,"cmc_weekly"
"LC032|Tarsalis|2016|28","LC-032","BE","BE",2016,28,2016-07-11,"L","Tarsalis","culex",2,"cmc_weekly"
"LC032|Pipiens|2016|29","LC-032","BE","BE",2016,29,2016-07-18,"L","Pipiens","culex",0,"cmc_weekly"
"LC032|Tarsalis|2016|29","LC-032","BE","BE",2016,29,2016-07-18,"L","Tarsalis","culex",18,"cmc_weekly"
"LC032|Pipiens|2016|30","LC-032","BE","BE",2016,30,2016-07-25,"L","Pipiens","culex",3,"cmc_weekly"
"LC032|Tarsalis|2016|30","LC-032","BE","BE",2016,30,2016-07-25,"L","Tarsalis","culex",7,"cmc_weekly"
"LC032|Pipiens|2016|31","LC-032","BE","BE",2016,31,2016-08-01,"L","Pipiens","culex",5,"cmc_weekly"
"LC032|Tarsalis|2016|31","LC-032","BE","BE",2016,31,2016-08-01,"L","Tarsalis","culex",19,"cmc_weekly"
"LC032|Pipiens|2016|32","LC-032","BE","BE",2016,32,2016-08-09,"L","Pipiens","culex",7,"cmc_weekly"
"LC032|Tarsalis|2016|32","LC-032","BE","BE",2016,32,2016-08-09,"L","Tarsalis","culex",81,"cmc_weekly"
"LC032|Pipiens|2016|33","LC-032","BE","BE",2016,33,2016-08-15,"L","Pipiens","culex",1,"cmc_weekly"
"LC032|Tarsalis|2016|33","LC-032","BE","BE",2016,33,2016-08-15,"L","Tarsalis","culex",19,"cmc_weekly"
"LC032|Pipiens|2016|34","LC-032","BE","BE",2016,34,2016-08-22,"L","Pipiens","culex",2,"cmc_weekly"
"LC032|Tarsalis|2016|34","LC-032","BE","BE",2016,34,2016-08-22,"L","Tarsalis","culex",7,"cmc_weekly"
"LC032|Pipiens|2017|24","LC-032","BE","BE",2017,24,2017-06-12,"L","Pipiens","culex",0,"cmc_weekly"
"LC032|Tarsalis|2017|24","LC-032","BE","BE",2017,24,2017-06-12,"L","Tarsalis","culex",32,"cmc_weekly"
"LC032|Pipiens|2017|25","LC-032","BE","BE",2017,25,2017-06-19,"L","Pipiens","culex",4,"cmc_weekly"
"LC032|Tarsalis|2017|25","LC-032","BE","BE",2017,25,2017-06-19,"L","Tarsalis","culex",44,"cmc_weekly"
"LC032|Pipiens|2017|26","LC-032","BE","BE",2017,26,2017-06-26,"L","Pipiens","culex",1,"cmc_weekly"
"LC032|Tarsalis|2017|26","LC-032","BE","BE",2017,26,2017-06-26,"L","Tarsalis","culex",8,"cmc_weekly"
"LC032|Pipiens|2017|27","LC-032","BE","BE",2017,27,2017-07-03,"L","Pipiens","culex",0,"cmc_weekly"
"LC032|Tarsalis|2017|27","LC-032","BE","BE",2017,27,2017-07-03,"L","Tarsalis","culex",178,"cmc_weekly"
"LC032|Pipiens|2017|28","LC-032","BE","BE",2017,28,2017-07-10,"L","Pipiens","culex",0,"cmc_weekly"
"LC032|Tarsalis|2017|28","LC-032","BE","BE",2017,28,2017-07-10,"L","Tarsalis","culex",2,"cmc_weekly"
"LC032|Pipiens|2017|29","LC-032","BE","BE",2017,29,2017-07-17,"L","Pipiens","culex",0,"cmc_weekly"
"LC032|Tarsalis|2017|29","LC-032","BE","BE",2017,29,2017-07-17,"L","Tarsalis","culex",268,"cmc_weekly"
"LC032|Pipiens|2017|30","LC-032","BE","BE",2017,30,2017-07-24,"L","Pipiens","culex",0,"cmc_weekly"
"LC032|Tarsalis|2017|30","LC-032","BE","BE",2017,30,2017-07-24,"L","Tarsalis","culex",160,"cmc_weekly"
"LC032|Pipiens|2017|31","LC-032","BE","BE",2017,31,2017-07-31,"L","Pipiens","culex",26,"cmc_weekly"
"LC032|Tarsalis|2017|31","LC-032","BE","BE",2017,31,2017-07-31,"L","Tarsalis","culex",100,"cmc_weekly"
"LC032|Pipiens|2017|32","LC-032","BE","BE",2017,32,2017-08-07,"L","Pipiens","culex",2,"cmc_weekly"
"LC032|Tarsalis|2017|32","LC-032","BE","BE",2017,32,2017-08-07,"L","Tarsalis","culex",41,"cmc_weekly"
"LC032|Pipiens|2017|33","LC-032","BE","BE",2017,33,2017-08-14,"L","Pipiens","culex",10,"cmc_weekly"
"LC032|Tarsalis|2017|33","LC-032","BE","BE",2017,33,2017-08-14,"L","Tarsalis","culex",28,"cmc_weekly"
"LC032|Pipiens|2017|34","LC-032","BE","BE",2017,34,2017-08-21,"L","Pipiens","culex",8,"cmc_weekly"
"LC032|Tarsalis|2017|34","LC-032","BE","BE",2017,34,2017-08-21,"L","Tarsalis","culex",19,"cmc_weekly"
"LC032|Pipiens|2017|35","LC-032","BE","BE",2017,35,2017-08-28,"L","Pipiens","culex",0,"cmc_weekly"
"LC032|Tarsalis|2017|35","LC-032","BE","BE",2017,35,2017-08-28,"L","Tarsalis","culex",6,"cmc_weekly"
"LC032|Pipiens|2018|24","LC-032","BE","BE",2018,24,2018-06-11,"L","Pipiens","culex",0,"cmc_weekly"
"LC032|Tarsalis|2018|24","LC-032","BE","BE",2018,24,2018-06-11,"L","Tarsalis","culex",7,"cmc_weekly"
"LC032|Pipiens|2018|25","LC-032","BE","BE",2018,25,2018-06-18,"L","Pipiens","culex",1,"cmc_weekly"
"LC032|Tarsalis|2018|25","LC-032","BE","BE",2018,25,2018-06-18,"L","Tarsalis","culex",5,"cmc_weekly"
"LC032|Pipiens|2018|26","LC-032","BE","BE",2018,26,2018-06-25,"L","Pipiens","culex",0,"cmc_weekly"
"LC032|Tarsalis|2018|26","LC-032","BE","BE",2018,26,2018-06-25,"L","Tarsalis","culex",3,"cmc_weekly"
"LC032|Pipiens|2018|27","LC-032","BE","BE",2018,27,2018-07-02,"L","Pipiens","culex",0,"cmc_weekly"
"LC032|Tarsalis|2018|27","LC-032","BE","BE",2018,27,2018-07-02,"L","Tarsalis","culex",15,"cmc_weekly"
"LC032|Pipiens|2018|28","LC-032","BE","BE",2018,28,2018-07-09,"L","Pipiens","culex",0,"cmc_weekly"
"LC032|Tarsalis|2018|28","LC-032","BE","BE",2018,28,2018-07-09,"L","Tarsalis","culex",97,"cmc_weekly"
"LC032|Pipiens|2018|29","LC-032","BE","BE",2018,29,2018-07-16,"L","Pipiens","culex",2,"cmc_weekly"
"LC032|Tarsalis|2018|29","LC-032","BE","BE",2018,29,2018-07-16,"L","Tarsalis","culex",13,"cmc_weekly"
"LC032|Pipiens|2018|30","LC-032","BE","BE",2018,30,2018-07-23,"L","Pipiens","culex",20,"cmc_weekly"
"LC032|Tarsalis|2018|30","LC-032","BE","BE",2018,30,2018-07-23,"L","Tarsalis","culex",129,"cmc_weekly"
"LC032|Pipiens|2018|31","LC-032","BE","BE",2018,31,2018-07-30,"L","Pipiens","culex",25,"cmc_weekly"
"LC032|Tarsalis|2018|31","LC-032","BE","BE",2018,31,2018-07-30,"L","Tarsalis","culex",26,"cmc_weekly"
"LC032|Pipiens|2018|32","LC-032","BE","BE",2018,32,2018-08-06,"L","Pipiens","culex",36,"cmc_weekly"
"LC032|Tarsalis|2018|32","LC-032","BE","BE",2018,32,2018-08-06,"L","Tarsalis","culex",52,"cmc_weekly"
"LC032|Pipiens|2018|33","LC-032","BE","BE",2018,33,2018-08-13,"L","Pipiens","culex",40,"cmc_weekly"
"LC032|Tarsalis|2018|33","LC-032","BE","BE",2018,33,2018-08-13,"L","Tarsalis","culex",84,"cmc_weekly"
"LC032|Pipiens|2018|34","LC-032","BE","BE",2018,34,2018-08-20,"L","Pipiens","culex",6,"cmc_weekly"
"LC032|Tarsalis|2018|34","LC-032","BE","BE",2018,34,2018-08-20,"L","Tarsalis","culex",6,"cmc_weekly"
"LC032|Pipiens|2018|35","LC-032","BE","BE",2018,35,2018-08-27,"L","Pipiens","culex",27,"cmc_weekly"
"LC032|Tarsalis|2018|35","LC-032","BE","BE",2018,35,2018-08-27,"L","Tarsalis","culex",11,"cmc_weekly"
"LC038|Pipiens|2016|24","LC-038","BE","BE",2016,24,2016-06-13,"L","Pipiens","culex",1,"cmc_weekly"
"LC038|Tarsalis|2016|24","LC-038","BE","BE",2016,24,2016-06-13,"L","Tarsalis","culex",0,"cmc_weekly"
"LC038|Pipiens|2016|25","LC-038","BE","BE",2016,25,2016-06-20,"L","Pipiens","culex",1,"cmc_weekly"
"LC038|Tarsalis|2016|25","LC-038","BE","BE",2016,25,2016-06-20,"L","Tarsalis","culex",14,"cmc_weekly"
"LC038|Pipiens|2016|26","LC-038","BE","BE",2016,26,2016-06-27,"L","Pipiens","culex",0,"cmc_weekly"
"LC038|Tarsalis|2016|26","LC-038","BE","BE",2016,26,2016-06-27,"L","Tarsalis","culex",28,"cmc_weekly"
"LC038|Pipiens|2016|27","LC-038","BE","BE",2016,27,2016-07-06,"L","Pipiens","culex",0,"cmc_weekly"
"LC038|Tarsalis|2016|27","LC-038","BE","BE",2016,27,2016-07-06,"L","Tarsalis","culex",23,"cmc_weekly"
"LC038|Pipiens|2016|28","LC-038","BE","BE",2016,28,2016-07-11,"L","Pipiens","culex",0,"cmc_weekly"
"LC038|Tarsalis|2016|28","LC-038","BE","BE",2016,28,2016-07-11,"L","Tarsalis","culex",12,"cmc_weekly"
"LC038|Pipiens|2016|29","LC-038","BE","BE",2016,29,2016-07-18,"L","Pipiens","culex",4,"cmc_weekly"
"LC038|Tarsalis|2016|29","LC-038","BE","BE",2016,29,2016-07-18,"L","Tarsalis","culex",137,"cmc_weekly"
"LC038|Pipiens|2016|30","LC-038","BE","BE",2016,30,2016-07-25,"L","Pipiens","culex",11,"cmc_weekly"
"LC038|Tarsalis|2016|30","LC-038","BE","BE",2016,30,2016-07-25,"L","Tarsalis","culex",56,"cmc_weekly"
"LC038|Pipiens|2016|31","LC-038","BE","BE",2016,31,2016-08-01,"L","Pipiens","culex",5,"cmc_weekly"
"LC038|Tarsalis|2016|31","LC-038","BE","BE",2016,31,2016-08-01,"L","Tarsalis","culex",45,"cmc_weekly"
"LC038|Pipiens|2016|32","LC-038","BE","BE",2016,32,2016-08-08,"L","Pipiens","culex",3,"cmc_weekly"
"LC038|Tarsalis|2016|32","LC-038","BE","BE",2016,32,2016-08-08,"L","Tarsalis","culex",90,"cmc_weekly"
"LC038|Pipiens|2016|33","LC-038","BE","BE",2016,33,2016-08-15,"L","Pipiens","culex",3,"cmc_weekly"
"LC038|Tarsalis|2016|33","LC-038","BE","BE",2016,33,2016-08-15,"L","Tarsalis","culex",70,"cmc_weekly"
"LC038|Pipiens|2016|34","LC-038","BE","BE",2016,34,2016-08-22,"L","Pipiens","culex",0,"cmc_weekly"
"LC038|Tarsalis|2016|34","LC-038","BE","BE",2016,34,2016-08-22,"L","Tarsalis","culex",10,"cmc_weekly"
"LC038|Pipiens|2017|24","LC-038","BE","BE",2017,24,2017-06-12,"L","Pipiens","culex",0,"cmc_weekly"
"LC038|Tarsalis|2017|24","LC-038","BE","BE",2017,24,2017-06-12,"L","Tarsalis","culex",6,"cmc_weekly"
"LC038|Pipiens|2017|25","LC-038","BE","BE",2017,25,2017-06-19,"L","Pipiens","culex",0,"cmc_weekly"
"LC038|Tarsalis|2017|25","LC-038","BE","BE",2017,25,2017-06-19,"L","Tarsalis","culex",3,"cmc_weekly"
"LC038|Pipiens|2017|26","LC-038","BE","BE",2017,26,2017-06-26,"L","Pipiens","culex",0,"cmc_weekly"
"LC038|Tarsalis|2017|26","LC-038","BE","BE",2017,26,2017-06-26,"L","Tarsalis","culex",24,"cmc_weekly"
"LC038|Pipiens|2017|27","LC-038","BE","BE",2017,27,2017-07-03,"L","Pipiens","culex",0,"cmc_weekly"
"LC038|Tarsalis|2017|27","LC-038","BE","BE",2017,27,2017-07-03,"L","Tarsalis","culex",17,"cmc_weekly"
"LC038|Pipiens|2017|28","LC-038","BE","BE",2017,28,2017-07-10,"L","Pipiens","culex",0,"cmc_weekly"
"LC038|Tarsalis|2017|28","LC-038","BE","BE",2017,28,2017-07-10,"L","Tarsalis","culex",23,"cmc_weekly"
"LC038|Pipiens|2017|29","LC-038","BE","BE",2017,29,2017-07-17,"L","Pipiens","culex",1,"cmc_weekly"
"LC038|Tarsalis|2017|29","LC-038","BE","BE",2017,29,2017-07-17,"L","Tarsalis","culex",86,"cmc_weekly"
"LC038|Pipiens|2017|30","LC-038","BE","BE",2017,30,2017-07-24,"L","Pipiens","culex",0,"cmc_weekly"
"LC038|Tarsalis|2017|30","LC-038","BE","BE",2017,30,2017-07-24,"L","Tarsalis","culex",45,"cmc_weekly"
"LC038|Pipiens|2017|31","LC-038","BE","BE",2017,31,2017-07-31,"L","Pipiens","culex",0,"cmc_weekly"
"LC038|Tarsalis|2017|31","LC-038","BE","BE",2017,31,2017-07-31,"L","Tarsalis","culex",48,"cmc_weekly"
"LC038|Pipiens|2017|32","LC-038","BE","BE",2017,32,2017-08-07,"L","Pipiens","culex",1,"cmc_weekly"
"LC038|Tarsalis|2017|32","LC-038","BE","BE",2017,32,2017-08-07,"L","Tarsalis","culex",4,"cmc_weekly"
"LC038|Pipiens|2017|33","LC-038","BE","BE",2017,33,2017-08-14,"L","Pipiens","culex",0,"cmc_weekly"
"LC038|Tarsalis|2017|33","LC-038","BE","BE",2017,33,2017-08-14,"L","Tarsalis","culex",33,"cmc_weekly"
"LC038|Pipiens|2017|34","LC-038","BE","BE",2017,34,2017-08-21,"L","Pipiens","culex",5,"cmc_weekly"
"LC038|Tarsalis|2017|34","LC-038","BE","BE",2017,34,2017-08-21,"L","Tarsalis","culex",58,"cmc_weekly"
"LC038|Pipiens|2017|35","LC-038","BE","BE",2017,35,2017-08-28,"L","Pipiens","culex",0,"cmc_weekly"
"LC038|Tarsalis|2017|35","LC-038","BE","BE",2017,35,2017-08-28,"L","Tarsalis","culex",14,"cmc_weekly"
"LC038|Pipiens|2018|24","LC-038","BE","BE",2018,24,2018-06-11,"L","Pipiens","culex",0,"cmc_weekly"
"LC038|Tarsalis|2018|24","LC-038","BE","BE",2018,24,2018-06-11,"L","Tarsalis","culex",3,"cmc_weekly"
"LC038|Pipiens|2018|25","LC-038","BE","BE",2018,25,2018-06-18,"L","Pipiens","culex",0,"cmc_weekly"
"LC038|Tarsalis|2018|25","LC-038","BE","BE",2018,25,2018-06-18,"L","Tarsalis","culex",2,"cmc_weekly"
"LC038|Pipiens|2018|26","LC-038","BE","BE",2018,26,2018-06-25,"L","Pipiens","culex",0,"cmc_weekly"
"LC038|Tarsalis|2018|26","LC-038","BE","BE",2018,26,2018-06-25,"L","Tarsalis","culex",1,"cmc_weekly"
"LC038|Pipiens|2018|27","LC-038","BE","BE",2018,27,2018-07-02,"L","Pipiens","culex",0,"cmc_weekly"
"LC038|Tarsalis|2018|27","LC-038","BE","BE",2018,27,2018-07-02,"L","Tarsalis","culex",97,"cmc_weekly"
"LC038|Pipiens|2018|28","LC-038","BE","BE",2018,28,2018-07-09,"L","Pipiens","culex",0,"cmc_weekly"
"LC038|Tarsalis|2018|28","LC-038","BE","BE",2018,28,2018-07-09,"L","Tarsalis","culex",66,"cmc_weekly"
"LC038|Pipiens|2018|29","LC-038","BE","BE",2018,29,2018-07-16,"L","Pipiens","culex",0,"cmc_weekly"
"LC038|Tarsalis|2018|29","LC-038","BE","BE",2018,29,2018-07-16,"L","Tarsalis","culex",15,"cmc_weekly"
"LC038|Pipiens|2018|30","LC-038","BE","BE",2018,30,2018-07-23,"L","Pipiens","culex",2,"cmc_weekly"
"LC038|Tarsalis|2018|30","LC-038","BE","BE",2018,30,2018-07-23,"L","Tarsalis","culex",81,"cmc_weekly"
"LC038|Pipiens|2018|31","LC-038","BE","BE",2018,31,2018-07-30,"L","Pipiens","culex",1,"cmc_weekly"
"LC038|Tarsalis|2018|31","LC-038","BE","BE",2018,31,2018-07-30,"L","Tarsalis","culex",13,"cmc_weekly"
"LC038|Pipiens|2018|32","LC-038","BE","BE",2018,32,2018-08-06,"L","Pipiens","culex",0,"cmc_weekly"
"LC038|Tarsalis|2018|32","LC-038","BE","BE",2018,32,2018-08-06,"L","Tarsalis","culex",5,"cmc_weekly"
"LC038|Pipiens|2018|33","LC-038","BE","BE",2018,33,2018-08-13,"L","Pipiens","culex",0,"cmc_weekly"
"LC038|Tarsalis|2018|33","LC-038","BE","BE",2018,33,2018-08-13,"L","Tarsalis","culex",32,"cmc_weekly"
"LC038|Pipiens|2018|34","LC-038","BE","BE",2018,34,2018-08-20,"L","Pipiens","culex",0,"cmc_weekly"
"LC038|Tarsalis|2018|34","LC-038","BE","BE",2018,34,2018-08-20,"L","Tarsalis","culex",3,"cmc_weekly"
"LC038|Pipiens|2018|35","LC-038","BE","BE",2018,35,2018-08-27,"L","Pipiens","culex",0,"cmc_weekly"
"LC038|Tarsalis|2018|35","LC-038","BE","BE",2018,35,2018-08-27,"L","Tarsalis","culex",10,"cmc_weekly"
"LC046|Pipiens|2016|24","LC-046","BE","BE",2016,24,2016-06-13,"L","Pipiens","culex",0,"cmc_weekly"
"LC046|Tarsalis|2016|24","LC-046","BE","BE",2016,24,2016-06-13,"L","Tarsalis","culex",4,"cmc_weekly"
"LC046|Pipiens|2016|25","LC-046","BE","BE",2016,25,2016-06-20,"L","Pipiens","culex",0,"cmc_weekly"
"LC046|Tarsalis|2016|25","LC-046","BE","BE",2016,25,2016-06-20,"L","Tarsalis","culex",32,"cmc_weekly"
"LC046|Pipiens|2016|26","LC-046","BE","BE",2016,26,2016-06-27,"L","Pipiens","culex",1,"cmc_weekly"
"LC046|Tarsalis|2016|26","LC-046","BE","BE",2016,26,2016-06-27,"L","Tarsalis","culex",67,"cmc_weekly"
"LC046|Pipiens|2016|27","LC-046","BE","BE",2016,27,2016-07-06,"L","Pipiens","culex",6,"cmc_weekly"
"LC046|Tarsalis|2016|27","LC-046","BE","BE",2016,27,2016-07-06,"L","Tarsalis","culex",80,"cmc_weekly"
"LC046|Pipiens|2016|28","LC-046","BE","BE",2016,28,2016-07-11,"L","Pipiens","culex",0,"cmc_weekly"
"LC046|Tarsalis|2016|28","LC-046","BE","BE",2016,28,2016-07-11,"L","Tarsalis","culex",88,"cmc_weekly"
"LC046|Pipiens|2016|29","LC-046","BE","BE",2016,29,2016-07-18,"L","Pipiens","culex",1,"cmc_weekly"
"LC046|Tarsalis|2016|29","LC-046","BE","BE",2016,29,2016-07-18,"L","Tarsalis","culex",198,"cmc_weekly"
"LC046|Pipiens|2016|30","LC-046","BE","BE",2016,30,2016-07-25,"L","Pipiens","culex",0,"cmc_weekly"
"LC046|Tarsalis|2016|30","LC-046","BE","BE",2016,30,2016-07-25,"L","Tarsalis","culex",20,"cmc_weekly"
"LC046|Pipiens|2016|31","LC-046","BE","BE",2016,31,2016-08-01,"L","Pipiens","culex",0,"cmc_weekly"
"LC046|Tarsalis|2016|31","LC-046","BE","BE",2016,31,2016-08-01,"L","Tarsalis","culex",47,"cmc_weekly"
"LC046|Pipiens|2016|32","LC-046","BE","BE",2016,32,2016-08-08,"L","Pipiens","culex",4,"cmc_weekly"
"LC046|Tarsalis|2016|32","LC-046","BE","BE",2016,32,2016-08-08,"L","Tarsalis","culex",44,"cmc_weekly"
"LC046|Pipiens|2016|33","LC-046","BE","BE",2016,33,2016-08-15,"L","Pipiens","culex",0,"cmc_weekly"
"LC046|Tarsalis|2016|33","LC-046","BE","BE",2016,33,2016-08-15,"L","Tarsalis","culex",7,"cmc_weekly"
"LC046|Pipiens|2016|34","LC-046","BE","BE",2016,34,2016-08-22,"L","Pipiens","culex",0,"cmc_weekly"
"LC046|Tarsalis|2016|34","LC-046","BE","BE",2016,34,2016-08-22,"L","Tarsalis","culex",12,"cmc_weekly"
"LC046|Pipiens|2017|25","LC-046","BE","BE",2017,25,2017-06-19,"L","Pipiens","culex",0,"cmc_weekly"
"LC046|Tarsalis|2017|25","LC-046","BE","BE",2017,25,2017-06-19,"L","Tarsalis","culex",27,"cmc_weekly"
"LC046|Pipiens|2017|26","LC-046","BE","BE",2017,26,2017-06-26,"L","Pipiens","culex",0,"cmc_weekly"
"LC046|Tarsalis|2017|26","LC-046","BE","BE",2017,26,2017-06-26,"L","Tarsalis","culex",15,"cmc_weekly"
"LC046|Pipiens|2017|27","LC-046","BE","BE",2017,27,2017-07-03,"L","Pipiens","culex",3,"cmc_weekly"
"LC046|Tarsalis|2017|27","LC-046","BE","BE",2017,27,2017-07-03,"L","Tarsalis","culex",233,"cmc_weekly"
"LC046|Pipiens|2017|28","LC-046","BE","BE",2017,28,2017-07-10,"L","Pipiens","culex",0,"cmc_weekly"
"LC046|Tarsalis|2017|28","LC-046","BE","BE",2017,28,2017-07-10,"L","Tarsalis","culex",428,"cmc_weekly"
"LC046|Pipiens|2017|29","LC-046","BE","BE",2017,29,2017-07-17,"L","Pipiens","culex",12,"cmc_weekly"
"LC046|Tarsalis|2017|29","LC-046","BE","BE",2017,29,2017-07-17,"L","Tarsalis","culex",337,"cmc_weekly"
"LC046|Pipiens|2017|30","LC-046","BE","BE",2017,30,2017-07-24,"L","Pipiens","culex",0,"cmc_weekly"
"LC046|Tarsalis|2017|30","LC-046","BE","BE",2017,30,2017-07-24,"L","Tarsalis","culex",49,"cmc_weekly"
"LC046|Pipiens|2017|31","LC-046","BE","BE",2017,31,2017-07-31,"L","Pipiens","culex",1,"cmc_weekly"
"LC046|Tarsalis|2017|31","LC-046","BE","BE",2017,31,2017-07-31,"L","Tarsalis","culex",140,"cmc_weekly"
"LC046|Pipiens|2017|32","LC-046","BE","BE",2017,32,2017-08-07,"L","Pipiens","culex",8,"cmc_weekly"
"LC046|Tarsalis|2017|32","LC-046","BE","BE",2017,32,2017-08-07,"L","Tarsalis","culex",57,"cmc_weekly"
"LC046|Pipiens|2017|33","LC-046","BE","BE",2017,33,2017-08-14,"L","Pipiens","culex",12,"cmc_weekly"
"LC046|Tarsalis|2017|33","LC-046","BE","BE",2017,33,2017-08-14,"L","Tarsalis","culex",116,"cmc_weekly"
"LC046|Pipiens|2017|34","LC-046","BE","BE",2017,34,2017-08-21,"L","Pipiens","culex",0,"cmc_weekly"
"LC046|Tarsalis|2017|34","LC-046","BE","BE",2017,34,2017-08-21,"L","Tarsalis","culex",19,"cmc_weekly"
"LC046|Pipiens|2017|35","LC-046","BE","BE",2017,35,2017-08-28,"L","Pipiens","culex",5,"cmc_weekly"
"LC046|Tarsalis|2017|35","LC-046","BE","BE",2017,35,2017-08-28,"L","Tarsalis","culex",16,"cmc_weekly"
"LC046|Pipiens|2018|24","LC-046","BE","BE",2018,24,2018-06-11,"L","Pipiens","culex",0,"cmc_weekly"
"LC046|Tarsalis|2018|24","LC-046","BE","BE",2018,24,2018-06-11,"L","Tarsalis","culex",4,"cmc_weekly"
"LC046|Pipiens|2018|25","LC-046","BE","BE",2018,25,2018-06-18,"L","Pipiens","culex",0,"cmc_weekly"
"LC046|Tarsalis|2018|25","LC-046","BE","BE",2018,25,2018-06-18,"L","Tarsalis","culex",10,"cmc_weekly"
"LC046|Pipiens|2018|26","LC-046","BE","BE",2018,26,2018-06-25,"L","Pipiens","culex",0,"cmc_weekly"
"LC046|Tarsalis|2018|26","LC-046","BE","BE",2018,26,2018-06-25,"L","Tarsalis","culex",6,"cmc_weekly"
"LC046|Pipiens|2018|27","LC-046","BE","BE",2018,27,2018-07-02,"L","Pipiens","culex",1,"cmc_weekly"
"LC046|Tarsalis|2018|27","LC-046","BE","BE",2018,27,2018-07-02,"L","Tarsalis","culex",135,"cmc_weekly"
"LC046|Pipiens|2018|28","LC-046","BE","BE",2018,28,2018-07-09,"L","Pipiens","culex",0,"cmc_weekly"
"LC046|Tarsalis|2018|28","LC-046","BE","BE",2018,28,2018-07-09,"L","Tarsalis","culex",390,"cmc_weekly"
"LC046|Pipiens|2018|29","LC-046","BE","BE",2018,29,2018-07-16,"L","Pipiens","culex",0,"cmc_weekly"
"LC046|Tarsalis|2018|29","LC-046","BE","BE",2018,29,2018-07-16,"L","Tarsalis","culex",15,"cmc_weekly"
"LC046|Pipiens|2018|30","LC-046","BE","BE",2018,30,2018-07-23,"L","Pipiens","culex",1,"cmc_weekly"
"LC046|Tarsalis|2018|30","LC-046","BE","BE",2018,30,2018-07-23,"L","Tarsalis","culex",85,"cmc_weekly"
"LC046|Pipiens|2018|31","LC-046","BE","BE",2018,31,2018-07-30,"L","Pipiens","culex",17,"cmc_weekly"
"LC046|Tarsalis|2018|31","LC-046","BE","BE",2018,31,2018-07-30,"L","Tarsalis","culex",31,"cmc_weekly"
"LC046|Pipiens|2018|32","LC-046","BE","BE",2018,32,2018-08-06,"L","Pipiens","culex",3,"cmc_weekly"
"LC046|Tarsalis|2018|32","LC-046","BE","BE",2018,32,2018-08-06,"L","Tarsalis","culex",76,"cmc_weekly"
"LC046|Pipiens|2018|33","LC-046","BE","BE",2018,33,2018-08-13,"L","Pipiens","culex",2,"cmc_weekly"
"LC046|Tarsalis|2018|33","LC-046","BE","BE",2018,33,2018-08-13,"L","Tarsalis","culex",20,"cmc_weekly"
"LC046|Pipiens|2018|34","LC-046","BE","BE",2018,34,2018-08-20,"L","Pipiens","culex",2,"cmc_weekly"
"LC046|Tarsalis|2018|34","LC-046","BE","BE",2018,34,2018-08-20,"L","Tarsalis","culex",3,"cmc_weekly"
"LC046|Pipiens|2018|35","LC-046","BE","BE",2018,35,2018-08-27,"L","Pipiens","culex",20,"cmc_weekly"
"LC046|Tarsalis|2018|35","LC-046","BE","BE",2018,35,2018-08-27,"L","Tarsalis","culex",49,"cmc_weekly"
"LC048|Pipiens|2016|26","LC-048","BE","BE",2016,26,2016-06-27,"L","Pipiens","culex",0,"cmc_weekly"
"LC048|Tarsalis|2016|26","LC-048","BE","BE",2016,26,2016-06-27,"L","Tarsalis","culex",6,"cmc_weekly"
"LC048|Pipiens|2016|27","LC-048","BE","BE",2016,27,2016-07-06,"L","Pipiens","culex",0,"cmc_weekly"
"LC048|Tarsalis|2016|27","LC-048","BE","BE",2016,27,2016-07-06,"L","Tarsalis","culex",10,"cmc_weekly"
"LC048|Pipiens|2016|28","LC-048","BE","BE",2016,28,2016-07-11,"L","Pipiens","culex",21,"cmc_weekly"
"LC048|Tarsalis|2016|28","LC-048","BE","BE",2016,28,2016-07-11,"L","Tarsalis","culex",0,"cmc_weekly"
"LC048|Pipiens|2016|29","LC-048","BE","BE",2016,29,2016-07-18,"L","Pipiens","culex",1,"cmc_weekly"
"LC048|Tarsalis|2016|29","LC-048","BE","BE",2016,29,2016-07-18,"L","Tarsalis","culex",7,"cmc_weekly"
"LC048|Pipiens|2016|30","LC-048","BE","BE",2016,30,2016-07-25,"L","Pipiens","culex",0,"cmc_weekly"
"LC048|Tarsalis|2016|30","LC-048","BE","BE",2016,30,2016-07-25,"L","Tarsalis","culex",24,"cmc_weekly"
"LC048|Pipiens|2016|31","LC-048","BE","BE",2016,31,2016-08-01,"L","Pipiens","culex",1,"cmc_weekly"
"LC048|Tarsalis|2016|31","LC-048","BE","BE",2016,31,2016-08-01,"L","Tarsalis","culex",35,"cmc_weekly"
"LC048|Pipiens|2016|33","LC-048","BE","BE",2016,33,2016-08-15,"L","Pipiens","culex",0,"cmc_weekly"
"LC048|Tarsalis|2016|33","LC-048","BE","BE",2016,33,2016-08-15,"L","Tarsalis","culex",13,"cmc_weekly"
"LC048|Pipiens|2016|34","LC-048","BE","BE",2016,34,2016-08-23,"L","Pipiens","culex",0,"cmc_weekly"
"LC048|Tarsalis|2016|34","LC-048","BE","BE",2016,34,2016-08-23,"L","Tarsalis","culex",5,"cmc_weekly"
"LC048|Pipiens|2017|24","LC-048","BE","BE",2017,24,2017-06-12,"L","Pipiens","culex",0,"cmc_weekly"
"LC048|Tarsalis|2017|24","LC-048","BE","BE",2017,24,2017-06-12,"L","Tarsalis","culex",4,"cmc_weekly"
"LC048|Pipiens|2017|25","LC-048","BE","BE",2017,25,2017-06-19,"L","Pipiens","culex",0,"cmc_weekly"
"LC048|Tarsalis|2017|25","LC-048","BE","BE",2017,25,2017-06-19,"L","Tarsalis","culex",2,"cmc_weekly"
"LC048|Pipiens|2017|27","LC-048","BE","BE",2017,27,2017-07-03,"L","Pipiens","culex",0,"cmc_weekly"
"LC048|Tarsalis|2017|27","LC-048","BE","BE",2017,27,2017-07-03,"L","Tarsalis","culex",9,"cmc_weekly"
"LC048|Pipiens|2017|28","LC-048","BE","BE",2017,28,2017-07-10,"L","Pipiens","culex",0,"cmc_weekly"
"LC048|Tarsalis|2017|28","LC-048","BE","BE",2017,28,2017-07-10,"L","Tarsalis","culex",9,"cmc_weekly"
"LC048|Pipiens|2017|29","LC-048","BE","BE",2017,29,2017-07-17,"L","Pipiens","culex",0,"cmc_weekly"
"LC048|Tarsalis|2017|29","LC-048","BE","BE",2017,29,2017-07-17,"L","Tarsalis","culex",13,"cmc_weekly"
"LC048|Pipiens|2017|30","LC-048","BE","BE",2017,30,2017-07-24,"L","Pipiens","culex",0,"cmc_weekly"
"LC048|Tarsalis|2017|30","LC-048","BE","BE",2017,30,2017-07-24,"L","Tarsalis","culex",28,"cmc_weekly"
"LC048|Pipiens|2017|31","LC-048","BE","BE",2017,31,2017-07-31,"L","Pipiens","culex",0,"cmc_weekly"
"LC048|Tarsalis|2017|31","LC-048","BE","BE",2017,31,2017-07-31,"L","Tarsalis","culex",1,"cmc_weekly"
"LC048|Pipiens|2017|32","LC-048","BE","BE",2017,32,2017-08-07,"L","Pipiens","culex",0,"cmc_weekly"
"LC048|Tarsalis|2017|32","LC-048","BE","BE",2017,32,2017-08-07,"L","Tarsalis","culex",1,"cmc_weekly"
"LC048|Pipiens|2017|33","LC-048","BE","BE",2017,33,2017-08-14,"L","Pipiens","culex",0,"cmc_weekly"
"LC048|Tarsalis|2017|33","LC-048","BE","BE",2017,33,2017-08-14,"L","Tarsalis","culex",9,"cmc_weekly"
"LC048|Pipiens|2017|34","LC-048","BE","BE",2017,34,2017-08-21,"L","Pipiens","culex",0,"cmc_weekly"
"LC048|Tarsalis|2017|34","LC-048","BE","BE",2017,34,2017-08-21,"L","Tarsalis","culex",14,"cmc_weekly"
"LC048|Pipiens|2017|35","LC-048","BE","BE",2017,35,2017-08-28,"L","Pipiens","culex",0,"cmc_weekly"
"LC048|Tarsalis|2017|35","LC-048","BE","BE",2017,35,2017-08-28,"L","Tarsalis","culex",3,"cmc_weekly"
"LC048|Pipiens|2018|25","LC-048","BE","BE",2018,25,2018-06-18,"L","Pipiens","culex",0,"cmc_weekly"
"LC048|Tarsalis|2018|25","LC-048","BE","BE",2018,25,2018-06-18,"L","Tarsalis","culex",1,"cmc_weekly"
"LC048|Pipiens|2018|26","LC-048","BE","BE",2018,26,2018-06-25,"L","Pipiens","culex",1,"cmc_weekly"
"LC048|Tarsalis|2018|26","LC-048","BE","BE",2018,26,2018-06-25,"L","Tarsalis","culex",12,"cmc_weekly"
"LC048|Pipiens|2018|27","LC-048","BE","BE",2018,27,2018-07-02,"L","Pipiens","culex",0,"cmc_weekly"
"LC048|Tarsalis|2018|27","LC-048","BE","BE",2018,27,2018-07-02,"L","Tarsalis","culex",23,"cmc_weekly"
"LC048|Pipiens|2018|28","LC-048","BE","BE",2018,28,2018-07-09,"L","Pipiens","culex",0,"cmc_weekly"
"LC048|Tarsalis|2018|28","LC-048","BE","BE",2018,28,2018-07-09,"L","Tarsalis","culex",17,"cmc_weekly"
"LC048|Pipiens|2018|29","LC-048","BE","BE",2018,29,2018-07-16,"L","Pipiens","culex",0,"cmc_weekly"
"LC048|Tarsalis|2018|29","LC-048","BE","BE",2018,29,2018-07-16,"L","Tarsalis","culex",41,"cmc_weekly"
"LC048|Pipiens|2018|30","LC-048","BE","BE",2018,30,2018-07-23,"L","Pipiens","culex",0,"cmc_weekly"
"LC048|Tarsalis|2018|30","LC-048","BE","BE",2018,30,2018-07-23,"L","Tarsalis","culex",49,"cmc_weekly"
"LC048|Pipiens|2018|31","LC-048","BE","BE",2018,31,2018-07-30,"L","Pipiens","culex",0,"cmc_weekly"
"LC048|Tarsalis|2018|31","LC-048","BE","BE",2018,31,2018-07-30,"L","Tarsalis","culex",1,"cmc_weekly"
"LC048|Pipiens|2018|32","LC-048","BE","BE",2018,32,2018-08-06,"L","Pipiens","culex",0,"cmc_weekly"
"LC048|Tarsalis|2018|32","LC-048","BE","BE",2018,32,2018-08-06,"L","Tarsalis","culex",9,"cmc_weekly"
"LC048|Pipiens|2018|33","LC-048","BE","BE",2018,33,2018-08-13,"L","Pipiens","culex",0,"cmc_weekly"
"LC048|Tarsalis|2018|33","LC-048","BE","BE",2018,33,2018-08-13,"L","Tarsalis","culex",5,"cmc_weekly"
"LC048|Pipiens|2018|34","LC-048","BE","BE",2018,34,2018-08-20,"L","Pipiens","culex",0,"cmc_weekly"
"LC048|Tarsalis|2018|34","LC-048","BE","BE",2018,34,2018-08-20,"L","Tarsalis","culex",4,"cmc_weekly"
"LC048|Pipiens|2018|35","LC-048","BE","BE",2018,35,2018-08-27,"L","Pipiens","culex",2,"cmc_weekly"
"LC048|Tarsalis|2018|35","LC-048","BE","BE",2018,35,2018-08-27,"L","Tarsalis","culex",12,"cmc_weekly"
"LC050|Pipiens|2016|24","LC-050","BE","BE",2016,24,2016-06-13,"L","Pipiens","culex",1,"cmc_weekly"
"LC050|Tarsalis|2016|24","LC-050","BE","BE",2016,24,2016-06-13,"L","Tarsalis","culex",7,"cmc_weekly"
"LC050|Pipiens|2016|25","LC-050","BE","BE",2016,25,2016-06-20,"L","Pipiens","culex",12,"cmc_weekly"
"LC050|Tarsalis|2016|25","LC-050","BE","BE",2016,25,2016-06-20,"L","Tarsalis","culex",76,"cmc_weekly"
"LC050|Pipiens|2016|26","LC-050","BE","BE",2016,26,2016-06-27,"L","Pipiens","culex",7,"cmc_weekly"
"LC050|Tarsalis|2016|26","LC-050","BE","BE",2016,26,2016-06-27,"L","Tarsalis","culex",64,"cmc_weekly"
"LC050|Pipiens|2016|27","LC-050","BE","BE",2016,27,2016-07-06,"L","Pipiens","culex",0,"cmc_weekly"
"LC050|Tarsalis|2016|27","LC-050","BE","BE",2016,27,2016-07-06,"L","Tarsalis","culex",16,"cmc_weekly"
"LC050|Pipiens|2016|28","LC-050","BE","BE",2016,28,2016-07-11,"L","Pipiens","culex",4,"cmc_weekly"
"LC050|Tarsalis|2016|28","LC-050","BE","BE",2016,28,2016-07-11,"L","Tarsalis","culex",62,"cmc_weekly"
"LC050|Pipiens|2016|29","LC-050","BE","BE",2016,29,2016-07-18,"L","Pipiens","culex",1,"cmc_weekly"
"LC050|Tarsalis|2016|29","LC-050","BE","BE",2016,29,2016-07-18,"L","Tarsalis","culex",16,"cmc_weekly"
"LC050|Pipiens|2016|30","LC-050","BE","BE",2016,30,2016-07-26,"L","Pipiens","culex",3,"cmc_weekly"
"LC050|Tarsalis|2016|30","LC-050","BE","BE",2016,30,2016-07-26,"L","Tarsalis","culex",27,"cmc_weekly"
"LC050|Pipiens|2016|31","LC-050","BE","BE",2016,31,2016-08-01,"L","Pipiens","culex",4,"cmc_weekly"
"LC050|Tarsalis|2016|31","LC-050","BE","BE",2016,31,2016-08-01,"L","Tarsalis","culex",56,"cmc_weekly"
"LC050|Pipiens|2016|32","LC-050","BE","BE",2016,32,2016-08-08,"L","Pipiens","culex",6,"cmc_weekly"
"LC050|Tarsalis|2016|32","LC-050","BE","BE",2016,32,2016-08-08,"L","Tarsalis","culex",66,"cmc_weekly"
"LC050|Pipiens|2016|33","LC-050","BE","BE",2016,33,2016-08-15,"L","Pipiens","culex",6,"cmc_weekly"
"LC050|Tarsalis|2016|33","LC-050","BE","BE",2016,33,2016-08-15,"L","Tarsalis","culex",34,"cmc_weekly"
"LC050|Pipiens|2016|34","LC-050","BE","BE",2016,34,2016-08-22,"L","Pipiens","culex",22,"cmc_weekly"
"LC050|Tarsalis|2016|34","LC-050","BE","BE",2016,34,2016-08-22,"L","Tarsalis","culex",9,"cmc_weekly"
"LC050|Pipiens|2017|25","LC-050","BE","BE",2017,25,2017-06-19,"L","Pipiens","culex",0,"cmc_weekly"
"LC050|Tarsalis|2017|25","LC-050","BE","BE",2017,25,2017-06-19,"L","Tarsalis","culex",4,"cmc_weekly"
"LC050|Pipiens|2017|26","LC-050","BE","BE",2017,26,2017-06-26,"L","Pipiens","culex",4,"cmc_weekly"
"LC050|Tarsalis|2017|26","LC-050","BE","BE",2017,26,2017-06-26,"L","Tarsalis","culex",7,"cmc_weekly"
"LC050|Pipiens|2017|27","LC-050","BE","BE",2017,27,2017-07-03,"L","Pipiens","culex",0,"cmc_weekly"
"LC050|Tarsalis|2017|27","LC-050","BE","BE",2017,27,2017-07-03,"L","Tarsalis","culex",25,"cmc_weekly"
"LC050|Pipiens|2017|28","LC-050","BE","BE",2017,28,2017-07-10,"L","Pipiens","culex",0,"cmc_weekly"
"LC050|Tarsalis|2017|28","LC-050","BE","BE",2017,28,2017-07-10,"L","Tarsalis","culex",12,"cmc_weekly"
"LC050|Pipiens|2017|29","LC-050","BE","BE",2017,29,2017-07-17,"L","Pipiens","culex",0,"cmc_weekly"
"LC050|Tarsalis|2017|29","LC-050","BE","BE",2017,29,2017-07-17,"L","Tarsalis","culex",57,"cmc_weekly"
"LC050|Pipiens|2017|30","LC-050","BE","BE",2017,30,2017-07-24,"L","Pipiens","culex",0,"cmc_weekly"
"LC050|Tarsalis|2017|30","LC-050","BE","BE",2017,30,2017-07-24,"L","Tarsalis","culex",46,"cmc_weekly"
"LC050|Pipiens|2017|31","LC-050","BE","BE",2017,31,2017-07-31,"L","Pipiens","culex",1,"cmc_weekly"
"LC050|Tarsalis|2017|31","LC-050","BE","BE",2017,31,2017-07-31,"L","Tarsalis","culex",27,"cmc_weekly"
"LC050|Pipiens|2017|32","LC-050","BE","BE",2017,32,2017-08-07,"L","Pipiens","culex",5,"cmc_weekly"
"LC050|Tarsalis|2017|32","LC-050","BE","BE",2017,32,2017-08-07,"L","Tarsalis","culex",54,"cmc_weekly"
"LC050|Pipiens|2017|33","LC-050","BE","BE",2017,33,2017-08-14,"L","Pipiens","culex",2,"cmc_weekly"
"LC050|Tarsalis|2017|33","LC-050","BE","BE",2017,33,2017-08-14,"L","Tarsalis","culex",26,"cmc_weekly"
"LC050|Pipiens|2017|34","LC-050","BE","BE",2017,34,2017-08-21,"L","Pipiens","culex",16,"cmc_weekly"
"LC050|Tarsalis|2017|34","LC-050","BE","BE",2017,34,2017-08-21,"L","Tarsalis","culex",35,"cmc_weekly"
"LC050|Pipiens|2017|35","LC-050","BE","BE",2017,35,2017-08-28,"L","Pipiens","culex",0,"cmc_weekly"
"LC050|Tarsalis|2017|35","LC-050","BE","BE",2017,35,2017-08-28,"L","Tarsalis","culex",4,"cmc_weekly"
"LC050|Pipiens|2018|24","LC-050","BE","BE",2018,24,2018-06-12,"L","Pipiens","culex",0,"cmc_weekly"
"LC050|Tarsalis|2018|24","LC-050","BE","BE",2018,24,2018-06-12,"L","Tarsalis","culex",4,"cmc_weekly"
"LC050|Pipiens|2018|26","LC-050","BE","BE",2018,26,2018-06-25,"L","Pipiens","culex",0,"cmc_weekly"
"LC050|Tarsalis|2018|26","LC-050","BE","BE",2018,26,2018-06-25,"L","Tarsalis","culex",12,"cmc_weekly"
"LC050|Pipiens|2018|27","LC-050","BE","BE",2018,27,2018-07-02,"L","Pipiens","culex",0,"cmc_weekly"
"LC050|Tarsalis|2018|27","LC-050","BE","BE",2018,27,2018-07-02,"L","Tarsalis","culex",22,"cmc_weekly"
"LC050|Pipiens|2018|28","LC-050","BE","BE",2018,28,2018-07-09,"L","Pipiens","culex",2,"cmc_weekly"
"LC050|Tarsalis|2018|28","LC-050","BE","BE",2018,28,2018-07-09,"L","Tarsalis","culex",49,"cmc_weekly"
"LC050|Pipiens|2018|29","LC-050","BE","BE",2018,29,2018-07-16,"L","Pipiens","culex",0,"cmc_weekly"
"LC050|Tarsalis|2018|29","LC-050","BE","BE",2018,29,2018-07-16,"L","Tarsalis","culex",26,"cmc_weekly"
"LC050|Pipiens|2018|30","LC-050","BE","BE",2018,30,2018-07-23,"L","Pipiens","culex",1,"cmc_weekly"
"LC050|Tarsalis|2018|30","LC-050","BE","BE",2018,30,2018-07-23,"L","Tarsalis","culex",7,"cmc_weekly"
"LC050|Pipiens|2018|31","LC-050","BE","BE",2018,31,2018-07-30,"L","Pipiens","culex",1,"cmc_weekly"
"LC050|Tarsalis|2018|31","LC-050","BE","BE",2018,31,2018-07-30,"L","Tarsalis","culex",3,"cmc_weekly"
"LC050|Pipiens|2018|32","LC-050","BE","BE",2018,32,2018-08-06,"L","Pipiens","culex",7,"cmc_weekly"
"LC050|Tarsalis|2018|32","LC-050","BE","BE",2018,32,2018-08-06,"L","Tarsalis","culex",22,"cmc_weekly"
"LC050|Pipiens|2018|33","LC-050","BE","BE",2018,33,2018-08-13,"L","Pipiens","culex",1,"cmc_weekly"
"LC050|Tarsalis|2018|33","LC-050","BE","BE",2018,33,2018-08-13,"L","Tarsalis","culex",17,"cmc_weekly"
"LC050|Pipiens|2018|34","LC-050","BE","BE",2018,34,2018-08-20,"L","Pipiens","culex",0,"cmc_weekly"
"LC050|Tarsalis|2018|34","LC-050","BE","BE",2018,34,2018-08-20,"L","Tarsalis","culex",6,"cmc_weekly"
"LC050|Pipiens|2018|35","LC-050","BE","BE",2018,35,2018-08-27,"L","Pipiens","culex",4,"cmc_weekly"
"LC050|Tarsalis|2018|35","LC-050","BE","BE",2018,35,2018-08-27,"L","Tarsalis","culex",5,"cmc_weekly"
"LC051|Pipiens|2016|24","LC-051","BE","BE",2016,24,2016-06-13,"L","Pipiens","culex",0,"cmc_weekly"
"LC051|Tarsalis|2016|24","LC-051","BE","BE",2016,24,2016-06-13,"L","Tarsalis","culex",3,"cmc_weekly"
"LC051|Pipiens|2016|25","LC-051","BE","BE",2016,25,2016-06-20,"L","Pipiens","culex",0,"cmc_weekly"
"LC051|Tarsalis|2016|25","LC-051","BE","BE",2016,25,2016-06-20,"L","Tarsalis","culex",8,"cmc_weekly"
"LC051|Pipiens|2016|26","LC-051","BE","BE",2016,26,2016-06-27,"L","Pipiens","culex",0,"cmc_weekly"
"LC051|Tarsalis|2016|26","LC-051","BE","BE",2016,26,2016-06-27,"L","Tarsalis","culex",19,"cmc_weekly"
"LC051|Pipiens|2016|27","LC-051","BE","BE",2016,27,2016-07-06,"L","Pipiens","culex",2,"cmc_weekly"
"LC051|Tarsalis|2016|27","LC-051","BE","BE",2016,27,2016-07-06,"L","Tarsalis","culex",29,"cmc_weekly"
"LC051|Pipiens|2016|28","LC-051","BE","BE",2016,28,2016-07-11,"L","Pipiens","culex",0,"cmc_weekly"
"LC051|Tarsalis|2016|28","LC-051","BE","BE",2016,28,2016-07-11,"L","Tarsalis","culex",19,"cmc_weekly"
"LC051|Pipiens|2016|29","LC-051","BE","BE",2016,29,2016-07-18,"L","Pipiens","culex",4,"cmc_weekly"
"LC051|Tarsalis|2016|29","LC-051","BE","BE",2016,29,2016-07-18,"L","Tarsalis","culex",27,"cmc_weekly"
"LC051|Pipiens|2016|30","LC-051","BE","BE",2016,30,2016-07-25,"L","Pipiens","culex",0,"cmc_weekly"
"LC051|Tarsalis|2016|30","LC-051","BE","BE",2016,30,2016-07-25,"L","Tarsalis","culex",32,"cmc_weekly"
"LC051|Pipiens|2016|31","LC-051","BE","BE",2016,31,2016-08-01,"L","Pipiens","culex",4,"cmc_weekly"
"LC051|Tarsalis|2016|31","LC-051","BE","BE",2016,31,2016-08-01,"L","Tarsalis","culex",48,"cmc_weekly"
"LC051|Pipiens|2016|32","LC-051","BE","BE",2016,32,2016-08-08,"L","Pipiens","culex",7,"cmc_weekly"
"LC051|Tarsalis|2016|32","LC-051","BE","BE",2016,32,2016-08-08,"L","Tarsalis","culex",84,"cmc_weekly"
"LC051|Pipiens|2016|33","LC-051","BE","BE",2016,33,2016-08-15,"L","Pipiens","culex",1,"cmc_weekly"
"LC051|Tarsalis|2016|33","LC-051","BE","BE",2016,33,2016-08-15,"L","Tarsalis","culex",47,"cmc_weekly"
"LC051|Pipiens|2016|34","LC-051","BE","BE",2016,34,2016-08-22,"L","Pipiens","culex",5,"cmc_weekly"
"LC051|Tarsalis|2016|34","LC-051","BE","BE",2016,34,2016-08-22,"L","Tarsalis","culex",22,"cmc_weekly"
"LC051|Pipiens|2017|24","LC-051","BE","BE",2017,24,2017-06-12,"L","Pipiens","culex",0,"cmc_weekly"
"LC051|Tarsalis|2017|24","LC-051","BE","BE",2017,24,2017-06-12,"L","Tarsalis","culex",7,"cmc_weekly"
"LC051|Pipiens|2017|25","LC-051","BE","BE",2017,25,2017-06-19,"L","Pipiens","culex",0,"cmc_weekly"
"LC051|Tarsalis|2017|25","LC-051","BE","BE",2017,25,2017-06-19,"L","Tarsalis","culex",1,"cmc_weekly"
"LC051|Pipiens|2017|26","LC-051","BE","BE",2017,26,2017-06-26,"L","Pipiens","culex",0,"cmc_weekly"
"LC051|Tarsalis|2017|26","LC-051","BE","BE",2017,26,2017-06-26,"L","Tarsalis","culex",8,"cmc_weekly"
"LC051|Pipiens|2017|27","LC-051","BE","BE",2017,27,2017-07-03,"L","Pipiens","culex",0,"cmc_weekly"
"LC051|Tarsalis|2017|27","LC-051","BE","BE",2017,27,2017-07-03,"L","Tarsalis","culex",65,"cmc_weekly"
"LC051|Pipiens|2017|28","LC-051","BE","BE",2017,28,2017-07-10,"L","Pipiens","culex",0,"cmc_weekly"
"LC051|Tarsalis|2017|28","LC-051","BE","BE",2017,28,2017-07-10,"L","Tarsalis","culex",74,"cmc_weekly"
"LC051|Pipiens|2017|29","LC-051","BE","BE",2017,29,2017-07-17,"L","Pipiens","culex",0,"cmc_weekly"
"LC051|Tarsalis|2017|29","LC-051","BE","BE",2017,29,2017-07-17,"L","Tarsalis","culex",222,"cmc_weekly"
"LC051|Pipiens|2017|30","LC-051","BE","BE",2017,30,2017-07-24,"L","Pipiens","culex",1,"cmc_weekly"
"LC051|Tarsalis|2017|30","LC-051","BE","BE",2017,30,2017-07-24,"L","Tarsalis","culex",136,"cmc_weekly"
"LC051|Pipiens|2017|31","LC-051","BE","BE",2017,31,2017-07-31,"L","Pipiens","culex",0,"cmc_weekly"
"LC051|Tarsalis|2017|31","LC-051","BE","BE",2017,31,2017-07-31,"L","Tarsalis","culex",55,"cmc_weekly"
"LC051|Pipiens|2017|32","LC-051","BE","BE",2017,32,2017-08-07,"L","Pipiens","culex",0,"cmc_weekly"
"LC051|Tarsalis|2017|32","LC-051","BE","BE",2017,32,2017-08-07,"L","Tarsalis","culex",12,"cmc_weekly"
"LC051|Pipiens|2017|33","LC-051","BE","BE",2017,33,2017-08-14,"L","Pipiens","culex",10,"cmc_weekly"
"LC051|Tarsalis|2017|33","LC-051","BE","BE",2017,33,2017-08-14,"L","Tarsalis","culex",59,"cmc_weekly"
"LC051|Pipiens|2017|34","LC-051","BE","BE",2017,34,2017-08-21,"L","Pipiens","culex",1,"cmc_weekly"
"LC051|Tarsalis|2017|34","LC-051","BE","BE",2017,34,2017-08-21,"L","Tarsalis","culex",30,"cmc_weekly"
"LC051|Pipiens|2017|35","LC-051","BE","BE",2017,35,2017-08-28,"L","Pipiens","culex",4,"cmc_weekly"
"LC051|Tarsalis|2017|35","LC-051","BE","BE",2017,35,2017-08-28,"L","Tarsalis","culex",28,"cmc_weekly"
"LC051|Pipiens|2018|24","LC-051","BE","BE",2018,24,2018-06-11,"L","Pipiens","culex",0,"cmc_weekly"
"LC051|Tarsalis|2018|24","LC-051","BE","BE",2018,24,2018-06-11,"L","Tarsalis","culex",2,"cmc_weekly"
"LC051|Pipiens|2018|25","LC-051","BE","BE",2018,25,2018-06-18,"L","Pipiens","culex",0,"cmc_weekly"
"LC051|Tarsalis|2018|25","LC-051","BE","BE",2018,25,2018-06-18,"L","Tarsalis","culex",4,"cmc_weekly"
"LC051|Pipiens|2018|26","LC-051","BE","BE",2018,26,2018-06-25,"L","Pipiens","culex",0,"cmc_weekly"
"LC051|Tarsalis|2018|26","LC-051","BE","BE",2018,26,2018-06-25,"L","Tarsalis","culex",36,"cmc_weekly"
"LC051|Pipiens|2018|27","LC-051","BE","BE",2018,27,2018-07-02,"L","Pipiens","culex",0,"cmc_weekly"
"LC051|Tarsalis|2018|27","LC-051","BE","BE",2018,27,2018-07-02,"L","Tarsalis","culex",48,"cmc_weekly"
"LC051|Pipiens|2018|28","LC-051","BE","BE",2018,28,2018-07-09,"L","Pipiens","culex",0,"cmc_weekly"
"LC051|Tarsalis|2018|28","LC-051","BE","BE",2018,28,2018-07-09,"L","Tarsalis","culex",67,"cmc_weekly"
"LC051|Pipiens|2018|29","LC-051","BE","BE",2018,29,2018-07-16,"L","Pipiens","culex",0,"cmc_weekly"
"LC051|Tarsalis|2018|29","LC-051","BE","BE",2018,29,2018-07-16,"L","Tarsalis","culex",18,"cmc_weekly"
"LC051|Pipiens|2018|30","LC-051","BE","BE",2018,30,2018-07-23,"L","Pipiens","culex",1,"cmc_weekly"
"LC051|Tarsalis|2018|30","LC-051","BE","BE",2018,30,2018-07-23,"L","Tarsalis","culex",10,"cmc_weekly"
"LC051|Pipiens|2018|31","LC-051","BE","BE",2018,31,2018-07-30,"L","Pipiens","culex",1,"cmc_weekly"
"LC051|Tarsalis|2018|31","LC-051","BE","BE",2018,31,2018-07-30,"L","Tarsalis","culex",8,"cmc_weekly"
"LC051|Pipiens|2018|32","LC-051","BE","BE",2018,32,2018-08-06,"L","Pipiens","culex",8,"cmc_weekly"
"LC051|Tarsalis|2018|32","LC-051","BE","BE",2018,32,2018-08-06,"L","Tarsalis","culex",56,"cmc_weekly"
"LC051|Pipiens|2018|33","LC-051","BE","BE",2018,33,2018-08-13,"L","Pipiens","culex",0,"cmc_weekly"
"LC051|Tarsalis|2018|33","LC-051","BE","BE",2018,33,2018-08-13,"L","Tarsalis","culex",70,"cmc_weekly"
"LC051|Pipiens|2018|34","LC-051","BE","BE",2018,34,2018-08-20,"L","Pipiens","culex",0,"cmc_weekly"
"LC051|Tarsalis|2018|34","LC-051","BE","BE",2018,34,2018-08-20,"L","Tarsalis","culex",4,"cmc_weekly"
"LC051|Pipiens|2018|35","LC-051","BE","BE",2018,35,2018-08-27,"L","Pipiens","culex",5,"cmc_weekly"
"LC051|Tarsalis|2018|35","LC-051","BE","BE",2018,35,2018-08-27,"L","Tarsalis","culex",21,"cmc_weekly"
"LC052|Pipiens|2016|24","LC-052","BE","BE",2016,24,2016-06-13,"L","Pipiens","culex",1,"cmc_weekly"
"LC052|Tarsalis|2016|24","LC-052","BE","BE",2016,24,2016-06-13,"L","Tarsalis","culex",1,"cmc_weekly"
"LC052|Pipiens|2016|25","LC-052","BE","BE",2016,25,2016-06-20,"L","Pipiens","culex",0,"cmc_weekly"
"LC052|Tarsalis|2016|25","LC-052","BE","BE",2016,25,2016-06-20,"L","Tarsalis","culex",1,"cmc_weekly"
"LC052|Pipiens|2016|26","LC-052","BE","BE",2016,26,2016-06-27,"L","Pipiens","culex",0,"cmc_weekly"
"LC052|Tarsalis|2016|26","LC-052","BE","BE",2016,26,2016-06-27,"L","Tarsalis","culex",1,"cmc_weekly"
"LC052|Pipiens|2016|27","LC-052","BE","BE",2016,27,2016-07-06,"L","Pipiens","culex",0,"cmc_weekly"
"LC052|Tarsalis|2016|27","LC-052","BE","BE",2016,27,2016-07-06,"L","Tarsalis","culex",16,"cmc_weekly"
"LC052|Pipiens|2016|28","LC-052","BE","BE",2016,28,2016-07-11,"L","Pipiens","culex",0,"cmc_weekly"
"LC052|Tarsalis|2016|28","LC-052","BE","BE",2016,28,2016-07-11,"L","Tarsalis","culex",53,"cmc_weekly"
"LC052|Pipiens|2016|29","LC-052","BE","BE",2016,29,2016-07-18,"L","Pipiens","culex",0,"cmc_weekly"
"LC052|Tarsalis|2016|29","LC-052","BE","BE",2016,29,2016-07-18,"L","Tarsalis","culex",33,"cmc_weekly"
"LC052|Pipiens|2016|30","LC-052","BE","BE",2016,30,2016-07-25,"L","Pipiens","culex",1,"cmc_weekly"
"LC052|Tarsalis|2016|30","LC-052","BE","BE",2016,30,2016-07-25,"L","Tarsalis","culex",15,"cmc_weekly"
"LC052|Pipiens|2016|31","LC-052","BE","BE",2016,31,2016-08-01,"L","Pipiens","culex",0,"cmc_weekly"
"LC052|Tarsalis|2016|31","LC-052","BE","BE",2016,31,2016-08-01,"L","Tarsalis","culex",73,"cmc_weekly"
"LC052|Pipiens|2016|32","LC-052","BE","BE",2016,32,2016-08-08,"L","Pipiens","culex",7,"cmc_weekly"
"LC052|Tarsalis|2016|32","LC-052","BE","BE",2016,32,2016-08-08,"L","Tarsalis","culex",90,"cmc_weekly"
"LC052|Pipiens|2016|33","LC-052","BE","BE",2016,33,2016-08-15,"L","Pipiens","culex",2,"cmc_weekly"
"LC052|Tarsalis|2016|33","LC-052","BE","BE",2016,33,2016-08-15,"L","Tarsalis","culex",29,"cmc_weekly"
"LC052|Pipiens|2016|34","LC-052","BE","BE",2016,34,2016-08-23,"L","Pipiens","culex",0,"cmc_weekly"
"LC052|Tarsalis|2016|34","LC-052","BE","BE",2016,34,2016-08-23,"L","Tarsalis","culex",41,"cmc_weekly"
"LC052|Pipiens|2017|24","LC-052","BE","BE",2017,24,2017-06-12,"L","Pipiens","culex",0,"cmc_weekly"
"LC052|Tarsalis|2017|24","LC-052","BE","BE",2017,24,2017-06-12,"L","Tarsalis","culex",8,"cmc_weekly"
"LC052|Pipiens|2017|25","LC-052","BE","BE",2017,25,2017-06-19,"L","Pipiens","culex",0,"cmc_weekly"
"LC052|Tarsalis|2017|25","LC-052","BE","BE",2017,25,2017-06-19,"L","Tarsalis","culex",4,"cmc_weekly"
"LC052|Pipiens|2017|26","LC-052","BE","BE",2017,26,2017-06-26,"L","Pipiens","culex",0,"cmc_weekly"
"LC052|Tarsalis|2017|26","LC-052","BE","BE",2017,26,2017-06-26,"L","Tarsalis","culex",29,"cmc_weekly"
"LC052|Pipiens|2017|27","LC-052","BE","BE",2017,27,2017-07-03,"L","Pipiens","culex",2,"cmc_weekly"
"LC052|Tarsalis|2017|27","LC-052","BE","BE",2017,27,2017-07-03,"L","Tarsalis","culex",29,"cmc_weekly"
"LC052|Pipiens|2017|28","LC-052","BE","BE",2017,28,2017-07-10,"L","Pipiens","culex",0,"cmc_weekly"
"LC052|Tarsalis|2017|28","LC-052","BE","BE",2017,28,2017-07-10,"L","Tarsalis","culex",10,"cmc_weekly"
"LC052|Pipiens|2017|29","LC-052","BE","BE",2017,29,2017-07-17,"L","Pipiens","culex",0,"cmc_weekly"
"LC052|Tarsalis|2017|29","LC-052","BE","BE",2017,29,2017-07-17,"L","Tarsalis","culex",97,"cmc_weekly"
"LC052|Pipiens|2017|30","LC-052","BE","BE",2017,30,2017-07-24,"L","Pipiens","culex",0,"cmc_weekly"
"LC052|Tarsalis|2017|30","LC-052","BE","BE",2017,30,2017-07-24,"L","Tarsalis","culex",41,"cmc_weekly"
"LC052|Pipiens|2017|31","LC-052","BE","BE",2017,31,2017-07-31,"L","Pipiens","culex",0,"cmc_weekly"
"LC052|Tarsalis|2017|31","LC-052","BE","BE",2017,31,2017-07-31,"L","Tarsalis","culex",92,"cmc_weekly"
"LC052|Pipiens|2017|32","LC-052","BE","BE",2017,32,2017-08-07,"L","Pipiens","culex",0,"cmc_weekly"
"LC052|Tarsalis|2017|32","LC-052","BE","BE",2017,32,2017-08-07,"L","Tarsalis","culex",3,"cmc_weekly"
"LC052|Pipiens|2017|33","LC-052","BE","BE",2017,33,2017-08-14,"L","Pipiens","culex",0,"cmc_weekly"
"LC052|Tarsalis|2017|33","LC-052","BE","BE",2017,33,2017-08-14,"L","Tarsalis","culex",14,"cmc_weekly"
"LC052|Pipiens|2017|34","LC-052","BE","BE",2017,34,2017-08-21,"L","Pipiens","culex",6,"cmc_weekly"
"LC052|Tarsalis|2017|34","LC-052","BE","BE",2017,34,2017-08-21,"L","Tarsalis","culex",10,"cmc_weekly"
"LC052|Pipiens|2017|35","LC-052","BE","BE",2017,35,2017-08-28,"L","Pipiens","culex",0,"cmc_weekly"
"LC052|Tarsalis|2017|35","LC-052","BE","BE",2017,35,2017-08-28,"L","Tarsalis","culex",9,"cmc_weekly"
"LC052|Pipiens|2018|25","LC-052","BE","BE",2018,25,2018-06-18,"L","Pipiens","culex",0,"cmc_weekly"
"LC052|Tarsalis|2018|25","LC-052","BE","BE",2018,25,2018-06-18,"L","Tarsalis","culex",3,"cmc_weekly"
"LC052|Pipiens|2018|26","LC-052","BE","BE",2018,26,2018-06-25,"L","Pipiens","culex",0,"cmc_weekly"
"LC052|Tarsalis|2018|26","LC-052","BE","BE",2018,26,2018-06-25,"L","Tarsalis","culex",6,"cmc_weekly"
"LC052|Pipiens|2018|27","LC-052","BE","BE",2018,27,2018-07-02,"L","Pipiens","culex",0,"cmc_weekly"
"LC052|Tarsalis|2018|27","LC-052","BE","BE",2018,27,2018-07-02,"L","Tarsalis","culex",7,"cmc_weekly"
"LC052|Pipiens|2018|28","LC-052","BE","BE",2018,28,2018-07-09,"L","Pipiens","culex",0,"cmc_weekly"
"LC052|Tarsalis|2018|28","LC-052","BE","BE",2018,28,2018-07-09,"L","Tarsalis","culex",69,"cmc_weekly"
"LC052|Pipiens|2018|29","LC-052","BE","BE",2018,29,2018-07-16,"L","Pipiens","culex",0,"cmc_weekly"
"LC052|Tarsalis|2018|29","LC-052","BE","BE",2018,29,2018-07-16,"L","Tarsalis","culex",37,"cmc_weekly"
"LC052|Pipiens|2018|30","LC-052","BE","BE",2018,30,2018-07-23,"L","Pipiens","culex",10,"cmc_weekly"
"LC052|Tarsalis|2018|30","LC-052","BE","BE",2018,30,2018-07-23,"L","Tarsalis","culex",79,"cmc_weekly"
"LC052|Pipiens|2018|31","LC-052","BE","BE",2018,31,2018-07-30,"L","Pipiens","culex",0,"cmc_weekly"
"LC052|Tarsalis|2018|31","LC-052","BE","BE",2018,31,2018-07-30,"L","Tarsalis","culex",19,"cmc_weekly"
"LC052|Pipiens|2018|32","LC-052","BE","BE",2018,32,2018-08-06,"L","Pipiens","culex",5,"cmc_weekly"
"LC052|Tarsalis|2018|32","LC-052","BE","BE",2018,32,2018-08-06,"L","Tarsalis","culex",8,"cmc_weekly"
"LC052|Pipiens|2018|33","LC-052","BE","BE",2018,33,2018-08-13,"L","Pipiens","culex",0,"cmc_weekly"
"LC052|Tarsalis|2018|33","LC-052","BE","BE",2018,33,2018-08-13,"L","Tarsalis","culex",67,"cmc_weekly"
"LC052|Pipiens|2018|34","LC-052","BE","BE",2018,34,2018-08-20,"L","Pipiens","culex",0,"cmc_weekly"
"LC052|Tarsalis|2018|34","LC-052","BE","BE",2018,34,2018-08-20,"L","Tarsalis","culex",2,"cmc_weekly"
"LC052|Pipiens|2018|35","LC-052","BE","BE",2018,35,2018-08-27,"L","Pipiens","culex",0,"cmc_weekly"
"LC052|Tarsalis|2018|35","LC-052","BE","BE",2018,35,2018-08-27,"L","Tarsalis","culex",3,"cmc_weekly"
"LCFLOAT|Pipiens|2017|31","LC-FLOAT","BE","BE",2017,31,2017-07-31,"L","Pipiens","culex",0,"cmc_weekly"
"LCFLOAT|Tarsalis|2017|31","LC-FLOAT","BE","BE",2017,31,2017-07-31,"L","Tarsalis","culex",23,"cmc_weekly"
"LCFLOAT|Pipiens|2017|32","LC-FLOAT","BE","BE",2017,32,2017-08-07,"L","Pipiens","culex",0,"cmc_weekly"
"LCFLOAT|Tarsalis|2017|32","LC-FLOAT","BE","BE",2017,32,2017-08-07,"L","Tarsalis","culex",9,"cmc_weekly"
"LCFLOAT|Pipiens|2017|35","LC-FLOAT","BE","BE",2017,35,2017-08-28,"L","Pipiens","culex",0,"cmc_weekly"
"LCFLOAT|Tarsalis|2017|35","LC-FLOAT","BE","BE",2017,35,2017-08-28,"L","Tarsalis","culex",10,"cmc_weekly"
"LV004|Pipiens|2016|25","LV-004","LV","LV",2016,25,2016-06-20,"L","Pipiens","culex",1,"cmc_weekly"
"LV004|Tarsalis|2016|25","LV-004","LV","LV",2016,25,2016-06-20,"L","Tarsalis","culex",17,"cmc_weekly"
"LV004|Pipiens|2016|26","LV-004","LV","LV",2016,26,2016-06-27,"L","Pipiens","culex",0,"cmc_weekly"
"LV004|Tarsalis|2016|26","LV-004","LV","LV",2016,26,2016-06-27,"L","Tarsalis","culex",21,"cmc_weekly"
"LV004|Pipiens|2016|28","LV-004","LV","LV",2016,28,2016-07-11,"L","Pipiens","culex",1,"cmc_weekly"
"LV004|Tarsalis|2016|28","LV-004","LV","LV",2016,28,2016-07-11,"L","Tarsalis","culex",16,"cmc_weekly"
"LV004|Pipiens|2016|29","LV-004","LV","LV",2016,29,2016-07-18,"L","Pipiens","culex",1,"cmc_weekly"
"LV004|Tarsalis|2016|29","LV-004","LV","LV",2016,29,2016-07-18,"L","Tarsalis","culex",31,"cmc_weekly"
"LV004|Pipiens|2016|30","LV-004","LV","LV",2016,30,2016-07-25,"L","Pipiens","culex",4,"cmc_weekly"
"LV004|Tarsalis|2016|30","LV-004","LV","LV",2016,30,2016-07-25,"L","Tarsalis","culex",31,"cmc_weekly"
"LV004|Pipiens|2016|31","LV-004","LV","LV",2016,31,2016-08-01,"L","Pipiens","culex",1,"cmc_weekly"
"LV004|Tarsalis|2016|31","LV-004","LV","LV",2016,31,2016-08-01,"L","Tarsalis","culex",46,"cmc_weekly"
"LV004|Pipiens|2016|32","LV-004","LV","LV",2016,32,2016-08-08,"L","Pipiens","culex",1,"cmc_weekly"
"LV004|Tarsalis|2016|32","LV-004","LV","LV",2016,32,2016-08-08,"L","Tarsalis","culex",125,"cmc_weekly"
"LV004|Pipiens|2016|33","LV-004","LV","LV",2016,33,2016-08-15,"L","Pipiens","culex",1,"cmc_weekly"
"LV004|Tarsalis|2016|33","LV-004","LV","LV",2016,33,2016-08-15,"L","Tarsalis","culex",6,"cmc_weekly"
"LV004|Pipiens|2016|34","LV-004","LV","LV",2016,34,2016-08-22,"L","Pipiens","culex",1,"cmc_weekly"
"LV004|Tarsalis|2016|34","LV-004","LV","LV",2016,34,2016-08-22,"L","Tarsalis","culex",19,"cmc_weekly"
"LV004|Pipiens|2017|24","LV-004","LV","LV",2017,24,2017-06-12,"L","Pipiens","culex",1,"cmc_weekly"
"LV004|Tarsalis|2017|24","LV-004","LV","LV",2017,24,2017-06-12,"L","Tarsalis","culex",0,"cmc_weekly"
"LV004|Pipiens|2017|25","LV-004","LV","LV",2017,25,2017-06-19,"L","Pipiens","culex",0,"cmc_weekly"
"LV004|Tarsalis|2017|25","LV-004","LV","LV",2017,25,2017-06-19,"L","Tarsalis","culex",2,"cmc_weekly"
"LV004|Pipiens|2017|28","LV-004","LV","LV",2017,28,2017-07-10,"L","Pipiens","culex",0,"cmc_weekly"
"LV004|Tarsalis|2017|28","LV-004","LV","LV",2017,28,2017-07-10,"L","Tarsalis","culex",6,"cmc_weekly"
"LV004|Pipiens|2017|29","LV-004","LV","LV",2017,29,2017-07-17,"L","Pipiens","culex",0,"cmc_weekly"
"LV004|Tarsalis|2017|29","LV-004","LV","LV",2017,29,2017-07-17,"L","Tarsalis","culex",1,"cmc_weekly"
"LV004|Pipiens|2017|30","LV-004","LV","LV",2017,30,2017-07-24,"L","Pipiens","culex",1,"cmc_weekly"
"LV004|Tarsalis|2017|30","LV-004","LV","LV",2017,30,2017-07-24,"L","Tarsalis","culex",48,"cmc_weekly"
"LV004|Pipiens|2017|31","LV-004","LV","LV",2017,31,2017-07-31,"L","Pipiens","culex",0,"cmc_weekly"
"LV004|Tarsalis|2017|31","LV-004","LV","LV",2017,31,2017-07-31,"L","Tarsalis","culex",7,"cmc_weekly"
"LV004|Pipiens|2017|32","LV-004","LV","LV",2017,32,2017-08-07,"L","Pipiens","culex",1,"cmc_weekly"
"LV004|Tarsalis|2017|32","LV-004","LV","LV",2017,32,2017-08-07,"L","Tarsalis","culex",16,"cmc_weekly"
"LV004|Pipiens|2017|33","LV-004","LV","LV",2017,33,2017-08-14,"L","Pipiens","culex",0,"cmc_weekly"
"LV004|Tarsalis|2017|33","LV-004","LV","LV",2017,33,2017-08-14,"L","Tarsalis","culex",31,"cmc_weekly"
"LV004|Pipiens|2017|34","LV-004","LV","LV",2017,34,2017-08-21,"L","Pipiens","culex",0,"cmc_weekly"
"LV004|Tarsalis|2017|34","LV-004","LV","LV",2017,34,2017-08-21,"L","Tarsalis","culex",5,"cmc_weekly"
"LV004|Pipiens|2017|35","LV-004","LV","LV",2017,35,2017-08-28,"L","Pipiens","culex",0,"cmc_weekly"
"LV004|Tarsalis|2017|35","LV-004","LV","LV",2017,35,2017-08-28,"L","Tarsalis","culex",23,"cmc_weekly"
"LV004|Pipiens|2018|24","LV-004","LV","LV",2018,24,2018-06-11,"L","Pipiens","culex",0,"cmc_weekly"
"LV004|Tarsalis|2018|24","LV-004","LV","LV",2018,24,2018-06-11,"L","Tarsalis","culex",5,"cmc_weekly"
"LV004|Pipiens|2018|26","LV-004","LV","LV",2018,26,2018-06-25,"L","Pipiens","culex",0,"cmc_weekly"
"LV004|Tarsalis|2018|26","LV-004","LV","LV",2018,26,2018-06-25,"L","Tarsalis","culex",9,"cmc_weekly"
"LV004|Pipiens|2018|27","LV-004","LV","LV",2018,27,2018-07-02,"L","Pipiens","culex",0,"cmc_weekly"
"LV004|Tarsalis|2018|27","LV-004","LV","LV",2018,27,2018-07-02,"L","Tarsalis","culex",44,"cmc_weekly"
"LV004|Pipiens|2018|28","LV-004","LV","LV",2018,28,2018-07-09,"L","Pipiens","culex",0,"cmc_weekly"
"LV004|Tarsalis|2018|28","LV-004","LV","LV",2018,28,2018-07-09,"L","Tarsalis","culex",53,"cmc_weekly"
"LV004|Pipiens|2018|29","LV-004","LV","LV",2018,29,2018-07-16,"L","Pipiens","culex",0,"cmc_weekly"
"LV004|Tarsalis|2018|29","LV-004","LV","LV",2018,29,2018-07-16,"L","Tarsalis","culex",9,"cmc_weekly"
"LV004|Pipiens|2018|30","LV-004","LV","LV",2018,30,2018-07-23,"L","Pipiens","culex",0,"cmc_weekly"
"LV004|Tarsalis|2018|30","LV-004","LV","LV",2018,30,2018-07-23,"L","Tarsalis","culex",21,"cmc_weekly"
"LV004|Pipiens|2018|31","LV-004","LV","LV",2018,31,2018-07-30,"L","Pipiens","culex",1,"cmc_weekly"
"LV004|Tarsalis|2018|31","LV-004","LV","LV",2018,31,2018-07-30,"L","Tarsalis","culex",8,"cmc_weekly"
"LV004|Pipiens|2018|32","LV-004","LV","LV",2018,32,2018-08-06,"L","Pipiens","culex",0,"cmc_weekly"
"LV004|Tarsalis|2018|32","LV-004","LV","LV",2018,32,2018-08-06,"L","Tarsalis","culex",23,"cmc_weekly"
"LV004|Pipiens|2018|33","LV-004","LV","LV",2018,33,2018-08-13,"L","Pipiens","culex",3,"cmc_weekly"
"LV004|Tarsalis|2018|33","LV-004","LV","LV",2018,33,2018-08-13,"L","Tarsalis","culex",30,"cmc_weekly"
"LV004|Pipiens|2018|34","LV-004","LV","LV",2018,34,2018-08-20,"L","Pipiens","culex",0,"cmc_weekly"
"LV004|Tarsalis|2018|34","LV-004","LV","LV",2018,34,2018-08-20,"L","Tarsalis","culex",14,"cmc_weekly"
"LV004|Pipiens|2018|35","LV-004","LV","LV",2018,35,2018-08-27,"L","Pipiens","culex",0,"cmc_weekly"
"LV004|Tarsalis|2018|35","LV-004","LV","LV",2018,35,2018-08-27,"L","Tarsalis","culex",2,"cmc_weekly"
"LV010GR|Pipiens|2016|24","LV-010GR","LV","LV",2016,24,2016-06-16,"G","Pipiens","culex",5,"cmc_weekly"
"LV010GR|Tarsalis|2016|24","LV-010GR","LV","LV",2016,24,2016-06-16,"G","Tarsalis","culex",0,"cmc_weekly"
"LV010GR|Pipiens|2016|25","LV-010GR","LV","LV",2016,25,2016-06-23,"G","Pipiens","culex",7,"cmc_weekly"
"LV010GR|Tarsalis|2016|25","LV-010GR","LV","LV",2016,25,2016-06-23,"G","Tarsalis","culex",0,"cmc_weekly"
"LV010GR|Pipiens|2016|26","LV-010GR","LV","LV",2016,26,2016-06-30,"G","Pipiens","culex",32,"cmc_weekly"
"LV010GR|Tarsalis|2016|26","LV-010GR","LV","LV",2016,26,2016-06-30,"G","Tarsalis","culex",0,"cmc_weekly"
"LV010GR|Pipiens|2016|28","LV-010GR","LV","LV",2016,28,2016-07-14,"G","Pipiens","culex",88,"cmc_weekly"
"LV010GR|Tarsalis|2016|28","LV-010GR","LV","LV",2016,28,2016-07-14,"G","Tarsalis","culex",0,"cmc_weekly"
"LV010GR|Pipiens|2016|29","LV-010GR","LV","LV",2016,29,2016-07-21,"G","Pipiens","culex",54,"cmc_weekly"
"LV010GR|Tarsalis|2016|29","LV-010GR","LV","LV",2016,29,2016-07-21,"G","Tarsalis","culex",1,"cmc_weekly"
"LV010GR|Pipiens|2016|30","LV-010GR","LV","LV",2016,30,2016-07-28,"G","Pipiens","culex",40,"cmc_weekly"
"LV010GR|Tarsalis|2016|30","LV-010GR","LV","LV",2016,30,2016-07-28,"G","Tarsalis","culex",0,"cmc_weekly"
"LV010GR|Pipiens|2016|31","LV-010GR","LV","LV",2016,31,2016-08-04,"G","Pipiens","culex",39,"cmc_weekly"
"LV010GR|Tarsalis|2016|31","LV-010GR","LV","LV",2016,31,2016-08-04,"G","Tarsalis","culex",0,"cmc_weekly"
"LV010GR|Pipiens|2016|32","LV-010GR","LV","LV",2016,32,2016-08-11,"G","Pipiens","culex",29,"cmc_weekly"
"LV010GR|Tarsalis|2016|32","LV-010GR","LV","LV",2016,32,2016-08-11,"G","Tarsalis","culex",0,"cmc_weekly"
"LV010GR|Pipiens|2016|33","LV-010GR","LV","LV",2016,33,2016-08-18,"G","Pipiens","culex",36,"cmc_weekly"
"LV010GR|Tarsalis|2016|33","LV-010GR","LV","LV",2016,33,2016-08-18,"G","Tarsalis","culex",0,"cmc_weekly"
"LV010GR|Pipiens|2016|34","LV-010GR","LV","LV",2016,34,2016-08-24,"G","Pipiens","culex",65,"cmc_weekly"
"LV010GR|Tarsalis|2016|34","LV-010GR","LV","LV",2016,34,2016-08-24,"G","Tarsalis","culex",0,"cmc_weekly"
"LV010GR|Pipiens|2017|24","LV-010GR","LV","LV",2017,24,2017-06-15,"G","Pipiens","culex",21,"cmc_weekly"
"LV010GR|Tarsalis|2017|24","LV-010GR","LV","LV",2017,24,2017-06-15,"G","Tarsalis","culex",0,"cmc_weekly"
"LV010GR|Pipiens|2017|25","LV-010GR","LV","LV",2017,25,2017-06-22,"G","Pipiens","culex",106,"cmc_weekly"
"LV010GR|Tarsalis|2017|25","LV-010GR","LV","LV",2017,25,2017-06-22,"G","Tarsalis","culex",2,"cmc_weekly"
"LV010GR|Pipiens|2017|26","LV-010GR","LV","LV",2017,26,2017-06-29,"G","Pipiens","culex",82,"cmc_weekly"
"LV010GR|Tarsalis|2017|26","LV-010GR","LV","LV",2017,26,2017-06-29,"G","Tarsalis","culex",0,"cmc_weekly"
"LV010GR|Pipiens|2017|27","LV-010GR","LV","LV",2017,27,2017-07-06,"G","Pipiens","culex",60,"cmc_weekly"
"LV010GR|Tarsalis|2017|27","LV-010GR","LV","LV",2017,27,2017-07-06,"G","Tarsalis","culex",0,"cmc_weekly"
"LV010GR|Pipiens|2017|28","LV-010GR","LV","LV",2017,28,2017-07-13,"G","Pipiens","culex",79,"cmc_weekly"
"LV010GR|Tarsalis|2017|28","LV-010GR","LV","LV",2017,28,2017-07-13,"G","Tarsalis","culex",1,"cmc_weekly"
"LV010GR|Pipiens|2017|29","LV-010GR","LV","LV",2017,29,2017-07-20,"G","Pipiens","culex",0,"cmc_weekly"
"LV010GR|Tarsalis|2017|29","LV-010GR","LV","LV",2017,29,2017-07-20,"G","Tarsalis","culex",63,"cmc_weekly"
"LV010GR|Pipiens|2017|30","LV-010GR","LV","LV",2017,30,2017-07-27,"G","Pipiens","culex",48,"cmc_weekly"
"LV010GR|Tarsalis|2017|30","LV-010GR","LV","LV",2017,30,2017-07-27,"G","Tarsalis","culex",0,"cmc_weekly"
"LV010GR|Pipiens|2017|31","LV-010GR","LV","LV",2017,31,2017-08-03,"G","Pipiens","culex",35,"cmc_weekly"
"LV010GR|Tarsalis|2017|31","LV-010GR","LV","LV",2017,31,2017-08-03,"G","Tarsalis","culex",0,"cmc_weekly"
"LV010GR|Pipiens|2017|32","LV-010GR","LV","LV",2017,32,2017-08-10,"G","Pipiens","culex",7,"cmc_weekly"
"LV010GR|Tarsalis|2017|32","LV-010GR","LV","LV",2017,32,2017-08-10,"G","Tarsalis","culex",0,"cmc_weekly"
"LV010GR|Pipiens|2017|33","LV-010GR","LV","LV",2017,33,2017-08-17,"G","Pipiens","culex",12,"cmc_weekly"
"LV010GR|Tarsalis|2017|33","LV-010GR","LV","LV",2017,33,2017-08-17,"G","Tarsalis","culex",0,"cmc_weekly"
"LV010GR|Pipiens|2017|34","LV-010GR","LV","LV",2017,34,2017-08-24,"G","Pipiens","culex",36,"cmc_weekly"
"LV010GR|Tarsalis|2017|34","LV-010GR","LV","LV",2017,34,2017-08-24,"G","Tarsalis","culex",0,"cmc_weekly"
"LV010GR|Pipiens|2017|35","LV-010GR","LV","LV",2017,35,2017-08-31,"G","Pipiens","culex",24,"cmc_weekly"
"LV010GR|Tarsalis|2017|35","LV-010GR","LV","LV",2017,35,2017-08-31,"G","Tarsalis","culex",0,"cmc_weekly"
"LV010GR|Pipiens|2018|24","LV-010GR","LV","LV",2018,24,2018-06-14,"G","Pipiens","culex",28,"cmc_weekly"
"LV010GR|Tarsalis|2018|24","LV-010GR","LV","LV",2018,24,2018-06-14,"G","Tarsalis","culex",0,"cmc_weekly"
"LV010GR|Pipiens|2018|25","LV-010GR","LV","LV",2018,25,2018-06-21,"G","Pipiens","culex",3,"cmc_weekly"
"LV010GR|Tarsalis|2018|25","LV-010GR","LV","LV",2018,25,2018-06-21,"G","Tarsalis","culex",0,"cmc_weekly"
"LV010GR|Pipiens|2018|26","LV-010GR","LV","LV",2018,26,2018-06-28,"G","Pipiens","culex",23,"cmc_weekly"
"LV010GR|Tarsalis|2018|26","LV-010GR","LV","LV",2018,26,2018-06-28,"G","Tarsalis","culex",0,"cmc_weekly"
"LV010GR|Pipiens|2018|27","LV-010GR","LV","LV",2018,27,2018-07-03,"G","Pipiens","culex",46,"cmc_weekly"
"LV010GR|Tarsalis|2018|27","LV-010GR","LV","LV",2018,27,2018-07-03,"G","Tarsalis","culex",0,"cmc_weekly"
"LV010GR|Pipiens|2018|28","LV-010GR","LV","LV",2018,28,2018-07-12,"G","Pipiens","culex",31,"cmc_weekly"
"LV010GR|Tarsalis|2018|28","LV-010GR","LV","LV",2018,28,2018-07-12,"G","Tarsalis","culex",0,"cmc_weekly"
"LV010GR|Pipiens|2018|29","LV-010GR","LV","LV",2018,29,2018-07-19,"G","Pipiens","culex",43,"cmc_weekly"
"LV010GR|Tarsalis|2018|29","LV-010GR","LV","LV",2018,29,2018-07-19,"G","Tarsalis","culex",0,"cmc_weekly"
"LV010GR|Pipiens|2018|30","LV-010GR","LV","LV",2018,30,2018-07-26,"G","Pipiens","culex",27,"cmc_weekly"
"LV010GR|Tarsalis|2018|30","LV-010GR","LV","LV",2018,30,2018-07-26,"G","Tarsalis","culex",0,"cmc_weekly"
"LV010GR|Pipiens|2018|31","LV-010GR","LV","LV",2018,31,2018-08-02,"G","Pipiens","culex",0,"cmc_weekly"
"LV010GR|Tarsalis|2018|31","LV-010GR","LV","LV",2018,31,2018-08-02,"G","Tarsalis","culex",73,"cmc_weekly"
"LV010GR|Pipiens|2018|32","LV-010GR","LV","LV",2018,32,2018-08-09,"G","Pipiens","culex",30,"cmc_weekly"
"LV010GR|Tarsalis|2018|32","LV-010GR","LV","LV",2018,32,2018-08-09,"G","Tarsalis","culex",0,"cmc_weekly"
"LV010GR|Pipiens|2018|33","LV-010GR","LV","LV",2018,33,2018-08-16,"G","Pipiens","culex",47,"cmc_weekly"
"LV010GR|Tarsalis|2018|33","LV-010GR","LV","LV",2018,33,2018-08-16,"G","Tarsalis","culex",0,"cmc_weekly"
"LV010GR|Pipiens|2018|34","LV-010GR","LV","LV",2018,34,2018-08-23,"G","Pipiens","culex",101,"cmc_weekly"
"LV010GR|Tarsalis|2018|34","LV-010GR","LV","LV",2018,34,2018-08-23,"G","Tarsalis","culex",0,"cmc_weekly"
"LV010GR|Pipiens|2018|35","LV-010GR","LV","LV",2018,35,2018-08-30,"G","Pipiens","culex",13,"cmc_weekly"
"LV010GR|Tarsalis|2018|35","LV-010GR","LV","LV",2018,35,2018-08-30,"G","Tarsalis","culex",0,"cmc_weekly"
"LV010GR|Pipiens|2018|36","LV-010GR","LV","LV",2018,36,2018-09-05,"G","Pipiens","culex",38,"cmc_weekly"
"LV010GR|Tarsalis|2018|36","LV-010GR","LV","LV",2018,36,2018-09-05,"G","Tarsalis","culex",0,"cmc_weekly"
"LV014|Pipiens|2016|24","LV-014","LV","LV",2016,24,2016-06-16,"L","Pipiens","culex",0,"cmc_weekly"
"LV014|Tarsalis|2016|24","LV-014","LV","LV",2016,24,2016-06-16,"L","Tarsalis","culex",2,"cmc_weekly"
"LV014|Pipiens|2016|25","LV-014","LV","LV",2016,25,2016-06-23,"L","Pipiens","culex",0,"cmc_weekly"
"LV014|Tarsalis|2016|25","LV-014","LV","LV",2016,25,2016-06-23,"L","Tarsalis","culex",2,"cmc_weekly"
"LV014|Pipiens|2016|27","LV-014","LV","LV",2016,27,2016-07-07,"L","Pipiens","culex",1,"cmc_weekly"
"LV014|Tarsalis|2016|27","LV-014","LV","LV",2016,27,2016-07-07,"L","Tarsalis","culex",9,"cmc_weekly"
"LV014|Pipiens|2016|28","LV-014","LV","LV",2016,28,2016-07-14,"L","Pipiens","culex",2,"cmc_weekly"
"LV014|Tarsalis|2016|28","LV-014","LV","LV",2016,28,2016-07-14,"L","Tarsalis","culex",8,"cmc_weekly"
"LV014|Pipiens|2016|29","LV-014","LV","LV",2016,29,2016-07-21,"L","Pipiens","culex",0,"cmc_weekly"
"LV014|Tarsalis|2016|29","LV-014","LV","LV",2016,29,2016-07-21,"L","Tarsalis","culex",3,"cmc_weekly"
"LV014|Pipiens|2016|30","LV-014","LV","LV",2016,30,2016-07-28,"L","Pipiens","culex",1,"cmc_weekly"
"LV014|Tarsalis|2016|30","LV-014","LV","LV",2016,30,2016-07-28,"L","Tarsalis","culex",3,"cmc_weekly"
"LV014|Pipiens|2016|31","LV-014","LV","LV",2016,31,2016-08-04,"L","Pipiens","culex",0,"cmc_weekly"
"LV014|Tarsalis|2016|31","LV-014","LV","LV",2016,31,2016-08-04,"L","Tarsalis","culex",5,"cmc_weekly"
"LV014|Pipiens|2016|32","LV-014","LV","LV",2016,32,2016-08-11,"L","Pipiens","culex",0,"cmc_weekly"
"LV014|Tarsalis|2016|32","LV-014","LV","LV",2016,32,2016-08-11,"L","Tarsalis","culex",6,"cmc_weekly"
"LV014|Pipiens|2016|33","LV-014","LV","LV",2016,33,2016-08-18,"L","Pipiens","culex",0,"cmc_weekly"
"LV014|Tarsalis|2016|33","LV-014","LV","LV",2016,33,2016-08-18,"L","Tarsalis","culex",5,"cmc_weekly"
"LV014|Pipiens|2016|34","LV-014","LV","LV",2016,34,2016-08-24,"L","Pipiens","culex",0,"cmc_weekly"
"LV014|Tarsalis|2016|34","LV-014","LV","LV",2016,34,2016-08-24,"L","Tarsalis","culex",1,"cmc_weekly"
"LV014|Pipiens|2017|24","LV-014","LV","LV",2017,24,2017-06-15,"L","Pipiens","culex",2,"cmc_weekly"
"LV014|Tarsalis|2017|24","LV-014","LV","LV",2017,24,2017-06-15,"L","Tarsalis","culex",2,"cmc_weekly"
"LV014|Pipiens|2017|25","LV-014","LV","LV",2017,25,2017-06-22,"L","Pipiens","culex",3,"cmc_weekly"
"LV014|Tarsalis|2017|25","LV-014","LV","LV",2017,25,2017-06-22,"L","Tarsalis","culex",1,"cmc_weekly"
"LV014|Pipiens|2017|26","LV-014","LV","LV",2017,26,2017-06-29,"L","Pipiens","culex",3,"cmc_weekly"
"LV014|Tarsalis|2017|26","LV-014","LV","LV",2017,26,2017-06-29,"L","Tarsalis","culex",2,"cmc_weekly"
"LV014|Pipiens|2017|29","LV-014","LV","LV",2017,29,2017-07-20,"L","Pipiens","culex",1,"cmc_weekly"
"LV014|Tarsalis|2017|29","LV-014","LV","LV",2017,29,2017-07-20,"L","Tarsalis","culex",5,"cmc_weekly"
"LV014|Pipiens|2017|30","LV-014","LV","LV",2017,30,2017-07-27,"L","Pipiens","culex",0,"cmc_weekly"
"LV014|Tarsalis|2017|30","LV-014","LV","LV",2017,30,2017-07-27,"L","Tarsalis","culex",7,"cmc_weekly"
"LV014|Pipiens|2017|31","LV-014","LV","LV",2017,31,2017-08-03,"L","Pipiens","culex",0,"cmc_weekly"
"LV014|Tarsalis|2017|31","LV-014","LV","LV",2017,31,2017-08-03,"L","Tarsalis","culex",10,"cmc_weekly"
"LV014|Pipiens|2017|32","LV-014","LV","LV",2017,32,2017-08-10,"L","Pipiens","culex",1,"cmc_weekly"
"LV014|Tarsalis|2017|32","LV-014","LV","LV",2017,32,2017-08-10,"L","Tarsalis","culex",3,"cmc_weekly"
"LV014|Pipiens|2017|33","LV-014","LV","LV",2017,33,2017-08-17,"L","Pipiens","culex",0,"cmc_weekly"
"LV014|Tarsalis|2017|33","LV-014","LV","LV",2017,33,2017-08-17,"L","Tarsalis","culex",1,"cmc_weekly"
"LV014|Pipiens|2017|34","LV-014","LV","LV",2017,34,2017-08-24,"L","Pipiens","culex",0,"cmc_weekly"
"LV014|Tarsalis|2017|34","LV-014","LV","LV",2017,34,2017-08-24,"L","Tarsalis","culex",4,"cmc_weekly"
"LV014|Pipiens|2017|35","LV-014","LV","LV",2017,35,2017-08-31,"L","Pipiens","culex",0,"cmc_weekly"
"LV014|Tarsalis|2017|35","LV-014","LV","LV",2017,35,2017-08-31,"L","Tarsalis","culex",1,"cmc_weekly"
"LV014|Pipiens|2018|26","LV-014","LV","LV",2018,26,2018-06-28,"L","Pipiens","culex",0,"cmc_weekly"
"LV014|Tarsalis|2018|26","LV-014","LV","LV",2018,26,2018-06-28,"L","Tarsalis","culex",2,"cmc_weekly"
"LV014|Pipiens|2018|27","LV-014","LV","LV",2018,27,2018-07-04,"L","Pipiens","culex",0,"cmc_weekly"
"LV014|Tarsalis|2018|27","LV-014","LV","LV",2018,27,2018-07-04,"L","Tarsalis","culex",2,"cmc_weekly"
"LV014|Pipiens|2018|28","LV-014","LV","LV",2018,28,2018-07-12,"L","Pipiens","culex",0,"cmc_weekly"
"LV014|Tarsalis|2018|28","LV-014","LV","LV",2018,28,2018-07-12,"L","Tarsalis","culex",1,"cmc_weekly"
"LV014|Pipiens|2018|29","LV-014","LV","LV",2018,29,2018-07-19,"L","Pipiens","culex",4,"cmc_weekly"
"LV014|Tarsalis|2018|29","LV-014","LV","LV",2018,29,2018-07-19,"L","Tarsalis","culex",26,"cmc_weekly"
"LV014|Pipiens|2018|30","LV-014","LV","LV",2018,30,2018-07-26,"L","Pipiens","culex",0,"cmc_weekly"
"LV014|Tarsalis|2018|30","LV-014","LV","LV",2018,30,2018-07-26,"L","Tarsalis","culex",4,"cmc_weekly"
"LV014|Pipiens|2018|31","LV-014","LV","LV",2018,31,2018-08-02,"L","Pipiens","culex",1,"cmc_weekly"
"LV014|Tarsalis|2018|31","LV-014","LV","LV",2018,31,2018-08-02,"L","Tarsalis","culex",4,"cmc_weekly"
"LV014|Pipiens|2018|32","LV-014","LV","LV",2018,32,2018-08-09,"L","Pipiens","culex",2,"cmc_weekly"
"LV014|Tarsalis|2018|32","LV-014","LV","LV",2018,32,2018-08-09,"L","Tarsalis","culex",0,"cmc_weekly"
"LV014|Pipiens|2018|33","LV-014","LV","LV",2018,33,2018-08-16,"L","Pipiens","culex",0,"cmc_weekly"
"LV014|Tarsalis|2018|33","LV-014","LV","LV",2018,33,2018-08-16,"L","Tarsalis","culex",8,"cmc_weekly"
"LV014|Pipiens|2018|34","LV-014","LV","LV",2018,34,2018-08-23,"L","Pipiens","culex",0,"cmc_weekly"
"LV014|Tarsalis|2018|34","LV-014","LV","LV",2018,34,2018-08-23,"L","Tarsalis","culex",2,"cmc_weekly"
"LV014|Pipiens|2018|35","LV-014","LV","LV",2018,35,2018-08-30,"L","Pipiens","culex",2,"cmc_weekly"
"LV014|Tarsalis|2018|35","LV-014","LV","LV",2018,35,2018-08-30,"L","Tarsalis","culex",4,"cmc_weekly"
"LV019|Pipiens|2016|24","LV-019","LV","LV",2016,24,2016-06-15,"L","Pipiens","culex",0,"cmc_weekly"
"LV019|Tarsalis|2016|24","LV-019","LV","LV",2016,24,2016-06-15,"L","Tarsalis","culex",1,"cmc_weekly"
"LV019|Pipiens|2016|25","LV-019","LV","LV",2016,25,2016-06-22,"L","Pipiens","culex",0,"cmc_weekly"
"LV019|Tarsalis|2016|25","LV-019","LV","LV",2016,25,2016-06-22,"L","Tarsalis","culex",5,"cmc_weekly"
"LV019|Pipiens|2016|26","LV-019","LV","LV",2016,26,2016-06-29,"L","Pipiens","culex",0,"cmc_weekly"
"LV019|Tarsalis|2016|26","LV-019","LV","LV",2016,26,2016-06-29,"L","Tarsalis","culex",16,"cmc_weekly"
"LV019|Pipiens|2016|28","LV-019","LV","LV",2016,28,2016-07-13,"L","Pipiens","culex",5,"cmc_weekly"
"LV019|Tarsalis|2016|28","LV-019","LV","LV",2016,28,2016-07-13,"L","Tarsalis","culex",26,"cmc_weekly"
"LV019|Pipiens|2016|29","LV-019","LV","LV",2016,29,2016-07-20,"L","Pipiens","culex",0,"cmc_weekly"
"LV019|Tarsalis|2016|29","LV-019","LV","LV",2016,29,2016-07-20,"L","Tarsalis","culex",18,"cmc_weekly"
"LV019|Pipiens|2016|30","LV-019","LV","LV",2016,30,2016-07-27,"L","Pipiens","culex",1,"cmc_weekly"
"LV019|Tarsalis|2016|30","LV-019","LV","LV",2016,30,2016-07-27,"L","Tarsalis","culex",10,"cmc_weekly"
"LV019|Pipiens|2016|31","LV-019","LV","LV",2016,31,2016-08-03,"L","Pipiens","culex",3,"cmc_weekly"
"LV019|Tarsalis|2016|31","LV-019","LV","LV",2016,31,2016-08-03,"L","Tarsalis","culex",33,"cmc_weekly"
"LV019|Pipiens|2016|32","LV-019","LV","LV",2016,32,2016-08-10,"L","Pipiens","culex",3,"cmc_weekly"
"LV019|Tarsalis|2016|32","LV-019","LV","LV",2016,32,2016-08-10,"L","Tarsalis","culex",18,"cmc_weekly"
"LV019|Pipiens|2016|33","LV-019","LV","LV",2016,33,2016-08-17,"L","Pipiens","culex",0,"cmc_weekly"
"LV019|Tarsalis|2016|33","LV-019","LV","LV",2016,33,2016-08-17,"L","Tarsalis","culex",8,"cmc_weekly"
"LV019|Pipiens|2016|34","LV-019","LV","LV",2016,34,2016-08-24,"L","Pipiens","culex",0,"cmc_weekly"
"LV019|Tarsalis|2016|34","LV-019","LV","LV",2016,34,2016-08-24,"L","Tarsalis","culex",9,"cmc_weekly"
"LV019|Pipiens|2017|25","LV-019","LV","LV",2017,25,2017-06-21,"L","Pipiens","culex",0,"cmc_weekly"
"LV019|Tarsalis|2017|25","LV-019","LV","LV",2017,25,2017-06-21,"L","Tarsalis","culex",9,"cmc_weekly"
"LV019|Pipiens|2017|26","LV-019","LV","LV",2017,26,2017-06-28,"L","Pipiens","culex",1,"cmc_weekly"
"LV019|Tarsalis|2017|26","LV-019","LV","LV",2017,26,2017-06-28,"L","Tarsalis","culex",10,"cmc_weekly"
"LV019|Pipiens|2017|27","LV-019","LV","LV",2017,27,2017-07-04,"L","Pipiens","culex",0,"cmc_weekly"
"LV019|Tarsalis|2017|27","LV-019","LV","LV",2017,27,2017-07-04,"L","Tarsalis","culex",13,"cmc_weekly"
"LV019|Pipiens|2017|28","LV-019","LV","LV",2017,28,2017-07-12,"L","Pipiens","culex",0,"cmc_weekly"
"LV019|Tarsalis|2017|28","LV-019","LV","LV",2017,28,2017-07-12,"L","Tarsalis","culex",1,"cmc_weekly"
"LV019|Pipiens|2017|29","LV-019","LV","LV",2017,29,2017-07-19,"L","Pipiens","culex",2,"cmc_weekly"
"LV019|Tarsalis|2017|29","LV-019","LV","LV",2017,29,2017-07-19,"L","Tarsalis","culex",41,"cmc_weekly"
"LV019|Pipiens|2017|30","LV-019","LV","LV",2017,30,2017-07-26,"L","Pipiens","culex",2,"cmc_weekly"
"LV019|Tarsalis|2017|30","LV-019","LV","LV",2017,30,2017-07-26,"L","Tarsalis","culex",20,"cmc_weekly"
"LV019|Pipiens|2017|31","LV-019","LV","LV",2017,31,2017-08-02,"L","Pipiens","culex",2,"cmc_weekly"
"LV019|Tarsalis|2017|31","LV-019","LV","LV",2017,31,2017-08-02,"L","Tarsalis","culex",101,"cmc_weekly"
"LV019|Pipiens|2017|32","LV-019","LV","LV",2017,32,2017-08-09,"L","Pipiens","culex",3,"cmc_weekly"
"LV019|Tarsalis|2017|32","LV-019","LV","LV",2017,32,2017-08-09,"L","Tarsalis","culex",12,"cmc_weekly"
"LV019|Pipiens|2017|33","LV-019","LV","LV",2017,33,2017-08-16,"L","Pipiens","culex",14,"cmc_weekly"
"LV019|Tarsalis|2017|33","LV-019","LV","LV",2017,33,2017-08-16,"L","Tarsalis","culex",9,"cmc_weekly"
"LV019|Pipiens|2017|34","LV-019","LV","LV",2017,34,2017-08-23,"L","Pipiens","culex",5,"cmc_weekly"
"LV019|Tarsalis|2017|34","LV-019","LV","LV",2017,34,2017-08-23,"L","Tarsalis","culex",3,"cmc_weekly"
"LV019|Pipiens|2017|35","LV-019","LV","LV",2017,35,2017-08-30,"L","Pipiens","culex",5,"cmc_weekly"
"LV019|Tarsalis|2017|35","LV-019","LV","LV",2017,35,2017-08-30,"L","Tarsalis","culex",10,"cmc_weekly"
"LV019|Pipiens|2018|24","LV-019","LV","LV",2018,24,2018-06-13,"L","Pipiens","culex",7,"cmc_weekly"
"LV019|Tarsalis|2018|24","LV-019","LV","LV",2018,24,2018-06-13,"L","Tarsalis","culex",25,"cmc_weekly"
"LV019|Pipiens|2018|25","LV-019","LV","LV",2018,25,2018-06-20,"L","Pipiens","culex",4,"cmc_weekly"
"LV019|Tarsalis|2018|25","LV-019","LV","LV",2018,25,2018-06-20,"L","Tarsalis","culex",2,"cmc_weekly"
"LV019|Pipiens|2018|26","LV-019","LV","LV",2018,26,2018-06-27,"L","Pipiens","culex",4,"cmc_weekly"
"LV019|Tarsalis|2018|26","LV-019","LV","LV",2018,26,2018-06-27,"L","Tarsalis","culex",8,"cmc_weekly"
"LV019|Pipiens|2018|27","LV-019","LV","LV",2018,27,2018-07-03,"L","Pipiens","culex",0,"cmc_weekly"
"LV019|Tarsalis|2018|27","LV-019","LV","LV",2018,27,2018-07-03,"L","Tarsalis","culex",8,"cmc_weekly"
"LV019|Pipiens|2018|28","LV-019","LV","LV",2018,28,2018-07-11,"L","Pipiens","culex",17,"cmc_weekly"
"LV019|Tarsalis|2018|28","LV-019","LV","LV",2018,28,2018-07-11,"L","Tarsalis","culex",31,"cmc_weekly"
"LV019|Pipiens|2018|29","LV-019","LV","LV",2018,29,2018-07-18,"L","Pipiens","culex",10,"cmc_weekly"
"LV019|Tarsalis|2018|29","LV-019","LV","LV",2018,29,2018-07-18,"L","Tarsalis","culex",100,"cmc_weekly"
"LV019|Pipiens|2018|30","LV-019","LV","LV",2018,30,2018-07-25,"L","Pipiens","culex",3,"cmc_weekly"
"LV019|Tarsalis|2018|30","LV-019","LV","LV",2018,30,2018-07-25,"L","Tarsalis","culex",16,"cmc_weekly"
"LV019|Pipiens|2018|31","LV-019","LV","LV",2018,31,2018-08-01,"L","Pipiens","culex",45,"cmc_weekly"
"LV019|Tarsalis|2018|31","LV-019","LV","LV",2018,31,2018-08-01,"L","Tarsalis","culex",61,"cmc_weekly"
"LV019|Pipiens|2018|32","LV-019","LV","LV",2018,32,2018-08-08,"L","Pipiens","culex",5,"cmc_weekly"
"LV019|Tarsalis|2018|32","LV-019","LV","LV",2018,32,2018-08-08,"L","Tarsalis","culex",16,"cmc_weekly"
"LV019|Pipiens|2018|33","LV-019","LV","LV",2018,33,2018-08-15,"L","Pipiens","culex",16,"cmc_weekly"
"LV019|Tarsalis|2018|33","LV-019","LV","LV",2018,33,2018-08-15,"L","Tarsalis","culex",30,"cmc_weekly"
"LV019|Pipiens|2018|34","LV-019","LV","LV",2018,34,2018-08-22,"L","Pipiens","culex",2,"cmc_weekly"
"LV019|Tarsalis|2018|34","LV-019","LV","LV",2018,34,2018-08-22,"L","Tarsalis","culex",0,"cmc_weekly"
"LV019|Pipiens|2018|35","LV-019","LV","LV",2018,35,2018-08-28,"L","Pipiens","culex",6,"cmc_weekly"
"LV019|Tarsalis|2018|35","LV-019","LV","LV",2018,35,2018-08-28,"L","Tarsalis","culex",9,"cmc_weekly"
"LV021|Pipiens|2016|24","LV-021","LV","LV",2016,24,2016-06-15,"L","Pipiens","culex",1,"cmc_weekly"
"LV021|Tarsalis|2016|24","LV-021","LV","LV",2016,24,2016-06-15,"L","Tarsalis","culex",4,"cmc_weekly"
"LV021|Pipiens|2016|25","LV-021","LV","LV",2016,25,2016-06-22,"L","Pipiens","culex",0,"cmc_weekly"
"LV021|Tarsalis|2016|25","LV-021","LV","LV",2016,25,2016-06-22,"L","Tarsalis","culex",6,"cmc_weekly"
"LV021|Pipiens|2016|26","LV-021","LV","LV",2016,26,2016-06-29,"L","Pipiens","culex",5,"cmc_weekly"
"LV021|Tarsalis|2016|26","LV-021","LV","LV",2016,26,2016-06-29,"L","Tarsalis","culex",4,"cmc_weekly"
"LV021|Pipiens|2016|28","LV-021","LV","LV",2016,28,2016-07-13,"L","Pipiens","culex",0,"cmc_weekly"
"LV021|Tarsalis|2016|28","LV-021","LV","LV",2016,28,2016-07-13,"L","Tarsalis","culex",10,"cmc_weekly"
"LV021|Pipiens|2016|29","LV-021","LV","LV",2016,29,2016-07-20,"L","Pipiens","culex",0,"cmc_weekly"
"LV021|Tarsalis|2016|29","LV-021","LV","LV",2016,29,2016-07-20,"L","Tarsalis","culex",7,"cmc_weekly"
"LV021|Pipiens|2016|30","LV-021","LV","LV",2016,30,2016-07-27,"L","Pipiens","culex",0,"cmc_weekly"
"LV021|Tarsalis|2016|30","LV-021","LV","LV",2016,30,2016-07-27,"L","Tarsalis","culex",13,"cmc_weekly"
"LV021|Pipiens|2016|31","LV-021","LV","LV",2016,31,2016-08-03,"L","Pipiens","culex",1,"cmc_weekly"
"LV021|Tarsalis|2016|31","LV-021","LV","LV",2016,31,2016-08-03,"L","Tarsalis","culex",12,"cmc_weekly"
"LV021|Pipiens|2016|32","LV-021","LV","LV",2016,32,2016-08-10,"L","Pipiens","culex",4,"cmc_weekly"
"LV021|Tarsalis|2016|32","LV-021","LV","LV",2016,32,2016-08-10,"L","Tarsalis","culex",43,"cmc_weekly"
"LV021|Pipiens|2016|33","LV-021","LV","LV",2016,33,2016-08-17,"L","Pipiens","culex",1,"cmc_weekly"
"LV021|Tarsalis|2016|33","LV-021","LV","LV",2016,33,2016-08-17,"L","Tarsalis","culex",9,"cmc_weekly"
"LV021|Pipiens|2016|34","LV-021","LV","LV",2016,34,2016-08-24,"L","Pipiens","culex",0,"cmc_weekly"
"LV021|Tarsalis|2016|34","LV-021","LV","LV",2016,34,2016-08-24,"L","Tarsalis","culex",2,"cmc_weekly"
"LV021|Pipiens|2017|24","LV-021","LV","LV",2017,24,2017-06-14,"L","Pipiens","culex",0,"cmc_weekly"
"LV021|Tarsalis|2017|24","LV-021","LV","LV",2017,24,2017-06-14,"L","Tarsalis","culex",2,"cmc_weekly"
"LV021|Pipiens|2017|25","LV-021","LV","LV",2017,25,2017-06-21,"L","Pipiens","culex",0,"cmc_weekly"
"LV021|Tarsalis|2017|25","LV-021","LV","LV",2017,25,2017-06-21,"L","Tarsalis","culex",8,"cmc_weekly"
"LV021|Pipiens|2017|26","LV-021","LV","LV",2017,26,2017-06-28,"L","Pipiens","culex",0,"cmc_weekly"
"LV021|Tarsalis|2017|26","LV-021","LV","LV",2017,26,2017-06-28,"L","Tarsalis","culex",12,"cmc_weekly"
"LV021|Pipiens|2017|27","LV-021","LV","LV",2017,27,2017-07-04,"L","Pipiens","culex",0,"cmc_weekly"
"LV021|Tarsalis|2017|27","LV-021","LV","LV",2017,27,2017-07-04,"L","Tarsalis","culex",3,"cmc_weekly"
"LV021|Pipiens|2017|28","LV-021","LV","LV",2017,28,2017-07-12,"L","Pipiens","culex",0,"cmc_weekly"
"LV021|Tarsalis|2017|28","LV-021","LV","LV",2017,28,2017-07-12,"L","Tarsalis","culex",8,"cmc_weekly"
"LV021|Pipiens|2017|29","LV-021","LV","LV",2017,29,2017-07-19,"L","Pipiens","culex",0,"cmc_weekly"
"LV021|Tarsalis|2017|29","LV-021","LV","LV",2017,29,2017-07-19,"L","Tarsalis","culex",2,"cmc_weekly"
"LV021|Pipiens|2017|30","LV-021","LV","LV",2017,30,2017-07-26,"L","Pipiens","culex",1,"cmc_weekly"
"LV021|Tarsalis|2017|30","LV-021","LV","LV",2017,30,2017-07-26,"L","Tarsalis","culex",8,"cmc_weekly"
"LV021|Pipiens|2017|31","LV-021","LV","LV",2017,31,2017-08-02,"L","Pipiens","culex",0,"cmc_weekly"
"LV021|Tarsalis|2017|31","LV-021","LV","LV",2017,31,2017-08-02,"L","Tarsalis","culex",13,"cmc_weekly"
"LV021|Pipiens|2017|32","LV-021","LV","LV",2017,32,2017-08-09,"L","Pipiens","culex",0,"cmc_weekly"
"LV021|Tarsalis|2017|32","LV-021","LV","LV",2017,32,2017-08-09,"L","Tarsalis","culex",7,"cmc_weekly"
"LV021|Pipiens|2017|33","LV-021","LV","LV",2017,33,2017-08-16,"L","Pipiens","culex",1,"cmc_weekly"
"LV021|Tarsalis|2017|33","LV-021","LV","LV",2017,33,2017-08-16,"L","Tarsalis","culex",7,"cmc_weekly"
"LV021|Pipiens|2017|34","LV-021","LV","LV",2017,34,2017-08-23,"L","Pipiens","culex",16,"cmc_weekly"
"LV021|Tarsalis|2017|34","LV-021","LV","LV",2017,34,2017-08-23,"L","Tarsalis","culex",36,"cmc_weekly"
"LV021|Pipiens|2017|35","LV-021","LV","LV",2017,35,2017-08-30,"L","Pipiens","culex",2,"cmc_weekly"
"LV021|Tarsalis|2017|35","LV-021","LV","LV",2017,35,2017-08-30,"L","Tarsalis","culex",6,"cmc_weekly"
"LV021|Pipiens|2018|24","LV-021","LV","LV",2018,24,2018-06-13,"L","Pipiens","culex",0,"cmc_weekly"
"LV021|Tarsalis|2018|24","LV-021","LV","LV",2018,24,2018-06-13,"L","Tarsalis","culex",8,"cmc_weekly"
"LV021|Pipiens|2018|25","LV-021","LV","LV",2018,25,2018-06-20,"L","Pipiens","culex",2,"cmc_weekly"
"LV021|Tarsalis|2018|25","LV-021","LV","LV",2018,25,2018-06-20,"L","Tarsalis","culex",9,"cmc_weekly"
"LV021|Pipiens|2018|26","LV-021","LV","LV",2018,26,2018-06-27,"L","Pipiens","culex",0,"cmc_weekly"
"LV021|Tarsalis|2018|26","LV-021","LV","LV",2018,26,2018-06-27,"L","Tarsalis","culex",43,"cmc_weekly"
"LV021|Pipiens|2018|27","LV-021","LV","LV",2018,27,2018-07-03,"L","Pipiens","culex",0,"cmc_weekly"
"LV021|Tarsalis|2018|27","LV-021","LV","LV",2018,27,2018-07-03,"L","Tarsalis","culex",31,"cmc_weekly"
"LV021|Pipiens|2018|28","LV-021","LV","LV",2018,28,2018-07-11,"L","Pipiens","culex",3,"cmc_weekly"
"LV021|Tarsalis|2018|28","LV-021","LV","LV",2018,28,2018-07-11,"L","Tarsalis","culex",60,"cmc_weekly"
"LV021|Pipiens|2018|29","LV-021","LV","LV",2018,29,2018-07-18,"L","Pipiens","culex",8,"cmc_weekly"
"LV021|Tarsalis|2018|29","LV-021","LV","LV",2018,29,2018-07-18,"L","Tarsalis","culex",31,"cmc_weekly"
"LV021|Pipiens|2018|30","LV-021","LV","LV",2018,30,2018-07-25,"L","Pipiens","culex",0,"cmc_weekly"
"LV021|Tarsalis|2018|30","LV-021","LV","LV",2018,30,2018-07-25,"L","Tarsalis","culex",21,"cmc_weekly"
"LV021|Pipiens|2018|31","LV-021","LV","LV",2018,31,2018-08-01,"L","Pipiens","culex",7,"cmc_weekly"
"LV021|Tarsalis|2018|31","LV-021","LV","LV",2018,31,2018-08-01,"L","Tarsalis","culex",11,"cmc_weekly"
"LV021|Pipiens|2018|32","LV-021","LV","LV",2018,32,2018-08-08,"L","Pipiens","culex",24,"cmc_weekly"
"LV021|Tarsalis|2018|32","LV-021","LV","LV",2018,32,2018-08-08,"L","Tarsalis","culex",7,"cmc_weekly"
"LV021|Pipiens|2018|33","LV-021","LV","LV",2018,33,2018-08-15,"L","Pipiens","culex",0,"cmc_weekly"
"LV021|Tarsalis|2018|33","LV-021","LV","LV",2018,33,2018-08-15,"L","Tarsalis","culex",14,"cmc_weekly"
"LV021|Pipiens|2018|34","LV-021","LV","LV",2018,34,2018-08-22,"L","Pipiens","culex",2,"cmc_weekly"
"LV021|Tarsalis|2018|34","LV-021","LV","LV",2018,34,2018-08-22,"L","Tarsalis","culex",3,"cmc_weekly"
"LV021|Pipiens|2018|35","LV-021","LV","LV",2018,35,2018-08-28,"L","Pipiens","culex",2,"cmc_weekly"
"LV021|Tarsalis|2018|35","LV-021","LV","LV",2018,35,2018-08-28,"L","Tarsalis","culex",2,"cmc_weekly"
"LV042|Pipiens|2016|24","LV-042","LV","LV",2016,24,2016-06-15,"L","Pipiens","culex",3,"cmc_weekly"
"LV042|Tarsalis|2016|24","LV-042","LV","LV",2016,24,2016-06-15,"L","Tarsalis","culex",10,"cmc_weekly"
"LV042|Pipiens|2016|25","LV-042","LV","LV",2016,25,2016-06-22,"L","Pipiens","culex",0,"cmc_weekly"
"LV042|Tarsalis|2016|25","LV-042","LV","LV",2016,25,2016-06-22,"L","Tarsalis","culex",40,"cmc_weekly"
"LV042|Pipiens|2016|26","LV-042","LV","LV",2016,26,2016-06-29,"L","Pipiens","culex",11,"cmc_weekly"
"LV042|Tarsalis|2016|26","LV-042","LV","LV",2016,26,2016-06-29,"L","Tarsalis","culex",37,"cmc_weekly"
"LV042|Pipiens|2016|27","LV-042","LV","LV",2016,27,2016-07-06,"L","Pipiens","culex",11,"cmc_weekly"
"LV042|Tarsalis|2016|27","LV-042","LV","LV",2016,27,2016-07-06,"L","Tarsalis","culex",35,"cmc_weekly"
"LV042|Pipiens|2016|28","LV-042","LV","LV",2016,28,2016-07-13,"L","Pipiens","culex",3,"cmc_weekly"
"LV042|Tarsalis|2016|28","LV-042","LV","LV",2016,28,2016-07-13,"L","Tarsalis","culex",37,"cmc_weekly"
"LV042|Pipiens|2016|29","LV-042","LV","LV",2016,29,2016-07-20,"L","Pipiens","culex",4,"cmc_weekly"
"LV042|Tarsalis|2016|29","LV-042","LV","LV",2016,29,2016-07-20,"L","Tarsalis","culex",33,"cmc_weekly"
"LV042|Pipiens|2016|30","LV-042","LV","LV",2016,30,2016-07-27,"L","Pipiens","culex",15,"cmc_weekly"
"LV042|Tarsalis|2016|30","LV-042","LV","LV",2016,30,2016-07-27,"L","Tarsalis","culex",26,"cmc_weekly"
"LV042|Pipiens|2016|31","LV-042","LV","LV",2016,31,2016-08-03,"L","Pipiens","culex",0,"cmc_weekly"
"LV042|Tarsalis|2016|31","LV-042","LV","LV",2016,31,2016-08-03,"L","Tarsalis","culex",49,"cmc_weekly"
"LV042|Pipiens|2016|32","LV-042","LV","LV",2016,32,2016-08-10,"L","Pipiens","culex",22,"cmc_weekly"
"LV042|Tarsalis|2016|32","LV-042","LV","LV",2016,32,2016-08-10,"L","Tarsalis","culex",66,"cmc_weekly"
"LV042|Pipiens|2016|33","LV-042","LV","LV",2016,33,2016-08-17,"L","Pipiens","culex",3,"cmc_weekly"
"LV042|Tarsalis|2016|33","LV-042","LV","LV",2016,33,2016-08-17,"L","Tarsalis","culex",11,"cmc_weekly"
"LV042|Pipiens|2016|34","LV-042","LV","LV",2016,34,2016-08-24,"L","Pipiens","culex",0,"cmc_weekly"
"LV042|Tarsalis|2016|34","LV-042","LV","LV",2016,34,2016-08-24,"L","Tarsalis","culex",10,"cmc_weekly"
"LV042|Pipiens|2017|25","LV-042","LV","LV",2017,25,2017-06-21,"L","Pipiens","culex",0,"cmc_weekly"
"LV042|Tarsalis|2017|25","LV-042","LV","LV",2017,25,2017-06-21,"L","Tarsalis","culex",6,"cmc_weekly"
"LV042|Pipiens|2017|26","LV-042","LV","LV",2017,26,2017-06-28,"L","Pipiens","culex",0,"cmc_weekly"
"LV042|Tarsalis|2017|26","LV-042","LV","LV",2017,26,2017-06-28,"L","Tarsalis","culex",15,"cmc_weekly"
"LV042|Pipiens|2017|27","LV-042","LV","LV",2017,27,2017-07-04,"L","Pipiens","culex",0,"cmc_weekly"
"LV042|Tarsalis|2017|27","LV-042","LV","LV",2017,27,2017-07-04,"L","Tarsalis","culex",12,"cmc_weekly"
"LV042|Pipiens|2017|28","LV-042","LV","LV",2017,28,2017-07-12,"L","Pipiens","culex",0,"cmc_weekly"
"LV042|Tarsalis|2017|28","LV-042","LV","LV",2017,28,2017-07-12,"L","Tarsalis","culex",25,"cmc_weekly"
"LV042|Pipiens|2017|29","LV-042","LV","LV",2017,29,2017-07-19,"L","Pipiens","culex",0,"cmc_weekly"
"LV042|Tarsalis|2017|29","LV-042","LV","LV",2017,29,2017-07-19,"L","Tarsalis","culex",19,"cmc_weekly"
"LV042|Pipiens|2017|30","LV-042","LV","LV",2017,30,2017-07-26,"L","Pipiens","culex",4,"cmc_weekly"
"LV042|Tarsalis|2017|30","LV-042","LV","LV",2017,30,2017-07-26,"L","Tarsalis","culex",17,"cmc_weekly"
"LV042|Pipiens|2017|31","LV-042","LV","LV",2017,31,2017-08-02,"L","Pipiens","culex",0,"cmc_weekly"
"LV042|Tarsalis|2017|31","LV-042","LV","LV",2017,31,2017-08-02,"L","Tarsalis","culex",8,"cmc_weekly"
"LV042|Pipiens|2017|32","LV-042","LV","LV",2017,32,2017-08-09,"L","Pipiens","culex",8,"cmc_weekly"
"LV042|Tarsalis|2017|32","LV-042","LV","LV",2017,32,2017-08-09,"L","Tarsalis","culex",6,"cmc_weekly"
"LV042|Pipiens|2017|33","LV-042","LV","LV",2017,33,2017-08-16,"L","Pipiens","culex",3,"cmc_weekly"
"LV042|Tarsalis|2017|33","LV-042","LV","LV",2017,33,2017-08-16,"L","Tarsalis","culex",12,"cmc_weekly"
"LV042|Pipiens|2017|34","LV-042","LV","LV",2017,34,2017-08-23,"L","Pipiens","culex",8,"cmc_weekly"
"LV042|Tarsalis|2017|34","LV-042","LV","LV",2017,34,2017-08-23,"L","Tarsalis","culex",9,"cmc_weekly"
"LV042|Pipiens|2017|35","LV-042","LV","LV",2017,35,2017-08-30,"L","Pipiens","culex",0,"cmc_weekly"
"LV042|Tarsalis|2017|35","LV-042","LV","LV",2017,35,2017-08-30,"L","Tarsalis","culex",1,"cmc_weekly"
"LV042|Pipiens|2018|24","LV-042","LV","LV",2018,24,2018-06-13,"L","Pipiens","culex",0,"cmc_weekly"
"LV042|Tarsalis|2018|24","LV-042","LV","LV",2018,24,2018-06-13,"L","Tarsalis","culex",21,"cmc_weekly"
"LV042|Pipiens|2018|25","LV-042","LV","LV",2018,25,2018-06-20,"L","Pipiens","culex",2,"cmc_weekly"
"LV042|Tarsalis|2018|25","LV-042","LV","LV",2018,25,2018-06-20,"L","Tarsalis","culex",0,"cmc_weekly"
"LV042|Pipiens|2018|26","LV-042","LV","LV",2018,26,2018-06-27,"L","Pipiens","culex",8,"cmc_weekly"
"LV042|Tarsalis|2018|26","LV-042","LV","LV",2018,26,2018-06-27,"L","Tarsalis","culex",83,"cmc_weekly"
"LV042|Pipiens|2018|27","LV-042","LV","LV",2018,27,2018-07-03,"L","Pipiens","culex",0,"cmc_weekly"
"LV042|Tarsalis|2018|27","LV-042","LV","LV",2018,27,2018-07-03,"L","Tarsalis","culex",33,"cmc_weekly"
"LV042|Pipiens|2018|28","LV-042","LV","LV",2018,28,2018-07-11,"L","Pipiens","culex",1,"cmc_weekly"
"LV042|Tarsalis|2018|28","LV-042","LV","LV",2018,28,2018-07-11,"L","Tarsalis","culex",42,"cmc_weekly"
"LV042|Pipiens|2018|29","LV-042","LV","LV",2018,29,2018-07-18,"L","Pipiens","culex",9,"cmc_weekly"
"LV042|Tarsalis|2018|29","LV-042","LV","LV",2018,29,2018-07-18,"L","Tarsalis","culex",52,"cmc_weekly"
"LV042|Pipiens|2018|30","LV-042","LV","LV",2018,30,2018-07-25,"L","Pipiens","culex",10,"cmc_weekly"
"LV042|Tarsalis|2018|30","LV-042","LV","LV",2018,30,2018-07-25,"L","Tarsalis","culex",48,"cmc_weekly"
"LV042|Pipiens|2018|31","LV-042","LV","LV",2018,31,2018-08-01,"L","Pipiens","culex",50,"cmc_weekly"
"LV042|Tarsalis|2018|31","LV-042","LV","LV",2018,31,2018-08-01,"L","Tarsalis","culex",23,"cmc_weekly"
"LV042|Pipiens|2018|32","LV-042","LV","LV",2018,32,2018-08-08,"L","Pipiens","culex",19,"cmc_weekly"
"LV042|Tarsalis|2018|32","LV-042","LV","LV",2018,32,2018-08-08,"L","Tarsalis","culex",34,"cmc_weekly"
"LV042|Pipiens|2018|33","LV-042","LV","LV",2018,33,2018-08-15,"L","Pipiens","culex",0,"cmc_weekly"
"LV042|Tarsalis|2018|33","LV-042","LV","LV",2018,33,2018-08-15,"L","Tarsalis","culex",23,"cmc_weekly"
"LV042|Pipiens|2018|34","LV-042","LV","LV",2018,34,2018-08-22,"L","Pipiens","culex",9,"cmc_weekly"
"LV042|Tarsalis|2018|34","LV-042","LV","LV",2018,34,2018-08-22,"L","Tarsalis","culex",0,"cmc_weekly"
"LV042|Pipiens|2018|35","LV-042","LV","LV",2018,35,2018-08-28,"L","Pipiens","culex",3,"cmc_weekly"
"LV042|Tarsalis|2018|35","LV-042","LV","LV",2018,35,2018-08-28,"L","Tarsalis","culex",2,"cmc_weekly"
"LV066|Pipiens|2016|24","LV-066","LV","LV",2016,24,2016-06-13,"L","Pipiens","culex",0,"cmc_weekly"
"LV066|Tarsalis|2016|24","LV-066","LV","LV",2016,24,2016-06-13,"L","Tarsalis","culex",1,"cmc_weekly"
"LV066|Pipiens|2016|25","LV-066","LV","LV",2016,25,2016-06-20,"L","Pipiens","culex",0,"cmc_weekly"
"LV066|Tarsalis|2016|25","LV-066","LV","LV",2016,25,2016-06-20,"L","Tarsalis","culex",9,"cmc_weekly"
"LV066|Pipiens|2016|26","LV-066","LV","LV",2016,26,2016-06-27,"L","Pipiens","culex",0,"cmc_weekly"
"LV066|Tarsalis|2016|26","LV-066","LV","LV",2016,26,2016-06-27,"L","Tarsalis","culex",15,"cmc_weekly"
"LV066|Pipiens|2016|27","LV-066","LV","LV",2016,27,2016-07-06,"L","Pipiens","culex",0,"cmc_weekly"
"LV066|Tarsalis|2016|27","LV-066","LV","LV",2016,27,2016-07-06,"L","Tarsalis","culex",15,"cmc_weekly"
"LV066|Pipiens|2016|28","LV-066","LV","LV",2016,28,2016-07-11,"L","Pipiens","culex",2,"cmc_weekly"
"LV066|Tarsalis|2016|28","LV-066","LV","LV",2016,28,2016-07-11,"L","Tarsalis","culex",56,"cmc_weekly"
"LV066|Pipiens|2016|29","LV-066","LV","LV",2016,29,2016-07-18,"L","Pipiens","culex",0,"cmc_weekly"
"LV066|Tarsalis|2016|29","LV-066","LV","LV",2016,29,2016-07-18,"L","Tarsalis","culex",24,"cmc_weekly"
"LV066|Pipiens|2016|30","LV-066","LV","LV",2016,30,2016-07-25,"L","Pipiens","culex",0,"cmc_weekly"
"LV066|Tarsalis|2016|30","LV-066","LV","LV",2016,30,2016-07-25,"L","Tarsalis","culex",8,"cmc_weekly"
"LV066|Pipiens|2016|31","LV-066","LV","LV",2016,31,2016-08-01,"L","Pipiens","culex",3,"cmc_weekly"
"LV066|Tarsalis|2016|31","LV-066","LV","LV",2016,31,2016-08-01,"L","Tarsalis","culex",57,"cmc_weekly"
"LV066|Pipiens|2016|32","LV-066","LV","LV",2016,32,2016-08-08,"L","Pipiens","culex",0,"cmc_weekly"
"LV066|Tarsalis|2016|32","LV-066","LV","LV",2016,32,2016-08-08,"L","Tarsalis","culex",30,"cmc_weekly"
"LV066|Pipiens|2016|33","LV-066","LV","LV",2016,33,2016-08-15,"L","Pipiens","culex",8,"cmc_weekly"
"LV066|Tarsalis|2016|33","LV-066","LV","LV",2016,33,2016-08-15,"L","Tarsalis","culex",13,"cmc_weekly"
"LV066|Pipiens|2016|34","LV-066","LV","LV",2016,34,2016-08-22,"L","Pipiens","culex",0,"cmc_weekly"
"LV066|Tarsalis|2016|34","LV-066","LV","LV",2016,34,2016-08-22,"L","Tarsalis","culex",22,"cmc_weekly"
"LV066|Pipiens|2017|25","LV-066","LV","LV",2017,25,2017-06-19,"L","Pipiens","culex",0,"cmc_weekly"
"LV066|Tarsalis|2017|25","LV-066","LV","LV",2017,25,2017-06-19,"L","Tarsalis","culex",5,"cmc_weekly"
"LV066|Pipiens|2017|26","LV-066","LV","LV",2017,26,2017-06-26,"L","Pipiens","culex",0,"cmc_weekly"
"LV066|Tarsalis|2017|26","LV-066","LV","LV",2017,26,2017-06-26,"L","Tarsalis","culex",4,"cmc_weekly"
"LV066|Pipiens|2017|27","LV-066","LV","LV",2017,27,2017-07-03,"L","Pipiens","culex",0,"cmc_weekly"
"LV066|Tarsalis|2017|27","LV-066","LV","LV",2017,27,2017-07-03,"L","Tarsalis","culex",12,"cmc_weekly"
"LV066|Pipiens|2017|28","LV-066","LV","LV",2017,28,2017-07-10,"L","Pipiens","culex",0,"cmc_weekly"
"LV066|Tarsalis|2017|28","LV-066","LV","LV",2017,28,2017-07-10,"L","Tarsalis","culex",72,"cmc_weekly"
"LV066|Pipiens|2017|29","LV-066","LV","LV",2017,29,2017-07-17,"L","Pipiens","culex",0,"cmc_weekly"
"LV066|Tarsalis|2017|29","LV-066","LV","LV",2017,29,2017-07-17,"L","Tarsalis","culex",106,"cmc_weekly"
"LV066|Pipiens|2017|30","LV-066","LV","LV",2017,30,2017-07-24,"L","Pipiens","culex",0,"cmc_weekly"
"LV066|Tarsalis|2017|30","LV-066","LV","LV",2017,30,2017-07-24,"L","Tarsalis","culex",332,"cmc_weekly"
"LV066|Pipiens|2017|31","LV-066","LV","LV",2017,31,2017-07-31,"L","Pipiens","culex",0,"cmc_weekly"
"LV066|Tarsalis|2017|31","LV-066","LV","LV",2017,31,2017-07-31,"L","Tarsalis","culex",9,"cmc_weekly"
"LV066|Pipiens|2017|32","LV-066","LV","LV",2017,32,2017-08-07,"L","Pipiens","culex",0,"cmc_weekly"
"LV066|Tarsalis|2017|32","LV-066","LV","LV",2017,32,2017-08-07,"L","Tarsalis","culex",36,"cmc_weekly"
"LV066|Pipiens|2017|33","LV-066","LV","LV",2017,33,2017-08-14,"L","Pipiens","culex",0,"cmc_weekly"
"LV066|Tarsalis|2017|33","LV-066","LV","LV",2017,33,2017-08-14,"L","Tarsalis","culex",5,"cmc_weekly"
"LV066|Pipiens|2017|34","LV-066","LV","LV",2017,34,2017-08-21,"L","Pipiens","culex",0,"cmc_weekly"
"LV066|Tarsalis|2017|34","LV-066","LV","LV",2017,34,2017-08-21,"L","Tarsalis","culex",28,"cmc_weekly"
"LV066|Pipiens|2017|35","LV-066","LV","LV",2017,35,2017-08-28,"L","Pipiens","culex",0,"cmc_weekly"
"LV066|Tarsalis|2017|35","LV-066","LV","LV",2017,35,2017-08-28,"L","Tarsalis","culex",14,"cmc_weekly"
"LV066|Pipiens|2017|36","LV-066","LV","LV",2017,36,2017-09-05,"L","Pipiens","culex",0,"cmc_weekly"
"LV066|Tarsalis|2017|36","LV-066","LV","LV",2017,36,2017-09-05,"L","Tarsalis","culex",1,"cmc_weekly"
"LV066|Pipiens|2018|24","LV-066","LV","LV",2018,24,2018-06-11,"L","Pipiens","culex",0,"cmc_weekly"
"LV066|Tarsalis|2018|24","LV-066","LV","LV",2018,24,2018-06-11,"L","Tarsalis","culex",4,"cmc_weekly"
"LV066|Pipiens|2018|25","LV-066","LV","LV",2018,25,2018-06-18,"L","Pipiens","culex",0,"cmc_weekly"
"LV066|Tarsalis|2018|25","LV-066","LV","LV",2018,25,2018-06-18,"L","Tarsalis","culex",1,"cmc_weekly"
"LV066|Pipiens|2018|26","LV-066","LV","LV",2018,26,2018-06-25,"L","Pipiens","culex",0,"cmc_weekly"
"LV066|Tarsalis|2018|26","LV-066","LV","LV",2018,26,2018-06-25,"L","Tarsalis","culex",9,"cmc_weekly"
"LV066|Pipiens|2018|27","LV-066","LV","LV",2018,27,2018-07-02,"L","Pipiens","culex",8,"cmc_weekly"
"LV066|Tarsalis|2018|27","LV-066","LV","LV",2018,27,2018-07-02,"L","Tarsalis","culex",232,"cmc_weekly"
"LV066|Pipiens|2018|28","LV-066","LV","LV",2018,28,2018-07-09,"L","Pipiens","culex",0,"cmc_weekly"
"LV066|Tarsalis|2018|28","LV-066","LV","LV",2018,28,2018-07-09,"L","Tarsalis","culex",16,"cmc_weekly"
"LV066|Pipiens|2018|29","LV-066","LV","LV",2018,29,2018-07-16,"L","Pipiens","culex",0,"cmc_weekly"
"LV066|Tarsalis|2018|29","LV-066","LV","LV",2018,29,2018-07-16,"L","Tarsalis","culex",11,"cmc_weekly"
"LV066|Pipiens|2018|30","LV-066","LV","LV",2018,30,2018-07-23,"L","Pipiens","culex",0,"cmc_weekly"
"LV066|Tarsalis|2018|30","LV-066","LV","LV",2018,30,2018-07-23,"L","Tarsalis","culex",30,"cmc_weekly"
"LV066|Pipiens|2018|31","LV-066","LV","LV",2018,31,2018-07-30,"L","Pipiens","culex",1,"cmc_weekly"
"LV066|Tarsalis|2018|31","LV-066","LV","LV",2018,31,2018-07-30,"L","Tarsalis","culex",5,"cmc_weekly"
"LV066|Pipiens|2018|32","LV-066","LV","LV",2018,32,2018-08-06,"L","Pipiens","culex",0,"cmc_weekly"
"LV066|Tarsalis|2018|32","LV-066","LV","LV",2018,32,2018-08-06,"L","Tarsalis","culex",9,"cmc_weekly"
"LV066|Pipiens|2018|33","LV-066","LV","LV",2018,33,2018-08-13,"L","Pipiens","culex",0,"cmc_weekly"
"LV066|Tarsalis|2018|33","LV-066","LV","LV",2018,33,2018-08-13,"L","Tarsalis","culex",8,"cmc_weekly"
"LV066|Pipiens|2018|34","LV-066","LV","LV",2018,34,2018-08-20,"L","Pipiens","culex",1,"cmc_weekly"
"LV066|Tarsalis|2018|34","LV-066","LV","LV",2018,34,2018-08-20,"L","Tarsalis","culex",6,"cmc_weekly"
"LV066|Pipiens|2018|35","LV-066","LV","LV",2018,35,2018-08-27,"L","Pipiens","culex",1,"cmc_weekly"
"LV066|Tarsalis|2018|35","LV-066","LV","LV",2018,35,2018-08-27,"L","Tarsalis","culex",2,"cmc_weekly"
"LV066|Pipiens|2018|36","LV-066","LV","LV",2018,36,2018-09-05,"L","Pipiens","culex",2,"cmc_weekly"
"LV066|Tarsalis|2018|36","LV-066","LV","LV",2018,36,2018-09-05,"L","Tarsalis","culex",1,"cmc_weekly"
"LV067|Pipiens|2016|24","LV-067","LV","LV",2016,24,2016-06-15,"L","Pipiens","culex",1,"cmc_weekly"
"LV067|Tarsalis|2016|24","LV-067","LV","LV",2016,24,2016-06-15,"L","Tarsalis","culex",3,"cmc_weekly"
"LV067|Pipiens|2016|25","LV-067","LV","LV",2016,25,2016-06-22,"L","Pipiens","culex",2,"cmc_weekly"
"LV067|Tarsalis|2016|25","LV-067","LV","LV",2016,25,2016-06-22,"L","Tarsalis","culex",73,"cmc_weekly"
"LV067|Pipiens|2016|26","LV-067","LV","LV",2016,26,2016-06-29,"L","Pipiens","culex",6,"cmc_weekly"
"LV067|Tarsalis|2016|26","LV-067","LV","LV",2016,26,2016-06-29,"L","Tarsalis","culex",42,"cmc_weekly"
"LV067|Pipiens|2016|28","LV-067","LV","LV",2016,28,2016-07-13,"L","Pipiens","culex",1,"cmc_weekly"
"LV067|Tarsalis|2016|28","LV-067","LV","LV",2016,28,2016-07-13,"L","Tarsalis","culex",21,"cmc_weekly"
"LV067|Pipiens|2016|29","LV-067","LV","LV",2016,29,2016-07-20,"L","Pipiens","culex",2,"cmc_weekly"
"LV067|Tarsalis|2016|29","LV-067","LV","LV",2016,29,2016-07-20,"L","Tarsalis","culex",29,"cmc_weekly"
"LV067|Pipiens|2016|30","LV-067","LV","LV",2016,30,2016-07-27,"L","Pipiens","culex",3,"cmc_weekly"
"LV067|Tarsalis|2016|30","LV-067","LV","LV",2016,30,2016-07-27,"L","Tarsalis","culex",8,"cmc_weekly"
"LV067|Pipiens|2016|31","LV-067","LV","LV",2016,31,2016-08-03,"L","Pipiens","culex",0,"cmc_weekly"
"LV067|Tarsalis|2016|31","LV-067","LV","LV",2016,31,2016-08-03,"L","Tarsalis","culex",5,"cmc_weekly"
"LV067|Pipiens|2016|32","LV-067","LV","LV",2016,32,2016-08-10,"L","Pipiens","culex",2,"cmc_weekly"
"LV067|Tarsalis|2016|32","LV-067","LV","LV",2016,32,2016-08-10,"L","Tarsalis","culex",23,"cmc_weekly"
"LV067|Pipiens|2016|33","LV-067","LV","LV",2016,33,2016-08-17,"L","Pipiens","culex",2,"cmc_weekly"
"LV067|Tarsalis|2016|33","LV-067","LV","LV",2016,33,2016-08-17,"L","Tarsalis","culex",12,"cmc_weekly"
"LV067|Pipiens|2016|34","LV-067","LV","LV",2016,34,2016-08-24,"L","Pipiens","culex",1,"cmc_weekly"
"LV067|Tarsalis|2016|34","LV-067","LV","LV",2016,34,2016-08-24,"L","Tarsalis","culex",9,"cmc_weekly"
"LV067|Pipiens|2017|25","LV-067","LV","LV",2017,25,2017-06-21,"L","Pipiens","culex",0,"cmc_weekly"
"LV067|Tarsalis|2017|25","LV-067","LV","LV",2017,25,2017-06-21,"L","Tarsalis","culex",1,"cmc_weekly"
"LV067|Pipiens|2017|26","LV-067","LV","LV",2017,26,2017-06-28,"L","Pipiens","culex",0,"cmc_weekly"
"LV067|Tarsalis|2017|26","LV-067","LV","LV",2017,26,2017-06-28,"L","Tarsalis","culex",2,"cmc_weekly"
"LV067|Pipiens|2017|27","LV-067","LV","LV",2017,27,2017-07-04,"L","Pipiens","culex",0,"cmc_weekly"
"LV067|Tarsalis|2017|27","LV-067","LV","LV",2017,27,2017-07-04,"L","Tarsalis","culex",8,"cmc_weekly"
"LV067|Pipiens|2017|28","LV-067","LV","LV",2017,28,2017-07-12,"L","Pipiens","culex",0,"cmc_weekly"
"LV067|Tarsalis|2017|28","LV-067","LV","LV",2017,28,2017-07-12,"L","Tarsalis","culex",5,"cmc_weekly"
"LV067|Pipiens|2017|29","LV-067","LV","LV",2017,29,2017-07-19,"L","Pipiens","culex",5,"cmc_weekly"
"LV067|Tarsalis|2017|29","LV-067","LV","LV",2017,29,2017-07-19,"L","Tarsalis","culex",253,"cmc_weekly"
"LV067|Pipiens|2017|30","LV-067","LV","LV",2017,30,2017-07-26,"L","Pipiens","culex",0,"cmc_weekly"
"LV067|Tarsalis|2017|30","LV-067","LV","LV",2017,30,2017-07-26,"L","Tarsalis","culex",42,"cmc_weekly"
"LV067|Pipiens|2017|31","LV-067","LV","LV",2017,31,2017-08-02,"L","Pipiens","culex",1,"cmc_weekly"
"LV067|Tarsalis|2017|31","LV-067","LV","LV",2017,31,2017-08-02,"L","Tarsalis","culex",48,"cmc_weekly"
"LV067|Pipiens|2017|32","LV-067","LV","LV",2017,32,2017-08-09,"L","Pipiens","culex",10,"cmc_weekly"
"LV067|Tarsalis|2017|32","LV-067","LV","LV",2017,32,2017-08-09,"L","Tarsalis","culex",19,"cmc_weekly"
"LV067|Pipiens|2017|33","LV-067","LV","LV",2017,33,2017-08-16,"L","Pipiens","culex",0,"cmc_weekly"
"LV067|Tarsalis|2017|33","LV-067","LV","LV",2017,33,2017-08-16,"L","Tarsalis","culex",11,"cmc_weekly"
"LV067|Pipiens|2017|34","LV-067","LV","LV",2017,34,2017-08-23,"L","Pipiens","culex",0,"cmc_weekly"
"LV067|Tarsalis|2017|34","LV-067","LV","LV",2017,34,2017-08-23,"L","Tarsalis","culex",9,"cmc_weekly"
"LV067|Pipiens|2017|35","LV-067","LV","LV",2017,35,2017-08-30,"L","Pipiens","culex",0,"cmc_weekly"
"LV067|Tarsalis|2017|35","LV-067","LV","LV",2017,35,2017-08-30,"L","Tarsalis","culex",11,"cmc_weekly"
"LV067|Pipiens|2018|24","LV-067","LV","LV",2018,24,2018-06-13,"L","Pipiens","culex",2,"cmc_weekly"
"LV067|Tarsalis|2018|24","LV-067","LV","LV",2018,24,2018-06-13,"L","Tarsalis","culex",14,"cmc_weekly"
"LV067|Pipiens|2018|28","LV-067","LV","LV",2018,28,2018-07-11,"L","Pipiens","culex",6,"cmc_weekly"
"LV067|Tarsalis|2018|28","LV-067","LV","LV",2018,28,2018-07-11,"L","Tarsalis","culex",153,"cmc_weekly"
"LV067|Pipiens|2018|29","LV-067","LV","LV",2018,29,2018-07-18,"L","Pipiens","culex",0,"cmc_weekly"
"LV067|Tarsalis|2018|29","LV-067","LV","LV",2018,29,2018-07-18,"L","Tarsalis","culex",58,"cmc_weekly"
"LV067|Pipiens|2018|30","LV-067","LV","LV",2018,30,2018-07-25,"L","Pipiens","culex",3,"cmc_weekly"
"LV067|Tarsalis|2018|30","LV-067","LV","LV",2018,30,2018-07-25,"L","Tarsalis","culex",76,"cmc_weekly"
"LV067|Pipiens|2018|31","LV-067","LV","LV",2018,31,2018-08-01,"L","Pipiens","culex",1,"cmc_weekly"
"LV067|Tarsalis|2018|31","LV-067","LV","LV",2018,31,2018-08-01,"L","Tarsalis","culex",16,"cmc_weekly"
"LV067|Pipiens|2018|32","LV-067","LV","LV",2018,32,2018-08-08,"L","Pipiens","culex",6,"cmc_weekly"
"LV067|Tarsalis|2018|32","LV-067","LV","LV",2018,32,2018-08-08,"L","Tarsalis","culex",8,"cmc_weekly"
"LV067|Pipiens|2018|33","LV-067","LV","LV",2018,33,2018-08-15,"L","Pipiens","culex",11,"cmc_weekly"
"LV067|Tarsalis|2018|33","LV-067","LV","LV",2018,33,2018-08-15,"L","Tarsalis","culex",25,"cmc_weekly"
"LV067|Pipiens|2018|34","LV-067","LV","LV",2018,34,2018-08-22,"L","Pipiens","culex",3,"cmc_weekly"
"LV067|Tarsalis|2018|34","LV-067","LV","LV",2018,34,2018-08-22,"L","Tarsalis","culex",17,"cmc_weekly"
"LV067|Pipiens|2018|35","LV-067","LV","LV",2018,35,2018-08-28,"L","Pipiens","culex",12,"cmc_weekly"
"LV067|Tarsalis|2018|35","LV-067","LV","LV",2018,35,2018-08-28,"L","Tarsalis","culex",20,"cmc_weekly"
"LV077|Pipiens|2016|24","LV-077","LV","LV",2016,24,2016-06-14,"L","Pipiens","culex",4,"cmc_weekly"
"LV077|Tarsalis|2016|24","LV-077","LV","LV",2016,24,2016-06-14,"L","Tarsalis","culex",1,"cmc_weekly"
"LV077|Pipiens|2016|25","LV-077","LV","LV",2016,25,2016-06-21,"L","Pipiens","culex",5,"cmc_weekly"
"LV077|Tarsalis|2016|25","LV-077","LV","LV",2016,25,2016-06-21,"L","Tarsalis","culex",1,"cmc_weekly"
"LV077|Pipiens|2016|26","LV-077","LV","LV",2016,26,2016-06-28,"L","Pipiens","culex",1,"cmc_weekly"
"LV077|Tarsalis|2016|26","LV-077","LV","LV",2016,26,2016-06-28,"L","Tarsalis","culex",8,"cmc_weekly"
"LV077|Pipiens|2016|28","LV-077","LV","LV",2016,28,2016-07-12,"L","Pipiens","culex",0,"cmc_weekly"
"LV077|Tarsalis|2016|28","LV-077","LV","LV",2016,28,2016-07-12,"L","Tarsalis","culex",18,"cmc_weekly"
"LV077|Pipiens|2016|29","LV-077","LV","LV",2016,29,2016-07-19,"L","Pipiens","culex",0,"cmc_weekly"
"LV077|Tarsalis|2016|29","LV-077","LV","LV",2016,29,2016-07-19,"L","Tarsalis","culex",11,"cmc_weekly"
"LV077|Pipiens|2016|30","LV-077","LV","LV",2016,30,2016-07-26,"L","Pipiens","culex",2,"cmc_weekly"
"LV077|Tarsalis|2016|30","LV-077","LV","LV",2016,30,2016-07-26,"L","Tarsalis","culex",3,"cmc_weekly"
"LV077|Pipiens|2016|31","LV-077","LV","LV",2016,31,2016-08-02,"L","Pipiens","culex",4,"cmc_weekly"
"LV077|Tarsalis|2016|31","LV-077","LV","LV",2016,31,2016-08-02,"L","Tarsalis","culex",23,"cmc_weekly"
"LV077|Pipiens|2016|32","LV-077","LV","LV",2016,32,2016-08-09,"L","Pipiens","culex",5,"cmc_weekly"
"LV077|Tarsalis|2016|32","LV-077","LV","LV",2016,32,2016-08-09,"L","Tarsalis","culex",23,"cmc_weekly"
"LV077|Pipiens|2016|33","LV-077","LV","LV",2016,33,2016-08-16,"L","Pipiens","culex",1,"cmc_weekly"
"LV077|Tarsalis|2016|33","LV-077","LV","LV",2016,33,2016-08-16,"L","Tarsalis","culex",5,"cmc_weekly"
"LV077|Pipiens|2016|34","LV-077","LV","LV",2016,34,2016-08-23,"L","Pipiens","culex",0,"cmc_weekly"
"LV077|Tarsalis|2016|34","LV-077","LV","LV",2016,34,2016-08-23,"L","Tarsalis","culex",8,"cmc_weekly"
"LV077|Pipiens|2017|25","LV-077","LV","LV",2017,25,2017-06-20,"L","Pipiens","culex",1,"cmc_weekly"
"LV077|Tarsalis|2017|25","LV-077","LV","LV",2017,25,2017-06-20,"L","Tarsalis","culex",2,"cmc_weekly"
"LV077|Pipiens|2017|29","LV-077","LV","LV",2017,29,2017-07-18,"L","Pipiens","culex",0,"cmc_weekly"
"LV077|Tarsalis|2017|29","LV-077","LV","LV",2017,29,2017-07-18,"L","Tarsalis","culex",23,"cmc_weekly"
"LV077|Pipiens|2017|30","LV-077","LV","LV",2017,30,2017-07-25,"L","Pipiens","culex",0,"cmc_weekly"
"LV077|Tarsalis|2017|30","LV-077","LV","LV",2017,30,2017-07-25,"L","Tarsalis","culex",9,"cmc_weekly"
"LV077|Pipiens|2017|31","LV-077","LV","LV",2017,31,2017-08-01,"L","Pipiens","culex",0,"cmc_weekly"
"LV077|Tarsalis|2017|31","LV-077","LV","LV",2017,31,2017-08-01,"L","Tarsalis","culex",17,"cmc_weekly"
"LV077|Pipiens|2017|33","LV-077","LV","LV",2017,33,2017-08-15,"L","Pipiens","culex",0,"cmc_weekly"
"LV077|Tarsalis|2017|33","LV-077","LV","LV",2017,33,2017-08-15,"L","Tarsalis","culex",6,"cmc_weekly"
"LV077|Pipiens|2017|34","LV-077","LV","LV",2017,34,2017-08-22,"L","Pipiens","culex",0,"cmc_weekly"
"LV077|Tarsalis|2017|34","LV-077","LV","LV",2017,34,2017-08-22,"L","Tarsalis","culex",3,"cmc_weekly"
"LV077|Pipiens|2017|35","LV-077","LV","LV",2017,35,2017-08-29,"L","Pipiens","culex",0,"cmc_weekly"
"LV077|Tarsalis|2017|35","LV-077","LV","LV",2017,35,2017-08-29,"L","Tarsalis","culex",1,"cmc_weekly"
"LV077|Pipiens|2018|26","LV-077","LV","LV",2018,26,2018-06-26,"L","Pipiens","culex",2,"cmc_weekly"
"LV077|Tarsalis|2018|26","LV-077","LV","LV",2018,26,2018-06-26,"L","Tarsalis","culex",1,"cmc_weekly"
"LV077|Pipiens|2018|27","LV-077","LV","LV",2018,27,2018-07-02,"L","Pipiens","culex",2,"cmc_weekly"
"LV077|Tarsalis|2018|27","LV-077","LV","LV",2018,27,2018-07-02,"L","Tarsalis","culex",4,"cmc_weekly"
"LV077|Pipiens|2018|28","LV-077","LV","LV",2018,28,2018-07-10,"L","Pipiens","culex",3,"cmc_weekly"
"LV077|Tarsalis|2018|28","LV-077","LV","LV",2018,28,2018-07-10,"L","Tarsalis","culex",3,"cmc_weekly"
"LV077|Pipiens|2018|29","LV-077","LV","LV",2018,29,2018-07-17,"L","Pipiens","culex",0,"cmc_weekly"
"LV077|Tarsalis|2018|29","LV-077","LV","LV",2018,29,2018-07-17,"L","Tarsalis","culex",13,"cmc_weekly"
"LV077|Pipiens|2018|30","LV-077","LV","LV",2018,30,2018-07-24,"L","Pipiens","culex",0,"cmc_weekly"
"LV077|Tarsalis|2018|30","LV-077","LV","LV",2018,30,2018-07-24,"L","Tarsalis","culex",5,"cmc_weekly"
"LV077|Pipiens|2018|31","LV-077","LV","LV",2018,31,2018-07-31,"L","Pipiens","culex",0,"cmc_weekly"
"LV077|Tarsalis|2018|31","LV-077","LV","LV",2018,31,2018-07-31,"L","Tarsalis","culex",4,"cmc_weekly"
"LV077|Pipiens|2018|32","LV-077","LV","LV",2018,32,2018-08-07,"L","Pipiens","culex",1,"cmc_weekly"
"LV077|Tarsalis|2018|32","LV-077","LV","LV",2018,32,2018-08-07,"L","Tarsalis","culex",8,"cmc_weekly"
"LV077|Pipiens|2018|33","LV-077","LV","LV",2018,33,2018-08-14,"L","Pipiens","culex",2,"cmc_weekly"
"LV077|Tarsalis|2018|33","LV-077","LV","LV",2018,33,2018-08-14,"L","Tarsalis","culex",14,"cmc_weekly"
"LV077|Pipiens|2018|34","LV-077","LV","LV",2018,34,2018-08-21,"L","Pipiens","culex",3,"cmc_weekly"
"LV077|Tarsalis|2018|34","LV-077","LV","LV",2018,34,2018-08-21,"L","Tarsalis","culex",11,"cmc_weekly"
"LV077|Pipiens|2018|35","LV-077","LV","LV",2018,35,2018-08-27,"L","Pipiens","culex",0,"cmc_weekly"
"LV077|Tarsalis|2018|35","LV-077","LV","LV",2018,35,2018-08-27,"L","Tarsalis","culex",6,"cmc_weekly"
"LV077|Pipiens|2018|36","LV-077","LV","LV",2018,36,2018-09-05,"L","Pipiens","culex",1,"cmc_weekly"
"LV077|Tarsalis|2018|36","LV-077","LV","LV",2018,36,2018-09-05,"L","Tarsalis","culex",0,"cmc_weekly"
"LV080|Pipiens|2016|24","LV-080","LV","LV",2016,24,2016-06-13,"L","Pipiens","culex",4,"cmc_weekly"
"LV080|Tarsalis|2016|24","LV-080","LV","LV",2016,24,2016-06-13,"L","Tarsalis","culex",1,"cmc_weekly"
"LV080|Pipiens|2016|25","LV-080","LV","LV",2016,25,2016-06-20,"L","Pipiens","culex",0,"cmc_weekly"
"LV080|Tarsalis|2016|25","LV-080","LV","LV",2016,25,2016-06-20,"L","Tarsalis","culex",19,"cmc_weekly"
"LV080|Pipiens|2016|26","LV-080","LV","LV",2016,26,2016-06-27,"L","Pipiens","culex",12,"cmc_weekly"
"LV080|Tarsalis|2016|26","LV-080","LV","LV",2016,26,2016-06-27,"L","Tarsalis","culex",40,"cmc_weekly"
"LV080|Pipiens|2016|28","LV-080","LV","LV",2016,28,2016-07-11,"L","Pipiens","culex",2,"cmc_weekly"
"LV080|Tarsalis|2016|28","LV-080","LV","LV",2016,28,2016-07-11,"L","Tarsalis","culex",7,"cmc_weekly"
"LV080|Pipiens|2016|29","LV-080","LV","LV",2016,29,2016-07-18,"L","Pipiens","culex",0,"cmc_weekly"
"LV080|Tarsalis|2016|29","LV-080","LV","LV",2016,29,2016-07-18,"L","Tarsalis","culex",30,"cmc_weekly"
"LV080|Pipiens|2016|30","LV-080","LV","LV",2016,30,2016-07-25,"L","Pipiens","culex",29,"cmc_weekly"
"LV080|Tarsalis|2016|30","LV-080","LV","LV",2016,30,2016-07-25,"L","Tarsalis","culex",33,"cmc_weekly"
"LV080|Pipiens|2016|31","LV-080","LV","LV",2016,31,2016-08-01,"L","Pipiens","culex",39,"cmc_weekly"
"LV080|Tarsalis|2016|31","LV-080","LV","LV",2016,31,2016-08-01,"L","Tarsalis","culex",131,"cmc_weekly"
"LV080|Pipiens|2016|32","LV-080","LV","LV",2016,32,2016-08-08,"L","Pipiens","culex",4,"cmc_weekly"
"LV080|Tarsalis|2016|32","LV-080","LV","LV",2016,32,2016-08-08,"L","Tarsalis","culex",24,"cmc_weekly"
"LV080|Pipiens|2016|33","LV-080","LV","LV",2016,33,2016-08-15,"L","Pipiens","culex",1,"cmc_weekly"
"LV080|Tarsalis|2016|33","LV-080","LV","LV",2016,33,2016-08-15,"L","Tarsalis","culex",62,"cmc_weekly"
"LV080|Pipiens|2016|34","LV-080","LV","LV",2016,34,2016-08-22,"L","Pipiens","culex",23,"cmc_weekly"
"LV080|Tarsalis|2016|34","LV-080","LV","LV",2016,34,2016-08-22,"L","Tarsalis","culex",25,"cmc_weekly"
"LV080|Pipiens|2017|24","LV-080","LV","LV",2017,24,2017-06-12,"L","Pipiens","culex",0,"cmc_weekly"
"LV080|Tarsalis|2017|24","LV-080","LV","LV",2017,24,2017-06-12,"L","Tarsalis","culex",1,"cmc_weekly"
"LV080|Pipiens|2017|25","LV-080","LV","LV",2017,25,2017-06-19,"L","Pipiens","culex",7,"cmc_weekly"
"LV080|Tarsalis|2017|25","LV-080","LV","LV",2017,25,2017-06-19,"L","Tarsalis","culex",9,"cmc_weekly"
"LV080|Pipiens|2017|26","LV-080","LV","LV",2017,26,2017-06-26,"L","Pipiens","culex",5,"cmc_weekly"
"LV080|Tarsalis|2017|26","LV-080","LV","LV",2017,26,2017-06-26,"L","Tarsalis","culex",13,"cmc_weekly"
"LV080|Pipiens|2017|28","LV-080","LV","LV",2017,28,2017-07-10,"L","Pipiens","culex",0,"cmc_weekly"
"LV080|Tarsalis|2017|28","LV-080","LV","LV",2017,28,2017-07-10,"L","Tarsalis","culex",10,"cmc_weekly"
"LV080|Pipiens|2017|29","LV-080","LV","LV",2017,29,2017-07-17,"L","Pipiens","culex",2,"cmc_weekly"
"LV080|Tarsalis|2017|29","LV-080","LV","LV",2017,29,2017-07-17,"L","Tarsalis","culex",47,"cmc_weekly"
"LV080|Pipiens|2017|30","LV-080","LV","LV",2017,30,2017-07-24,"L","Pipiens","culex",0,"cmc_weekly"
"LV080|Tarsalis|2017|30","LV-080","LV","LV",2017,30,2017-07-24,"L","Tarsalis","culex",72,"cmc_weekly"
"LV080|Pipiens|2017|31","LV-080","LV","LV",2017,31,2017-07-31,"L","Pipiens","culex",0,"cmc_weekly"
"LV080|Tarsalis|2017|31","LV-080","LV","LV",2017,31,2017-07-31,"L","Tarsalis","culex",49,"cmc_weekly"
"LV080|Pipiens|2017|32","LV-080","LV","LV",2017,32,2017-08-07,"L","Pipiens","culex",5,"cmc_weekly"
"LV080|Tarsalis|2017|32","LV-080","LV","LV",2017,32,2017-08-07,"L","Tarsalis","culex",40,"cmc_weekly"
"LV080|Pipiens|2017|33","LV-080","LV","LV",2017,33,2017-08-14,"L","Pipiens","culex",0,"cmc_weekly"
"LV080|Tarsalis|2017|33","LV-080","LV","LV",2017,33,2017-08-14,"L","Tarsalis","culex",38,"cmc_weekly"
"LV080|Pipiens|2017|34","LV-080","LV","LV",2017,34,2017-08-21,"L","Pipiens","culex",0,"cmc_weekly"
"LV080|Tarsalis|2017|34","LV-080","LV","LV",2017,34,2017-08-21,"L","Tarsalis","culex",18,"cmc_weekly"
"LV080|Pipiens|2017|35","LV-080","LV","LV",2017,35,2017-08-28,"L","Pipiens","culex",6,"cmc_weekly"
"LV080|Tarsalis|2017|35","LV-080","LV","LV",2017,35,2017-08-28,"L","Tarsalis","culex",11,"cmc_weekly"
"LV080|Pipiens|2018|24","LV-080","LV","LV",2018,24,2018-06-11,"L","Pipiens","culex",0,"cmc_weekly"
"LV080|Tarsalis|2018|24","LV-080","LV","LV",2018,24,2018-06-11,"L","Tarsalis","culex",14,"cmc_weekly"
"LV080|Pipiens|2018|25","LV-080","LV","LV",2018,25,2018-06-18,"L","Pipiens","culex",1,"cmc_weekly"
"LV080|Tarsalis|2018|25","LV-080","LV","LV",2018,25,2018-06-18,"L","Tarsalis","culex",1,"cmc_weekly"
"LV080|Pipiens|2018|26","LV-080","LV","LV",2018,26,2018-06-25,"L","Pipiens","culex",0,"cmc_weekly"
"LV080|Tarsalis|2018|26","LV-080","LV","LV",2018,26,2018-06-25,"L","Tarsalis","culex",22,"cmc_weekly"
"LV080|Pipiens|2018|27","LV-080","LV","LV",2018,27,2018-07-02,"L","Pipiens","culex",0,"cmc_weekly"
"LV080|Tarsalis|2018|27","LV-080","LV","LV",2018,27,2018-07-02,"L","Tarsalis","culex",79,"cmc_weekly"
"LV080|Pipiens|2018|28","LV-080","LV","LV",2018,28,2018-07-09,"L","Pipiens","culex",0,"cmc_weekly"
"LV080|Tarsalis|2018|28","LV-080","LV","LV",2018,28,2018-07-09,"L","Tarsalis","culex",64,"cmc_weekly"
"LV080|Pipiens|2018|29","LV-080","LV","LV",2018,29,2018-07-16,"L","Pipiens","culex",15,"cmc_weekly"
"LV080|Tarsalis|2018|29","LV-080","LV","LV",2018,29,2018-07-16,"L","Tarsalis","culex",18,"cmc_weekly"
"LV080|Pipiens|2018|30","LV-080","LV","LV",2018,30,2018-07-23,"L","Pipiens","culex",9,"cmc_weekly"
"LV080|Tarsalis|2018|30","LV-080","LV","LV",2018,30,2018-07-23,"L","Tarsalis","culex",32,"cmc_weekly"
"LV080|Pipiens|2018|31","LV-080","LV","LV",2018,31,2018-07-30,"L","Pipiens","culex",0,"cmc_weekly"
"LV080|Tarsalis|2018|31","LV-080","LV","LV",2018,31,2018-07-30,"L","Tarsalis","culex",13,"cmc_weekly"
"LV080|Pipiens|2018|32","LV-080","LV","LV",2018,32,2018-08-06,"L","Pipiens","culex",5,"cmc_weekly"
"LV080|Tarsalis|2018|32","LV-080","LV","LV",2018,32,2018-08-06,"L","Tarsalis","culex",42,"cmc_weekly"
"LV080|Pipiens|2018|33","LV-080","LV","LV",2018,33,2018-08-13,"L","Pipiens","culex",2,"cmc_weekly"
"LV080|Tarsalis|2018|33","LV-080","LV","LV",2018,33,2018-08-13,"L","Tarsalis","culex",47,"cmc_weekly"
"LV080|Pipiens|2018|34","LV-080","LV","LV",2018,34,2018-08-20,"L","Pipiens","culex",6,"cmc_weekly"
"LV080|Tarsalis|2018|34","LV-080","LV","LV",2018,34,2018-08-20,"L","Tarsalis","culex",31,"cmc_weekly"
"LV080|Pipiens|2018|35","LV-080","LV","LV",2018,35,2018-08-27,"L","Pipiens","culex",7,"cmc_weekly"
"LV080|Tarsalis|2018|35","LV-080","LV","LV",2018,35,2018-08-27,"L","Tarsalis","culex",12,"cmc_weekly"
"LV080|Pipiens|2018|36","LV-080","LV","LV",2018,36,2018-09-05,"L","Pipiens","culex",0,"cmc_weekly"
"LV080|Tarsalis|2018|36","LV-080","LV","LV",2018,36,2018-09-05,"L","Tarsalis","culex",8,"cmc_weekly"
"LV088|Pipiens|2016|24","LV-088","LV","LV",2016,24,2016-06-13,"L","Pipiens","culex",0,"cmc_weekly"
"LV088|Tarsalis|2016|24","LV-088","LV","LV",2016,24,2016-06-13,"L","Tarsalis","culex",2,"cmc_weekly"
"LV088|Pipiens|2016|25","LV-088","LV","LV",2016,25,2016-06-20,"L","Pipiens","culex",3,"cmc_weekly"
"LV088|Tarsalis|2016|25","LV-088","LV","LV",2016,25,2016-06-20,"L","Tarsalis","culex",21,"cmc_weekly"
"LV088|Pipiens|2016|26","LV-088","LV","LV",2016,26,2016-06-27,"L","Pipiens","culex",1,"cmc_weekly"
"LV088|Tarsalis|2016|26","LV-088","LV","LV",2016,26,2016-06-27,"L","Tarsalis","culex",13,"cmc_weekly"
"LV088|Pipiens|2016|28","LV-088","LV","LV",2016,28,2016-07-11,"L","Pipiens","culex",1,"cmc_weekly"
"LV088|Tarsalis|2016|28","LV-088","LV","LV",2016,28,2016-07-11,"L","Tarsalis","culex",17,"cmc_weekly"
"LV088|Pipiens|2016|29","LV-088","LV","LV",2016,29,2016-07-18,"L","Pipiens","culex",4,"cmc_weekly"
"LV088|Tarsalis|2016|29","LV-088","LV","LV",2016,29,2016-07-18,"L","Tarsalis","culex",26,"cmc_weekly"
"LV088|Pipiens|2016|30","LV-088","LV","LV",2016,30,2016-07-25,"L","Pipiens","culex",5,"cmc_weekly"
"LV088|Tarsalis|2016|30","LV-088","LV","LV",2016,30,2016-07-25,"L","Tarsalis","culex",8,"cmc_weekly"
"LV088|Pipiens|2016|31","LV-088","LV","LV",2016,31,2016-08-01,"L","Pipiens","culex",7,"cmc_weekly"
"LV088|Tarsalis|2016|31","LV-088","LV","LV",2016,31,2016-08-01,"L","Tarsalis","culex",28,"cmc_weekly"
"LV088|Pipiens|2016|32","LV-088","LV","LV",2016,32,2016-08-08,"L","Pipiens","culex",1,"cmc_weekly"
"LV088|Tarsalis|2016|32","LV-088","LV","LV",2016,32,2016-08-08,"L","Tarsalis","culex",19,"cmc_weekly"
"LV088|Pipiens|2016|33","LV-088","LV","LV",2016,33,2016-08-15,"L","Pipiens","culex",7,"cmc_weekly"
"LV088|Tarsalis|2016|33","LV-088","LV","LV",2016,33,2016-08-15,"L","Tarsalis","culex",40,"cmc_weekly"
"LV088|Pipiens|2016|34","LV-088","LV","LV",2016,34,2016-08-22,"L","Pipiens","culex",5,"cmc_weekly"
"LV088|Tarsalis|2016|34","LV-088","LV","LV",2016,34,2016-08-22,"L","Tarsalis","culex",15,"cmc_weekly"
"LV088|Pipiens|2017|25","LV-088","LV","LV",2017,25,2017-06-19,"L","Pipiens","culex",1,"cmc_weekly"
"LV088|Tarsalis|2017|25","LV-088","LV","LV",2017,25,2017-06-19,"L","Tarsalis","culex",0,"cmc_weekly"
"LV088|Pipiens|2017|26","LV-088","LV","LV",2017,26,2017-06-26,"L","Pipiens","culex",0,"cmc_weekly"
"LV088|Tarsalis|2017|26","LV-088","LV","LV",2017,26,2017-06-26,"L","Tarsalis","culex",4,"cmc_weekly"
"LV088|Pipiens|2017|28","LV-088","LV","LV",2017,28,2017-07-10,"L","Pipiens","culex",0,"cmc_weekly"
"LV088|Tarsalis|2017|28","LV-088","LV","LV",2017,28,2017-07-10,"L","Tarsalis","culex",26,"cmc_weekly"
"LV088|Pipiens|2017|29","LV-088","LV","LV",2017,29,2017-07-17,"L","Pipiens","culex",0,"cmc_weekly"
"LV088|Tarsalis|2017|29","LV-088","LV","LV",2017,29,2017-07-17,"L","Tarsalis","culex",9,"cmc_weekly"
"LV088|Pipiens|2017|30","LV-088","LV","LV",2017,30,2017-07-24,"L","Pipiens","culex",2,"cmc_weekly"
"LV088|Tarsalis|2017|30","LV-088","LV","LV",2017,30,2017-07-24,"L","Tarsalis","culex",41,"cmc_weekly"
"LV088|Pipiens|2017|31","LV-088","LV","LV",2017,31,2017-07-31,"L","Pipiens","culex",0,"cmc_weekly"
"LV088|Tarsalis|2017|31","LV-088","LV","LV",2017,31,2017-07-31,"L","Tarsalis","culex",26,"cmc_weekly"
"LV088|Pipiens|2017|32","LV-088","LV","LV",2017,32,2017-08-07,"L","Pipiens","culex",0,"cmc_weekly"
"LV088|Tarsalis|2017|32","LV-088","LV","LV",2017,32,2017-08-07,"L","Tarsalis","culex",3,"cmc_weekly"
"LV088|Pipiens|2017|33","LV-088","LV","LV",2017,33,2017-08-14,"L","Pipiens","culex",0,"cmc_weekly"
"LV088|Tarsalis|2017|33","LV-088","LV","LV",2017,33,2017-08-14,"L","Tarsalis","culex",1,"cmc_weekly"
"LV088|Pipiens|2017|34","LV-088","LV","LV",2017,34,2017-08-21,"L","Pipiens","culex",0,"cmc_weekly"
"LV088|Tarsalis|2017|34","LV-088","LV","LV",2017,34,2017-08-21,"L","Tarsalis","culex",24,"cmc_weekly"
"LV088|Pipiens|2017|35","LV-088","LV","LV",2017,35,2017-08-28,"L","Pipiens","culex",2,"cmc_weekly"
"LV088|Tarsalis|2017|35","LV-088","LV","LV",2017,35,2017-08-28,"L","Tarsalis","culex",7,"cmc_weekly"
"LV088|Pipiens|2018|24","LV-088","LV","LV",2018,24,2018-06-11,"L","Pipiens","culex",1,"cmc_weekly"
"LV088|Tarsalis|2018|24","LV-088","LV","LV",2018,24,2018-06-11,"L","Tarsalis","culex",10,"cmc_weekly"
"LV088|Pipiens|2018|26","LV-088","LV","LV",2018,26,2018-06-25,"L","Pipiens","culex",0,"cmc_weekly"
"LV088|Tarsalis|2018|26","LV-088","LV","LV",2018,26,2018-06-25,"L","Tarsalis","culex",18,"cmc_weekly"
"LV088|Pipiens|2018|27","LV-088","LV","LV",2018,27,2018-07-02,"L","Pipiens","culex",1,"cmc_weekly"
"LV088|Tarsalis|2018|27","LV-088","LV","LV",2018,27,2018-07-02,"L","Tarsalis","culex",20,"cmc_weekly"
"LV088|Pipiens|2018|28","LV-088","LV","LV",2018,28,2018-07-09,"L","Pipiens","culex",3,"cmc_weekly"
"LV088|Tarsalis|2018|28","LV-088","LV","LV",2018,28,2018-07-09,"L","Tarsalis","culex",11,"cmc_weekly"
"LV088|Pipiens|2018|29","LV-088","LV","LV",2018,29,2018-07-16,"L","Pipiens","culex",0,"cmc_weekly"
"LV088|Tarsalis|2018|29","LV-088","LV","LV",2018,29,2018-07-16,"L","Tarsalis","culex",11,"cmc_weekly"
"LV088|Pipiens|2018|30","LV-088","LV","LV",2018,30,2018-07-24,"L","Pipiens","culex",1,"cmc_weekly"
"LV088|Tarsalis|2018|30","LV-088","LV","LV",2018,30,2018-07-24,"L","Tarsalis","culex",11,"cmc_weekly"
"LV088|Pipiens|2018|31","LV-088","LV","LV",2018,31,2018-07-30,"L","Pipiens","culex",6,"cmc_weekly"
"LV088|Tarsalis|2018|31","LV-088","LV","LV",2018,31,2018-07-30,"L","Tarsalis","culex",29,"cmc_weekly"
"LV088|Pipiens|2018|32","LV-088","LV","LV",2018,32,2018-08-06,"L","Pipiens","culex",3,"cmc_weekly"
"LV088|Tarsalis|2018|32","LV-088","LV","LV",2018,32,2018-08-06,"L","Tarsalis","culex",25,"cmc_weekly"
"LV088|Pipiens|2018|33","LV-088","LV","LV",2018,33,2018-08-13,"L","Pipiens","culex",10,"cmc_weekly"
"LV088|Tarsalis|2018|33","LV-088","LV","LV",2018,33,2018-08-13,"L","Tarsalis","culex",15,"cmc_weekly"
"LV088|Pipiens|2018|34","LV-088","LV","LV",2018,34,2018-08-20,"L","Pipiens","culex",5,"cmc_weekly"
"LV088|Tarsalis|2018|34","LV-088","LV","LV",2018,34,2018-08-20,"L","Tarsalis","culex",4,"cmc_weekly"
"LV088|Pipiens|2018|35","LV-088","LV","LV",2018,35,2018-08-27,"L","Pipiens","culex",1,"cmc_weekly"
"LV088|Tarsalis|2018|35","LV-088","LV","LV",2018,35,2018-08-27,"L","Tarsalis","culex",4,"cmc_weekly"
"LV093|Pipiens|2016|24","LV-093","LV","LV",2016,24,2016-06-13,"L","Pipiens","culex",0,"cmc_weekly"
"LV093|Tarsalis|2016|24","LV-093","LV","LV",2016,24,2016-06-13,"L","Tarsalis","culex",1,"cmc_weekly"
"LV093|Pipiens|2016|25","LV-093","LV","LV",2016,25,2016-06-20,"L","Pipiens","culex",0,"cmc_weekly"
"LV093|Tarsalis|2016|25","LV-093","LV","LV",2016,25,2016-06-20,"L","Tarsalis","culex",3,"cmc_weekly"
"LV093|Pipiens|2016|26","LV-093","LV","LV",2016,26,2016-06-27,"L","Pipiens","culex",1,"cmc_weekly"
"LV093|Tarsalis|2016|26","LV-093","LV","LV",2016,26,2016-06-27,"L","Tarsalis","culex",1,"cmc_weekly"
"LV093|Pipiens|2016|28","LV-093","LV","LV",2016,28,2016-07-11,"L","Pipiens","culex",4,"cmc_weekly"
"LV093|Tarsalis|2016|28","LV-093","LV","LV",2016,28,2016-07-11,"L","Tarsalis","culex",12,"cmc_weekly"
"LV093|Pipiens|2016|29","LV-093","LV","LV",2016,29,2016-07-18,"L","Pipiens","culex",0,"cmc_weekly"
"LV093|Tarsalis|2016|29","LV-093","LV","LV",2016,29,2016-07-18,"L","Tarsalis","culex",10,"cmc_weekly"
"LV093|Pipiens|2016|30","LV-093","LV","LV",2016,30,2016-07-25,"L","Pipiens","culex",1,"cmc_weekly"
"LV093|Tarsalis|2016|30","LV-093","LV","LV",2016,30,2016-07-25,"L","Tarsalis","culex",2,"cmc_weekly"
"LV093|Pipiens|2016|31","LV-093","LV","LV",2016,31,2016-08-01,"L","Pipiens","culex",0,"cmc_weekly"
"LV093|Tarsalis|2016|31","LV-093","LV","LV",2016,31,2016-08-01,"L","Tarsalis","culex",12,"cmc_weekly"
"LV093|Pipiens|2016|32","LV-093","LV","LV",2016,32,2016-08-08,"L","Pipiens","culex",14,"cmc_weekly"
"LV093|Tarsalis|2016|32","LV-093","LV","LV",2016,32,2016-08-08,"L","Tarsalis","culex",27,"cmc_weekly"
"LV093|Pipiens|2016|33","LV-093","LV","LV",2016,33,2016-08-15,"L","Pipiens","culex",6,"cmc_weekly"
"LV093|Tarsalis|2016|33","LV-093","LV","LV",2016,33,2016-08-15,"L","Tarsalis","culex",27,"cmc_weekly"
"LV093|Pipiens|2016|34","LV-093","LV","LV",2016,34,2016-08-22,"L","Pipiens","culex",16,"cmc_weekly"
"LV093|Tarsalis|2016|34","LV-093","LV","LV",2016,34,2016-08-22,"L","Tarsalis","culex",19,"cmc_weekly"
"LV093|Pipiens|2017|24","LV-093","LV","LV",2017,24,2017-06-12,"L","Pipiens","culex",0,"cmc_weekly"
"LV093|Tarsalis|2017|24","LV-093","LV","LV",2017,24,2017-06-12,"L","Tarsalis","culex",2,"cmc_weekly"
"LV093|Pipiens|2017|25","LV-093","LV","LV",2017,25,2017-06-19,"L","Pipiens","culex",0,"cmc_weekly"
"LV093|Tarsalis|2017|25","LV-093","LV","LV",2017,25,2017-06-19,"L","Tarsalis","culex",56,"cmc_weekly"
"LV093|Pipiens|2017|26","LV-093","LV","LV",2017,26,2017-06-26,"L","Pipiens","culex",1,"cmc_weekly"
"LV093|Tarsalis|2017|26","LV-093","LV","LV",2017,26,2017-06-26,"L","Tarsalis","culex",3,"cmc_weekly"
"LV093|Pipiens|2017|27","LV-093","LV","LV",2017,27,2017-07-03,"L","Pipiens","culex",0,"cmc_weekly"
"LV093|Tarsalis|2017|27","LV-093","LV","LV",2017,27,2017-07-03,"L","Tarsalis","culex",10,"cmc_weekly"
"LV093|Pipiens|2017|28","LV-093","LV","LV",2017,28,2017-07-10,"L","Pipiens","culex",0,"cmc_weekly"
"LV093|Tarsalis|2017|28","LV-093","LV","LV",2017,28,2017-07-10,"L","Tarsalis","culex",9,"cmc_weekly"
"LV093|Pipiens|2017|29","LV-093","LV","LV",2017,29,2017-07-17,"L","Pipiens","culex",4,"cmc_weekly"
"LV093|Tarsalis|2017|29","LV-093","LV","LV",2017,29,2017-07-17,"L","Tarsalis","culex",22,"cmc_weekly"
"LV093|Pipiens|2017|30","LV-093","LV","LV",2017,30,2017-07-24,"L","Pipiens","culex",2,"cmc_weekly"
"LV093|Tarsalis|2017|30","LV-093","LV","LV",2017,30,2017-07-24,"L","Tarsalis","culex",64,"cmc_weekly"
"LV093|Pipiens|2017|31","LV-093","LV","LV",2017,31,2017-07-31,"L","Pipiens","culex",0,"cmc_weekly"
"LV093|Tarsalis|2017|31","LV-093","LV","LV",2017,31,2017-07-31,"L","Tarsalis","culex",9,"cmc_weekly"
"LV093|Pipiens|2017|32","LV-093","LV","LV",2017,32,2017-08-07,"L","Pipiens","culex",0,"cmc_weekly"
"LV093|Tarsalis|2017|32","LV-093","LV","LV",2017,32,2017-08-07,"L","Tarsalis","culex",27,"cmc_weekly"
"LV093|Pipiens|2017|33","LV-093","LV","LV",2017,33,2017-08-14,"L","Pipiens","culex",7,"cmc_weekly"
"LV093|Tarsalis|2017|33","LV-093","LV","LV",2017,33,2017-08-14,"L","Tarsalis","culex",14,"cmc_weekly"
"LV093|Pipiens|2017|35","LV-093","LV","LV",2017,35,2017-08-28,"L","Pipiens","culex",1,"cmc_weekly"
"LV093|Tarsalis|2017|35","LV-093","LV","LV",2017,35,2017-08-28,"L","Tarsalis","culex",4,"cmc_weekly"
"LV093|Pipiens|2018|25","LV-093","LV","LV",2018,25,2018-06-18,"L","Pipiens","culex",0,"cmc_weekly"
"LV093|Tarsalis|2018|25","LV-093","LV","LV",2018,25,2018-06-18,"L","Tarsalis","culex",3,"cmc_weekly"
"LV093|Pipiens|2018|26","LV-093","LV","LV",2018,26,2018-06-25,"L","Pipiens","culex",1,"cmc_weekly"
"LV093|Tarsalis|2018|26","LV-093","LV","LV",2018,26,2018-06-25,"L","Tarsalis","culex",15,"cmc_weekly"
"LV093|Pipiens|2018|27","LV-093","LV","LV",2018,27,2018-07-02,"L","Pipiens","culex",0,"cmc_weekly"
"LV093|Tarsalis|2018|27","LV-093","LV","LV",2018,27,2018-07-02,"L","Tarsalis","culex",29,"cmc_weekly"
"LV093|Pipiens|2018|28","LV-093","LV","LV",2018,28,2018-07-09,"L","Pipiens","culex",0,"cmc_weekly"
"LV093|Tarsalis|2018|28","LV-093","LV","LV",2018,28,2018-07-09,"L","Tarsalis","culex",10,"cmc_weekly"
"LV093|Pipiens|2018|29","LV-093","LV","LV",2018,29,2018-07-16,"L","Pipiens","culex",0,"cmc_weekly"
"LV093|Tarsalis|2018|29","LV-093","LV","LV",2018,29,2018-07-16,"L","Tarsalis","culex",8,"cmc_weekly"
"LV093|Pipiens|2018|30","LV-093","LV","LV",2018,30,2018-07-23,"L","Pipiens","culex",0,"cmc_weekly"
"LV093|Tarsalis|2018|30","LV-093","LV","LV",2018,30,2018-07-23,"L","Tarsalis","culex",34,"cmc_weekly"
"LV093|Pipiens|2018|31","LV-093","LV","LV",2018,31,2018-07-30,"L","Pipiens","culex",7,"cmc_weekly"
"LV093|Tarsalis|2018|31","LV-093","LV","LV",2018,31,2018-07-30,"L","Tarsalis","culex",28,"cmc_weekly"
"LV093|Pipiens|2018|32","LV-093","LV","LV",2018,32,2018-08-06,"L","Pipiens","culex",2,"cmc_weekly"
"LV093|Tarsalis|2018|32","LV-093","LV","LV",2018,32,2018-08-06,"L","Tarsalis","culex",16,"cmc_weekly"
"LV093|Pipiens|2018|33","LV-093","LV","LV",2018,33,2018-08-13,"L","Pipiens","culex",9,"cmc_weekly"
"LV093|Tarsalis|2018|33","LV-093","LV","LV",2018,33,2018-08-13,"L","Tarsalis","culex",22,"cmc_weekly"
"LV093|Pipiens|2018|34","LV-093","LV","LV",2018,34,2018-08-20,"L","Pipiens","culex",0,"cmc_weekly"
"LV093|Tarsalis|2018|34","LV-093","LV","LV",2018,34,2018-08-20,"L","Tarsalis","culex",9,"cmc_weekly"
"LV093|Pipiens|2018|35","LV-093","LV","LV",2018,35,2018-08-27,"L","Pipiens","culex",2,"cmc_weekly"
"LV093|Tarsalis|2018|35","LV-093","LV","LV",2018,35,2018-08-27,"L","Tarsalis","culex",8,"cmc_weekly"
"LV097|Pipiens|2016|24","LV-097","LV","LV",2016,24,2016-06-16,"L","Pipiens","culex",1,"cmc_weekly"
"LV097|Tarsalis|2016|24","LV-097","LV","LV",2016,24,2016-06-16,"L","Tarsalis","culex",0,"cmc_weekly"
"LV097|Pipiens|2016|25","LV-097","LV","LV",2016,25,2016-06-23,"L","Pipiens","culex",1,"cmc_weekly"
"LV097|Tarsalis|2016|25","LV-097","LV","LV",2016,25,2016-06-23,"L","Tarsalis","culex",6,"cmc_weekly"
"LV097|Pipiens|2016|26","LV-097","LV","LV",2016,26,2016-06-30,"L","Pipiens","culex",1,"cmc_weekly"
"LV097|Tarsalis|2016|26","LV-097","LV","LV",2016,26,2016-06-30,"L","Tarsalis","culex",5,"cmc_weekly"
"LV097|Pipiens|2016|27","LV-097","LV","LV",2016,27,2016-07-07,"L","Pipiens","culex",0,"cmc_weekly"
"LV097|Tarsalis|2016|27","LV-097","LV","LV",2016,27,2016-07-07,"L","Tarsalis","culex",9,"cmc_weekly"
"LV097|Pipiens|2016|28","LV-097","LV","LV",2016,28,2016-07-14,"L","Pipiens","culex",1,"cmc_weekly"
"LV097|Tarsalis|2016|28","LV-097","LV","LV",2016,28,2016-07-14,"L","Tarsalis","culex",6,"cmc_weekly"
"LV097|Pipiens|2016|29","LV-097","LV","LV",2016,29,2016-07-21,"L","Pipiens","culex",0,"cmc_weekly"
"LV097|Tarsalis|2016|29","LV-097","LV","LV",2016,29,2016-07-21,"L","Tarsalis","culex",7,"cmc_weekly"
"LV097|Pipiens|2016|30","LV-097","LV","LV",2016,30,2016-07-28,"L","Pipiens","culex",0,"cmc_weekly"
"LV097|Tarsalis|2016|30","LV-097","LV","LV",2016,30,2016-07-28,"L","Tarsalis","culex",2,"cmc_weekly"
"LV097|Pipiens|2016|31","LV-097","LV","LV",2016,31,2016-08-04,"L","Pipiens","culex",0,"cmc_weekly"
"LV097|Tarsalis|2016|31","LV-097","LV","LV",2016,31,2016-08-04,"L","Tarsalis","culex",8,"cmc_weekly"
"LV097|Pipiens|2016|33","LV-097","LV","LV",2016,33,2016-08-18,"L","Pipiens","culex",4,"cmc_weekly"
"LV097|Tarsalis|2016|33","LV-097","LV","LV",2016,33,2016-08-18,"L","Tarsalis","culex",3,"cmc_weekly"
"LV097|Pipiens|2016|34","LV-097","LV","LV",2016,34,2016-08-24,"L","Pipiens","culex",0,"cmc_weekly"
"LV097|Tarsalis|2016|34","LV-097","LV","LV",2016,34,2016-08-24,"L","Tarsalis","culex",4,"cmc_weekly"
"LV097|Pipiens|2017|24","LV-097","LV","LV",2017,24,2017-06-15,"L","Pipiens","culex",1,"cmc_weekly"
"LV097|Tarsalis|2017|24","LV-097","LV","LV",2017,24,2017-06-15,"L","Tarsalis","culex",3,"cmc_weekly"
"LV097|Pipiens|2017|25","LV-097","LV","LV",2017,25,2017-06-22,"L","Pipiens","culex",1,"cmc_weekly"
"LV097|Tarsalis|2017|25","LV-097","LV","LV",2017,25,2017-06-22,"L","Tarsalis","culex",12,"cmc_weekly"
"LV097|Pipiens|2017|26","LV-097","LV","LV",2017,26,2017-06-29,"L","Pipiens","culex",1,"cmc_weekly"
"LV097|Tarsalis|2017|26","LV-097","LV","LV",2017,26,2017-06-29,"L","Tarsalis","culex",5,"cmc_weekly"
"LV097|Pipiens|2017|27","LV-097","LV","LV",2017,27,2017-07-06,"L","Pipiens","culex",0,"cmc_weekly"
"LV097|Tarsalis|2017|27","LV-097","LV","LV",2017,27,2017-07-06,"L","Tarsalis","culex",2,"cmc_weekly"
"LV097|Pipiens|2017|28","LV-097","LV","LV",2017,28,2017-07-13,"L","Pipiens","culex",1,"cmc_weekly"
"LV097|Tarsalis|2017|28","LV-097","LV","LV",2017,28,2017-07-13,"L","Tarsalis","culex",5,"cmc_weekly"
"LV097|Pipiens|2017|29","LV-097","LV","LV",2017,29,2017-07-20,"L","Pipiens","culex",0,"cmc_weekly"
"LV097|Tarsalis|2017|29","LV-097","LV","LV",2017,29,2017-07-20,"L","Tarsalis","culex",34,"cmc_weekly"
"LV097|Pipiens|2017|30","LV-097","LV","LV",2017,30,2017-07-27,"L","Pipiens","culex",0,"cmc_weekly"
"LV097|Tarsalis|2017|30","LV-097","LV","LV",2017,30,2017-07-27,"L","Tarsalis","culex",15,"cmc_weekly"
"LV097|Pipiens|2017|31","LV-097","LV","LV",2017,31,2017-08-03,"L","Pipiens","culex",2,"cmc_weekly"
"LV097|Tarsalis|2017|31","LV-097","LV","LV",2017,31,2017-08-03,"L","Tarsalis","culex",84,"cmc_weekly"
"LV097|Pipiens|2017|32","LV-097","LV","LV",2017,32,2017-08-10,"L","Pipiens","culex",2,"cmc_weekly"
"LV097|Tarsalis|2017|32","LV-097","LV","LV",2017,32,2017-08-10,"L","Tarsalis","culex",8,"cmc_weekly"
"LV097|Pipiens|2017|33","LV-097","LV","LV",2017,33,2017-08-17,"L","Pipiens","culex",3,"cmc_weekly"
"LV097|Tarsalis|2017|33","LV-097","LV","LV",2017,33,2017-08-17,"L","Tarsalis","culex",3,"cmc_weekly"
"LV097|Pipiens|2017|34","LV-097","LV","LV",2017,34,2017-08-24,"L","Pipiens","culex",0,"cmc_weekly"
"LV097|Tarsalis|2017|34","LV-097","LV","LV",2017,34,2017-08-24,"L","Tarsalis","culex",1,"cmc_weekly"
"LV097|Pipiens|2017|35","LV-097","LV","LV",2017,35,2017-08-31,"L","Pipiens","culex",0,"cmc_weekly"
"LV097|Tarsalis|2017|35","LV-097","LV","LV",2017,35,2017-08-31,"L","Tarsalis","culex",4,"cmc_weekly"
"LV097|Pipiens|2018|24","LV-097","LV","LV",2018,24,2018-06-14,"L","Pipiens","culex",0,"cmc_weekly"
"LV097|Tarsalis|2018|24","LV-097","LV","LV",2018,24,2018-06-14,"L","Tarsalis","culex",10,"cmc_weekly"
"LV097|Pipiens|2018|25","LV-097","LV","LV",2018,25,2018-06-21,"L","Pipiens","culex",2,"cmc_weekly"
"LV097|Tarsalis|2018|25","LV-097","LV","LV",2018,25,2018-06-21,"L","Tarsalis","culex",3,"cmc_weekly"
"LV097|Pipiens|2018|26","LV-097","LV","LV",2018,26,2018-06-28,"L","Pipiens","culex",2,"cmc_weekly"
"LV097|Tarsalis|2018|26","LV-097","LV","LV",2018,26,2018-06-28,"L","Tarsalis","culex",18,"cmc_weekly"
"LV097|Pipiens|2018|28","LV-097","LV","LV",2018,28,2018-07-12,"L","Pipiens","culex",10,"cmc_weekly"
"LV097|Tarsalis|2018|28","LV-097","LV","LV",2018,28,2018-07-12,"L","Tarsalis","culex",70,"cmc_weekly"
"LV097|Pipiens|2018|29","LV-097","LV","LV",2018,29,2018-07-19,"L","Pipiens","culex",17,"cmc_weekly"
"LV097|Tarsalis|2018|29","LV-097","LV","LV",2018,29,2018-07-19,"L","Tarsalis","culex",45,"cmc_weekly"
"LV097|Pipiens|2018|30","LV-097","LV","LV",2018,30,2018-07-26,"L","Pipiens","culex",3,"cmc_weekly"
"LV097|Tarsalis|2018|30","LV-097","LV","LV",2018,30,2018-07-26,"L","Tarsalis","culex",19,"cmc_weekly"
"LV097|Pipiens|2018|31","LV-097","LV","LV",2018,31,2018-08-02,"L","Pipiens","culex",15,"cmc_weekly"
"LV097|Tarsalis|2018|31","LV-097","LV","LV",2018,31,2018-08-02,"L","Tarsalis","culex",22,"cmc_weekly"
"LV097|Pipiens|2018|32","LV-097","LV","LV",2018,32,2018-08-09,"L","Pipiens","culex",6,"cmc_weekly"
"LV097|Tarsalis|2018|32","LV-097","LV","LV",2018,32,2018-08-09,"L","Tarsalis","culex",5,"cmc_weekly"
"LV097|Pipiens|2018|33","LV-097","LV","LV",2018,33,2018-08-16,"L","Pipiens","culex",3,"cmc_weekly"
"LV097|Tarsalis|2018|33","LV-097","LV","LV",2018,33,2018-08-16,"L","Tarsalis","culex",3,"cmc_weekly"
"LV097|Pipiens|2018|34","LV-097","LV","LV",2018,34,2018-08-23,"L","Pipiens","culex",9,"cmc_weekly"
"LV097|Tarsalis|2018|34","LV-097","LV","LV",2018,34,2018-08-23,"L","Tarsalis","culex",6,"cmc_weekly"
"LV097|Pipiens|2018|35","LV-097","LV","LV",2018,35,2018-08-30,"L","Pipiens","culex",25,"cmc_weekly"
"LV097|Tarsalis|2018|35","LV-097","LV","LV",2018,35,2018-08-30,"L","Tarsalis","culex",18,"cmc_weekly"
"LV098|Pipiens|2016|25","LV-098","LV","LV",2016,25,2016-06-23,"L","Pipiens","culex",2,"cmc_weekly"
"LV098|Tarsalis|2016|25","LV-098","LV","LV",2016,25,2016-06-23,"L","Tarsalis","culex",5,"cmc_weekly"
"LV098|Pipiens|2016|26","LV-098","LV","LV",2016,26,2016-06-30,"L","Pipiens","culex",11,"cmc_weekly"
"LV098|Tarsalis|2016|26","LV-098","LV","LV",2016,26,2016-06-30,"L","Tarsalis","culex",4,"cmc_weekly"
"LV098|Pipiens|2016|28","LV-098","LV","LV",2016,28,2016-07-14,"L","Pipiens","culex",1,"cmc_weekly"
"LV098|Tarsalis|2016|28","LV-098","LV","LV",2016,28,2016-07-14,"L","Tarsalis","culex",6,"cmc_weekly"
"LV098|Pipiens|2016|29","LV-098","LV","LV",2016,29,2016-07-21,"L","Pipiens","culex",2,"cmc_weekly"
"LV098|Tarsalis|2016|29","LV-098","LV","LV",2016,29,2016-07-21,"L","Tarsalis","culex",21,"cmc_weekly"
"LV098|Pipiens|2016|30","LV-098","LV","LV",2016,30,2016-07-28,"L","Pipiens","culex",0,"cmc_weekly"
"LV098|Tarsalis|2016|30","LV-098","LV","LV",2016,30,2016-07-28,"L","Tarsalis","culex",4,"cmc_weekly"
"LV098|Pipiens|2016|31","LV-098","LV","LV",2016,31,2016-08-04,"L","Pipiens","culex",1,"cmc_weekly"
"LV098|Tarsalis|2016|31","LV-098","LV","LV",2016,31,2016-08-04,"L","Tarsalis","culex",17,"cmc_weekly"
"LV098|Pipiens|2016|32","LV-098","LV","LV",2016,32,2016-08-11,"L","Pipiens","culex",3,"cmc_weekly"
"LV098|Tarsalis|2016|32","LV-098","LV","LV",2016,32,2016-08-11,"L","Tarsalis","culex",17,"cmc_weekly"
"LV098|Pipiens|2016|33","LV-098","LV","LV",2016,33,2016-08-18,"L","Pipiens","culex",6,"cmc_weekly"
"LV098|Tarsalis|2016|33","LV-098","LV","LV",2016,33,2016-08-18,"L","Tarsalis","culex",12,"cmc_weekly"
"LV098|Pipiens|2016|34","LV-098","LV","LV",2016,34,2016-08-24,"L","Pipiens","culex",2,"cmc_weekly"
"LV098|Tarsalis|2016|34","LV-098","LV","LV",2016,34,2016-08-24,"L","Tarsalis","culex",10,"cmc_weekly"
"LV098|Pipiens|2017|25","LV-098","LV","LV",2017,25,2017-06-22,"L","Pipiens","culex",0,"cmc_weekly"
"LV098|Tarsalis|2017|25","LV-098","LV","LV",2017,25,2017-06-22,"L","Tarsalis","culex",8,"cmc_weekly"
"LV098|Pipiens|2017|26","LV-098","LV","LV",2017,26,2017-06-29,"L","Pipiens","culex",0,"cmc_weekly"
"LV098|Tarsalis|2017|26","LV-098","LV","LV",2017,26,2017-06-29,"L","Tarsalis","culex",1,"cmc_weekly"
"LV098|Pipiens|2017|27","LV-098","LV","LV",2017,27,2017-07-06,"L","Pipiens","culex",0,"cmc_weekly"
"LV098|Tarsalis|2017|27","LV-098","LV","LV",2017,27,2017-07-06,"L","Tarsalis","culex",3,"cmc_weekly"
"LV098|Pipiens|2017|28","LV-098","LV","LV",2017,28,2017-07-13,"L","Pipiens","culex",0,"cmc_weekly"
"LV098|Tarsalis|2017|28","LV-098","LV","LV",2017,28,2017-07-13,"L","Tarsalis","culex",8,"cmc_weekly"
"LV098|Pipiens|2017|29","LV-098","LV","LV",2017,29,2017-07-20,"L","Pipiens","culex",2,"cmc_weekly"
"LV098|Tarsalis|2017|29","LV-098","LV","LV",2017,29,2017-07-20,"L","Tarsalis","culex",93,"cmc_weekly"
"LV098|Pipiens|2017|30","LV-098","LV","LV",2017,30,2017-07-27,"L","Pipiens","culex",3,"cmc_weekly"
"LV098|Tarsalis|2017|30","LV-098","LV","LV",2017,30,2017-07-27,"L","Tarsalis","culex",2,"cmc_weekly"
"LV098|Pipiens|2017|31","LV-098","LV","LV",2017,31,2017-08-03,"L","Pipiens","culex",3,"cmc_weekly"
"LV098|Tarsalis|2017|31","LV-098","LV","LV",2017,31,2017-08-03,"L","Tarsalis","culex",2,"cmc_weekly"
"LV098|Pipiens|2017|32","LV-098","LV","LV",2017,32,2017-08-10,"L","Pipiens","culex",0,"cmc_weekly"
"LV098|Tarsalis|2017|32","LV-098","LV","LV",2017,32,2017-08-10,"L","Tarsalis","culex",4,"cmc_weekly"
"LV098|Pipiens|2017|33","LV-098","LV","LV",2017,33,2017-08-17,"L","Pipiens","culex",0,"cmc_weekly"
"LV098|Tarsalis|2017|33","LV-098","LV","LV",2017,33,2017-08-17,"L","Tarsalis","culex",5,"cmc_weekly"
"LV098|Pipiens|2017|34","LV-098","LV","LV",2017,34,2017-08-24,"L","Pipiens","culex",0,"cmc_weekly"
"LV098|Tarsalis|2017|34","LV-098","LV","LV",2017,34,2017-08-24,"L","Tarsalis","culex",2,"cmc_weekly"
"LV098|Pipiens|2017|35","LV-098","LV","LV",2017,35,2017-08-31,"L","Pipiens","culex",0,"cmc_weekly"
"LV098|Tarsalis|2017|35","LV-098","LV","LV",2017,35,2017-08-31,"L","Tarsalis","culex",8,"cmc_weekly"
"LV098|Pipiens|2018|24","LV-098","LV","LV",2018,24,2018-06-14,"L","Pipiens","culex",0,"cmc_weekly"
"LV098|Tarsalis|2018|24","LV-098","LV","LV",2018,24,2018-06-14,"L","Tarsalis","culex",2,"cmc_weekly"
"LV098|Pipiens|2018|26","LV-098","LV","LV",2018,26,2018-06-28,"L","Pipiens","culex",1,"cmc_weekly"
"LV098|Tarsalis|2018|26","LV-098","LV","LV",2018,26,2018-06-28,"L","Tarsalis","culex",64,"cmc_weekly"
"LV098|Pipiens|2018|27","LV-098","LV","LV",2018,27,2018-07-03,"L","Pipiens","culex",1,"cmc_weekly"
"LV098|Tarsalis|2018|27","LV-098","LV","LV",2018,27,2018-07-03,"L","Tarsalis","culex",36,"cmc_weekly"
"LV098|Pipiens|2018|28","LV-098","LV","LV",2018,28,2018-07-12,"L","Pipiens","culex",12,"cmc_weekly"
"LV098|Tarsalis|2018|28","LV-098","LV","LV",2018,28,2018-07-12,"L","Tarsalis","culex",35,"cmc_weekly"
"LV098|Pipiens|2018|29","LV-098","LV","LV",2018,29,2018-07-19,"L","Pipiens","culex",7,"cmc_weekly"
"LV098|Tarsalis|2018|29","LV-098","LV","LV",2018,29,2018-07-19,"L","Tarsalis","culex",37,"cmc_weekly"
"LV098|Pipiens|2018|30","LV-098","LV","LV",2018,30,2018-07-26,"L","Pipiens","culex",0,"cmc_weekly"
"LV098|Tarsalis|2018|30","LV-098","LV","LV",2018,30,2018-07-26,"L","Tarsalis","culex",19,"cmc_weekly"
"LV098|Pipiens|2018|31","LV-098","LV","LV",2018,31,2018-08-02,"L","Pipiens","culex",9,"cmc_weekly"
"LV098|Tarsalis|2018|31","LV-098","LV","LV",2018,31,2018-08-02,"L","Tarsalis","culex",61,"cmc_weekly"
"LV098|Pipiens|2018|32","LV-098","LV","LV",2018,32,2018-08-09,"L","Pipiens","culex",6,"cmc_weekly"
"LV098|Tarsalis|2018|32","LV-098","LV","LV",2018,32,2018-08-09,"L","Tarsalis","culex",13,"cmc_weekly"
"LV098|Pipiens|2018|33","LV-098","LV","LV",2018,33,2018-08-16,"L","Pipiens","culex",2,"cmc_weekly"
"LV098|Tarsalis|2018|33","LV-098","LV","LV",2018,33,2018-08-16,"L","Tarsalis","culex",27,"cmc_weekly"
"LV098|Pipiens|2018|34","LV-098","LV","LV",2018,34,2018-08-23,"L","Pipiens","culex",0,"cmc_weekly"
"LV098|Tarsalis|2018|34","LV-098","LV","LV",2018,34,2018-08-23,"L","Tarsalis","culex",4,"cmc_weekly"
"LV098|Pipiens|2018|35","LV-098","LV","LV",2018,35,2018-08-30,"L","Pipiens","culex",1,"cmc_weekly"
"LV098|Tarsalis|2018|35","LV-098","LV","LV",2018,35,2018-08-30,"L","Tarsalis","culex",1,"cmc_weekly"
"WR11|Pipiens|2016|31","WR-11",NA,NA,2016,31,2016-08-04,"L","Pipiens","culex",6,"cmc_weekly"
"WR11|Tarsalis|2016|31","WR-11",NA,NA,2016,31,2016-08-04,"L","Tarsalis","culex",96,"cmc_weekly"
"WR14|Pipiens|2016|31","WR-14",NA,NA,2016,31,2016-08-04,"L","Pipiens","culex",2,"cmc_weekly"
"WR14|Tarsalis|2016|31","WR-14",NA,NA,2016,31,2016-08-04,"L","Tarsalis","culex",22,"cmc_weekly"
"WR16|Pipiens|2016|31","WR-16",NA,NA,2016,31,2016-08-04,"L","Pipiens","culex",0,"cmc_weekly"
"WR16|Tarsalis|2016|31","WR-16",NA,NA,2016,31,2016-08-04,"L","Tarsalis","culex",5,"cmc_weekly"
"LC010|Pipiens|2016|24","LC-010","BE","BE",2016,24,2016-06-13,"L","Pipiens","no mosquitoes",0,"cmc_weekly"
"LC010|Tarsalis|2016|24","LC-010","BE","BE",2016,24,2016-06-13,"L","Tarsalis","no mosquitoes",0,"cmc_weekly"
"LC010|Pipiens|2017|32","LC-010","BE","BE",2017,32,2017-08-07,"L","Pipiens","no mosquitoes",0,"cmc_weekly"
"LC010|Tarsalis|2017|32","LC-010","BE","BE",2017,32,2017-08-07,"L","Tarsalis","no mosquitoes",0,"cmc_weekly"
"LC010|Pipiens|2017|34","LC-010","BE","BE",2017,34,2017-08-21,"L","Pipiens","no mosquitoes",0,"cmc_weekly"
"LC010|Tarsalis|2017|34","LC-010","BE","BE",2017,34,2017-08-21,"L","Tarsalis","no mosquitoes",0,"cmc_weekly"
"LC010|Pipiens|2018|24","LC-010","BE","BE",2018,24,2018-06-11,"L","Pipiens","no mosquitoes",0,"cmc_weekly"
"LC010|Tarsalis|2018|24","LC-010","BE","BE",2018,24,2018-06-11,"L","Tarsalis","no mosquitoes",0,"cmc_weekly"
"LC017|Pipiens|2016|24","LC-017","BE","BE",2016,24,2016-06-15,"L","Pipiens","no mosquitoes",0,"cmc_weekly"
"LC017|Tarsalis|2016|24","LC-017","BE","BE",2016,24,2016-06-15,"L","Tarsalis","no mosquitoes",0,"cmc_weekly"
"LC022|Pipiens|2016|24","LC-022","BE","BE",2016,24,2016-06-13,"L","Pipiens","no mosquitoes",0,"cmc_weekly"
"LC022|Tarsalis|2016|24","LC-022","BE","BE",2016,24,2016-06-13,"L","Tarsalis","no mosquitoes",0,"cmc_weekly"
"LC022|Pipiens|2017|25","LC-022","BE","BE",2017,25,2017-06-19,"L","Pipiens","no mosquitoes",0,"cmc_weekly"
"LC022|Tarsalis|2017|25","LC-022","BE","BE",2017,25,2017-06-19,"L","Tarsalis","no mosquitoes",0,"cmc_weekly"
"LC022|Pipiens|2017|33","LC-022","BE","BE",2017,33,2017-08-14,"L","Pipiens","no mosquitoes",0,"cmc_weekly"
"LC022|Tarsalis|2017|33","LC-022","BE","BE",2017,33,2017-08-14,"L","Tarsalis","no mosquitoes",0,"cmc_weekly"
"LC022|Pipiens|2018|35","LC-022","BE","BE",2018,35,2018-08-27,"L","Pipiens","no mosquitoes",0,"cmc_weekly"
"LC022|Tarsalis|2018|35","LC-022","BE","BE",2018,35,2018-08-27,"L","Tarsalis","no mosquitoes",0,"cmc_weekly"
"LC046|Pipiens|2017|24","LC-046","BE","BE",2017,24,2017-06-12,"L","Pipiens","no mosquitoes",0,"cmc_weekly"
"LC046|Tarsalis|2017|24","LC-046","BE","BE",2017,24,2017-06-12,"L","Tarsalis","no mosquitoes",0,"cmc_weekly"
"LC048|Pipiens|2016|24","LC-048","BE","BE",2016,24,2016-06-13,"L","Pipiens","no mosquitoes",0,"cmc_weekly"
"LC048|Tarsalis|2016|24","LC-048","BE","BE",2016,24,2016-06-13,"L","Tarsalis","no mosquitoes",0,"cmc_weekly"
"LC048|Pipiens|2016|25","LC-048","BE","BE",2016,25,2016-06-20,"L","Pipiens","malfunction",NA,"cmc_weekly"
"LC048|Tarsalis|2016|25","LC-048","BE","BE",2016,25,2016-06-20,"L","Tarsalis","malfunction",NA,"cmc_weekly"
"LC048|Pipiens|2016|32","LC-048","BE","BE",2016,32,2016-08-08,"L","Pipiens","malfunction",NA,"cmc_weekly"
"LC048|Tarsalis|2016|32","LC-048","BE","BE",2016,32,2016-08-08,"L","Tarsalis","malfunction",NA,"cmc_weekly"
"LC048|Pipiens|2017|26","LC-048","BE","BE",2017,26,2017-06-26,"L","Pipiens","no mosquitoes",0,"cmc_weekly"
"LC048|Tarsalis|2017|26","LC-048","BE","BE",2017,26,2017-06-26,"L","Tarsalis","no mosquitoes",0,"cmc_weekly"
"LC048|Pipiens|2018|24","LC-048","BE","BE",2018,24,2018-06-11,"L","Pipiens","no mosquitoes",0,"cmc_weekly"
"LC048|Tarsalis|2018|24","LC-048","BE","BE",2018,24,2018-06-11,"L","Tarsalis","no mosquitoes",0,"cmc_weekly"
"LC050|Pipiens|2017|24","LC-050","BE","BE",2017,24,2017-06-12,"L","Pipiens","no mosquitoes",0,"cmc_weekly"
"LC050|Tarsalis|2017|24","LC-050","BE","BE",2017,24,2017-06-12,"L","Tarsalis","no mosquitoes",0,"cmc_weekly"
"LC050|Pipiens|2018|25","LC-050","BE","BE",2018,25,2018-06-18,"L","Pipiens","no mosquitoes",0,"cmc_weekly"
"LC050|Tarsalis|2018|25","LC-050","BE","BE",2018,25,2018-06-18,"L","Tarsalis","no mosquitoes",0,"cmc_weekly"
"LC052|Pipiens|2018|24","LC-052","BE","BE",2018,24,2018-06-11,"L","Pipiens","no mosquitoes",0,"cmc_weekly"
"LC052|Tarsalis|2018|24","LC-052","BE","BE",2018,24,2018-06-11,"L","Tarsalis","no mosquitoes",0,"cmc_weekly"
"LV004|Pipiens|2016|24","LV-004","LV","LV",2016,24,2016-06-13,"L","Pipiens","no mosquitoes",0,"cmc_weekly"
"LV004|Tarsalis|2016|24","LV-004","LV","LV",2016,24,2016-06-13,"L","Tarsalis","no mosquitoes",0,"cmc_weekly"
"LV004|Pipiens|2017|26","LV-004","LV","LV",2017,26,2017-06-26,"L","Pipiens","no mosquitoes",0,"cmc_weekly"
"LV004|Tarsalis|2017|26","LV-004","LV","LV",2017,26,2017-06-26,"L","Tarsalis","no mosquitoes",0,"cmc_weekly"
"LV004|Pipiens|2018|25","LV-004","LV","LV",2018,25,2018-06-18,"L","Pipiens","no mosquitoes",0,"cmc_weekly"
"LV004|Tarsalis|2018|25","LV-004","LV","LV",2018,25,2018-06-18,"L","Tarsalis","no mosquitoes",0,"cmc_weekly"
"LV014|Pipiens|2016|26","LV-014","LV","LV",2016,26,2016-06-30,"L","Pipiens","no mosquitoes",0,"cmc_weekly"
"LV014|Tarsalis|2016|26","LV-014","LV","LV",2016,26,2016-06-30,"L","Tarsalis","no mosquitoes",0,"cmc_weekly"
"LV014|Pipiens|2017|27","LV-014","LV","LV",2017,27,2017-07-06,"L","Pipiens","no mosquitoes",0,"cmc_weekly"
"LV014|Tarsalis|2017|27","LV-014","LV","LV",2017,27,2017-07-06,"L","Tarsalis","no mosquitoes",0,"cmc_weekly"
"LV014|Pipiens|2017|28","LV-014","LV","LV",2017,28,2017-07-13,"L","Pipiens","no mosquitoes",0,"cmc_weekly"
"LV014|Tarsalis|2017|28","LV-014","LV","LV",2017,28,2017-07-13,"L","Tarsalis","no mosquitoes",0,"cmc_weekly"
"LV014|Pipiens|2018|24","LV-014","LV","LV",2018,24,2018-06-14,"L","Pipiens","no mosquitoes",0,"cmc_weekly"
"LV014|Tarsalis|2018|24","LV-014","LV","LV",2018,24,2018-06-14,"L","Tarsalis","no mosquitoes",0,"cmc_weekly"
"LV014|Pipiens|2018|25","LV-014","LV","LV",2018,25,2018-06-21,"L","Pipiens","no mosquitoes",0,"cmc_weekly"
"LV014|Tarsalis|2018|25","LV-014","LV","LV",2018,25,2018-06-21,"L","Tarsalis","no mosquitoes",0,"cmc_weekly"
"LV019|Pipiens|2017|24","LV-019","LV","LV",2017,24,2017-06-14,"L","Pipiens","no mosquitoes",0,"cmc_weekly"
"LV019|Tarsalis|2017|24","LV-019","LV","LV",2017,24,2017-06-14,"L","Tarsalis","no mosquitoes",0,"cmc_weekly"
"LV042|Pipiens|2017|24","LV-042","LV","LV",2017,24,2017-06-14,"L","Pipiens","no mosquitoes",0,"cmc_weekly"
"LV042|Tarsalis|2017|24","LV-042","LV","LV",2017,24,2017-06-14,"L","Tarsalis","no mosquitoes",0,"cmc_weekly"
"LV066|Pipiens|2017|24","LV-066","LV","LV",2017,24,2017-06-12,"L","Pipiens","no mosquitoes",0,"cmc_weekly"
"LV066|Tarsalis|2017|24","LV-066","LV","LV",2017,24,2017-06-12,"L","Tarsalis","no mosquitoes",0,"cmc_weekly"
"LV067|Pipiens|2017|24","LV-067","LV","LV",2017,24,2017-06-14,"L","Pipiens","no mosquitoes",0,"cmc_weekly"
"LV067|Tarsalis|2017|24","LV-067","LV","LV",2017,24,2017-06-14,"L","Tarsalis","no mosquitoes",0,"cmc_weekly"
"LV067|Pipiens|2018|25","LV-067","LV","LV",2018,25,2018-06-20,"L","Pipiens","no mosquitoes",0,"cmc_weekly"
"LV067|Tarsalis|2018|25","LV-067","LV","LV",2018,25,2018-06-20,"L","Tarsalis","no mosquitoes",0,"cmc_weekly"
"LV067|Pipiens|2018|26","LV-067","LV","LV",2018,26,2018-06-27,"L","Pipiens","no mosquitoes",0,"cmc_weekly"
"LV067|Tarsalis|2018|26","LV-067","LV","LV",2018,26,2018-06-27,"L","Tarsalis","no mosquitoes",0,"cmc_weekly"
"LV077|Pipiens|2017|24","LV-077","LV","LV",2017,24,2017-06-13,"L","Pipiens","no mosquitoes",0,"cmc_weekly"
"LV077|Tarsalis|2017|24","LV-077","LV","LV",2017,24,2017-06-13,"L","Tarsalis","no mosquitoes",0,"cmc_weekly"
"LV077|Pipiens|2017|26","LV-077","LV","LV",2017,26,2017-06-27,"L","Pipiens","no mosquitoes",0,"cmc_weekly"
"LV077|Tarsalis|2017|26","LV-077","LV","LV",2017,26,2017-06-27,"L","Tarsalis","no mosquitoes",0,"cmc_weekly"
"LV077|Pipiens|2017|28","LV-077","LV","LV",2017,28,2017-07-11,"L","Pipiens","no mosquitoes",0,"cmc_weekly"
"LV077|Tarsalis|2017|28","LV-077","LV","LV",2017,28,2017-07-11,"L","Tarsalis","no mosquitoes",0,"cmc_weekly"
"LV077|Pipiens|2017|32","LV-077","LV","LV",2017,32,2017-08-08,"L","Pipiens","no mosquitoes",0,"cmc_weekly"
"LV077|Tarsalis|2017|32","LV-077","LV","LV",2017,32,2017-08-08,"L","Tarsalis","no mosquitoes",0,"cmc_weekly"
"LV077|Pipiens|2018|24","LV-077","LV","LV",2018,24,2018-06-12,"L","Pipiens","no mosquitoes",0,"cmc_weekly"
"LV077|Tarsalis|2018|24","LV-077","LV","LV",2018,24,2018-06-12,"L","Tarsalis","no mosquitoes",0,"cmc_weekly"
"LV077|Pipiens|2018|25","LV-077","LV","LV",2018,25,2018-06-19,"L","Pipiens","no mosquitoes",0,"cmc_weekly"
"LV077|Tarsalis|2018|25","LV-077","LV","LV",2018,25,2018-06-19,"L","Tarsalis","no mosquitoes",0,"cmc_weekly"
"LV088|Pipiens|2017|24","LV-088","LV","LV",2017,24,2017-06-12,"L","Pipiens","no mosquitoes",0,"cmc_weekly"
"LV088|Tarsalis|2017|24","LV-088","LV","LV",2017,24,2017-06-12,"L","Tarsalis","no mosquitoes",0,"cmc_weekly"
"LV088|Pipiens|2018|25","LV-088","LV","LV",2018,25,2018-06-18,"L","Pipiens","no mosquitoes",0,"cmc_weekly"
"LV088|Tarsalis|2018|25","LV-088","LV","LV",2018,25,2018-06-18,"L","Tarsalis","no mosquitoes",0,"cmc_weekly"
"LV093|Pipiens|2017|34","LV-093","LV","LV",2017,34,2017-08-21,"L","Pipiens","no mosquitoes",0,"cmc_weekly"
"LV093|Tarsalis|2017|34","LV-093","LV","LV",2017,34,2017-08-21,"L","Tarsalis","no mosquitoes",0,"cmc_weekly"
"LV093|Pipiens|2018|24","LV-093","LV","LV",2018,24,2018-06-11,"L","Pipiens","no mosquitoes",0,"cmc_weekly"
"LV093|Tarsalis|2018|24","LV-093","LV","LV",2018,24,2018-06-11,"L","Tarsalis","no mosquitoes",0,"cmc_weekly"
"LV097|Pipiens|2016|32","LV-097","LV","LV",2016,32,2016-08-11,"L","Pipiens","no mosquitoes",0,"cmc_weekly"
"LV097|Tarsalis|2016|32","LV-097","LV","LV",2016,32,2016-08-11,"L","Tarsalis","no mosquitoes",0,"cmc_weekly"
"LV097|Pipiens|2018|27","LV-097","LV","LV",2018,27,2018-07-04,"L","Pipiens","no mosquitoes",0,"cmc_weekly"
"LV097|Tarsalis|2018|27","LV-097","LV","LV",2018,27,2018-07-04,"L","Tarsalis","no mosquitoes",0,"cmc_weekly"
"LV098|Pipiens|2016|24","LV-098","LV","LV",2016,24,2016-06-16,"L","Pipiens","no mosquitoes",0,"cmc_weekly"
"LV098|Tarsalis|2016|24","LV-098","LV","LV",2016,24,2016-06-16,"L","Tarsalis","no mosquitoes",0,"cmc_weekly"
"LV098|Pipiens|2017|24","LV-098","LV","LV",2017,24,2017-06-15,"L","Pipiens","no mosquitoes",0,"cmc_weekly"
"LV098|Tarsalis|2017|24","LV-098","LV","LV",2017,24,2017-06-15,"L","Tarsalis","no mosquitoes",0,"cmc_weekly"
"LV098|Pipiens|2018|25","LV-098","LV","LV",2018,25,2018-06-21,"L","Pipiens","no mosquitoes",0,"cmc_weekly"
"LV098|Tarsalis|2018|25","LV-098","LV","LV",2018,25,2018-06-21,"L","Tarsalis","no mosquitoes",0,"cmc_weekly"
"FC002093|Pipiens|2006|25","FC-002093","FC","FC",2006,25,2006-06-22,"L","Pipiens","culex",2,"cfc"
"FC002093|Tarsalis|2006|25","FC-002093","FC","FC",2006,25,2006-06-22,"L","Tarsalis","culex",3,"cfc"
"FC002093|Pipiens|2006|28","FC-002093","FC","FC",2006,28,2006-07-14,"L","Pipiens","culex",1,"cfc"
"FC002093|Tarsalis|2006|28","FC-002093","FC","FC",2006,28,2006-07-14,"L","Tarsalis","culex",2,"cfc"
"FC002093|Pipiens|2006|29","FC-002093","FC","FC",2006,29,2006-07-21,"L","Pipiens","culex",3,"cfc"
"FC002093|Tarsalis|2006|29","FC-002093","FC","FC",2006,29,2006-07-21,"L","Tarsalis","culex",0,"cfc"
"FC002093|Pipiens|2006|30","FC-002093","FC","FC",2006,30,2006-07-28,"L","Pipiens","culex",0,"cfc"
"FC002093|Tarsalis|2006|30","FC-002093","FC","FC",2006,30,2006-07-28,"L","Tarsalis","culex",7,"cfc"
"FC002093|Pipiens|2006|31","FC-002093","FC","FC",2006,31,2006-08-04,"L","Pipiens","culex",4,"cfc"
"FC002093|Tarsalis|2006|31","FC-002093","FC","FC",2006,31,2006-08-04,"L","Tarsalis","culex",3,"cfc"
"FC002093|Pipiens|2006|32","FC-002093","FC","FC",2006,32,2006-08-11,"L","Pipiens","culex",2,"cfc"
"FC002093|Tarsalis|2006|32","FC-002093","FC","FC",2006,32,2006-08-11,"L","Tarsalis","culex",0,"cfc"
"FC002093|Pipiens|2006|33","FC-002093","FC","FC",2006,33,2006-08-18,"L","Pipiens","culex",1,"cfc"
"FC002093|Tarsalis|2006|33","FC-002093","FC","FC",2006,33,2006-08-18,"L","Tarsalis","culex",1,"cfc"
"FC002093|Pipiens|2006|34","FC-002093","FC","FC",2006,34,2006-08-25,"L","Pipiens","culex",4,"cfc"
"FC002093|Tarsalis|2006|34","FC-002093","FC","FC",2006,34,2006-08-25,"L","Tarsalis","culex",2,"cfc"
"FC002093|Pipiens|2006|37","FC-002093","FC","FC",2006,37,2006-09-15,"L","Pipiens","culex",3,"cfc"
"FC002093|Tarsalis|2006|37","FC-002093","FC","FC",2006,37,2006-09-15,"L","Tarsalis","culex",0,"cfc"
"FC002093|Pipiens|2007|25","FC-002093","FC","FC",2007,25,2007-06-22,"L","Pipiens","culex",3,"cfc"
"FC002093|Tarsalis|2007|25","FC-002093","FC","FC",2007,25,2007-06-22,"L","Tarsalis","culex",2,"cfc"
"FC002093|Pipiens|2007|26","FC-002093","FC","FC",2007,26,2007-06-29,"L","Pipiens","culex",6,"cfc"
"FC002093|Tarsalis|2007|26","FC-002093","FC","FC",2007,26,2007-06-29,"L","Tarsalis","culex",13,"cfc"
"FC002093|Pipiens|2007|28","FC-002093","FC","FC",2007,28,2007-07-13,"L","Pipiens","culex",0,"cfc"
"FC002093|Tarsalis|2007|28","FC-002093","FC","FC",2007,28,2007-07-13,"L","Tarsalis","culex",7,"cfc"
"FC002093|Pipiens|2007|30","FC-002093","FC","FC",2007,30,2007-07-27,"L","Pipiens","culex",0,"cfc"
"FC002093|Tarsalis|2007|30","FC-002093","FC","FC",2007,30,2007-07-27,"L","Tarsalis","culex",4,"cfc"
"FC002093|Pipiens|2007|31","FC-002093","FC","FC",2007,31,2007-08-03,"L","Pipiens","culex",0,"cfc"
"FC002093|Tarsalis|2007|31","FC-002093","FC","FC",2007,31,2007-08-03,"L","Tarsalis","culex",1,"cfc"
"FC002093|Pipiens|2007|32","FC-002093","FC","FC",2007,32,2007-08-10,"L","Pipiens","culex",5,"cfc"
"FC002093|Tarsalis|2007|32","FC-002093","FC","FC",2007,32,2007-08-10,"L","Tarsalis","culex",6,"cfc"
"FC002093|Pipiens|2007|33","FC-002093","FC","FC",2007,33,2007-08-16,"L","Pipiens","culex",3,"cfc"
"FC002093|Tarsalis|2007|33","FC-002093","FC","FC",2007,33,2007-08-16,"L","Tarsalis","culex",4,"cfc"
"FC002093|Pipiens|2007|34","FC-002093","FC","FC",2007,34,2007-08-24,"L","Pipiens","culex",0,"cfc"
"FC002093|Tarsalis|2007|34","FC-002093","FC","FC",2007,34,2007-08-24,"L","Tarsalis","culex",5,"cfc"
"FC002093|Pipiens|2007|35","FC-002093","FC","FC",2007,35,2007-08-31,"L","Pipiens","culex",1,"cfc"
"FC002093|Tarsalis|2007|35","FC-002093","FC","FC",2007,35,2007-08-31,"L","Tarsalis","culex",2,"cfc"
"FC002093|Pipiens|2008|28","FC-002093","FC","FC",2008,28,2008-07-11,"L","Pipiens","culex",0,"cfc"
"FC002093|Tarsalis|2008|28","FC-002093","FC","FC",2008,28,2008-07-11,"L","Tarsalis","culex",1,"cfc"
"FC002093|Pipiens|2008|31","FC-002093","FC","FC",2008,31,2008-08-01,"L","Pipiens","culex",0,"cfc"
"FC002093|Tarsalis|2008|31","FC-002093","FC","FC",2008,31,2008-08-01,"L","Tarsalis","culex",5,"cfc"
"FC002093|Pipiens|2008|33","FC-002093","FC","FC",2008,33,2008-08-15,"L","Pipiens","culex",0,"cfc"
"FC002093|Tarsalis|2008|33","FC-002093","FC","FC",2008,33,2008-08-15,"L","Tarsalis","culex",1,"cfc"
"FC002093|Pipiens|2008|34","FC-002093","FC","FC",2008,34,2008-08-22,"L","Pipiens","culex",1,"cfc"
"FC002093|Tarsalis|2008|34","FC-002093","FC","FC",2008,34,2008-08-22,"L","Tarsalis","culex",0,"cfc"
"FC002093|Pipiens|2008|35","FC-002093","FC","FC",2008,35,2008-08-29,"L","Pipiens","culex",0,"cfc"
"FC002093|Tarsalis|2008|35","FC-002093","FC","FC",2008,35,2008-08-29,"L","Tarsalis","culex",2,"cfc"
"FC002093|Pipiens|2009|26","FC-002093","FC","FC",2009,26,2009-07-03,"L","Pipiens","culex",3,"cfc"
"FC002093|Tarsalis|2009|26","FC-002093","FC","FC",2009,26,2009-07-03,"L","Tarsalis","culex",4,"cfc"
"FC002093|Pipiens|2009|27","FC-002093","FC","FC",2009,27,2009-07-10,"L","Pipiens","culex",0,"cfc"
"FC002093|Tarsalis|2009|27","FC-002093","FC","FC",2009,27,2009-07-10,"L","Tarsalis","culex",9,"cfc"
"FC002093|Pipiens|2009|28","FC-002093","FC","FC",2009,28,2009-07-17,"L","Pipiens","culex",0,"cfc"
"FC002093|Tarsalis|2009|28","FC-002093","FC","FC",2009,28,2009-07-17,"L","Tarsalis","culex",13,"cfc"
"FC002093|Pipiens|2009|29","FC-002093","FC","FC",2009,29,2009-07-24,"L","Pipiens","culex",0,"cfc"
"FC002093|Tarsalis|2009|29","FC-002093","FC","FC",2009,29,2009-07-24,"L","Tarsalis","culex",23,"cfc"
"FC002093|Pipiens|2009|31","FC-002093","FC","FC",2009,31,2009-08-07,"L","Pipiens","culex",0,"cfc"
"FC002093|Tarsalis|2009|31","FC-002093","FC","FC",2009,31,2009-08-07,"L","Tarsalis","culex",9,"cfc"
"FC002093|Pipiens|2009|32","FC-002093","FC","FC",2009,32,2009-08-14,"L","Pipiens","culex",0,"cfc"
"FC002093|Tarsalis|2009|32","FC-002093","FC","FC",2009,32,2009-08-14,"L","Tarsalis","culex",1,"cfc"
"FC002093|Pipiens|2009|33","FC-002093","FC","FC",2009,33,2009-08-21,"L","Pipiens","culex",1,"cfc"
"FC002093|Tarsalis|2009|33","FC-002093","FC","FC",2009,33,2009-08-21,"L","Tarsalis","culex",0,"cfc"
"FC002093|Pipiens|2009|34","FC-002093","FC","FC",2009,34,2009-08-28,"L","Pipiens","culex",0,"cfc"
"FC002093|Tarsalis|2009|34","FC-002093","FC","FC",2009,34,2009-08-28,"L","Tarsalis","culex",1,"cfc"
"FC002093|Pipiens|2010|25","FC-002093","FC","FC",2010,25,2010-06-24,"L","Pipiens","culex",0,"cfc"
"FC002093|Tarsalis|2010|25","FC-002093","FC","FC",2010,25,2010-06-24,"L","Tarsalis","culex",1,"cfc"
"FC002093|Pipiens|2010|26","FC-002093","FC","FC",2010,26,2010-07-01,"L","Pipiens","culex",0,"cfc"
"FC002093|Tarsalis|2010|26","FC-002093","FC","FC",2010,26,2010-07-01,"L","Tarsalis","culex",7,"cfc"
"FC002093|Pipiens|2010|28","FC-002093","FC","FC",2010,28,2010-07-15,"L","Pipiens","culex",0,"cfc"
"FC002093|Tarsalis|2010|28","FC-002093","FC","FC",2010,28,2010-07-15,"L","Tarsalis","culex",16,"cfc"
"FC002093|Pipiens|2010|29","FC-002093","FC","FC",2010,29,2010-07-22,"L","Pipiens","culex",0,"cfc"
"FC002093|Tarsalis|2010|29","FC-002093","FC","FC",2010,29,2010-07-22,"L","Tarsalis","culex",16,"cfc"
"FC002093|Pipiens|2010|30","FC-002093","FC","FC",2010,30,2010-07-29,"L","Pipiens","culex",1,"cfc"
"FC002093|Tarsalis|2010|30","FC-002093","FC","FC",2010,30,2010-07-29,"L","Tarsalis","culex",12,"cfc"
"FC002093|Pipiens|2010|31","FC-002093","FC","FC",2010,31,2010-08-05,"L","Pipiens","culex",1,"cfc"
"FC002093|Tarsalis|2010|31","FC-002093","FC","FC",2010,31,2010-08-05,"L","Tarsalis","culex",7,"cfc"
"FC002093|Pipiens|2010|32","FC-002093","FC","FC",2010,32,2010-08-12,"L","Pipiens","culex",2,"cfc"
"FC002093|Tarsalis|2010|32","FC-002093","FC","FC",2010,32,2010-08-12,"L","Tarsalis","culex",7,"cfc"
"FC002093|Pipiens|2010|33","FC-002093","FC","FC",2010,33,2010-08-19,"L","Pipiens","culex",0,"cfc"
"FC002093|Tarsalis|2010|33","FC-002093","FC","FC",2010,33,2010-08-19,"L","Tarsalis","culex",3,"cfc"
"FC002093|Pipiens|2010|34","FC-002093","FC","FC",2010,34,2010-08-26,"L","Pipiens","culex",0,"cfc"
"FC002093|Tarsalis|2010|34","FC-002093","FC","FC",2010,34,2010-08-26,"L","Tarsalis","culex",5,"cfc"
"FC002093|Pipiens|2011|26","FC-002093","FC","FC",2011,26,2011-07-01,"L","Pipiens","culex",0,"cfc"
"FC002093|Tarsalis|2011|26","FC-002093","FC","FC",2011,26,2011-07-01,"L","Tarsalis","culex",1,"cfc"
"FC002093|Pipiens|2011|28","FC-002093","FC","FC",2011,28,2011-07-15,"L","Pipiens","culex",0,"cfc"
"FC002093|Tarsalis|2011|28","FC-002093","FC","FC",2011,28,2011-07-15,"L","Tarsalis","culex",3,"cfc"
"FC002093|Pipiens|2011|29","FC-002093","FC","FC",2011,29,2011-07-22,"L","Pipiens","culex",3,"cfc"
"FC002093|Tarsalis|2011|29","FC-002093","FC","FC",2011,29,2011-07-22,"L","Tarsalis","culex",5,"cfc"
"FC002093|Pipiens|2011|30","FC-002093","FC","FC",2011,30,2011-07-29,"L","Pipiens","culex",2,"cfc"
"FC002093|Tarsalis|2011|30","FC-002093","FC","FC",2011,30,2011-07-29,"L","Tarsalis","culex",9,"cfc"
"FC002093|Pipiens|2011|31","FC-002093","FC","FC",2011,31,2011-08-05,"L","Pipiens","culex",4,"cfc"
"FC002093|Tarsalis|2011|31","FC-002093","FC","FC",2011,31,2011-08-05,"L","Tarsalis","culex",5,"cfc"
"FC002093|Pipiens|2011|32","FC-002093","FC","FC",2011,32,2011-08-12,"L","Pipiens","culex",5,"cfc"
"FC002093|Tarsalis|2011|32","FC-002093","FC","FC",2011,32,2011-08-12,"L","Tarsalis","culex",16,"cfc"
"FC002093|Pipiens|2012|27","FC-002093","FC","FC",2012,27,2012-07-05,"L","Pipiens","culex",1,"cfc"
"FC002093|Tarsalis|2012|27","FC-002093","FC","FC",2012,27,2012-07-05,"L","Tarsalis","culex",0,"cfc"
"FC002093|Pipiens|2012|28","FC-002093","FC","FC",2012,28,2012-07-12,"L","Pipiens","culex",2,"cfc"
"FC002093|Tarsalis|2012|28","FC-002093","FC","FC",2012,28,2012-07-12,"L","Tarsalis","culex",2,"cfc"
"FC002093|Pipiens|2012|29","FC-002093","FC","FC",2012,29,2012-07-19,"L","Pipiens","culex",2,"cfc"
"FC002093|Tarsalis|2012|29","FC-002093","FC","FC",2012,29,2012-07-19,"L","Tarsalis","culex",2,"cfc"
"FC002093|Pipiens|2012|30","FC-002093","FC","FC",2012,30,2012-07-26,"L","Pipiens","culex",4,"cfc"
"FC002093|Tarsalis|2012|30","FC-002093","FC","FC",2012,30,2012-07-26,"L","Tarsalis","culex",2,"cfc"
"FC002093|Pipiens|2012|31","FC-002093","FC","FC",2012,31,2012-08-02,"L","Pipiens","culex",1,"cfc"
"FC002093|Tarsalis|2012|31","FC-002093","FC","FC",2012,31,2012-08-02,"L","Tarsalis","culex",0,"cfc"
"FC002093|Pipiens|2012|34","FC-002093","FC","FC",2012,34,2012-08-23,"L","Pipiens","culex",1,"cfc"
"FC002093|Tarsalis|2012|34","FC-002093","FC","FC",2012,34,2012-08-23,"L","Tarsalis","culex",0,"cfc"
"FC002093|Pipiens|2012|35","FC-002093","FC","FC",2012,35,2012-08-30,"L","Pipiens","culex",1,"cfc"
"FC002093|Tarsalis|2012|35","FC-002093","FC","FC",2012,35,2012-08-30,"L","Tarsalis","culex",1,"cfc"
"FC002093|Pipiens|2013|23","FC-002093","FC","FC",2013,23,2013-06-06,"L","Pipiens","culex",0,"cfc"
"FC002093|Tarsalis|2013|23","FC-002093","FC","FC",2013,23,2013-06-06,"L","Tarsalis","culex",1,"cfc"
"FC002093|Pipiens|2013|24","FC-002093","FC","FC",2013,24,2013-06-13,"L","Pipiens","culex",0,"cfc"
"FC002093|Tarsalis|2013|24","FC-002093","FC","FC",2013,24,2013-06-13,"L","Tarsalis","culex",1,"cfc"
"FC002093|Pipiens|2013|26","FC-002093","FC","FC",2013,26,2013-06-27,"L","Pipiens","culex",0,"cfc"
"FC002093|Tarsalis|2013|26","FC-002093","FC","FC",2013,26,2013-06-27,"L","Tarsalis","culex",2,"cfc"
"FC002093|Pipiens|2013|27","FC-002093","FC","FC",2013,27,2013-07-03,"L","Pipiens","culex",1,"cfc"
"FC002093|Tarsalis|2013|27","FC-002093","FC","FC",2013,27,2013-07-03,"L","Tarsalis","culex",7,"cfc"
"FC002093|Pipiens|2013|28","FC-002093","FC","FC",2013,28,2013-07-11,"L","Pipiens","culex",3,"cfc"
"FC002093|Tarsalis|2013|28","FC-002093","FC","FC",2013,28,2013-07-11,"L","Tarsalis","culex",38,"cfc"
"FC002093|Pipiens|2013|29","FC-002093","FC","FC",2013,29,2013-07-18,"L","Pipiens","culex",17,"cfc"
"FC002093|Tarsalis|2013|29","FC-002093","FC","FC",2013,29,2013-07-18,"L","Tarsalis","culex",50,"cfc"
"FC002093|Pipiens|2013|30","FC-002093","FC","FC",2013,30,2013-07-25,"L","Pipiens","culex",8,"cfc"
"FC002093|Tarsalis|2013|30","FC-002093","FC","FC",2013,30,2013-07-25,"L","Tarsalis","culex",50,"cfc"
"FC002093|Pipiens|2013|31","FC-002093","FC","FC",2013,31,2013-08-01,"L","Pipiens","culex",11,"cfc"
"FC002093|Tarsalis|2013|31","FC-002093","FC","FC",2013,31,2013-08-01,"L","Tarsalis","culex",46,"cfc"
"FC002093|Pipiens|2013|32","FC-002093","FC","FC",2013,32,2013-08-08,"L","Pipiens","culex",1,"cfc"
"FC002093|Tarsalis|2013|32","FC-002093","FC","FC",2013,32,2013-08-08,"L","Tarsalis","culex",22,"cfc"
"FC002093|Pipiens|2013|33","FC-002093","FC","FC",2013,33,2013-08-15,"L","Pipiens","culex",15,"cfc"
"FC002093|Tarsalis|2013|33","FC-002093","FC","FC",2013,33,2013-08-15,"L","Tarsalis","culex",25,"cfc"
"FC002093|Pipiens|2013|34","FC-002093","FC","FC",2013,34,2013-08-23,"L","Pipiens","culex",3,"cfc"
"FC002093|Tarsalis|2013|34","FC-002093","FC","FC",2013,34,2013-08-23,"L","Tarsalis","culex",6,"cfc"
"FC002093|Pipiens|2013|35","FC-002093","FC","FC",2013,35,2013-08-29,"L","Pipiens","culex",5,"cfc"
"FC002093|Tarsalis|2013|35","FC-002093","FC","FC",2013,35,2013-08-29,"L","Tarsalis","culex",2,"cfc"
"FC018|Pipiens|2006|25","FC-018","FC","FC",2006,25,2006-06-20,"L","Pipiens","culex",0,"cfc"
"FC018|Tarsalis|2006|25","FC-018","FC","FC",2006,25,2006-06-20,"L","Tarsalis","culex",18,"cfc"
"FC020|Pipiens|2011|25","FC-020","FC","FC",2011,25,2011-06-24,"L","Pipiens","culex",0,"cfc"
"FC020|Tarsalis|2011|25","FC-020","FC","FC",2011,25,2011-06-24,"L","Tarsalis","culex",7,"cfc"
"FC033075|Pipiens|2006|23","FC-033075","FC","FC",2006,23,2006-06-07,"L","Pipiens","culex",0,"cfc"
"FC033075|Tarsalis|2006|23","FC-033075","FC","FC",2006,23,2006-06-07,"L","Tarsalis","culex",10,"cfc"
"FC033075|Pipiens|2006|24","FC-033075","FC","FC",2006,24,2006-06-14,"L","Pipiens","culex",0,"cfc"
"FC033075|Tarsalis|2006|24","FC-033075","FC","FC",2006,24,2006-06-14,"L","Tarsalis","culex",13,"cfc"
"FC033075|Pipiens|2006|25","FC-033075","FC","FC",2006,25,2006-06-21,"L","Pipiens","culex",0,"cfc"
"FC033075|Tarsalis|2006|25","FC-033075","FC","FC",2006,25,2006-06-21,"L","Tarsalis","culex",27,"cfc"
"FC033075|Pipiens|2006|26","FC-033075","FC","FC",2006,26,2006-06-28,"L","Pipiens","culex",1,"cfc"
"FC033075|Tarsalis|2006|26","FC-033075","FC","FC",2006,26,2006-06-28,"L","Tarsalis","culex",36,"cfc"
"FC033075|Pipiens|2006|27","FC-033075","FC","FC",2006,27,2006-07-07,"L","Pipiens","culex",0,"cfc"
"FC033075|Tarsalis|2006|27","FC-033075","FC","FC",2006,27,2006-07-07,"L","Tarsalis","culex",50,"cfc"
"FC033075|Pipiens|2006|28","FC-033075","FC","FC",2006,28,2006-07-12,"L","Pipiens","culex",1,"cfc"
"FC033075|Tarsalis|2006|28","FC-033075","FC","FC",2006,28,2006-07-12,"L","Tarsalis","culex",19,"cfc"
"FC033075|Pipiens|2006|29","FC-033075","FC","FC",2006,29,2006-07-19,"L","Pipiens","culex",3,"cfc"
"FC033075|Tarsalis|2006|29","FC-033075","FC","FC",2006,29,2006-07-19,"L","Tarsalis","culex",33,"cfc"
"FC033075|Pipiens|2006|30","FC-033075","FC","FC",2006,30,2006-07-26,"L","Pipiens","culex",0,"cfc"
"FC033075|Tarsalis|2006|30","FC-033075","FC","FC",2006,30,2006-07-26,"L","Tarsalis","culex",13,"cfc"
"FC033075|Pipiens|2006|31","FC-033075","FC","FC",2006,31,2006-08-03,"L","Pipiens","culex",2,"cfc"
"FC033075|Tarsalis|2006|31","FC-033075","FC","FC",2006,31,2006-08-03,"L","Tarsalis","culex",26,"cfc"
"FC033075|Pipiens|2006|32","FC-033075","FC","FC",2006,32,2006-08-09,"L","Pipiens","culex",0,"cfc"
"FC033075|Tarsalis|2006|32","FC-033075","FC","FC",2006,32,2006-08-09,"L","Tarsalis","culex",36,"cfc"
"FC033075|Pipiens|2006|33","FC-033075","FC","FC",2006,33,2006-08-16,"L","Pipiens","culex",8,"cfc"
"FC033075|Tarsalis|2006|33","FC-033075","FC","FC",2006,33,2006-08-16,"L","Tarsalis","culex",19,"cfc"
"FC033075|Pipiens|2006|34","FC-033075","FC","FC",2006,34,2006-08-23,"L","Pipiens","culex",3,"cfc"
"FC033075|Tarsalis|2006|34","FC-033075","FC","FC",2006,34,2006-08-23,"L","Tarsalis","culex",26,"cfc"
"FC033075|Pipiens|2006|35","FC-033075","FC","FC",2006,35,2006-08-30,"L","Pipiens","culex",6,"cfc"
"FC033075|Tarsalis|2006|35","FC-033075","FC","FC",2006,35,2006-08-30,"L","Tarsalis","culex",29,"cfc"
"FC033075|Pipiens|2006|36","FC-033075","FC","FC",2006,36,2006-09-07,"L","Pipiens","culex",0,"cfc"
"FC033075|Tarsalis|2006|36","FC-033075","FC","FC",2006,36,2006-09-07,"L","Tarsalis","culex",2,"cfc"
"FC033075|Pipiens|2006|37","FC-033075","FC","FC",2006,37,2006-09-13,"L","Pipiens","culex",0,"cfc"
"FC033075|Tarsalis|2006|37","FC-033075","FC","FC",2006,37,2006-09-13,"L","Tarsalis","culex",1,"cfc"
"FC033075|Pipiens|2007|23","FC-033075","FC","FC",2007,23,2007-06-06,"L","Pipiens","culex",0,"cfc"
"FC033075|Tarsalis|2007|23","FC-033075","FC","FC",2007,23,2007-06-06,"L","Tarsalis","culex",20,"cfc"
"FC033075|Pipiens|2007|24","FC-033075","FC","FC",2007,24,2007-06-13,"L","Pipiens","culex",0,"cfc"
"FC033075|Tarsalis|2007|24","FC-033075","FC","FC",2007,24,2007-06-13,"L","Tarsalis","culex",13,"cfc"
"FC033075|Pipiens|2007|25","FC-033075","FC","FC",2007,25,2007-06-22,"L","Pipiens","culex",0,"cfc"
"FC033075|Tarsalis|2007|25","FC-033075","FC","FC",2007,25,2007-06-22,"L","Tarsalis","culex",50,"cfc"
"FC033075|Pipiens|2007|26","FC-033075","FC","FC",2007,26,2007-06-27,"L","Pipiens","culex",0,"cfc"
"FC033075|Tarsalis|2007|26","FC-033075","FC","FC",2007,26,2007-06-27,"L","Tarsalis","culex",34,"cfc"
"FC033075|Pipiens|2007|27","FC-033075","FC","FC",2007,27,2007-07-02,"L","Pipiens","culex",0,"cfc"
"FC033075|Tarsalis|2007|27","FC-033075","FC","FC",2007,27,2007-07-02,"L","Tarsalis","culex",51,"cfc"
"FC033075|Pipiens|2007|28","FC-033075","FC","FC",2007,28,2007-07-11,"L","Pipiens","culex",1,"cfc"
"FC033075|Tarsalis|2007|28","FC-033075","FC","FC",2007,28,2007-07-11,"L","Tarsalis","culex",50,"cfc"
"FC033075|Pipiens|2007|29","FC-033075","FC","FC",2007,29,2007-07-18,"L","Pipiens","culex",3,"cfc"
"FC033075|Tarsalis|2007|29","FC-033075","FC","FC",2007,29,2007-07-18,"L","Tarsalis","culex",24,"cfc"
"FC033075|Pipiens|2007|30","FC-033075","FC","FC",2007,30,2007-07-26,"L","Pipiens","culex",29,"cfc"
"FC033075|Tarsalis|2007|30","FC-033075","FC","FC",2007,30,2007-07-26,"L","Tarsalis","culex",50,"cfc"
"FC033075|Pipiens|2007|31","FC-033075","FC","FC",2007,31,2007-08-01,"L","Pipiens","culex",7,"cfc"
"FC033075|Tarsalis|2007|31","FC-033075","FC","FC",2007,31,2007-08-01,"L","Tarsalis","culex",36,"cfc"
"FC033075|Pipiens|2007|32","FC-033075","FC","FC",2007,32,2007-08-08,"L","Pipiens","culex",1,"cfc"
"FC033075|Tarsalis|2007|32","FC-033075","FC","FC",2007,32,2007-08-08,"L","Tarsalis","culex",17,"cfc"
"FC033075|Pipiens|2007|33","FC-033075","FC","FC",2007,33,2007-08-14,"L","Pipiens","culex",2,"cfc"
"FC033075|Tarsalis|2007|33","FC-033075","FC","FC",2007,33,2007-08-14,"L","Tarsalis","culex",41,"cfc"
"FC033075|Pipiens|2007|34","FC-033075","FC","FC",2007,34,2007-08-22,"L","Pipiens","culex",8,"cfc"
"FC033075|Tarsalis|2007|34","FC-033075","FC","FC",2007,34,2007-08-22,"L","Tarsalis","culex",21,"cfc"
"FC033075|Pipiens|2007|35","FC-033075","FC","FC",2007,35,2007-08-30,"L","Pipiens","culex",1,"cfc"
"FC033075|Tarsalis|2007|35","FC-033075","FC","FC",2007,35,2007-08-30,"L","Tarsalis","culex",8,"cfc"
"FC033075|Pipiens|2007|36","FC-033075","FC","FC",2007,36,2007-09-06,"L","Pipiens","culex",1,"cfc"
"FC033075|Tarsalis|2007|36","FC-033075","FC","FC",2007,36,2007-09-06,"L","Tarsalis","culex",0,"cfc"
"FC033075|Pipiens|2007|37","FC-033075","FC","FC",2007,37,2007-09-12,"L","Pipiens","culex",1,"cfc"
"FC033075|Tarsalis|2007|37","FC-033075","FC","FC",2007,37,2007-09-12,"L","Tarsalis","culex",3,"cfc"
"FC033075|Pipiens|2008|23","FC-033075","FC","FC",2008,23,2008-06-04,"L","Pipiens","culex",0,"cfc"
"FC033075|Tarsalis|2008|23","FC-033075","FC","FC",2008,23,2008-06-04,"L","Tarsalis","culex",1,"cfc"
"FC033075|Pipiens|2008|24","FC-033075","FC","FC",2008,24,2008-06-11,"L","Pipiens","culex",0,"cfc"
"FC033075|Tarsalis|2008|24","FC-033075","FC","FC",2008,24,2008-06-11,"L","Tarsalis","culex",1,"cfc"
"FC033075|Pipiens|2008|25","FC-033075","FC","FC",2008,25,2008-06-18,"L","Pipiens","culex",0,"cfc"
"FC033075|Tarsalis|2008|25","FC-033075","FC","FC",2008,25,2008-06-18,"L","Tarsalis","culex",5,"cfc"
"FC033075|Pipiens|2008|26","FC-033075","FC","FC",2008,26,2008-06-25,"L","Pipiens","culex",0,"cfc"
"FC033075|Tarsalis|2008|26","FC-033075","FC","FC",2008,26,2008-06-25,"L","Tarsalis","culex",4,"cfc"
"FC033075|Pipiens|2008|27","FC-033075","FC","FC",2008,27,2008-07-02,"L","Pipiens","culex",0,"cfc"
"FC033075|Tarsalis|2008|27","FC-033075","FC","FC",2008,27,2008-07-02,"L","Tarsalis","culex",1,"cfc"
"FC033075|Pipiens|2008|28","FC-033075","FC","FC",2008,28,2008-07-09,"L","Pipiens","culex",0,"cfc"
"FC033075|Tarsalis|2008|28","FC-033075","FC","FC",2008,28,2008-07-09,"L","Tarsalis","culex",48,"cfc"
"FC033075|Pipiens|2008|29","FC-033075","FC","FC",2008,29,2008-07-16,"L","Pipiens","culex",1,"cfc"
"FC033075|Tarsalis|2008|29","FC-033075","FC","FC",2008,29,2008-07-16,"L","Tarsalis","culex",6,"cfc"
"FC033075|Pipiens|2008|30","FC-033075","FC","FC",2008,30,2008-07-23,"L","Pipiens","culex",7,"cfc"
"FC033075|Tarsalis|2008|30","FC-033075","FC","FC",2008,30,2008-07-23,"L","Tarsalis","culex",10,"cfc"
"FC033075|Pipiens|2008|32","FC-033075","FC","FC",2008,32,2008-08-06,"L","Pipiens","culex",3,"cfc"
"FC033075|Tarsalis|2008|32","FC-033075","FC","FC",2008,32,2008-08-06,"L","Tarsalis","culex",35,"cfc"
"FC033075|Pipiens|2008|33","FC-033075","FC","FC",2008,33,2008-08-13,"L","Pipiens","culex",4,"cfc"
"FC033075|Tarsalis|2008|33","FC-033075","FC","FC",2008,33,2008-08-13,"L","Tarsalis","culex",11,"cfc"
"FC033075|Pipiens|2008|34","FC-033075","FC","FC",2008,34,2008-08-20,"L","Pipiens","culex",3,"cfc"
"FC033075|Tarsalis|2008|34","FC-033075","FC","FC",2008,34,2008-08-20,"L","Tarsalis","culex",25,"cfc"
"FC033075|Pipiens|2008|35","FC-033075","FC","FC",2008,35,2008-08-27,"L","Pipiens","culex",1,"cfc"
"FC033075|Tarsalis|2008|35","FC-033075","FC","FC",2008,35,2008-08-27,"L","Tarsalis","culex",0,"cfc"
"FC033075|Pipiens|2008|36","FC-033075","FC","FC",2008,36,2008-09-04,"L","Pipiens","culex",1,"cfc"
"FC033075|Tarsalis|2008|36","FC-033075","FC","FC",2008,36,2008-09-04,"L","Tarsalis","culex",4,"cfc"
"FC033075|Pipiens|2009|24","FC-033075","FC","FC",2009,24,2009-06-17,"L","Pipiens","culex",0,"cfc"
"FC033075|Tarsalis|2009|24","FC-033075","FC","FC",2009,24,2009-06-17,"L","Tarsalis","culex",2,"cfc"
"FC033075|Pipiens|2009|25","FC-033075","FC","FC",2009,25,2009-06-24,"L","Pipiens","culex",0,"cfc"
"FC033075|Tarsalis|2009|25","FC-033075","FC","FC",2009,25,2009-06-24,"L","Tarsalis","culex",8,"cfc"
"FC033075|Pipiens|2009|26","FC-033075","FC","FC",2009,26,2009-07-01,"L","Pipiens","culex",0,"cfc"
"FC033075|Tarsalis|2009|26","FC-033075","FC","FC",2009,26,2009-07-01,"L","Tarsalis","culex",48,"cfc"
"FC033075|Pipiens|2009|27","FC-033075","FC","FC",2009,27,2009-07-08,"L","Pipiens","culex",1,"cfc"
"FC033075|Tarsalis|2009|27","FC-033075","FC","FC",2009,27,2009-07-08,"L","Tarsalis","culex",90,"cfc"
"FC033075|Pipiens|2009|28","FC-033075","FC","FC",2009,28,2009-07-15,"L","Pipiens","culex",0,"cfc"
"FC033075|Tarsalis|2009|28","FC-033075","FC","FC",2009,28,2009-07-15,"L","Tarsalis","culex",24,"cfc"
"FC033075|Pipiens|2009|29","FC-033075","FC","FC",2009,29,2009-07-22,"L","Pipiens","culex",3,"cfc"
"FC033075|Tarsalis|2009|29","FC-033075","FC","FC",2009,29,2009-07-22,"L","Tarsalis","culex",100,"cfc"
"FC033075|Pipiens|2009|30","FC-033075","FC","FC",2009,30,2009-07-28,"L","Pipiens","culex",4,"cfc"
"FC033075|Tarsalis|2009|30","FC-033075","FC","FC",2009,30,2009-07-28,"L","Tarsalis","culex",58,"cfc"
"FC033075|Pipiens|2009|31","FC-033075","FC","FC",2009,31,2009-08-05,"L","Pipiens","culex",2,"cfc"
"FC033075|Tarsalis|2009|31","FC-033075","FC","FC",2009,31,2009-08-05,"L","Tarsalis","culex",56,"cfc"
"FC033075|Pipiens|2009|32","FC-033075","FC","FC",2009,32,2009-08-12,"L","Pipiens","culex",3,"cfc"
"FC033075|Tarsalis|2009|32","FC-033075","FC","FC",2009,32,2009-08-12,"L","Tarsalis","culex",6,"cfc"
"FC033075|Pipiens|2009|33","FC-033075","FC","FC",2009,33,2009-08-19,"L","Pipiens","culex",5,"cfc"
"FC033075|Tarsalis|2009|33","FC-033075","FC","FC",2009,33,2009-08-19,"L","Tarsalis","culex",13,"cfc"
"FC033075|Pipiens|2009|34","FC-033075","FC","FC",2009,34,2009-08-26,"L","Pipiens","culex",0,"cfc"
"FC033075|Tarsalis|2009|34","FC-033075","FC","FC",2009,34,2009-08-26,"L","Tarsalis","culex",4,"cfc"
"FC033075|Pipiens|2010|24","FC-033075","FC","FC",2010,24,2010-06-16,"L","Pipiens","culex",0,"cfc"
"FC033075|Tarsalis|2010|24","FC-033075","FC","FC",2010,24,2010-06-16,"L","Tarsalis","culex",2,"cfc"
"FC033075|Pipiens|2010|25","FC-033075","FC","FC",2010,25,2010-06-22,"L","Pipiens","culex",0,"cfc"
"FC033075|Tarsalis|2010|25","FC-033075","FC","FC",2010,25,2010-06-22,"L","Tarsalis","culex",10,"cfc"
"FC033075|Pipiens|2010|26","FC-033075","FC","FC",2010,26,2010-06-29,"L","Pipiens","culex",0,"cfc"
"FC033075|Tarsalis|2010|26","FC-033075","FC","FC",2010,26,2010-06-29,"L","Tarsalis","culex",4,"cfc"
"FC033075|Pipiens|2010|28","FC-033075","FC","FC",2010,28,2010-07-13,"L","Pipiens","culex",0,"cfc"
"FC033075|Tarsalis|2010|28","FC-033075","FC","FC",2010,28,2010-07-13,"L","Tarsalis","culex",24,"cfc"
"FC033075|Pipiens|2010|29","FC-033075","FC","FC",2010,29,2010-07-20,"L","Pipiens","culex",0,"cfc"
"FC033075|Tarsalis|2010|29","FC-033075","FC","FC",2010,29,2010-07-20,"L","Tarsalis","culex",7,"cfc"
"FC033075|Pipiens|2010|30","FC-033075","FC","FC",2010,30,2010-07-27,"L","Pipiens","culex",5,"cfc"
"FC033075|Tarsalis|2010|30","FC-033075","FC","FC",2010,30,2010-07-27,"L","Tarsalis","culex",14,"cfc"
"FC033075|Pipiens|2010|31","FC-033075","FC","FC",2010,31,2010-08-03,"L","Pipiens","culex",0,"cfc"
"FC033075|Tarsalis|2010|31","FC-033075","FC","FC",2010,31,2010-08-03,"L","Tarsalis","culex",5,"cfc"
"FC033075|Pipiens|2010|32","FC-033075","FC","FC",2010,32,2010-08-10,"L","Pipiens","culex",1,"cfc"
"FC033075|Tarsalis|2010|32","FC-033075","FC","FC",2010,32,2010-08-10,"L","Tarsalis","culex",28,"cfc"
"FC033075|Pipiens|2010|33","FC-033075","FC","FC",2010,33,2010-08-17,"L","Pipiens","culex",0,"cfc"
"FC033075|Tarsalis|2010|33","FC-033075","FC","FC",2010,33,2010-08-17,"L","Tarsalis","culex",5,"cfc"
"FC033075|Pipiens|2010|34","FC-033075","FC","FC",2010,34,2010-08-24,"L","Pipiens","culex",0,"cfc"
"FC033075|Tarsalis|2010|34","FC-033075","FC","FC",2010,34,2010-08-24,"L","Tarsalis","culex",8,"cfc"
"FC033075|Pipiens|2010|35","FC-033075","FC","FC",2010,35,2010-08-31,"L","Pipiens","culex",0,"cfc"
"FC033075|Tarsalis|2010|35","FC-033075","FC","FC",2010,35,2010-08-31,"L","Tarsalis","culex",6,"cfc"
"FC033075|Pipiens|2011|23","FC-033075","FC","FC",2011,23,2011-06-08,"L","Pipiens","culex",0,"cfc"
"FC033075|Tarsalis|2011|23","FC-033075","FC","FC",2011,23,2011-06-08,"L","Tarsalis","culex",1,"cfc"
"FC033075|Pipiens|2011|26","FC-033075","FC","FC",2011,26,2011-06-29,"L","Pipiens","culex",1,"cfc"
"FC033075|Tarsalis|2011|26","FC-033075","FC","FC",2011,26,2011-06-29,"L","Tarsalis","culex",1,"cfc"
"FC033075|Pipiens|2011|27","FC-033075","FC","FC",2011,27,2011-07-06,"L","Pipiens","culex",3,"cfc"
"FC033075|Tarsalis|2011|27","FC-033075","FC","FC",2011,27,2011-07-06,"L","Tarsalis","culex",1,"cfc"
"FC033075|Pipiens|2011|28","FC-033075","FC","FC",2011,28,2011-07-13,"L","Pipiens","culex",0,"cfc"
"FC033075|Tarsalis|2011|28","FC-033075","FC","FC",2011,28,2011-07-13,"L","Tarsalis","culex",1,"cfc"
"FC033075|Pipiens|2011|29","FC-033075","FC","FC",2011,29,2011-07-20,"L","Pipiens","culex",5,"cfc"
"FC033075|Tarsalis|2011|29","FC-033075","FC","FC",2011,29,2011-07-20,"L","Tarsalis","culex",10,"cfc"
"FC033075|Pipiens|2011|30","FC-033075","FC","FC",2011,30,2011-07-27,"L","Pipiens","culex",2,"cfc"
"FC033075|Tarsalis|2011|30","FC-033075","FC","FC",2011,30,2011-07-27,"L","Tarsalis","culex",11,"cfc"
"FC033075|Pipiens|2011|31","FC-033075","FC","FC",2011,31,2011-08-03,"L","Pipiens","culex",10,"cfc"
"FC033075|Tarsalis|2011|31","FC-033075","FC","FC",2011,31,2011-08-03,"L","Tarsalis","culex",22,"cfc"
"FC033075|Pipiens|2011|32","FC-033075","FC","FC",2011,32,2011-08-10,"L","Pipiens","culex",13,"cfc"
"FC033075|Tarsalis|2011|32","FC-033075","FC","FC",2011,32,2011-08-10,"L","Tarsalis","culex",8,"cfc"
"FC033075|Pipiens|2012|23","FC-033075","FC","FC",2012,23,2012-06-05,"L","Pipiens","culex",3,"cfc"
"FC033075|Tarsalis|2012|23","FC-033075","FC","FC",2012,23,2012-06-05,"L","Tarsalis","culex",5,"cfc"
"FC033075|Pipiens|2012|24","FC-033075","FC","FC",2012,24,2012-06-12,"L","Pipiens","culex",0,"cfc"
"FC033075|Tarsalis|2012|24","FC-033075","FC","FC",2012,24,2012-06-12,"L","Tarsalis","culex",2,"cfc"
"FC033075|Pipiens|2012|25","FC-033075","FC","FC",2012,25,2012-06-19,"L","Pipiens","culex",2,"cfc"
"FC033075|Tarsalis|2012|25","FC-033075","FC","FC",2012,25,2012-06-19,"L","Tarsalis","culex",13,"cfc"
"FC033075|Pipiens|2012|26","FC-033075","FC","FC",2012,26,2012-06-26,"L","Pipiens","culex",8,"cfc"
"FC033075|Tarsalis|2012|26","FC-033075","FC","FC",2012,26,2012-06-26,"L","Tarsalis","culex",17,"cfc"
"FC033075|Pipiens|2012|27","FC-033075","FC","FC",2012,27,2012-07-01,"L","Pipiens","culex",1,"cfc"
"FC033075|Tarsalis|2012|27","FC-033075","FC","FC",2012,27,2012-07-01,"L","Tarsalis","culex",0,"cfc"
"FC033075|Pipiens|2012|28","FC-033075","FC","FC",2012,28,2012-07-10,"L","Pipiens","culex",25,"cfc"
"FC033075|Tarsalis|2012|28","FC-033075","FC","FC",2012,28,2012-07-10,"L","Tarsalis","culex",86,"cfc"
"FC033075|Pipiens|2012|29","FC-033075","FC","FC",2012,29,2012-07-17,"L","Pipiens","culex",28,"cfc"
"FC033075|Tarsalis|2012|29","FC-033075","FC","FC",2012,29,2012-07-17,"L","Tarsalis","culex",49,"cfc"
"FC033075|Pipiens|2012|30","FC-033075","FC","FC",2012,30,2012-07-24,"L","Pipiens","culex",51,"cfc"
"FC033075|Tarsalis|2012|30","FC-033075","FC","FC",2012,30,2012-07-24,"L","Tarsalis","culex",4,"cfc"
"FC033075|Pipiens|2012|31","FC-033075","FC","FC",2012,31,2012-07-31,"L","Pipiens","culex",64,"cfc"
"FC033075|Tarsalis|2012|31","FC-033075","FC","FC",2012,31,2012-07-31,"L","Tarsalis","culex",20,"cfc"
"FC033075|Pipiens|2012|32","FC-033075","FC","FC",2012,32,2012-08-07,"L","Pipiens","culex",40,"cfc"
"FC033075|Tarsalis|2012|32","FC-033075","FC","FC",2012,32,2012-08-07,"L","Tarsalis","culex",44,"cfc"
"FC033075|Pipiens|2012|33","FC-033075","FC","FC",2012,33,2012-08-14,"L","Pipiens","culex",100,"cfc"
"FC033075|Tarsalis|2012|33","FC-033075","FC","FC",2012,33,2012-08-14,"L","Tarsalis","culex",11,"cfc"
"FC033075|Pipiens|2012|34","FC-033075","FC","FC",2012,34,2012-08-21,"L","Pipiens","culex",100,"cfc"
"FC033075|Tarsalis|2012|34","FC-033075","FC","FC",2012,34,2012-08-21,"L","Tarsalis","culex",10,"cfc"
"FC033075|Pipiens|2012|35","FC-033075","FC","FC",2012,35,2012-08-28,"L","Pipiens","culex",69,"cfc"
"FC033075|Tarsalis|2012|35","FC-033075","FC","FC",2012,35,2012-08-28,"L","Tarsalis","culex",9,"cfc"
"FC033075|Pipiens|2012|36","FC-033075","FC","FC",2012,36,2012-09-05,"L","Pipiens","culex",49,"cfc"
"FC033075|Tarsalis|2012|36","FC-033075","FC","FC",2012,36,2012-09-05,"L","Tarsalis","culex",4,"cfc"
"FC033075|Pipiens|2013|24","FC-033075","FC","FC",2013,24,2013-06-11,"L","Pipiens","culex",2,"cfc"
"FC033075|Tarsalis|2013|24","FC-033075","FC","FC",2013,24,2013-06-11,"L","Tarsalis","culex",22,"cfc"
"FC033075|Pipiens|2013|25","FC-033075","FC","FC",2013,25,2013-06-18,"L","Pipiens","culex",3,"cfc"
"FC033075|Tarsalis|2013|25","FC-033075","FC","FC",2013,25,2013-06-18,"L","Tarsalis","culex",1,"cfc"
"FC033075|Pipiens|2013|26","FC-033075","FC","FC",2013,26,2013-06-25,"L","Pipiens","culex",2,"cfc"
"FC033075|Tarsalis|2013|26","FC-033075","FC","FC",2013,26,2013-06-25,"L","Tarsalis","culex",33,"cfc"
"FC033075|Pipiens|2013|27","FC-033075","FC","FC",2013,27,2013-07-02,"L","Pipiens","culex",14,"cfc"
"FC033075|Tarsalis|2013|27","FC-033075","FC","FC",2013,27,2013-07-02,"L","Tarsalis","culex",50,"cfc"
"FC033075|Pipiens|2013|28","FC-033075","FC","FC",2013,28,2013-07-09,"L","Pipiens","culex",24,"cfc"
"FC033075|Tarsalis|2013|28","FC-033075","FC","FC",2013,28,2013-07-09,"L","Tarsalis","culex",50,"cfc"
"FC033075|Pipiens|2013|29","FC-033075","FC","FC",2013,29,2013-07-16,"L","Pipiens","culex",50,"cfc"
"FC033075|Tarsalis|2013|29","FC-033075","FC","FC",2013,29,2013-07-16,"L","Tarsalis","culex",50,"cfc"
"FC033075|Pipiens|2013|30","FC-033075","FC","FC",2013,30,2013-07-23,"L","Pipiens","culex",7,"cfc"
"FC033075|Tarsalis|2013|30","FC-033075","FC","FC",2013,30,2013-07-23,"L","Tarsalis","culex",50,"cfc"
"FC033075|Pipiens|2013|31","FC-033075","FC","FC",2013,31,2013-07-30,"L","Pipiens","culex",50,"cfc"
"FC033075|Tarsalis|2013|31","FC-033075","FC","FC",2013,31,2013-07-30,"L","Tarsalis","culex",50,"cfc"
"FC033075|Pipiens|2013|32","FC-033075","FC","FC",2013,32,2013-08-06,"L","Pipiens","culex",50,"cfc"
"FC033075|Tarsalis|2013|32","FC-033075","FC","FC",2013,32,2013-08-06,"L","Tarsalis","culex",50,"cfc"
"FC033075|Pipiens|2013|33","FC-033075","FC","FC",2013,33,2013-08-13,"L","Pipiens","culex",43,"cfc"
"FC033075|Tarsalis|2013|33","FC-033075","FC","FC",2013,33,2013-08-13,"L","Tarsalis","culex",2,"cfc"
"FC033075|Pipiens|2013|34","FC-033075","FC","FC",2013,34,2013-08-22,"L","Pipiens","culex",45,"cfc"
"FC033075|Tarsalis|2013|34","FC-033075","FC","FC",2013,34,2013-08-22,"L","Tarsalis","culex",25,"cfc"
"FC033075|Pipiens|2013|35","FC-033075","FC","FC",2013,35,2013-08-27,"L","Pipiens","culex",47,"cfc"
"FC033075|Tarsalis|2013|35","FC-033075","FC","FC",2013,35,2013-08-27,"L","Tarsalis","culex",48,"cfc"
"FC073009|Pipiens|2006|25","FC-073009","FC","FC",2006,25,2006-06-20,"L","Pipiens","culex",0,"cfc"
"FC073009|Tarsalis|2006|25","FC-073009","FC","FC",2006,25,2006-06-20,"L","Tarsalis","culex",2,"cfc"
"FC073009|Pipiens|2006|26","FC-073009","FC","FC",2006,26,2006-06-27,"L","Pipiens","culex",3,"cfc"
"FC073009|Tarsalis|2006|26","FC-073009","FC","FC",2006,26,2006-06-27,"L","Tarsalis","culex",4,"cfc"
"FC073009|Pipiens|2006|27","FC-073009","FC","FC",2006,27,2006-07-06,"L","Pipiens","culex",0,"cfc"
"FC073009|Tarsalis|2006|27","FC-073009","FC","FC",2006,27,2006-07-06,"L","Tarsalis","culex",2,"cfc"
"FC073009|Pipiens|2006|28","FC-073009","FC","FC",2006,28,2006-07-11,"L","Pipiens","culex",1,"cfc"
"FC073009|Tarsalis|2006|28","FC-073009","FC","FC",2006,28,2006-07-11,"L","Tarsalis","culex",1,"cfc"
"FC073009|Pipiens|2006|29","FC-073009","FC","FC",2006,29,2006-07-18,"L","Pipiens","culex",2,"cfc"
"FC073009|Tarsalis|2006|29","FC-073009","FC","FC",2006,29,2006-07-18,"L","Tarsalis","culex",5,"cfc"
"FC073009|Pipiens|2006|30","FC-073009","FC","FC",2006,30,2006-07-25,"L","Pipiens","culex",2,"cfc"
"FC073009|Tarsalis|2006|30","FC-073009","FC","FC",2006,30,2006-07-25,"L","Tarsalis","culex",11,"cfc"
"FC073009|Pipiens|2006|31","FC-073009","FC","FC",2006,31,2006-08-01,"L","Pipiens","culex",7,"cfc"
"FC073009|Tarsalis|2006|31","FC-073009","FC","FC",2006,31,2006-08-01,"L","Tarsalis","culex",19,"cfc"
"FC073009|Pipiens|2006|33","FC-073009","FC","FC",2006,33,2006-08-15,"L","Pipiens","culex",8,"cfc"
"FC073009|Tarsalis|2006|33","FC-073009","FC","FC",2006,33,2006-08-15,"L","Tarsalis","culex",7,"cfc"
"FC073009|Pipiens|2006|34","FC-073009","FC","FC",2006,34,2006-08-22,"L","Pipiens","culex",1,"cfc"
"FC073009|Tarsalis|2006|34","FC-073009","FC","FC",2006,34,2006-08-22,"L","Tarsalis","culex",8,"cfc"
"FC073009|Pipiens|2006|35","FC-073009","FC","FC",2006,35,2006-08-29,"L","Pipiens","culex",2,"cfc"
"FC073009|Tarsalis|2006|35","FC-073009","FC","FC",2006,35,2006-08-29,"L","Tarsalis","culex",2,"cfc"
"FC073009|Pipiens|2006|36","FC-073009","FC","FC",2006,36,2006-09-06,"L","Pipiens","culex",4,"cfc"
"FC073009|Tarsalis|2006|36","FC-073009","FC","FC",2006,36,2006-09-06,"L","Tarsalis","culex",0,"cfc"
"FC073009|Pipiens|2007|23","FC-073009","FC","FC",2007,23,2007-06-05,"L","Pipiens","culex",0,"cfc"
"FC073009|Tarsalis|2007|23","FC-073009","FC","FC",2007,23,2007-06-05,"L","Tarsalis","culex",1,"cfc"
"FC073009|Pipiens|2007|24","FC-073009","FC","FC",2007,24,2007-06-12,"L","Pipiens","culex",0,"cfc"
"FC073009|Tarsalis|2007|24","FC-073009","FC","FC",2007,24,2007-06-12,"L","Tarsalis","culex",1,"cfc"
"FC073009|Pipiens|2007|25","FC-073009","FC","FC",2007,25,2007-06-19,"L","Pipiens","culex",0,"cfc"
"FC073009|Tarsalis|2007|25","FC-073009","FC","FC",2007,25,2007-06-19,"L","Tarsalis","culex",1,"cfc"
"FC073009|Pipiens|2007|26","FC-073009","FC","FC",2007,26,2007-06-26,"L","Pipiens","culex",1,"cfc"
"FC073009|Tarsalis|2007|26","FC-073009","FC","FC",2007,26,2007-06-26,"L","Tarsalis","culex",4,"cfc"
"FC073009|Pipiens|2007|27","FC-073009","FC","FC",2007,27,2007-07-03,"L","Pipiens","culex",0,"cfc"
"FC073009|Tarsalis|2007|27","FC-073009","FC","FC",2007,27,2007-07-03,"L","Tarsalis","culex",51,"cfc"
"FC073009|Pipiens|2007|28","FC-073009","FC","FC",2007,28,2007-07-10,"L","Pipiens","culex",0,"cfc"
"FC073009|Tarsalis|2007|28","FC-073009","FC","FC",2007,28,2007-07-10,"L","Tarsalis","culex",18,"cfc"
"FC073009|Pipiens|2007|29","FC-073009","FC","FC",2007,29,2007-07-17,"L","Pipiens","culex",2,"cfc"
"FC073009|Tarsalis|2007|29","FC-073009","FC","FC",2007,29,2007-07-17,"L","Tarsalis","culex",13,"cfc"
"FC073009|Pipiens|2007|30","FC-073009","FC","FC",2007,30,2007-07-26,"L","Pipiens","culex",0,"cfc"
"FC073009|Tarsalis|2007|30","FC-073009","FC","FC",2007,30,2007-07-26,"L","Tarsalis","culex",29,"cfc"
"FC073009|Pipiens|2007|31","FC-073009","FC","FC",2007,31,2007-07-31,"L","Pipiens","culex",6,"cfc"
"FC073009|Tarsalis|2007|31","FC-073009","FC","FC",2007,31,2007-07-31,"L","Tarsalis","culex",15,"cfc"
"FC073009|Pipiens|2007|32","FC-073009","FC","FC",2007,32,2007-08-07,"L","Pipiens","culex",5,"cfc"
"FC073009|Tarsalis|2007|32","FC-073009","FC","FC",2007,32,2007-08-07,"L","Tarsalis","culex",10,"cfc"
"FC073009|Pipiens|2007|33","FC-073009","FC","FC",2007,33,2007-08-15,"L","Pipiens","culex",3,"cfc"
"FC073009|Tarsalis|2007|33","FC-073009","FC","FC",2007,33,2007-08-15,"L","Tarsalis","culex",6,"cfc"
"FC073009|Pipiens|2007|34","FC-073009","FC","FC",2007,34,2007-08-23,"L","Pipiens","culex",31,"cfc"
"FC073009|Tarsalis|2007|34","FC-073009","FC","FC",2007,34,2007-08-23,"L","Tarsalis","culex",42,"cfc"
"FC073009|Pipiens|2007|35","FC-073009","FC","FC",2007,35,2007-08-31,"L","Pipiens","culex",11,"cfc"
"FC073009|Tarsalis|2007|35","FC-073009","FC","FC",2007,35,2007-08-31,"L","Tarsalis","culex",4,"cfc"
"FC073009|Pipiens|2007|36","FC-073009","FC","FC",2007,36,2007-09-05,"L","Pipiens","culex",12,"cfc"
"FC073009|Tarsalis|2007|36","FC-073009","FC","FC",2007,36,2007-09-05,"L","Tarsalis","culex",4,"cfc"
"FC073009|Pipiens|2007|37","FC-073009","FC","FC",2007,37,2007-09-13,"L","Pipiens","culex",5,"cfc"
"FC073009|Tarsalis|2007|37","FC-073009","FC","FC",2007,37,2007-09-13,"L","Tarsalis","culex",1,"cfc"
"FC073009|Pipiens|2008|23","FC-073009","FC","FC",2008,23,2008-06-03,"L","Pipiens","culex",0,"cfc"
"FC073009|Tarsalis|2008|23","FC-073009","FC","FC",2008,23,2008-06-03,"L","Tarsalis","culex",1,"cfc"
"FC073009|Pipiens|2008|24","FC-073009","FC","FC",2008,24,2008-06-10,"L","Pipiens","culex",0,"cfc"
"FC073009|Tarsalis|2008|24","FC-073009","FC","FC",2008,24,2008-06-10,"L","Tarsalis","culex",1,"cfc"
"FC073009|Pipiens|2008|27","FC-073009","FC","FC",2008,27,2008-07-01,"L","Pipiens","culex",0,"cfc"
"FC073009|Tarsalis|2008|27","FC-073009","FC","FC",2008,27,2008-07-01,"L","Tarsalis","culex",1,"cfc"
"FC073009|Pipiens|2008|28","FC-073009","FC","FC",2008,28,2008-07-08,"L","Pipiens","culex",3,"cfc"
"FC073009|Tarsalis|2008|28","FC-073009","FC","FC",2008,28,2008-07-08,"L","Tarsalis","culex",5,"cfc"
"FC073009|Pipiens|2008|29","FC-073009","FC","FC",2008,29,2008-07-15,"L","Pipiens","culex",5,"cfc"
"FC073009|Tarsalis|2008|29","FC-073009","FC","FC",2008,29,2008-07-15,"L","Tarsalis","culex",19,"cfc"
"FC073009|Pipiens|2008|30","FC-073009","FC","FC",2008,30,2008-07-22,"L","Pipiens","culex",43,"cfc"
"FC073009|Tarsalis|2008|30","FC-073009","FC","FC",2008,30,2008-07-22,"L","Tarsalis","culex",45,"cfc"
"FC073009|Pipiens|2008|31","FC-073009","FC","FC",2008,31,2008-07-29,"L","Pipiens","culex",15,"cfc"
"FC073009|Tarsalis|2008|31","FC-073009","FC","FC",2008,31,2008-07-29,"L","Tarsalis","culex",21,"cfc"
"FC073009|Pipiens|2008|32","FC-073009","FC","FC",2008,32,2008-08-05,"L","Pipiens","culex",27,"cfc"
"FC073009|Tarsalis|2008|32","FC-073009","FC","FC",2008,32,2008-08-05,"L","Tarsalis","culex",43,"cfc"
"FC073009|Pipiens|2008|33","FC-073009","FC","FC",2008,33,2008-08-12,"L","Pipiens","culex",49,"cfc"
"FC073009|Tarsalis|2008|33","FC-073009","FC","FC",2008,33,2008-08-12,"L","Tarsalis","culex",18,"cfc"
"FC073009|Pipiens|2008|34","FC-073009","FC","FC",2008,34,2008-08-19,"L","Pipiens","culex",15,"cfc"
"FC073009|Tarsalis|2008|34","FC-073009","FC","FC",2008,34,2008-08-19,"L","Tarsalis","culex",8,"cfc"
"FC073009|Pipiens|2008|35","FC-073009","FC","FC",2008,35,2008-08-26,"L","Pipiens","culex",6,"cfc"
"FC073009|Tarsalis|2008|35","FC-073009","FC","FC",2008,35,2008-08-26,"L","Tarsalis","culex",5,"cfc"
"FC073009|Pipiens|2008|36","FC-073009","FC","FC",2008,36,2008-09-03,"L","Pipiens","culex",18,"cfc"
"FC073009|Tarsalis|2008|36","FC-073009","FC","FC",2008,36,2008-09-03,"L","Tarsalis","culex",3,"cfc"
"FC073009|Pipiens|2009|23","FC-073009","FC","FC",2009,23,2009-06-09,"L","Pipiens","culex",0,"cfc"
"FC073009|Tarsalis|2009|23","FC-073009","FC","FC",2009,23,2009-06-09,"L","Tarsalis","culex",1,"cfc"
"FC073009|Pipiens|2009|24","FC-073009","FC","FC",2009,24,2009-06-16,"L","Pipiens","culex",1,"cfc"
"FC073009|Tarsalis|2009|24","FC-073009","FC","FC",2009,24,2009-06-16,"L","Tarsalis","culex",1,"cfc"
"FC073009|Pipiens|2009|25","FC-073009","FC","FC",2009,25,2009-06-23,"L","Pipiens","culex",2,"cfc"
"FC073009|Tarsalis|2009|25","FC-073009","FC","FC",2009,25,2009-06-23,"L","Tarsalis","culex",0,"cfc"
"FC073009|Pipiens|2009|26","FC-073009","FC","FC",2009,26,2009-06-30,"L","Pipiens","culex",10,"cfc"
"FC073009|Tarsalis|2009|26","FC-073009","FC","FC",2009,26,2009-06-30,"L","Tarsalis","culex",12,"cfc"
"FC073009|Pipiens|2009|27","FC-073009","FC","FC",2009,27,2009-07-07,"L","Pipiens","culex",1,"cfc"
"FC073009|Tarsalis|2009|27","FC-073009","FC","FC",2009,27,2009-07-07,"L","Tarsalis","culex",49,"cfc"
"FC073009|Pipiens|2009|28","FC-073009","FC","FC",2009,28,2009-07-14,"L","Pipiens","culex",101,"cfc"
"FC073009|Tarsalis|2009|28","FC-073009","FC","FC",2009,28,2009-07-14,"L","Tarsalis","culex",100,"cfc"
"FC073009|Pipiens|2009|29","FC-073009","FC","FC",2009,29,2009-07-21,"L","Pipiens","culex",34,"cfc"
"FC073009|Tarsalis|2009|29","FC-073009","FC","FC",2009,29,2009-07-21,"L","Tarsalis","culex",100,"cfc"
"FC073009|Pipiens|2009|30","FC-073009","FC","FC",2009,30,2009-07-27,"L","Pipiens","culex",68,"cfc"
"FC073009|Tarsalis|2009|30","FC-073009","FC","FC",2009,30,2009-07-27,"L","Tarsalis","culex",97,"cfc"
"FC073009|Pipiens|2009|31","FC-073009","FC","FC",2009,31,2009-08-04,"L","Pipiens","culex",73,"cfc"
"FC073009|Tarsalis|2009|31","FC-073009","FC","FC",2009,31,2009-08-04,"L","Tarsalis","culex",66,"cfc"
"FC073009|Pipiens|2009|32","FC-073009","FC","FC",2009,32,2009-08-11,"L","Pipiens","culex",102,"cfc"
"FC073009|Tarsalis|2009|32","FC-073009","FC","FC",2009,32,2009-08-11,"L","Tarsalis","culex",62,"cfc"
"FC073009|Pipiens|2009|33","FC-073009","FC","FC",2009,33,2009-08-21,"L","Pipiens","culex",9,"cfc"
"FC073009|Tarsalis|2009|33","FC-073009","FC","FC",2009,33,2009-08-21,"L","Tarsalis","culex",3,"cfc"
"FC073009|Pipiens|2009|34","FC-073009","FC","FC",2009,34,2009-08-26,"L","Pipiens","culex",2,"cfc"
"FC073009|Tarsalis|2009|34","FC-073009","FC","FC",2009,34,2009-08-26,"L","Tarsalis","culex",4,"cfc"
"FC073009|Pipiens|2009|35","FC-073009","FC","FC",2009,35,2009-09-02,"L","Pipiens","culex",1,"cfc"
"FC073009|Tarsalis|2009|35","FC-073009","FC","FC",2009,35,2009-09-02,"L","Tarsalis","culex",2,"cfc"
"FC073009|Pipiens|2010|23","FC-073009","FC","FC",2010,23,2010-06-07,"L","Pipiens","culex",2,"cfc"
"FC073009|Tarsalis|2010|23","FC-073009","FC","FC",2010,23,2010-06-07,"L","Tarsalis","culex",0,"cfc"
"FC073009|Pipiens|2010|25","FC-073009","FC","FC",2010,25,2010-06-21,"L","Pipiens","culex",2,"cfc"
"FC073009|Tarsalis|2010|25","FC-073009","FC","FC",2010,25,2010-06-21,"L","Tarsalis","culex",3,"cfc"
"FC073009|Pipiens|2010|26","FC-073009","FC","FC",2010,26,2010-06-28,"L","Pipiens","culex",5,"cfc"
"FC073009|Tarsalis|2010|26","FC-073009","FC","FC",2010,26,2010-06-28,"L","Tarsalis","culex",1,"cfc"
"FC073009|Pipiens|2010|27","FC-073009","FC","FC",2010,27,2010-07-05,"L","Pipiens","culex",11,"cfc"
"FC073009|Tarsalis|2010|27","FC-073009","FC","FC",2010,27,2010-07-05,"L","Tarsalis","culex",10,"cfc"
"FC073009|Pipiens|2010|28","FC-073009","FC","FC",2010,28,2010-07-12,"L","Pipiens","culex",5,"cfc"
"FC073009|Tarsalis|2010|28","FC-073009","FC","FC",2010,28,2010-07-12,"L","Tarsalis","culex",91,"cfc"
"FC073009|Pipiens|2010|29","FC-073009","FC","FC",2010,29,2010-07-19,"L","Pipiens","culex",2,"cfc"
"FC073009|Tarsalis|2010|29","FC-073009","FC","FC",2010,29,2010-07-19,"L","Tarsalis","culex",99,"cfc"
"FC073009|Pipiens|2010|30","FC-073009","FC","FC",2010,30,2010-07-26,"L","Pipiens","culex",4,"cfc"
"FC073009|Tarsalis|2010|30","FC-073009","FC","FC",2010,30,2010-07-26,"L","Tarsalis","culex",26,"cfc"
"FC073009|Pipiens|2010|31","FC-073009","FC","FC",2010,31,2010-08-02,"L","Pipiens","culex",17,"cfc"
"FC073009|Tarsalis|2010|31","FC-073009","FC","FC",2010,31,2010-08-02,"L","Tarsalis","culex",100,"cfc"
"FC073009|Pipiens|2010|32","FC-073009","FC","FC",2010,32,2010-08-09,"L","Pipiens","culex",39,"cfc"
"FC073009|Tarsalis|2010|32","FC-073009","FC","FC",2010,32,2010-08-09,"L","Tarsalis","culex",57,"cfc"
"FC073009|Pipiens|2010|33","FC-073009","FC","FC",2010,33,2010-08-16,"L","Pipiens","culex",7,"cfc"
"FC073009|Tarsalis|2010|33","FC-073009","FC","FC",2010,33,2010-08-16,"L","Tarsalis","culex",14,"cfc"
"FC073009|Pipiens|2010|34","FC-073009","FC","FC",2010,34,2010-08-23,"L","Pipiens","culex",12,"cfc"
"FC073009|Tarsalis|2010|34","FC-073009","FC","FC",2010,34,2010-08-23,"L","Tarsalis","culex",15,"cfc"
"FC073009|Pipiens|2010|35","FC-073009","FC","FC",2010,35,2010-08-30,"L","Pipiens","culex",0,"cfc"
"FC073009|Tarsalis|2010|35","FC-073009","FC","FC",2010,35,2010-08-30,"L","Tarsalis","culex",6,"cfc"
"FC073009|Pipiens|2010|36","FC-073009","FC","FC",2010,36,2010-09-07,"L","Pipiens","culex",1,"cfc"
"FC073009|Tarsalis|2010|36","FC-073009","FC","FC",2010,36,2010-09-07,"L","Tarsalis","culex",1,"cfc"
"FC073009|Pipiens|2011|26","FC-073009","FC","FC",2011,26,2011-06-28,"L","Pipiens","culex",1,"cfc"
"FC073009|Tarsalis|2011|26","FC-073009","FC","FC",2011,26,2011-06-28,"L","Tarsalis","culex",0,"cfc"
"FC073009|Pipiens|2011|28","FC-073009","FC","FC",2011,28,2011-07-12,"L","Pipiens","culex",4,"cfc"
"FC073009|Tarsalis|2011|28","FC-073009","FC","FC",2011,28,2011-07-12,"L","Tarsalis","culex",7,"cfc"
"FC073009|Pipiens|2011|29","FC-073009","FC","FC",2011,29,2011-07-19,"L","Pipiens","culex",0,"cfc"
"FC073009|Tarsalis|2011|29","FC-073009","FC","FC",2011,29,2011-07-19,"L","Tarsalis","culex",3,"cfc"
"FC073009|Pipiens|2011|30","FC-073009","FC","FC",2011,30,2011-07-28,"L","Pipiens","culex",8,"cfc"
"FC073009|Tarsalis|2011|30","FC-073009","FC","FC",2011,30,2011-07-28,"L","Tarsalis","culex",15,"cfc"
"FC073009|Pipiens|2011|31","FC-073009","FC","FC",2011,31,2011-08-04,"L","Pipiens","culex",13,"cfc"
"FC073009|Tarsalis|2011|31","FC-073009","FC","FC",2011,31,2011-08-04,"L","Tarsalis","culex",17,"cfc"
"FC073009|Pipiens|2011|32","FC-073009","FC","FC",2011,32,2011-08-11,"L","Pipiens","culex",14,"cfc"
"FC073009|Tarsalis|2011|32","FC-073009","FC","FC",2011,32,2011-08-11,"L","Tarsalis","culex",23,"cfc"
"FC073009|Pipiens|2012|24","FC-073009","FC","FC",2012,24,2012-06-11,"L","Pipiens","culex",1,"cfc"
"FC073009|Tarsalis|2012|24","FC-073009","FC","FC",2012,24,2012-06-11,"L","Tarsalis","culex",0,"cfc"
"FC073009|Pipiens|2012|26","FC-073009","FC","FC",2012,26,2012-06-25,"L","Pipiens","culex",0,"cfc"
"FC073009|Tarsalis|2012|26","FC-073009","FC","FC",2012,26,2012-06-25,"L","Tarsalis","culex",4,"cfc"
"FC073009|Pipiens|2012|28","FC-073009","FC","FC",2012,28,2012-07-09,"L","Pipiens","culex",2,"cfc"
"FC073009|Tarsalis|2012|28","FC-073009","FC","FC",2012,28,2012-07-09,"L","Tarsalis","culex",2,"cfc"
"FC073009|Pipiens|2012|29","FC-073009","FC","FC",2012,29,2012-07-16,"L","Pipiens","culex",0,"cfc"
"FC073009|Tarsalis|2012|29","FC-073009","FC","FC",2012,29,2012-07-16,"L","Tarsalis","culex",2,"cfc"
"FC073009|Pipiens|2012|30","FC-073009","FC","FC",2012,30,2012-07-23,"L","Pipiens","culex",2,"cfc"
"FC073009|Tarsalis|2012|30","FC-073009","FC","FC",2012,30,2012-07-23,"L","Tarsalis","culex",6,"cfc"
"FC073009|Pipiens|2012|31","FC-073009","FC","FC",2012,31,2012-07-30,"L","Pipiens","culex",1,"cfc"
"FC073009|Tarsalis|2012|31","FC-073009","FC","FC",2012,31,2012-07-30,"L","Tarsalis","culex",5,"cfc"
"FC073009|Pipiens|2012|32","FC-073009","FC","FC",2012,32,2012-08-08,"L","Pipiens","culex",12,"cfc"
"FC073009|Tarsalis|2012|32","FC-073009","FC","FC",2012,32,2012-08-08,"L","Tarsalis","culex",11,"cfc"
"FC073009|Pipiens|2012|33","FC-073009","FC","FC",2012,33,2012-08-15,"L","Pipiens","culex",21,"cfc"
"FC073009|Tarsalis|2012|33","FC-073009","FC","FC",2012,33,2012-08-15,"L","Tarsalis","culex",8,"cfc"
"FC073009|Pipiens|2012|34","FC-073009","FC","FC",2012,34,2012-08-22,"L","Pipiens","culex",1,"cfc"
"FC073009|Tarsalis|2012|34","FC-073009","FC","FC",2012,34,2012-08-22,"L","Tarsalis","culex",6,"cfc"
"FC073009|Pipiens|2012|35","FC-073009","FC","FC",2012,35,2012-08-29,"L","Pipiens","culex",1,"cfc"
"FC073009|Tarsalis|2012|35","FC-073009","FC","FC",2012,35,2012-08-29,"L","Tarsalis","culex",1,"cfc"
"FC073009|Pipiens|2013|24","FC-073009","FC","FC",2013,24,2013-06-10,"L","Pipiens","culex",0,"cfc"
"FC073009|Tarsalis|2013|24","FC-073009","FC","FC",2013,24,2013-06-10,"L","Tarsalis","culex",1,"cfc"
"FC073009|Pipiens|2013|26","FC-073009","FC","FC",2013,26,2013-06-24,"L","Pipiens","culex",0,"cfc"
"FC073009|Tarsalis|2013|26","FC-073009","FC","FC",2013,26,2013-06-24,"L","Tarsalis","culex",8,"cfc"
"FC073009|Pipiens|2013|27","FC-073009","FC","FC",2013,27,2013-07-01,"L","Pipiens","culex",1,"cfc"
"FC073009|Tarsalis|2013|27","FC-073009","FC","FC",2013,27,2013-07-01,"L","Tarsalis","culex",6,"cfc"
"FC073009|Pipiens|2013|28","FC-073009","FC","FC",2013,28,2013-07-08,"L","Pipiens","culex",1,"cfc"
"FC073009|Tarsalis|2013|28","FC-073009","FC","FC",2013,28,2013-07-08,"L","Tarsalis","culex",6,"cfc"
"FC073009|Pipiens|2013|29","FC-073009","FC","FC",2013,29,2013-07-15,"L","Pipiens","culex",1,"cfc"
"FC073009|Tarsalis|2013|29","FC-073009","FC","FC",2013,29,2013-07-15,"L","Tarsalis","culex",10,"cfc"
"FC073009|Pipiens|2013|30","FC-073009","FC","FC",2013,30,2013-07-22,"L","Pipiens","culex",1,"cfc"
"FC073009|Tarsalis|2013|30","FC-073009","FC","FC",2013,30,2013-07-22,"L","Tarsalis","culex",14,"cfc"
"FC073009|Pipiens|2013|31","FC-073009","FC","FC",2013,31,2013-07-29,"L","Pipiens","culex",3,"cfc"
"FC073009|Tarsalis|2013|31","FC-073009","FC","FC",2013,31,2013-07-29,"L","Tarsalis","culex",4,"cfc"
"FC073009|Pipiens|2013|32","FC-073009","FC","FC",2013,32,2013-08-05,"L","Pipiens","culex",9,"cfc"
"FC073009|Tarsalis|2013|32","FC-073009","FC","FC",2013,32,2013-08-05,"L","Tarsalis","culex",33,"cfc"
"FC073009|Pipiens|2013|33","FC-073009","FC","FC",2013,33,2013-08-12,"L","Pipiens","culex",11,"cfc"
"FC073009|Tarsalis|2013|33","FC-073009","FC","FC",2013,33,2013-08-12,"L","Tarsalis","culex",19,"cfc"
"FC073009|Pipiens|2013|34","FC-073009","FC","FC",2013,34,2013-08-19,"L","Pipiens","culex",4,"cfc"
"FC073009|Tarsalis|2013|34","FC-073009","FC","FC",2013,34,2013-08-19,"L","Tarsalis","culex",17,"cfc"
"FC073009|Pipiens|2013|35","FC-073009","FC","FC",2013,35,2013-08-28,"L","Pipiens","culex",1,"cfc"
"FC073009|Tarsalis|2013|35","FC-073009","FC","FC",2013,35,2013-08-28,"L","Tarsalis","culex",4,"cfc"
"FC088|Pipiens|2014|23","FC-088","FC","FC",2014,23,2014-06-03,"L","Pipiens","culex",3,"cfc"
"FC088|Tarsalis|2014|23","FC-088","FC","FC",2014,23,2014-06-03,"L","Tarsalis","culex",0,"cfc"
"FC088|Pipiens|2014|24","FC-088","FC","FC",2014,24,2014-06-10,"L","Pipiens","culex",9,"cfc"
"FC088|Tarsalis|2014|24","FC-088","FC","FC",2014,24,2014-06-10,"L","Tarsalis","culex",0,"cfc"
"FC088|Pipiens|2014|25","FC-088","FC","FC",2014,25,2014-06-17,"L","Pipiens","culex",9,"cfc"
"FC088|Tarsalis|2014|25","FC-088","FC","FC",2014,25,2014-06-17,"L","Tarsalis","culex",0,"cfc"
"FC088|Pipiens|2014|26","FC-088","FC","FC",2014,26,2014-06-24,"L","Pipiens","culex",41,"cfc"
"FC088|Tarsalis|2014|26","FC-088","FC","FC",2014,26,2014-06-24,"L","Tarsalis","culex",0,"cfc"
"FC088|Pipiens|2014|27","FC-088","FC","FC",2014,27,2014-07-01,"L","Pipiens","culex",11,"cfc"
"FC088|Tarsalis|2014|27","FC-088","FC","FC",2014,27,2014-07-01,"L","Tarsalis","culex",0,"cfc"
"FC088|Pipiens|2014|28","FC-088","FC","FC",2014,28,2014-07-09,"L","Pipiens","culex",52,"cfc"
"FC088|Tarsalis|2014|28","FC-088","FC","FC",2014,28,2014-07-09,"L","Tarsalis","culex",1,"cfc"
"FC088|Pipiens|2014|29","FC-088","FC","FC",2014,29,2014-07-15,"L","Pipiens","culex",23,"cfc"
"FC088|Tarsalis|2014|29","FC-088","FC","FC",2014,29,2014-07-15,"L","Tarsalis","culex",0,"cfc"
"FC088|Pipiens|2014|30","FC-088","FC","FC",2014,30,2014-07-22,"L","Pipiens","culex",50,"cfc"
"FC088|Tarsalis|2014|30","FC-088","FC","FC",2014,30,2014-07-22,"L","Tarsalis","culex",1,"cfc"
"FC088|Pipiens|2014|31","FC-088","FC","FC",2014,31,2014-07-29,"L","Pipiens","culex",50,"cfc"
"FC088|Tarsalis|2014|31","FC-088","FC","FC",2014,31,2014-07-29,"L","Tarsalis","culex",3,"cfc"
"FC088|Pipiens|2014|32","FC-088","FC","FC",2014,32,2014-08-05,"L","Pipiens","culex",53,"cfc"
"FC088|Tarsalis|2014|32","FC-088","FC","FC",2014,32,2014-08-05,"L","Tarsalis","culex",4,"cfc"
"FC088|Pipiens|2014|33","FC-088","FC","FC",2014,33,2014-08-12,"L","Pipiens","culex",41,"cfc"
"FC088|Tarsalis|2014|33","FC-088","FC","FC",2014,33,2014-08-12,"L","Tarsalis","culex",1,"cfc"
"FC088|Pipiens|2014|34","FC-088","FC","FC",2014,34,2014-08-20,"L","Pipiens","culex",50,"cfc"
"FC088|Tarsalis|2014|34","FC-088","FC","FC",2014,34,2014-08-20,"L","Tarsalis","culex",2,"cfc"
"FC088|Pipiens|2014|35","FC-088","FC","FC",2014,35,2014-08-26,"L","Pipiens","culex",50,"cfc"
"FC088|Tarsalis|2014|35","FC-088","FC","FC",2014,35,2014-08-26,"L","Tarsalis","culex",0,"cfc"
"FC088|Pipiens|2015|24","FC-088","FC","FC",2015,24,2015-06-16,"L","Pipiens","culex",23,"cfc"
"FC088|Tarsalis|2015|24","FC-088","FC","FC",2015,24,2015-06-16,"L","Tarsalis","culex",0,"cfc"
"FC088|Pipiens|2015|25","FC-088","FC","FC",2015,25,2015-06-23,"L","Pipiens","culex",49,"cfc"
"FC088|Tarsalis|2015|25","FC-088","FC","FC",2015,25,2015-06-23,"L","Tarsalis","culex",1,"cfc"
"FC088|Pipiens|2015|26","FC-088","FC","FC",2015,26,2015-06-30,"L","Pipiens","culex",50,"cfc"
"FC088|Tarsalis|2015|26","FC-088","FC","FC",2015,26,2015-06-30,"L","Tarsalis","culex",0,"cfc"
"FC088|Pipiens|2015|27","FC-088","FC","FC",2015,27,2015-07-07,"L","Pipiens","culex",50,"cfc"
"FC088|Tarsalis|2015|27","FC-088","FC","FC",2015,27,2015-07-07,"L","Tarsalis","culex",0,"cfc"
"FC088|Pipiens|2015|28","FC-088","FC","FC",2015,28,2015-07-15,"L","Pipiens","culex",50,"cfc"
"FC088|Tarsalis|2015|28","FC-088","FC","FC",2015,28,2015-07-15,"L","Tarsalis","culex",0,"cfc"
"FC088|Pipiens|2015|29","FC-088","FC","FC",2015,29,2015-07-21,"L","Pipiens","culex",50,"cfc"
"FC088|Tarsalis|2015|29","FC-088","FC","FC",2015,29,2015-07-21,"L","Tarsalis","culex",3,"cfc"
"FC088|Pipiens|2015|30","FC-088","FC","FC",2015,30,2015-07-28,"L","Pipiens","culex",50,"cfc"
"FC088|Tarsalis|2015|30","FC-088","FC","FC",2015,30,2015-07-28,"L","Tarsalis","culex",6,"cfc"
"FC088|Pipiens|2015|31","FC-088","FC","FC",2015,31,2015-08-04,"L","Pipiens","culex",49,"cfc"
"FC088|Tarsalis|2015|31","FC-088","FC","FC",2015,31,2015-08-04,"L","Tarsalis","culex",0,"cfc"
"FC088|Pipiens|2015|32","FC-088","FC","FC",2015,32,2015-08-11,"L","Pipiens","culex",50,"cfc"
"FC088|Tarsalis|2015|32","FC-088","FC","FC",2015,32,2015-08-11,"L","Tarsalis","culex",0,"cfc"
"FC088|Pipiens|2015|33","FC-088","FC","FC",2015,33,2015-08-18,"L","Pipiens","culex",50,"cfc"
"FC088|Tarsalis|2015|33","FC-088","FC","FC",2015,33,2015-08-18,"L","Tarsalis","culex",0,"cfc"
"FC088|Pipiens|2015|34","FC-088","FC","FC",2015,34,2015-08-25,"L","Pipiens","culex",50,"cfc"
"FC088|Tarsalis|2015|34","FC-088","FC","FC",2015,34,2015-08-25,"L","Tarsalis","culex",1,"cfc"
"FC088|Pipiens|2015|35","FC-088","FC","FC",2015,35,2015-09-01,"L","Pipiens","culex",50,"cfc"
"FC088|Tarsalis|2015|35","FC-088","FC","FC",2015,35,2015-09-01,"L","Tarsalis","culex",0,"cfc"
"FC088|Pipiens|2015|36","FC-088","FC","FC",2015,36,2015-09-08,"L","Pipiens","culex",29,"cfc"
"FC088|Tarsalis|2015|36","FC-088","FC","FC",2015,36,2015-09-08,"L","Tarsalis","culex",0,"cfc"
"FC088|Pipiens|2015|37","FC-088","FC","FC",2015,37,2015-09-15,"L","Pipiens","culex",43,"cfc"
"FC088|Tarsalis|2015|37","FC-088","FC","FC",2015,37,2015-09-15,"L","Tarsalis","culex",0,"cfc"
"FC089|Pipiens|2014|23","FC-089","FC","FC",2014,23,2014-06-05,"L","Pipiens","culex",3,"cfc"
"FC089|Tarsalis|2014|23","FC-089","FC","FC",2014,23,2014-06-05,"L","Tarsalis","culex",0,"cfc"
"FC089|Pipiens|2014|27","FC-089","FC","FC",2014,27,2014-07-03,"L","Pipiens","culex",15,"cfc"
"FC089|Tarsalis|2014|27","FC-089","FC","FC",2014,27,2014-07-03,"L","Tarsalis","culex",0,"cfc"
"FC089|Pipiens|2014|28","FC-089","FC","FC",2014,28,2014-07-10,"L","Pipiens","culex",50,"cfc"
"FC089|Tarsalis|2014|28","FC-089","FC","FC",2014,28,2014-07-10,"L","Tarsalis","culex",0,"cfc"
"FC089|Pipiens|2014|29","FC-089","FC","FC",2014,29,2014-07-17,"L","Pipiens","culex",16,"cfc"
"FC089|Tarsalis|2014|29","FC-089","FC","FC",2014,29,2014-07-17,"L","Tarsalis","culex",0,"cfc"
"FC089|Pipiens|2014|30","FC-089","FC","FC",2014,30,2014-07-24,"L","Pipiens","culex",51,"cfc"
"FC089|Tarsalis|2014|30","FC-089","FC","FC",2014,30,2014-07-24,"L","Tarsalis","culex",1,"cfc"
"FC089|Pipiens|2014|32","FC-089","FC","FC",2014,32,2014-08-07,"L","Pipiens","culex",47,"cfc"
"FC089|Tarsalis|2014|32","FC-089","FC","FC",2014,32,2014-08-07,"L","Tarsalis","culex",0,"cfc"
"FC089|Pipiens|2014|33","FC-089","FC","FC",2014,33,2014-08-14,"L","Pipiens","culex",50,"cfc"
"FC089|Tarsalis|2014|33","FC-089","FC","FC",2014,33,2014-08-14,"L","Tarsalis","culex",1,"cfc"
"FC089|Pipiens|2014|34","FC-089","FC","FC",2014,34,2014-08-21,"L","Pipiens","culex",49,"cfc"
"FC089|Tarsalis|2014|34","FC-089","FC","FC",2014,34,2014-08-21,"L","Tarsalis","culex",1,"cfc"
"FC089|Pipiens|2014|35","FC-089","FC","FC",2014,35,2014-08-28,"L","Pipiens","culex",12,"cfc"
"FC089|Tarsalis|2014|35","FC-089","FC","FC",2014,35,2014-08-28,"L","Tarsalis","culex",0,"cfc"
"FC089|Pipiens|2015|24","FC-089","FC","FC",2015,24,2015-06-18,"L","Pipiens","culex",8,"cfc"
"FC089|Tarsalis|2015|24","FC-089","FC","FC",2015,24,2015-06-18,"L","Tarsalis","culex",0,"cfc"
"FC089|Pipiens|2015|25","FC-089","FC","FC",2015,25,2015-06-25,"L","Pipiens","culex",6,"cfc"
"FC089|Tarsalis|2015|25","FC-089","FC","FC",2015,25,2015-06-25,"L","Tarsalis","culex",0,"cfc"
"FC089|Pipiens|2015|26","FC-089","FC","FC",2015,26,2015-07-02,"L","Pipiens","culex",14,"cfc"
"FC089|Tarsalis|2015|26","FC-089","FC","FC",2015,26,2015-07-02,"L","Tarsalis","culex",0,"cfc"
"FC089|Pipiens|2015|27","FC-089","FC","FC",2015,27,2015-07-09,"L","Pipiens","culex",23,"cfc"
"FC089|Tarsalis|2015|27","FC-089","FC","FC",2015,27,2015-07-09,"L","Tarsalis","culex",0,"cfc"
"FC089|Pipiens|2015|28","FC-089","FC","FC",2015,28,2015-07-16,"L","Pipiens","culex",27,"cfc"
"FC089|Tarsalis|2015|28","FC-089","FC","FC",2015,28,2015-07-16,"L","Tarsalis","culex",0,"cfc"
"FC089|Pipiens|2015|29","FC-089","FC","FC",2015,29,2015-07-23,"L","Pipiens","culex",36,"cfc"
"FC089|Tarsalis|2015|29","FC-089","FC","FC",2015,29,2015-07-23,"L","Tarsalis","culex",0,"cfc"
"FC089|Pipiens|2015|30","FC-089","FC","FC",2015,30,2015-07-30,"L","Pipiens","culex",44,"cfc"
"FC089|Tarsalis|2015|30","FC-089","FC","FC",2015,30,2015-07-30,"L","Tarsalis","culex",0,"cfc"
"FC089|Pipiens|2015|31","FC-089","FC","FC",2015,31,2015-08-06,"L","Pipiens","culex",50,"cfc"
"FC089|Tarsalis|2015|31","FC-089","FC","FC",2015,31,2015-08-06,"L","Tarsalis","culex",1,"cfc"
"FC089|Pipiens|2015|32","FC-089","FC","FC",2015,32,2015-08-24,"L","Pipiens","culex",40,"cfc"
"FC089|Tarsalis|2015|32","FC-089","FC","FC",2015,32,2015-08-24,"L","Tarsalis","culex",0,"cfc"
"FC089|Pipiens|2015|33","FC-089","FC","FC",2015,33,2015-08-20,"L","Pipiens","culex",35,"cfc"
"FC089|Tarsalis|2015|33","FC-089","FC","FC",2015,33,2015-08-20,"L","Tarsalis","culex",0,"cfc"
"FC089|Pipiens|2015|34","FC-089","FC","FC",2015,34,2015-08-27,"L","Pipiens","culex",47,"cfc"
"FC089|Tarsalis|2015|34","FC-089","FC","FC",2015,34,2015-08-27,"L","Tarsalis","culex",0,"cfc"
"FC089|Pipiens|2015|35","FC-089","FC","FC",2015,35,2015-09-03,"L","Pipiens","culex",50,"cfc"
"FC089|Tarsalis|2015|35","FC-089","FC","FC",2015,35,2015-09-03,"L","Tarsalis","culex",0,"cfc"
"FC089|Pipiens|2015|36","FC-089","FC","FC",2015,36,2015-09-09,"L","Pipiens","culex",14,"cfc"
"FC089|Tarsalis|2015|36","FC-089","FC","FC",2015,36,2015-09-09,"L","Tarsalis","culex",0,"cfc"
"FC089|Pipiens|2015|37","FC-089","FC","FC",2015,37,2015-09-16,"L","Pipiens","culex",5,"cfc"
"FC089|Tarsalis|2015|37","FC-089","FC","FC",2015,37,2015-09-16,"L","Tarsalis","culex",0,"cfc"
"FC090|Pipiens|2014|27","FC-090","FC","FC",2014,27,2014-07-02,"L","Pipiens","culex",5,"cfc"
"FC090|Tarsalis|2014|27","FC-090","FC","FC",2014,27,2014-07-02,"L","Tarsalis","culex",0,"cfc"
"FC090|Pipiens|2014|28","FC-090","FC","FC",2014,28,2014-07-09,"L","Pipiens","culex",18,"cfc"
"FC090|Tarsalis|2014|28","FC-090","FC","FC",2014,28,2014-07-09,"L","Tarsalis","culex",1,"cfc"
"FC090|Pipiens|2014|29","FC-090","FC","FC",2014,29,2014-07-16,"L","Pipiens","culex",4,"cfc"
"FC090|Tarsalis|2014|29","FC-090","FC","FC",2014,29,2014-07-16,"L","Tarsalis","culex",0,"cfc"
"FC090|Pipiens|2014|30","FC-090","FC","FC",2014,30,2014-07-23,"L","Pipiens","culex",50,"cfc"
"FC090|Tarsalis|2014|30","FC-090","FC","FC",2014,30,2014-07-23,"L","Tarsalis","culex",0,"cfc"
"FC090|Pipiens|2014|32","FC-090","FC","FC",2014,32,2014-08-06,"L","Pipiens","culex",6,"cfc"
"FC090|Tarsalis|2014|32","FC-090","FC","FC",2014,32,2014-08-06,"L","Tarsalis","culex",1,"cfc"
"FC090|Pipiens|2014|33","FC-090","FC","FC",2014,33,2014-08-13,"L","Pipiens","culex",21,"cfc"
"FC090|Tarsalis|2014|33","FC-090","FC","FC",2014,33,2014-08-13,"L","Tarsalis","culex",0,"cfc"
"FC090|Pipiens|2014|34","FC-090","FC","FC",2014,34,2014-08-19,"L","Pipiens","culex",5,"cfc"
"FC090|Tarsalis|2014|34","FC-090","FC","FC",2014,34,2014-08-19,"L","Tarsalis","culex",0,"cfc"
"FC090|Pipiens|2014|35","FC-090","FC","FC",2014,35,2014-08-27,"L","Pipiens","culex",19,"cfc"
"FC090|Tarsalis|2014|35","FC-090","FC","FC",2014,35,2014-08-27,"L","Tarsalis","culex",1,"cfc"
"FC090|Pipiens|2015|24","FC-090","FC","FC",2015,24,2015-06-17,"L","Pipiens","culex",3,"cfc"
"FC090|Tarsalis|2015|24","FC-090","FC","FC",2015,24,2015-06-17,"L","Tarsalis","culex",0,"cfc"
"FC090|Pipiens|2015|25","FC-090","FC","FC",2015,25,2015-06-24,"L","Pipiens","culex",1,"cfc"
"FC090|Tarsalis|2015|25","FC-090","FC","FC",2015,25,2015-06-24,"L","Tarsalis","culex",0,"cfc"
"FC090|Pipiens|2015|26","FC-090","FC","FC",2015,26,2015-07-01,"L","Pipiens","culex",8,"cfc"
"FC090|Tarsalis|2015|26","FC-090","FC","FC",2015,26,2015-07-01,"L","Tarsalis","culex",0,"cfc"
"FC090|Pipiens|2015|27","FC-090","FC","FC",2015,27,2015-07-08,"L","Pipiens","culex",5,"cfc"
"FC090|Tarsalis|2015|27","FC-090","FC","FC",2015,27,2015-07-08,"L","Tarsalis","culex",0,"cfc"
"FC090|Pipiens|2015|28","FC-090","FC","FC",2015,28,2015-07-15,"L","Pipiens","culex",8,"cfc"
"FC090|Tarsalis|2015|28","FC-090","FC","FC",2015,28,2015-07-15,"L","Tarsalis","culex",1,"cfc"
"FC090|Pipiens|2015|29","FC-090","FC","FC",2015,29,2015-07-22,"L","Pipiens","culex",13,"cfc"
"FC090|Tarsalis|2015|29","FC-090","FC","FC",2015,29,2015-07-22,"L","Tarsalis","culex",0,"cfc"
"FC090|Pipiens|2015|30","FC-090","FC","FC",2015,30,2015-07-29,"L","Pipiens","culex",22,"cfc"
"FC090|Tarsalis|2015|30","FC-090","FC","FC",2015,30,2015-07-29,"L","Tarsalis","culex",1,"cfc"
"FC090|Pipiens|2015|31","FC-090","FC","FC",2015,31,2015-08-06,"L","Pipiens","culex",20,"cfc"
"FC090|Tarsalis|2015|31","FC-090","FC","FC",2015,31,2015-08-06,"L","Tarsalis","culex",1,"cfc"
"FC090|Pipiens|2015|32","FC-090","FC","FC",2015,32,2015-08-12,"L","Pipiens","culex",35,"cfc"
"FC090|Tarsalis|2015|32","FC-090","FC","FC",2015,32,2015-08-12,"L","Tarsalis","culex",0,"cfc"
"FC090|Pipiens|2015|34","FC-090","FC","FC",2015,34,2015-08-26,"L","Pipiens","culex",50,"cfc"
"FC090|Tarsalis|2015|34","FC-090","FC","FC",2015,34,2015-08-26,"L","Tarsalis","culex",0,"cfc"
"FC090|Pipiens|2015|35","FC-090","FC","FC",2015,35,2015-09-02,"L","Pipiens","culex",7,"cfc"
"FC090|Tarsalis|2015|35","FC-090","FC","FC",2015,35,2015-09-02,"L","Tarsalis","culex",0,"cfc"
"FC090|Pipiens|2015|36","FC-090","FC","FC",2015,36,2015-09-09,"L","Pipiens","culex",8,"cfc"
"FC090|Tarsalis|2015|36","FC-090","FC","FC",2015,36,2015-09-09,"L","Tarsalis","culex",0,"cfc"
"FC090|Pipiens|2015|37","FC-090","FC","FC",2015,37,2015-09-16,"L","Pipiens","culex",7,"cfc"
"FC090|Tarsalis|2015|37","FC-090","FC","FC",2015,37,2015-09-16,"L","Tarsalis","culex",0,"cfc"
"FC091|Pipiens|2014|23","FC-091","FC","FC",2014,23,2014-06-02,"L","Pipiens","culex",1,"cfc"
"FC091|Tarsalis|2014|23","FC-091","FC","FC",2014,23,2014-06-02,"L","Tarsalis","culex",0,"cfc"
"FC091|Pipiens|2014|25","FC-091","FC","FC",2014,25,2014-06-16,"L","Pipiens","culex",2,"cfc"
"FC091|Tarsalis|2014|25","FC-091","FC","FC",2014,25,2014-06-16,"L","Tarsalis","culex",0,"cfc"
"FC091|Pipiens|2014|26","FC-091","FC","FC",2014,26,2014-06-23,"L","Pipiens","culex",1,"cfc"
"FC091|Tarsalis|2014|26","FC-091","FC","FC",2014,26,2014-06-23,"L","Tarsalis","culex",0,"cfc"
"FC091|Pipiens|2014|28","FC-091","FC","FC",2014,28,2014-07-07,"L","Pipiens","culex",11,"cfc"
"FC091|Tarsalis|2014|28","FC-091","FC","FC",2014,28,2014-07-07,"L","Tarsalis","culex",0,"cfc"
"FC091|Pipiens|2014|29","FC-091","FC","FC",2014,29,2014-07-14,"L","Pipiens","culex",13,"cfc"
"FC091|Tarsalis|2014|29","FC-091","FC","FC",2014,29,2014-07-14,"L","Tarsalis","culex",0,"cfc"
"FC091|Pipiens|2014|30","FC-091","FC","FC",2014,30,2014-07-21,"L","Pipiens","culex",7,"cfc"
"FC091|Tarsalis|2014|30","FC-091","FC","FC",2014,30,2014-07-21,"L","Tarsalis","culex",2,"cfc"
"FC091|Pipiens|2014|31","FC-091","FC","FC",2014,31,2014-07-28,"L","Pipiens","culex",5,"cfc"
"FC091|Tarsalis|2014|31","FC-091","FC","FC",2014,31,2014-07-28,"L","Tarsalis","culex",0,"cfc"
"FC091|Pipiens|2014|32","FC-091","FC","FC",2014,32,2014-08-04,"L","Pipiens","culex",21,"cfc"
"FC091|Tarsalis|2014|32","FC-091","FC","FC",2014,32,2014-08-04,"L","Tarsalis","culex",1,"cfc"
"FC091|Pipiens|2014|33","FC-091","FC","FC",2014,33,2014-08-11,"L","Pipiens","culex",18,"cfc"
"FC091|Tarsalis|2014|33","FC-091","FC","FC",2014,33,2014-08-11,"L","Tarsalis","culex",0,"cfc"
"FC091|Pipiens|2014|34","FC-091","FC","FC",2014,34,2014-08-18,"L","Pipiens","culex",7,"cfc"
"FC091|Tarsalis|2014|34","FC-091","FC","FC",2014,34,2014-08-18,"L","Tarsalis","culex",1,"cfc"
"FC091|Pipiens|2014|35","FC-091","FC","FC",2014,35,2014-08-25,"L","Pipiens","culex",8,"cfc"
"FC091|Tarsalis|2014|35","FC-091","FC","FC",2014,35,2014-08-25,"L","Tarsalis","culex",0,"cfc"
"FC091|Pipiens|2015|24","FC-091","FC","FC",2015,24,2015-06-15,"L","Pipiens","culex",2,"cfc"
"FC091|Tarsalis|2015|24","FC-091","FC","FC",2015,24,2015-06-15,"L","Tarsalis","culex",0,"cfc"
"FC091|Pipiens|2015|25","FC-091","FC","FC",2015,25,2015-06-22,"L","Pipiens","culex",4,"cfc"
"FC091|Tarsalis|2015|25","FC-091","FC","FC",2015,25,2015-06-22,"L","Tarsalis","culex",0,"cfc"
"FC091|Pipiens|2015|26","FC-091","FC","FC",2015,26,2015-06-29,"L","Pipiens","culex",9,"cfc"
"FC091|Tarsalis|2015|26","FC-091","FC","FC",2015,26,2015-06-29,"L","Tarsalis","culex",2,"cfc"
"FC091|Pipiens|2015|27","FC-091","FC","FC",2015,27,2015-07-06,"L","Pipiens","culex",9,"cfc"
"FC091|Tarsalis|2015|27","FC-091","FC","FC",2015,27,2015-07-06,"L","Tarsalis","culex",0,"cfc"
"FC091|Pipiens|2015|28","FC-091","FC","FC",2015,28,2015-07-13,"L","Pipiens","culex",28,"cfc"
"FC091|Tarsalis|2015|28","FC-091","FC","FC",2015,28,2015-07-13,"L","Tarsalis","culex",0,"cfc"
"FC091|Pipiens|2015|29","FC-091","FC","FC",2015,29,2015-07-20,"L","Pipiens","culex",10,"cfc"
"FC091|Tarsalis|2015|29","FC-091","FC","FC",2015,29,2015-07-20,"L","Tarsalis","culex",0,"cfc"
"FC091|Pipiens|2015|30","FC-091","FC","FC",2015,30,2015-07-27,"L","Pipiens","culex",16,"cfc"
"FC091|Tarsalis|2015|30","FC-091","FC","FC",2015,30,2015-07-27,"L","Tarsalis","culex",2,"cfc"
"FC091|Pipiens|2015|31","FC-091","FC","FC",2015,31,2015-08-03,"L","Pipiens","culex",14,"cfc"
"FC091|Tarsalis|2015|31","FC-091","FC","FC",2015,31,2015-08-03,"L","Tarsalis","culex",0,"cfc"
"FC091|Pipiens|2015|32","FC-091","FC","FC",2015,32,2015-08-10,"L","Pipiens","culex",13,"cfc"
"FC091|Tarsalis|2015|32","FC-091","FC","FC",2015,32,2015-08-10,"L","Tarsalis","culex",3,"cfc"
"FC091|Pipiens|2015|33","FC-091","FC","FC",2015,33,2015-08-17,"L","Pipiens","culex",5,"cfc"
"FC091|Tarsalis|2015|33","FC-091","FC","FC",2015,33,2015-08-17,"L","Tarsalis","culex",0,"cfc"
"FC091|Pipiens|2015|34","FC-091","FC","FC",2015,34,2015-08-24,"L","Pipiens","culex",1,"cfc"
"FC091|Tarsalis|2015|34","FC-091","FC","FC",2015,34,2015-08-24,"L","Tarsalis","culex",0,"cfc"
"FC091|Pipiens|2015|35","FC-091","FC","FC",2015,35,2015-08-31,"L","Pipiens","culex",8,"cfc"
"FC091|Tarsalis|2015|35","FC-091","FC","FC",2015,35,2015-08-31,"L","Tarsalis","culex",0,"cfc"
"FC091|Pipiens|2015|36","FC-091","FC","FC",2015,36,2015-09-07,"L","Pipiens","culex",5,"cfc"
"FC091|Tarsalis|2015|36","FC-091","FC","FC",2015,36,2015-09-07,"L","Tarsalis","culex",0,"cfc"
"FC091|Pipiens|2015|37","FC-091","FC","FC",2015,37,2015-09-15,"L","Pipiens","culex",31,"cfc"
"FC091|Tarsalis|2015|37","FC-091","FC","FC",2015,37,2015-09-15,"L","Tarsalis","culex",1,"cfc"
"FC092|Pipiens|2014|23","FC-092","FC","FC",2014,23,2014-06-02,"L","Pipiens","culex",2,"cfc"
"FC092|Tarsalis|2014|23","FC-092","FC","FC",2014,23,2014-06-02,"L","Tarsalis","culex",0,"cfc"
"FC092|Pipiens|2014|27","FC-092","FC","FC",2014,27,2014-06-30,"L","Pipiens","culex",8,"cfc"
"FC092|Tarsalis|2014|27","FC-092","FC","FC",2014,27,2014-06-30,"L","Tarsalis","culex",0,"cfc"
"FC092|Pipiens|2014|28","FC-092","FC","FC",2014,28,2014-07-07,"L","Pipiens","culex",13,"cfc"
"FC092|Tarsalis|2014|28","FC-092","FC","FC",2014,28,2014-07-07,"L","Tarsalis","culex",0,"cfc"
"FC092|Pipiens|2014|29","FC-092","FC","FC",2014,29,2014-07-14,"L","Pipiens","culex",5,"cfc"
"FC092|Tarsalis|2014|29","FC-092","FC","FC",2014,29,2014-07-14,"L","Tarsalis","culex",0,"cfc"
"FC092|Pipiens|2014|30","FC-092","FC","FC",2014,30,2014-07-21,"L","Pipiens","culex",9,"cfc"
"FC092|Tarsalis|2014|30","FC-092","FC","FC",2014,30,2014-07-21,"L","Tarsalis","culex",0,"cfc"
"FC092|Pipiens|2014|31","FC-092","FC","FC",2014,31,2014-07-28,"L","Pipiens","culex",23,"cfc"
"FC092|Tarsalis|2014|31","FC-092","FC","FC",2014,31,2014-07-28,"L","Tarsalis","culex",0,"cfc"
"FC092|Pipiens|2014|32","FC-092","FC","FC",2014,32,2014-08-04,"L","Pipiens","culex",50,"cfc"
"FC092|Tarsalis|2014|32","FC-092","FC","FC",2014,32,2014-08-04,"L","Tarsalis","culex",0,"cfc"
"FC092|Pipiens|2014|33","FC-092","FC","FC",2014,33,2014-08-11,"L","Pipiens","culex",8,"cfc"
"FC092|Tarsalis|2014|33","FC-092","FC","FC",2014,33,2014-08-11,"L","Tarsalis","culex",0,"cfc"
"FC092|Pipiens|2014|34","FC-092","FC","FC",2014,34,2014-08-18,"L","Pipiens","culex",2,"cfc"
"FC092|Tarsalis|2014|34","FC-092","FC","FC",2014,34,2014-08-18,"L","Tarsalis","culex",0,"cfc"
"FC092|Pipiens|2014|35","FC-092","FC","FC",2014,35,2014-08-25,"L","Pipiens","culex",16,"cfc"
"FC092|Tarsalis|2014|35","FC-092","FC","FC",2014,35,2014-08-25,"L","Tarsalis","culex",0,"cfc"
"FC092|Pipiens|2015|24","FC-092","FC","FC",2015,24,2015-06-15,"L","Pipiens","culex",5,"cfc"
"FC092|Tarsalis|2015|24","FC-092","FC","FC",2015,24,2015-06-15,"L","Tarsalis","culex",0,"cfc"
"FC092|Pipiens|2015|25","FC-092","FC","FC",2015,25,2015-06-22,"L","Pipiens","culex",16,"cfc"
"FC092|Tarsalis|2015|25","FC-092","FC","FC",2015,25,2015-06-22,"L","Tarsalis","culex",1,"cfc"
"FC092|Pipiens|2015|26","FC-092","FC","FC",2015,26,2015-06-29,"L","Pipiens","culex",31,"cfc"
"FC092|Tarsalis|2015|26","FC-092","FC","FC",2015,26,2015-06-29,"L","Tarsalis","culex",0,"cfc"
"FC092|Pipiens|2015|27","FC-092","FC","FC",2015,27,2015-07-06,"L","Pipiens","culex",22,"cfc"
"FC092|Tarsalis|2015|27","FC-092","FC","FC",2015,27,2015-07-06,"L","Tarsalis","culex",0,"cfc"
"FC092|Pipiens|2015|28","FC-092","FC","FC",2015,28,2015-07-13,"L","Pipiens","culex",50,"cfc"
"FC092|Tarsalis|2015|28","FC-092","FC","FC",2015,28,2015-07-13,"L","Tarsalis","culex",0,"cfc"
"FC092|Pipiens|2015|29","FC-092","FC","FC",2015,29,2015-07-20,"L","Pipiens","culex",48,"cfc"
"FC092|Tarsalis|2015|29","FC-092","FC","FC",2015,29,2015-07-20,"L","Tarsalis","culex",0,"cfc"
"FC092|Pipiens|2015|30","FC-092","FC","FC",2015,30,2015-07-27,"L","Pipiens","culex",19,"cfc"
"FC092|Tarsalis|2015|30","FC-092","FC","FC",2015,30,2015-07-27,"L","Tarsalis","culex",0,"cfc"
"FC092|Pipiens|2015|31","FC-092","FC","FC",2015,31,2015-08-03,"L","Pipiens","culex",50,"cfc"
"FC092|Tarsalis|2015|31","FC-092","FC","FC",2015,31,2015-08-03,"L","Tarsalis","culex",0,"cfc"
"FC092|Pipiens|2015|32","FC-092","FC","FC",2015,32,2015-08-10,"L","Pipiens","culex",40,"cfc"
"FC092|Tarsalis|2015|32","FC-092","FC","FC",2015,32,2015-08-10,"L","Tarsalis","culex",0,"cfc"
"FC092|Pipiens|2015|33","FC-092","FC","FC",2015,33,2015-08-17,"L","Pipiens","culex",50,"cfc"
"FC092|Tarsalis|2015|33","FC-092","FC","FC",2015,33,2015-08-17,"L","Tarsalis","culex",0,"cfc"
"FC092|Pipiens|2015|34","FC-092","FC","FC",2015,34,2015-08-24,"L","Pipiens","culex",28,"cfc"
"FC092|Tarsalis|2015|34","FC-092","FC","FC",2015,34,2015-08-24,"L","Tarsalis","culex",0,"cfc"
"FC092|Pipiens|2015|35","FC-092","FC","FC",2015,35,2015-08-31,"L","Pipiens","culex",50,"cfc"
"FC092|Tarsalis|2015|35","FC-092","FC","FC",2015,35,2015-08-31,"L","Tarsalis","culex",0,"cfc"
"FC092|Pipiens|2015|36","FC-092","FC","FC",2015,36,2015-09-07,"L","Pipiens","culex",50,"cfc"
"FC092|Tarsalis|2015|36","FC-092","FC","FC",2015,36,2015-09-07,"L","Tarsalis","culex",0,"cfc"
"FC092|Pipiens|2015|37","FC-092","FC","FC",2015,37,2015-09-15,"L","Pipiens","culex",33,"cfc"
"FC092|Tarsalis|2015|37","FC-092","FC","FC",2015,37,2015-09-15,"L","Tarsalis","culex",0,"cfc"
